film_id,display_title,release_year,release_month_num,primary_genre,secondary_genre,sequel_flag,director,lead_actor_1,lead_actor_2,production_house,actor_rank_score,actor_tier_proxy,director_rank_score,director_tier_proxy,budget_cr,worldwide_gross_cr,verdict_raw,financial_data_confidence
BOLLY_2010_0001_dabangg,Dabangg,2010,9,Action,,No,Abhinav Kashyap,Salman Khan,Sonakshi Sinha,"Shree Ashtavinayak Cine Vision, Arbaaz Khan Productions",,,,,41,221.14,hitFlop=5,High
BOLLY_2010_0002_my_name_is_khan,My Name Is Khan,2010,2,Drama,,No,Karan Johar,Shah Rukh Khan,Kajol,"Fox Star Studios, Dharma Productions, Red Chillies Entertainment",,,,,85,223.44,hitFlop=4,High
BOLLY_2010_0003_golmaal_3,Golmaal 3,2010,11,Action,,No,Rohit Shetty,Ajay Devgn,Kareena Kapoor,"Shree Ashtavinayak Cine Vision, Eros International",,,,,40,167,hitFlop=5,High
BOLLY_2010_0004_raajneeti,Raajneeti,2010,6,Thriller,,No,Prakash Jha,Ranbir Kapoor,Ajay Devgn,Prakash Jha Productions,,,,,45,145.5,hitFlop=5,High
BOLLY_2010_0005_housefull,Housefull,2010,4,Comedy,,No,Sajid Khan,Akshay Kumar,Ritesh Deshmukh,Nadiadwala Grandson Entertainment,,,,,30,124.5,hitFlop=5,High
BOLLY_2010_0006_tees_maar_khan,Tees Maar Khan,2010,12,Comedy,,No,Farah Khan,Akshay Kumar,Akshaye Khanna,"UTV Motion Pictures, Hari Om Entertainment",,,,,45,101.89,hitFlop=4,High
BOLLY_2010_0007_once_upon_a_time_in_mumbaai,Once Upon A Time In Mumbaai,2010,7,Action,,No,Milan Luthria,Ajay Devgn,Emraan Hashmi,Balaji Motion Pictures,,,,,38,85.2,hitFlop=4,High
BOLLY_2010_0008_i_hate_luv_storys,I Hate Luv Storys,2010,7,Comedy,,No,Punit Malhotra,Imran Khan,Sonam Kapoor,"UTV Motion Pictures, Dharma Productions",,,,,,72.52,hitFlop=6,Low
BOLLY_2010_0009_anjaana_anjaani,Anjaana Anjaani,2010,9,Comedy,,No,Siddharth Anand,Ranbir Kapoor,Priyanka Chopra,Nadiadwala Grandson Entertainment,,,,,38,69.85,hitFlop=3,High
BOLLY_2010_0010_khatta_meetha,Khatta Meetha,2010,7,Comedy,,No,Priyadarshan,Akshay Kumar,Trisha,"Shree Ashtavinayak Cine Vision, Hari Om Entertainment",,,,,35,62.79,hitFlop=3,High
BOLLY_2010_0011_dulha_mil_gaya,Dulha Mil Gaya,2010,1,Comedy,,No,Muddassar Aziz,Shah Rukh Khan,Fardeen Khan,,9.2267,A,,,25,,hitFlop=1,Low
BOLLY_2010_0012_pyaar_impossible,Pyaar Impossible!,2010,1,Comedy,,No,Jugal Hansraj,Priyanka Chopra,Uday Chopra,Yash Raj Films,8.1369,B,,,14,,hitFlop=2,Low
BOLLY_2010_0013_chance_pe_dance,Chance Pe Dance,2010,1,Comedy,,No,Ken Ghosh,Shahid Kapoor,Mohnish Bahl,UTV Motion Pictures,5.7659,C,2.1915,D,29,16.3,hitFlop=1,High
BOLLY_2010_0014_hello_hum_lallan_bol_rahe_hain,Hello! Hum Lallan Bol Rahe Hain,2010,1,Drama,,No,Dileep Shukla,Rajpal Yadav,,,2.3783,D,,,,,,Missing/Partial
BOLLY_2010_0015_veer,Veer,2010,1,Action,,No,Anil Sharma,Salman Khan,Zarine Khan,Eros International,9.2082,D,5.7345,C,,,hitFlop=3,Missing/Partial
BOLLY_2010_0016_ishqiya,Ishqiya,2010,1,Comedy,,No,Abhishek Chaubey,Naseeruddin Shah,Vidya Balan,Shemaroo Entertainment,3.7695,D,,,19,31.81,hitFlop=3,High
BOLLY_2010_0017_rann,Rann,2010,1,Drama,,No,Ram Gopal Varma,Amitabh Bachchan,Sudeep,"Vistaar Religare Film Fund, Cinergy, Friday Entertainment Venture",7.0113,B,3.7435,D,,,hitFlop=1,Missing/Partial
BOLLY_2010_0018_the_hangman,The Hangman,2010,2,Drama,,No,Vishal Bhandari,Om Puri,Shreyas Talpade,,4.1779,D,,,,,,Missing/Partial
BOLLY_2010_0019_striker,Striker,2010,2,Action,,No,Chandan Arora,Siddharth Narayan,Aditya Pancholi,"Indian Films, Studio 18",,D,1.0638,D,,,hitFlop=1,Missing/Partial
BOLLY_2010_0020_aakhari_decision,Aakhari Decision,2010,2,Action,,No,Deepak Bandhu,Anant Jog,Sumona Chakravarti,,,,,,,,hitFlop=1,Missing/Partial
BOLLY_2010_0021_click,Click,2010,2,Thriller,,No,Sangeeth Sivan,Shreyas Talpade,Sadha,Pritish Nandy Communications,2.8077,D,2.7482,D,7.5,1.6,hitFlop=1,High
BOLLY_2010_0022_toh_baat_pakki,Toh Baat Pakki!,2010,2,Comedy,,No,Kedarh Shinde,Tabu,Sharman Joshi,,5.0682,C,,,,,hitFlop=1,Missing/Partial
BOLLY_2010_0023_karthik_calling_karthik,Karthik Calling Karthik,2010,2,Thriller,,No,Vijay Lalwani,Farhan Akhtar,Deepika Padukone,"Eros International, Excel Entertainment",6.6258,D,,,,,hitFlop=2,Missing/Partial
BOLLY_2010_0024_teen_patti,Teen Patti,2010,2,Drama,,No,Leena Yadav,Amitabh Bachchan,Ben Kingsley,"Hinduja Ventures, Serendipity Films",7.0113,B,,,18,7.63,hitFlop=1,High
BOLLY_2010_0025_atithi_tum_kab_jaoge,Atithi Tum Kab Jaoge?,2010,3,Comedy,,No,Ashwni Dhir,Ajay Devgn,Konkona Sen Sharma,Warner Bros. Pictures,6.8713,C,,,,3.9,hitFlop=4,Low
BOLLY_2010_0026_hello_zindagi,Hello Zindagi,2010,,Drama,,No,Raja Unnithan,Milind Gunaji,Neena Gupta,,,D,,,,,hitFlop=1,Missing/Partial
BOLLY_2010_0027_road_movie,"Road, Movie",2010,3,Drama,,No,Dev Benegal,Abhay Deol,Satish Kaushik,"Indian Films, Studio 18",2.5106,D,,,8,,,Low
BOLLY_2010_0028_rokkk,Rokkk,2010,3,Thriller,,No,Rajesh Ranshinge,Udita Goswami,Shaad Randhawa,,,D,,,5.25,1.05,hitFlop=1,High
BOLLY_2010_0029_thanks_maa,Thanks Maa,2010,3,Drama,,No,Irfan Kamal,Ranvir Shorey,Alok Nath,,3.063,D,,,,,,Missing/Partial
BOLLY_2010_0030_right_yaaa_wrong,Right Yaaa Wrong,2010,3,Thriller,,No,Neeraj Pathak,Sunny Deol,Irrfan Khan,,3.3809,D,,,,,,Missing/Partial
BOLLY_2010_0031_trump_card,Trump Card,2010,,Thriller,,No,Arshad Khan,,,,,,2.1402,D,,,hitFlop=1,Missing/Partial
BOLLY_2010_0032_lahore,Lahore,2010,3,Action,,No,Sanjay Puran Singh Chauhan,Aanaahad,Shraddha Das,Warner Bros. Pictures,,D,,,,,hitFlop=1,Missing/Partial
BOLLY_2010_0033_love_sex_aur_dhokha,Love Sex Aur Dhokha,2010,3,Drama,,No,Dibakar Banerjee,,,Balaji Motion Pictures,,,2.863,D,2,9.8,hitFlop=5,High
BOLLY_2010_0034_shaapit,Shaapit,2010,3,Romance,,No,Vikram Bhatt,Aditya Narayan,Rahul Dev,ASA Productions & Enterprises,,D,2.9028,D,,,,Missing/Partial
BOLLY_2010_0035_hum_tum_aur_ghost,Hum Tum Aur Ghost,2010,3,Drama,,No,Kabeer Kaushik,Arshad Warsi,Dia Mirza,"Indian Films, Studio 18",3.5596,D,1.2309,D,21,8.01,hitFlop=1,High
BOLLY_2010_0036_mittal_v_s_mittal,Mittal v/s Mittal,2010,3,Drama,,No,Karan Razdan,Rituparna Sengupta,Rohit Roy,,1,D,1.4335,D,,,hitFlop=1,Missing/Partial
BOLLY_2010_0037_my_friend_ganesha_3,My Friend Ganesha 3,2010,7,Action,,No,Rajiv S. Ruia,Baba Sehgal,Sayaji Shinde,"Baba Arts, Liquid Pictures",,D,1.1221,D,,1.59,hitFlop=1,Low
BOLLY_2010_0038_prem_kaa_game,Prem Kaa Game,2010,2,Comedy,,No,Ashok Kheny,Arbaaz Khan,Tara Sharma,,2.5366,D,,,,,hitFlop=1,Missing/Partial
BOLLY_2010_0039_well_done_abba,Well Done Abba,2010,3,Comedy,,No,Shyam Benegal,Boman Irani,Minissha Lamba,Reliance Big Pictures,3.6468,D,,,,,,Missing/Partial
BOLLY_2010_0040_pankh,Pankh,2010,4,Drama,,No,Sudipto Chattopadhyaya,Bipasha Basu,Maradona Rebello,,4.5712,D,,,5.5,0.20249999999999999,hitFlop=1,High
BOLLY_2010_0041_sadiyaan,Sadiyaan,2010,4,Drama,,No,Raj Kanwar,Luv Sinha,Ferena Wazeir,,,,3.0499,D,,,,Missing/Partial
BOLLY_2010_0042_tum_milo_toh_sahi,Tum Milo Toh Sahi,2010,4,Drama,,No,Kabir Sadanand,Nana Patekar,Dimple Kapadia,,4.0525,D,1.2486,D,,3.52,hitFlop=1,Low
BOLLY_2010_0043_jaane_kahan_se_aayi_hai,Jaane Kahan Se Aayi Hai,2010,4,Comedy,,No,Milap Zaveri,Riteish Deshmukh,Jacqueline Fernandez,Warner Bros. Pictures,,C,,,,,hitFlop=1,Missing/Partial
BOLLY_2010_0044_prince,Prince,2010,4,Action,,No,Kookie Gulati,Vivek Oberoi,Aruna Shields,,3.486,D,,,,,hitFlop=2,Missing/Partial
BOLLY_2010_0045_the_japanese_wife,The Japanese Wife,2010,4,Drama,,No,Aparna Sen,Rahul Bose,Raima Sen,,2.3217,D,,,,,hitFlop=1,Missing/Partial
BOLLY_2010_0046_paathshaala,Paathshaala,2010,4,Drama,,No,Milind Ukey,Shahid Kapoor,Nana Patekar,Eros International,5.7659,C,2.6208,D,14,17,hitFlop=2,High
BOLLY_2010_0047_phoonk_2,Phoonk 2,2010,4,Horror,,No,Milind Gadagkar,Sudeep,Neeru Bajwa,,,A,,,8,9.24,hitFlop=2,High
BOLLY_2010_0048_apartment,Apartment,2010,4,Drama,,No,Jagmohan Mundhra,Rohit Roy,Tanushree Dutta,,,D,,,,,,Missing/Partial
BOLLY_2010_0049_city_of_gold,City of Gold,2010,4,Drama,,No,Mahesh Manjrekar,Vineet Kumar,Sameer Dharmadhikari,DAR Motion Pictures,,,1.4664,D,,,,Missing/Partial
BOLLY_2010_0050_kuchh_kariye,Kuchh Kariye,2010,,Drama,,No,Jagbir Dahiya,Sukhwinder Singh,,,,,,,,,,Missing/Partial
BOLLY_2010_0051_muskurake_dekh_zara,Muskurake Dekh Zara,2010,3,Drama,,No,Som Shekar,Gashmeer Mahajani,Hiten Paintal,,,,,,,,hitFlop=1,Missing/Partial
BOLLY_2010_0052_chase,Chase,2010,4,Action,,No,Jagmohan Mundhra,Udita Goswami,Caterina Murino,,,D,,,,5,hitFlop=1,Low
BOLLY_2010_0053_badmaash_company,Badmaash Company,2010,5,Comedy,,No,Parmeet Sethi,Shahid Kapoor,Anushka Sharma,Yash Raj Films,5.7659,C,,,21,53,hitFlop=4,High
BOLLY_2010_0054_bumm_bumm_bole,Bumm Bumm Bole,2010,5,Drama,,No,Priyadarshan,Darsheel Safary,Kaveri Jha,Percept Pictures,,,3.8472,D,7,1.34,hitFlop=1,High
BOLLY_2010_0055_kushti,Kushti,2010,5,Comedy,,No,T K Rajeev Kumar,Rajpal Yadav,Khali,,2.3783,D,,,,,hitFlop=1,Missing/Partial
BOLLY_2010_0056_kites,Kites,2010,5,Action,,No,Anurag Basu,Hrithik Roshan,Barbara Mori,Reliance Big Pictures,8.2519,D,5.1314,C,82,65,hitFlop=1,High
BOLLY_2010_0057_ek_second_jo_zindagi_badal_de,Ek Second... Jo Zindagi Badal De?,2010,6,Comedy,,No,Partho Ghosh,Jackie Shroff,Manisha Koirala,,2.6163,D,,,2.75,0.44,hitFlop=1,High
BOLLY_2010_0058_raavan,Raavan,2010,6,Action,,No,Mani Ratnam,Vikram,Abhishek Bachchan,"Reliance Big Pictures, Madras Talkies",,D,4.8812,D,55,49.5,hitFlop=1,High
BOLLY_2010_0059_mr_singh_mrs_mehta,Mr. Singh Mrs. Mehta,2010,6,Drama,,No,Pravesh Raman,Aruna Shields,Prashant Narayanan,,,D,,,,,hitFlop=1,Missing/Partial
BOLLY_2010_0060_milenge_milenge,Milenge Milenge,2010,7,Drama,,No,Satish Kaushik,Kareena Kapoor,Shahid Kapoor,"Sahara One Motion Pictures, Eros International",8.0906,D,2.6808,D,,,hitFlop=2,Missing/Partial
BOLLY_2010_0061_lamhaa,Lamhaa,2010,7,Action,,No,Rahul Dholakia,Sanjay Dutt,Bipasha Basu,PVR Pictures,5.0026,C,,,,,,Missing/Partial
BOLLY_2010_0062_tere_bin_laden,Tere Bin Laden,2010,7,Comedy,,No,Abhishek Sharma,Ali Zafar,Sugandha Garg,Walkwater Media,2.5332,D,,,,,hitFlop=3,Missing/Partial
BOLLY_2010_0063_udaan,Udaan,2010,7,Drama,,No,Vikramaditya Motwane,Ronit Roy,,UTV Spotboy,,,,,5,33.5,hitFlop=5,High
BOLLY_2010_0064_aisha,Aisha,2010,8,Comedy,,No,Rajshree Ojha,Sonam Kapoor,Abhay Deol,PVR Pictures,5.488,B,,,12,28.65,hitFlop=4,High
BOLLY_2010_0065_help,Help,2010,8,Horror,,No,Rajeev Virani,Bobby Deol,Mugdha Godse,,2.4272,D,,,,,hitFlop=1,Missing/Partial
BOLLY_2010_0066_peepli_live,Peepli Live,2010,8,Drama,,No,Anusha Rizvi,Omkar Das Manikpuri,Raghubir Yadav,UTV Motion Pictures,2.1151,D,,,10,46.85,hitFlop=5,High
BOLLY_2010_0067_lafangey_parindey,Lafangey Parindey,2010,8,Drama,,No,Pradeep Sarkar,Neil Nitin Mukesh,Deepika Padukone,Yash Raj Films,2.7445,D,2.2519,D,,22.7,hitFlop=3,Low
BOLLY_2010_0068_and_once_again,...And Once Again,2010,8,Drama,,No,Amol Palekar,Antara Mali,Rajat Kapoor,,2.6169,D,,,,,,Missing/Partial
BOLLY_2010_0069_hello_darling,Hello Darling,2010,8,Comedy,,No,Manoj Tiwari,Celina Jaitly,Isha Koppikar,Mukta Arts,,D,,,,,hitFlop=1,Missing/Partial
BOLLY_2010_0070_antardwand,Antardwand,2010,8,Social,,No,Sushil Rajpal,Raja Chaudhary,Vinay Pathak,,,D,,,1.5,,,Low
BOLLY_2010_0071_aashayein,Aashayein,2010,8,Drama,,No,Nagesh Kukunoor,John Abraham,Sonal Sehgal,Percept Pictures,7.1193,D,1.4685,D,,2.2,hitFlop=1,Low
BOLLY_2010_0072_soch_lo,Soch Lo,2010,8,Mystery,,No,Sartaj Singh Pannu,Bhupinder Singh,,,,,,,,,hitFlop=1,Missing/Partial
BOLLY_2010_0073_we_are_family,We Are Family,2010,9,Comedy,,No,Siddharth Malhotra,Arjun Rampal,Kajol,"UTV Motion Pictures, Columbia Pictures, Dharma Productions",3.8011,D,,,,,hitFlop=2,Missing/Partial
BOLLY_2010_0074_mallika,Mallika,2010,9,Horror,,No,Wilson Louis,Sameer Dattani,Himanshu Malik,,,D,,,,,hitFlop=1,Missing/Partial
BOLLY_2010_0075_the_film_emotional_atyachar,The Film Emotional Atyachar,2010,9,Comedy,,No,Akshay Shere,Kalki Koechlin,Vinay Pathak,,3.9852,D,,,,,hitFlop=1,Missing/Partial
BOLLY_2010_0076_benny_and_babloo,Benny and Babloo,2010,10,Drama,,No,Yunus Sajawal,Kay Kay Menon,Rajpal Yadav,,2.6256,D,,,,,hitFlop=1,Missing/Partial
BOLLY_2010_0077_crook,Crook,2010,10,Action,,No,Mohit Suri,Emraan Hashmi,Neha Sharma,Vishesh Films,4.721,D,4.931,D,17.5,12.4,hitFlop=1,High
BOLLY_2010_0078_do_dooni_chaar,Do Dooni Chaar,2010,10,Comedy,,No,Habib Faisal,Rishi Kapoor,Neetu Singh,Walt Disney Pictures,4.4084,B,2.7399,D,,,hitFlop=2,Missing/Partial
BOLLY_2010_0079_aakrosh,Aakrosh,2010,10,Action,,No,Priyadarshan,Ajay Devgn,Akshaye Khanna,"Eros International, Zee Motion Pictures",6.8713,C,3.8472,D,38,19.4,hitFlop=1,High
BOLLY_2010_0080_knock_out,Knock Out,2010,10,Action,,No,Mani Shankar,Sanjay Dutt,Kangana Ranaut,,5.0026,C,2.3406,D,,6.2,hitFlop=1,Low
BOLLY_2010_0081_kajraare,Kajraare,2010,10,Drama,,No,Pooja Bhatt,Himesh Reshammiya,Sara Loren,T-Series Films,1.5575,D,3.0934,D,,,hitFlop=1,Missing/Partial
BOLLY_2010_0082_hisss,Hisss,2010,10,Thriller,,No,Jennifer Lynch,Mallika Sherawat,Irrfan Khan,,4.0848,D,,,,,hitFlop=1,Missing/Partial
BOLLY_2010_0083_jhootha_hi_sahi,Jhootha Hi Sahi,2010,10,Comedy,,No,Abbas Tyrewala,John Abraham,Pakhi Tyrewala,,7.1193,D,,,35,15.6,hitFlop=1,High
BOLLY_2010_0084_rakta_charitra,Rakta Charitra,2010,10,Action,,No,Ram Gopal Verma,Vivek Oberoi,Sudeep,"Vistaar Religare Film Fund, Cinergy",3.486,D,,,,,,Missing/Partial
BOLLY_2010_0085_maalik_ek,Maalik Ek,2010,10,Historical,,No,Deepak Balraj Vij,Jackie Shroff,Divya Dutta,,2.6163,D,,,,,,Missing/Partial
BOLLY_2010_0086_nakshatra,Nakshatra,2010,10,Thriller,,No,Mohan Savalkar,Anupam Kher,,,3.4477,D,,,,,hitFlop=1,Missing/Partial
BOLLY_2010_0087_action_replayy,Action Replayy,2010,11,Action,,No,Vipul Amrutlal Shah,Akshay Kumar,Aishwarya Rai Bachchan,"PVR Pictures, Hari Om Entertainment",6.3805,C,3.229,D,60,48,hitFlop=1,High
BOLLY_2010_0088_dunno_y_na_jaane_kyon,Dunno Y... Na Jaane Kyon,2010,9,Drama,,No,Sanjay Sharma,Aryan Vaid,Rituparna Sengupta,,1.2788,D,,,,,,Missing/Partial
BOLLY_2010_0089_a_flat,A Flat,2010,11,Horror,,No,Raaj Verma,Sanjay Suri,Jimmy Shergill,,1.9321,D,,,,,hitFlop=1,Missing/Partial
BOLLY_2010_0090_guzaarish,Guzaarish,2010,11,Drama,,No,Sanjay Leela Bhansali,Hrithik Roshan,Aishwarya Rai Bachchan,UTV Motion Pictures,8.2519,D,4.922,D,75,61.3,hitFlop=1,High
BOLLY_2010_0091_shahrukh_bola_khoobsurat_hai_tu,"Shahrukh Bola ""Khoobsurat Hai Tu""",2010,11,Drama,,No,Makrand Deshpande,Shahrukh Khan,Kay Kay Menon,,,D,,,,,,Missing/Partial
BOLLY_2010_0092_diwangi_ne_had_kar_di,Diwangi Ne Had Kar Di,2010,11,Drama,,No,Jiten Purohit,,,,,,,,,,,Missing/Partial
BOLLY_2010_0093_allah_ke_banday,Allah Ke Banday,2010,11,Drama,,No,Faruk Kabir,Sharman Joshi,Naseeruddin Shah,,3.6904,D,,,5,,hitFlop=1,Low
BOLLY_2010_0094_break_ke_baad,Break Ke Baad,2010,11,Comedy,,No,Danish Aslam,Imran Khan,Deepika Padukone,Reliance Big Pictures,5.112,C,,,18,,hitFlop=2,Low
BOLLY_2010_0095_khuda_kasam,Khuda Kasam,2010,11,Action,,No,K C Bokadia,Sunny Deol,Tabu,,3.3809,D,,,,,hitFlop=1,Missing/Partial
BOLLY_2010_0096_khelein_hum_jee_jaan_sey,Khelein Hum Jee Jaan Sey,2010,12,Action,,No,Ashutosh Gowariker,Abhishek Bachchan,Deepika Padukone,PVR Pictures,5.2079,D,3.7481,D,45,4.91,hitFlop=1,High
BOLLY_2010_0097_phas_gaye_re_obama,Phas Gaye Re Obama,2010,12,Comedy,,No,Subhash Kapoor,Rajat Kapoor,Neha Dhupia,Warner Bros. Pictures,2.737,D,,,6,14,hitFlop=4,High
BOLLY_2010_0098_rakta_charitra_2,Rakta Charitra 2,2010,12,Action,,No,Ram Gopal Verma,Suriya,Vivek Oberoi,,,D,,,,,,Missing/Partial
BOLLY_2010_0099_band_baaja_baaraat,Band Baaja Baaraat,2010,12,Comedy,,No,Maneesh Sharma,Ranveer Singh,Anushka Sharma,Yash Raj Films,6.0024,C,,,,96,,Low
BOLLY_2010_0100_no_problem,No Problem,2010,12,Action,,No,Anees Bazmee,Paresh Rawal,Anil Kapoor,Eros International,3.7967,D,5.6076,C,,,hitFlop=2,Missing/Partial
BOLLY_2010_0101_332_mumbai_to_india,332 Mumbai to India,2010,12,Thriller,,No,Mahesh Pandey,Ali Asgar,,,,,,,,,,Missing/Partial
BOLLY_2010_0102_payback,Payback,2010,12,Thriller,,No,Sachin P. Karande,Sara Khan,Gulshan Grover,,,D,,,,0.25,hitFlop=1,Low
BOLLY_2010_0103_kaalo,Kaalo,2010,12,Horror,,No,Wilson Louis,Aditya Srivastava,Gufi Paintal,,1.1115,D,,,,0.3,hitFlop=1,Low
BOLLY_2010_0104_mirch,Mirch,2010,12,Comedy,,No,Vinay Shukla,Konkona Sen Sharma,Raima Sen,Reliance Big Pictures,2.9405,D,,,,,hitFlop=1,Missing/Partial
BOLLY_2010_0105_isi_life_mein,Isi Life Mein...!,2010,12,Romance,,No,Vidhi Kasliwal,Akshay Oberoi,Sandeepa Dhar,,,D,,,,,hitFlop=1,Missing/Partial
BOLLY_2010_0106_toonpur_ka_superrhero,Toonpur Ka Superrhero,2010,12,Action,,No,Kireet Khurana,Ajay Devgn,Kajol,Eros International,6.8713,C,,,25,7.09,hitFlop=1,High
BOLLY_2010_0107_tera_kya_hoga_johnny,Tera Kya Hoga Johnny,2010,12,Drama,,No,Sudhir Mishra,Neil Nitin Mukesh,Soha Ali Khan,,2.7445,D,1.6302,D,,,,Missing/Partial
BOLLY_2010_0108_ada_a_way_of_life,Ada... A Way of Life,2010,12,Musical,,No,Tanvir Ahmad,Nauheed Cyrusi,Ayesha Jhulka,,1,D,,,,,,Missing/Partial
BOLLY_2011_0109_bodyguard,Bodyguard,2011,8,Action,,No,Reliance Entertainment,,,,,,,,60,252.99,hitFlop=5,High
BOLLY_2011_0110_ra_one,Ra.One,2011,10,Action,,No,Red Chillies Entertainment,,,,,,,,120,207,hitFlop=3,High
BOLLY_2011_0111_don_2,Don 2,2011,12,Action,,No,Reliance Entertainment | Excel Entertainment,,,,,,,,76,202.81,hitFlop=4,High
BOLLY_2011_0112_ready,Ready,2011,6,Action,,No,T-Series Films,,,,,,,,,186.02,hitFlop=8,Low
BOLLY_2011_0113_zindagi_na_milegi_dobara,Zindagi Na Milegi Dobara,2011,7,Comedy,,No,Eros International | Excel Entertainment,,,,,,,,45,153,hitFlop=5,High
BOLLY_2011_0114_singham,Singham,2011,7,Action,,No,Reliance Entertainment,,,,,,,,41,141.3,hitFlop=5,High
BOLLY_2011_0115_the_dirty_picture,The Dirty Picture,2011,12,Drama,,No,Balaji Motion Pictures | ALT Entertainment,,,,,,,,18,117,hitFlop=5,High
BOLLY_2011_0116_rockstar,Rockstar,2011,11,Drama,,No,Shree Ashtavinayak Cine Vision | Eros International,,,,,,,,,108.7,hitFlop=5,Low
BOLLY_2011_0117_murder_2,Murder 2,2011,7,Action,,No,Vishesh Films,,,,,,,,13,67.84,hitFlop=5,High
BOLLY_2011_0118_delhi_belly,Delhi Belly,2011,7,Action,,No,UTV Motion Pictures,,,,,,,,23,87.6,hitFlop=5,High
BOLLY_2011_0119_no_one_killed_jessica,No One Killed Jessica,2011,1,Thriller,,No,Raj Kumar Gupta,Rani Mukherjee,Vidya Balan,UTV Spotboy,,C,4.6076,D,9,45.72,hitFlop=5,High
BOLLY_2011_0120_impatient_vivek,Impatient Vivek,2011,1,Comedy,,No,Rahat Kazmi,Sayali Bhagat,,,,D,1.0545,D,,,hitFlop=1,Missing/Partial
BOLLY_2011_0121_yamla_pagla_deewana,Yamla Pagla Deewana,2011,1,Comedy,,No,Samir Karnik,Dharmendra,Sunny Deol,"One Up Entertainment, Top Angle Productions",3.0997,D,2.1674,D,13,88,hitFlop=5,High
BOLLY_2011_0122_turning_30,Turning 30!!!,2011,1,Comedy,,No,Alankrita Shrivastava,Purab Kohli,Gul Panag,,,D,,,,,hitFlop=1,Missing/Partial
BOLLY_2011_0123_mumbai_mast_kallander,Mumbai Mast Kallander,2011,1,Drama,,No,Aman Mihani,Shilpa Shukla,,,,,,,,,hitFlop=1,Missing/Partial
BOLLY_2011_0124_dhobi_ghat,Dhobi Ghat,2011,1,Drama,,No,Kiran Rao,Prateik Babbar,Aamir Khan,UTV Motion Pictures,,A,,,40,25.6,hitFlop=1,High
BOLLY_2011_0125_hostel,Hostel,2011,1,Action,,No,Manish Gupta,Vatsal Sheth,Tulip Joshi,,,D,,,,,hitFlop=1,Missing/Partial
BOLLY_2011_0126_dil_toh_baccha_hai_ji,Dil Toh Baccha Hai Ji,2011,1,Comedy,,No,Madhur Bhandarkar,Ajay Devgn,Emraan Hashmi,"Bhandarkar Entertainment, Wide Frame Pictures, Baba Arts",6.8713,C,3.2787,D,,28.91,hitFlop=2,Low
BOLLY_2011_0127_yeh_saali_zindagi,Yeh Saali Zindagi,2011,2,Drama,,No,Sudhir Mishra,Arunoday Singh,Chitrangada Singh,"Mystic Movies, Prakash Jha Productions, Cineraas Productions",2.1151,D,1.6302,D,8,10.75,hitFlop=2,High
BOLLY_2011_0128_united_six,United Six,2011,2,Drama,,No,Vishal Aryan Singh,Parvathy Omanakuttan,,,,,,,,,hitFlop=1,Missing/Partial
BOLLY_2011_0129_utt_pataang,Utt Pataang,2011,2,Comedy,,No,Srikanth V. Velagaleti,Vinay Pathak,Mahie Gill,Warner Bros. Pictures,3.1247,D,,,,,hitFlop=1,Missing/Partial
BOLLY_2011_0130_angel,Angel,2011,2,Action,,No,Ganesh Acharya,Aruna Irani,,,,,,,,,hitFlop=1,Missing/Partial
BOLLY_2011_0131_patiala_house,Patiala House,2011,2,Drama,,No,Nikhil Advani,Rishi Kapoor,Dimple Kapadia,"T-Series Films, Hari Om Entertainment, Emmay Entertainment",4.4084,B,2.3243,D,26,35.3,hitFlop=2,High
BOLLY_2011_0132_aashiqui_in,Aashiqui.in,2011,2,Comedy,,No,Shankhadeep,,,,,,,,,,hitFlop=1,Missing/Partial
BOLLY_2011_0133_7_khoon_maaf,7 Khoon Maaf,2011,2,Comedy,,No,Vishal Bhardwaj,Priyanka Chopra,Neil Nitin Mukesh,UTV Spotboy,8.1369,B,3.6423,D,15,33,hitFlop=4,High
BOLLY_2011_0134_kaccha_limboo,Kaccha Limboo,2011,2,Drama,,No,Sagar Ballary,Vinay Pathak,Sarika,,3.1247,D,2.74,D,,,hitFlop=1,Missing/Partial
BOLLY_2011_0135_masti_express,Masti Express,2011,2,Comedy,,No,Vikram Pradhan,Rajpal Yadav,Johnny Lever,,2.3783,D,,,,,hitFlop=1,Missing/Partial
BOLLY_2011_0136_tanu_weds_manu,Tanu Weds Manu,2011,2,Comedy,,No,Aanand L. Rai,Madhavan,Kangana Ranaut,Viacom18 Motion Pictures,5.0561,C,,,17.5,56,hitFlop=5,High
BOLLY_2011_0137_satrangee_parachute,Satrangee Parachute,2011,2,Drama,,No,Vineet Khetrapal,Jackie Shroff,Kay Kay Menon,,2.6163,D,,,,,hitFlop=1,Missing/Partial
BOLLY_2011_0138_yeh_faasley,Yeh Faasley,2011,3,Thriller,,No,Yogesh Mittal,Anupam Kher,Pavan Malhotra,,3.4477,D,,,,,hitFlop=1,Missing/Partial
BOLLY_2011_0139_happy_husbands,Happy Husbands,2011,3,Comedy,,No,Anay,Kurush Deboo,,,,,,,,,hitFlop=1,Missing/Partial
BOLLY_2011_0140_monica,Monica,2011,,Drama,,No,Sushen Bhatnagar,Divya Dutta,Ashutosh Rana,,2.3769,D,,,,,hitFlop=1,Missing/Partial
BOLLY_2011_0141_game,Game,2011,4,Action,,No,Abhinay Deo,Abhishek Bachchan,Kangana Ranaut,"Eros International, Excel Entertainment",5.2079,D,,,24,12.87,hitFlop=1,High
BOLLY_2011_0142_f_a_l_t_u,F.A.L.T.U,2011,4,Comedy,,No,Remo D'Souza,Jackky Bhagnani,Puja Gupta,Pooja Entertainment,,,,,20,,hitFlop=4,Low
BOLLY_2011_0143_memories_in_march,Memories in March,2011,4,Drama,,No,Sanjoy Nag,Deepti Naval,Rituparno Ghosh,,,D,,,,,,Missing/Partial
BOLLY_2011_0144_thank_you,Thank You,2011,4,Comedy,,No,Anees Bazmee,Akshay Kumar,Bobby Deol,"UTV Motion Pictures, Hari Om Entertainment",6.3805,C,5.6076,C,60,104,hitFlop=3,High
BOLLY_2011_0145_teen_thay_bhai,Teen Thay Bhai,2011,4,Drama,,No,Mirgdeep Singh Lamba,Om Puri,Shreyas Talpade,PVR Pictures,4.1779,D,,,8,,hitFlop=1,Low
BOLLY_2011_0146_dum_maaro_dum,Dum Maaro Dum,2011,4,Action,,No,Rohan Sippy,Abhishek Bachchan,Bipasha Basu,"Fox Star Studios, Cheyenne Enterprises",5.2079,D,2.7859,D,31,51.1,hitFlop=3,High
BOLLY_2011_0147_zokkomon,Zokkomon,2011,4,Action,,No,Satyajit Bhatkal,Darsheel Safary,Anupam Kher,Walt Disney Pictures,,D,,,,,hitFlop=1,Missing/Partial
BOLLY_2011_0148_shor_in_the_city,Shor in the City,2011,4,Comedy,,No,"Raj Nidimoru, Krishna Dk",Tusshar Kapoor,Preeti Desai,Balaji Motion Pictures,3.8353,D,,,3,4.39,hitFlop=2,High
BOLLY_2011_0149_chalo_dilli,Chalo Dilli,2011,4,Comedy,,No,Shashant Shah,Lara Dutta,Vinay Pathak,Eros International,,C,1.6956,D,,,hitFlop=3,Missing/Partial
BOLLY_2011_0150_i_am,I Am,2011,4,Drama,,No,Onir,Sanjay Suri,Radhika Apte,Anticlock Films,1.9321,D,,,1.75,0.67,hitFlop=1,High
BOLLY_2011_0151_naughty_40,Naughty @ 40,2011,4,Comedy,,No,Jagmohan Mundhra,Govinda,Yuvika Chaudhary,,4.7856,D,,,,,hitFlop=1,Missing/Partial
BOLLY_2011_0152_luv_ka_the_end,Luv Ka The End,2011,5,Comedy,,No,Bumpy,Shraddha Kapoor,Taaha Shah,Y-Films,3.3695,D,,,,,hitFlop=2,Missing/Partial
BOLLY_2011_0153_haunted_3d,Haunted – 3D,2011,5,Thriller,,No,Vikram Bhatt,Mahakshay Chakraborty,Twinkle Bajpai,DAR Motion Pictures,,,2.9028,D,13,36,hitFlop=4,High
BOLLY_2011_0154_love_u_mr_kalakaar,Love U...Mr. Kalakaar!,2011,5,Comedy,,No,S. Manasvi,Tusshar Kapoor,Amrita Rao,Rajshri Productions,3.8353,D,,,,,,Missing/Partial
BOLLY_2011_0155_ragini_mms,Ragini MMS,2011,5,Thriller,,No,Pawan Kripalani,Kainaz Motivala,Rajkummar Rao,Balaji Motion Pictures,,D,,,13,90,hitFlop=5,High
BOLLY_2011_0156_shagird,Shagird,2011,5,Action,,No,Tigmanshu Dhulia,Nana Patekar,Zakir Hussain,Reliance Entertainment,4.0525,D,1.6059,D,,,hitFlop=1,Missing/Partial
BOLLY_2011_0157_stanley_ka_dabba,Stanley Ka Dabba,2011,5,Drama,,No,Amole Gupte,Divya Dutta,,Fox Star Studios,2.3769,D,,,4.5,7.63,hitFlop=3,High
BOLLY_2011_0158_404,404,2011,5,Drama,,No,Prawaal Raman,Imaad Shah,Nishikant Kamat,,,,,,,,,Missing/Partial
BOLLY_2011_0159_crackers,Crackers,2011,5,Drama,,No,Anil Goyal,Smilie Suri,,,,,,,,,,Missing/Partial
BOLLY_2011_0160_pyaar_ka_punchnama,Pyaar Ka Punchnama,2011,5,Comedy,,No,Luv Ranjan,Kartik Aaryan,Divyendu Sharma,Viacom18 Motion Pictures,,,,,3,17.5,hitFlop=5,High
BOLLY_2011_0161_kucch_luv_jaisaa,Kucch Luv Jaisaa,2011,5,Drama,,No,Barnali Ray Shukla,Rahul Bose,Shefali Shah,,2.3217,D,,,,,hitFlop=1,Missing/Partial
BOLLY_2011_0162_shaitan,Shaitan,2011,6,Comedy,,No,Bejoy Nambiar,Rajeev Khandelwal,Kalki Koechlin,"Viacom18 Motion Pictures, Anurag Kashyap Films",1.5575,D,,,,,hitFlop=2,Missing/Partial
BOLLY_2011_0163_bheja_fry_2,Bheja Fry 2,2011,6,Comedy,,No,Sagar Ballary,Vinay Pathak,Minissha Lamba,,3.1247,D,2.74,D,,,hitFlop=3,Missing/Partial
BOLLY_2011_0164_always_kabhi_kabhi,Always Kabhi Kabhi,2011,6,Comedy,,No,Roshan Abbas,Ali Fazal,Giselli Monteiro,"Eros International, Red Chillies Entertainment",1.9757,C,,,,,hitFlop=1,Missing/Partial
BOLLY_2011_0165_bhindi_baazaar_inc,Bhindi Baazaar Inc.,2011,6,Thriller,,No,Ankush Bhatt,Kay Kay Menon,Piyush Mishra,,2.6256,D,,,5,1.19,hitFlop=1,High
BOLLY_2011_0166_bin_bulaye_baraati,Bin Bulaye Baraati,2011,6,Action,,No,Chandrakant Singh,Mallika Sherawat,Rati Agnihotri,,4.0848,D,,,,,hitFlop=1,Missing/Partial
BOLLY_2011_0167_double_dhamaal,Double Dhamaal,2011,6,Comedy,,No,Indra Kumar,Sanjay Dutt,Arshad Warsi,Reliance Entertainment,5.0026,C,4.1206,D,,70.54,,Low
BOLLY_2011_0168_bbuddah_hoga_terra_baap,Bbuddah... Hoga Terra Baap,2011,7,Action,,No,Puri Jagannadh,Amitabh Bachchan,Hema Malini,Viacom18 Motion Pictures,7.0113,B,,,,,hitFlop=2,Missing/Partial
BOLLY_2011_0169_chillar_party,Chillar Party,2011,7,Comedy,,No,Vikas Bahl | Nitesh Tiwari,Irrfan Khan,Pankaj Tripathi,"UTV Spotboy, Phantom Films",2.9178,D,,,,,hitFlop=2,Missing/Partial
BOLLY_2011_0170_khap,Khap,2011,7,Drama,,No,Ajai Sinha,Om Puri,Govind Namdev,,4.1779,D,1.0186,D,,,hitFlop=1,Missing/Partial
BOLLY_2011_0171_gandhi_to_hitler,Gandhi to Hitler,2011,2,Drama,,No,Rakesh Ranjan Kumar,Neha Dhupia,Raghubir Yadav,,2.9213,B,,,,,hitFlop=1,Missing/Partial
BOLLY_2011_0172_bubble_gum,Bubble Gum,2011,7,Comedy,,No,Sanjivan Lal,Sachin Khedekar,Tanvi Azmi,,2.0741,D,,,,,hitFlop=1,Missing/Partial
BOLLY_2011_0173_chala_mussaddi_office_office,Chala Mussaddi... Office Office,2011,8,Comedy,,No,Rajiv Mehra,Pankaj Kapur,Manoj Pahwa,,,D,,,6.5,1.4,hitFlop=1,High
BOLLY_2011_0174_i_am_kalam,I Am Kalam,2011,5,Drama,,No,Nila Madhab Panda,Gulshan Grover,,,2.2064,D,,,3,6,hitFlop=4,High
BOLLY_2011_0175_aarakshan,Aarakshan,2011,8,Drama,,No,Prakash Jha,Amitabh Bachchan,Saif Ali Khan,Reliance Entertainment,7.0113,B,3.6075,D,53,64.5,hitFlop=2,High
BOLLY_2011_0176_phhir,Phhir,2011,8,Thriller,,No,Girish Dhamija,Adah Sharma,Roshni Chopra,Reliance Entertainment,,D,,,,,hitFlop=1,Missing/Partial
BOLLY_2011_0177_chatur_singh_two_star,Chatur Singh Two Star,2011,8,Action,,No,Ajay Chandok,Sanjay Dutt,Ameesha Patel,,5.0026,C,,,25,,hitFlop=1,Low
BOLLY_2011_0178_not_a_love_story,Not a Love Story,2011,8,Thriller,,No,Ram Gopal Varma,Mahie Gill,Deepak Dobriyal,,2.448,D,3.7435,D,,,hitFlop=2,Missing/Partial
BOLLY_2011_0179_sahi_dhandhe_galat_bande,Sahi Dhandhe Galat Bande,2011,8,Action,,No,Parvin Dabas,Parvin Dabas,Sharat Saxena,,2.3191,D,,,,,hitFlop=1,Missing/Partial
BOLLY_2011_0180_shabri,Shabri,2011,8,Action,,No,Lalit Marathe,Isha Koppikar,,,3.0271,D,,,,,hitFlop=1,Missing/Partial
BOLLY_2011_0181_yeh_dooriyan,Yeh Dooriyan,2011,8,Comedy,,No,Deepshika,Deepshika,,,,,,,,,,Missing/Partial
BOLLY_2011_0182_mummy_punjabi,Mummy Punjabi,2011,8,Drama,,No,Pammi Somal,Kirron Kher,Jackie Shroff,,,D,,,,,,Missing/Partial
BOLLY_2011_0183_that_girl_in_yellow_boots,That Girl in Yellow Boots,2011,9,Thriller,,No,Anurag Kashyap,Kalki Koechlin,Naseeruddin Shah,"Viacom18 Motion Pictures, NFDC, Sikhya Entertainment",3.9852,D,3.0408,D,,,,Missing/Partial
BOLLY_2011_0184_mere_brother_ki_dulhan,Mere Brother Ki Dulhan,2011,9,Comedy,,No,Ali Abbas Zafar,Katrina Kaif,Imran Khan,Yash Raj Films,8.9485,C,,,,,hitFlop=6,Missing/Partial
BOLLY_2011_0185_mausam,Mausam,2011,9,Drama,,No,Pankaj Kapoor,Shahid Kapoor,Sonam Kapoor,Eros International,5.7659,C,,,,,hitFlop=2,Missing/Partial
BOLLY_2011_0186_u_r_my_jaan,U R My Jaan,2011,9,Comedy,,No,Aron Govil,Aman Verma,,,,,,,,,hitFlop=1,Missing/Partial
BOLLY_2011_0187_force,Force,2011,9,Action,,No,Nishikant Kamat,John Abraham,Vidyut Jammwal,Fox Star Studios,7.1193,D,,,28,40,hitFlop=2,High
BOLLY_2011_0188_hum_tum_shabana,Hum Tum Shabana,2011,9,Comedy,,No,Sagar Ballary,Tusshar Kapoor,Shreyas Talpade,"Alliance Entertainment, Horseshoe Pictures",3.8353,D,2.74,D,,,hitFlop=1,Missing/Partial
BOLLY_2011_0189_saheb_biwi_aur_gangster,"Saheb, Biwi Aur Gangster",2011,9,Romance,,No,Tigmanshu Dhulia,Jimmy Sheirgill,Mahie Gill,"BrandSmith Motion Pictures, Bohra Bros, Tigmanshu Dhulia Films",,D,1.6059,D,6,10.75,hitFlop=3,High
BOLLY_2011_0190_tere_mere_phere,Tere Mere Phere,2011,9,Comedy,,No,Deepa Sahi,Vinay Pathak,Riya Sen,,3.1247,D,,,,,hitFlop=1,Missing/Partial
BOLLY_2011_0191_chargesheet,Chargesheet,2011,9,Drama,,No,Dev Anand,Dev Anand,Jackie Shroff,,1,D,2.5388,D,,0.056999999999999995,hitFlop=1,Low
BOLLY_2011_0192_rascals,Rascals,2011,10,Action,,No,David Dhawan,Ajay Devgn,Arjun Rampal,"Eros International, Venus Worldwide Entertainment",6.8713,C,4.7408,D,46,51.010000000000005,hitFlop=2,High
BOLLY_2011_0193_love_breakups_zindagi,Love Breakups Zindagi,2011,10,Drama,,No,Sahil Sangha,Zayed Khan,Dia Mirza,Sahara Motion Pictures,2.9243,D,,,10,2.06,hitFlop=1,High
BOLLY_2011_0194_my_friend_pinto,My Friend Pinto,2011,10,Drama,,No,Raghav Dar,Prateik Babbar,Kalki Koechlin,UTV Motion Pictures,,D,,,9,1.8,hitFlop=1,High
BOLLY_2011_0195_mujhse_fraaandship_karoge,Mujhse Fraaandship Karoge,2011,10,Comedy,,No,Nupur Asthana,Saqib Saleem,Saba Azad,Y-Films,,,,,,,hitFlop=2,Missing/Partial
BOLLY_2011_0196_mod,Mod,2011,10,Drama,,No,Nagesh Kukunoor,Ayesha Takia,Rannvijay Singh,"Shreya Entertainment, Kukunoor Movies",2.9636,D,1.4685,D,,0.63,hitFlop=1,Low
BOLLY_2011_0197_aazaan,Aazaan,2011,10,Action,,No,Prashant Chadha,Sachiin J. Joshi,Candice Boucher,,,,,,33,23,hitFlop=1,High
BOLLY_2011_0198_tell_me_o_kkhuda,Tell Me O Kkhuda,2011,10,Drama,,No,Hema Malini,Esha Deol,Vinod Khanna,,,D,,,,,hitFlop=1,Missing/Partial
BOLLY_2011_0199_damadamm,Damadamm!,2011,10,Drama,,No,Swapna Waghmare,Himesh Reshammiya,Purbi Joshi,,1.5575,D,,,,,hitFlop=1,Missing/Partial
BOLLY_2011_0200_loot,Loot,2011,11,Action,,No,Rajneesh Thakur,Govinda,Suniel Shetty,Viacom18 Motion Pictures,4.7856,D,,,,,hitFlop=1,Missing/Partial
BOLLY_2011_0201_miley_naa_miley_hum,Miley Naa Miley Hum,2011,11,Comedy,,No,Tanveer Khan,Chirag Paswan,Kangana Ranaut,,,D,,,,,hitFlop=1,Missing/Partial
BOLLY_2011_0202_super_k_the_movie,Super K – The Movie,2011,11,Fantasy,,No,Vijay S. BhanushaliSmita Maroo,,,,,,,,,,,Missing/Partial
BOLLY_2011_0203_shakal_pe_mat_ja,Shakal Pe Mat Ja,2011,11,Drama,,No,Shubh Mukherjee,Saurabh Shukla,Raghubir Yadav,,,D,,,,,hitFlop=1,Missing/Partial
BOLLY_2011_0204_desi_boyz,Desi Boyz,2011,11,Comedy,,No,Rohit Dhawan,Akshay Kumar,John Abraham,Eros International,6.3805,C,,,65,77,hitFlop=2,High
BOLLY_2011_0205_i_am_singh,I Am Singh,2011,12,Drama,,No,Puneet Issar,Puneet Issar,Tulip Joshi,,,D,,,,,hitFlop=1,Missing/Partial
BOLLY_2011_0206_ladies_vs_ricky_bahl,Ladies vs Ricky Bahl,2011,12,Comedy,,No,Maneesh Sharma,Ranveer Singh,Anushka Sharma,Yash Raj Films,6.0024,C,,,,84,hitFlop=4,Low
BOLLY_2011_0207_jo_hum_chahein,Jo Hum Chahein,2011,12,Romance,,No,Pawan Gill,Sunny Gill,Simran Mundi,,,,,,,,hitFlop=1,Missing/Partial
BOLLY_2011_0208_pappu_can_t_dance_saala,Pappu Can't Dance Saala,2011,12,Comedy,,No,Saurabh Shukla,Vinay Pathak,Neha Dhupia,,3.1247,D,,,,,,Missing/Partial
BOLLY_2012_0209_ek_tha_tiger,Ek Tha Tiger,2012,8,Action,,No,Yash Raj Films,,,,,,,,75,334.39,hitFlop=5,High
BOLLY_2012_0210_dabangg_2,Dabangg 2,2012,12,Action,,No,Eros International | Arbaaz Khan Productions,,,,,,,,50,253.54,hitFlop=5,High
BOLLY_2012_0211_jab_tak_hai_jaan,Jab Tak Hai Jaan,2012,11,Drama,,No,Yash Raj Films,,,,,,,,50,235.66,hitFlop=5,High
BOLLY_2012_0212_rowdy_rathore,Rowdy Rathore,2012,6,Action,,No,UTV Motion Pictures | Bhansali Productions,,,,,,,,60,203.39,hitFlop=5,High
BOLLY_2012_0213_agneepath,Agneepath,2012,1,Action,,No,Eros International | Dharma Productions,,,,,,,,58,193,hitFlop=5,High
BOLLY_2012_0214_barfi,Barfi!,2012,9,Comedy,,No,UTV Motion Pictures,,,,,,,,35,175,hitFlop=5,High
BOLLY_2012_0215_housefull_2,Housefull 2,2012,4,Action,,No,Eros International | Nadiadwala Grandson Entertainment,,,,,,,,60,186,hitFlop=5,High
BOLLY_2012_0216_bol_bachchan,Bol Bachchan,2012,7,Action,,No,Fox Star Studios | Ajay Devgn FFilms | Shree Ashtavinayak Cine Vision,,,,,,,,50,165,hitFlop=5,High
BOLLY_2012_0217_son_of_sardaar,Son of Sardaar,2012,11,Action,,No,Ajay Devgn FFilms | Viacom 18 Motion Pictures | Eros International,,,,,,,,30,161.48,hitFlop=5,High
BOLLY_2012_0218_players,Players,2012,1,Action,,No,Abbas–Mustan,Vinod Khanna,Abhishek Bachchan,Viacom18 Motion Pictures,4.0315,D,,,55,45.519999999999996,hitFlop=1,High
BOLLY_2012_0219_chaalis_chauraasi,Chaalis Chauraasi,2012,1,Comedy,,No,Hriday Shetty,Naseeruddin Shah,Atul Kulkarni,,3.7695,D,1.2329,D,,,hitFlop=1,Missing/Partial
BOLLY_2012_0220_ghost,Ghost,2012,1,Horror,,No,Puja Jatinder Bedi,Shiney Ahuja,Sayali Bhagat,,2.8402,D,,,,2.5,,Missing/Partial
BOLLY_2012_0221_sadda_adda,Sadda Adda,2012,1,Comedy,,No,Muazzam Beg,Karanvir Sharma,Shaurya Chauhan,,,,,,,,,Missing/Partial
BOLLY_2012_0222_gali_gali_chor_hai,Gali Gali Chor Hai,2012,2,Drama,,No,Rumi Jaffrey,Akshaye Khanna,Shriya Saran,,3.3625,C,,,13,13.07,hitFlop=2,High
BOLLY_2012_0223_staying_alive,Staying Alive,2012,2,Drama,,No,Anant Mahadevan,Anant Mahadevan,Saurabh Shukla,,,D,1.8139,D,,,hitFlop=1,Missing/Partial
BOLLY_2012_0224_love_you_to_death,Love You To Death,2012,2,Comedy,,No,Rafeeg Ellias,Chandan Roy Sanyal,Sheeba Chaddha,,,,,,,,hitFlop=1,Missing/Partial
BOLLY_2012_0225_ek_main_aur_ekk_tu,Ek Main Aur Ekk Tu,2012,2,Comedy,,No,Shakun Batra,Kareena Kapoor,Imran Khan,"UTV Motion Pictures, Dharma Productions",8.0906,D,,,36,72.1,hitFlop=4,High
BOLLY_2012_0226_valentine_s_night,Valentine's Night,2012,2,Romance,,No,Krishan Kumar,Payal Rohatgi,Sangram Singh,,,,,,,,,Missing/Partial
BOLLY_2012_0227_ekk_deewana_tha,Ekk Deewana Tha,2012,2,Drama,,No,Gautham Vasudev Menon,Prateik Babbar,Amy Jackson,"Fox Star Studios, Photon Kathaas Productions, RS Infotainment",,D,,,14,8.55,hitFlop=1,High
BOLLY_2012_0228_married_2_america,Married 2 America,2012,2,Drama,,No,Dilip Shankar,Jackie Shroff,Archana Joglekar,,2.6163,D,,,,,,Missing/Partial
BOLLY_2012_0229_jodi_breakers,Jodi Breakers,2012,2,Comedy,,No,Ashwini Chaudhary,R. Madhavan,Bipasha Basu,,,D,1.4475,D,21,33.4,hitFlop=3,High
BOLLY_2012_0230_tere_naal_love_ho_gaya,Tere Naal Love Ho Gaya,2012,2,Comedy,,No,Mandeep Kumar,Riteish Deshmukh,Genelia D'Souza,"UTV Motion Pictures, Tips Industries",,C,,,14,32.61,hitFlop=4,High
BOLLY_2012_0231_london_paris_new_york,"London, Paris, New York",2012,3,Comedy,,No,Anu Menon,Ali Zafar,Aditi Rao Hydari,Fox Star Studios,2.5332,D,,,,,hitFlop=2,Missing/Partial
BOLLY_2012_0232_paan_singh_tomar,Paan Singh Tomar,2012,3,Action,,No,Tigmanshu Dhulia,Irrfan Khan,Mahie Gill,UTV Spotboy,2.9178,D,1.6059,D,7,20.18,hitFlop=4,High
BOLLY_2012_0233_will_you_marry_me,Will You Marry Me?,2012,3,Comedy,,No,Aditya Dutt,Shreyas Talpade,Rajeev Khandelwal,,2.8077,D,,,,,,Missing/Partial
BOLLY_2012_0234_kahaani,Kahaani,2012,3,Thriller,,No,Sujoy Ghosh,Vidya Balan,Parambrata Chatterjee,"Viacom18 Motion Pictures, Pen Studios",6.0471,C,2.6445,D,8,104,hitFlop=5,High
BOLLY_2012_0235_chaar_din_ki_chandni,Chaar Din Ki Chandni,2012,3,Comedy,,No,Samir Karnik,Kulraj Randhawa,Tusshar Kapoor,Top Angle Productions,,D,2.1674,D,,,hitFlop=1,Missing/Partial
BOLLY_2012_0236_say_yes_to_love,Say Yes to Love,2012,,Romance,,No,Mahrukh Mirza Beg,Aditya Raj Kapoor,[21],,,,,,,,hitFlop=1,Missing/Partial
BOLLY_2012_0237_zindagi_tere_naam,Zindagi Tere Naam,2012,3,Drama,,No,Ashu Trikha,Mithun Chakraborthy,Ranjeeta Kaur,,,D,1.1186,D,,,hitFlop=1,Missing/Partial
BOLLY_2012_0238_agent_vinod,Agent Vinod,2012,3,Action,,No,Sriram Raghavan,Saif Ali Khan,Kareena Kapoor,"Eros International, Illuminati Films",5.7211,A,1.8067,D,60,73,hitFlop=2,High
BOLLY_2012_0239_blood_money,Blood Money,2012,3,Action,,No,Vishal Mahadkar,Kunal Khemu,Amrita Puri,"Viacom18 Motion Pictures, Vishesh Films",3.1566,D,,,9,12,hitFlop=2,High
BOLLY_2012_0240_bumboo,Bumboo,2012,3,Comedy,,No,Jagdish Rajpurohit,Sharat Saxena,Sanjay Mishra,,,D,,,,0.39,hitFlop=1,Low
BOLLY_2012_0241_bittoo_boss,Bittoo Boss,2012,4,Comedy,,No,Supavitra Babul,Pulkit Samrat,Amita Pathak,Viacom18 Motion Pictures,,C,,,,2,hitFlop=1,Low
BOLLY_2012_0242_ab_hoga_dharna_unlimited,Ab Hoga Dharna Unlimited,2012,4,Comedy,,No,Deepak Tanwar,Omkar Das Manikpuri,[26],,2.1151,D,,,,,,Missing/Partial
BOLLY_2012_0243_vicky_donor,Vicky Donor,2012,4,Comedy,,No,Shoojit Sircar,Ayushmann Khurrana,Yami Gautam,Eros International,,D,3.8135,D,4,68.32,hitFlop=5,High
BOLLY_2012_0244_hate_story,Hate Story,2012,4,Thriller,,No,Vivek Agnihotri,Paoli Dam,Gulshan Devaiah,T-Series Films,,,,,9,16.43,hitFlop=3,High
BOLLY_2012_0245_chhodo_kal_ki_baatein,Chhodo Kal Ki Baatein,2012,4,Comedy,,No,Pramod Joshi,Sachin Khedekar,Aanjjan Srivastav,,2.0741,D,,,,,hitFlop=1,Missing/Partial
BOLLY_2012_0246_tezz,Tezz,2012,4,Action,,No,Priyadarshan,Ajay Devgn,Anil Kapoor,"Eros International, Venus Worldwide Entertainment",6.8713,C,3.8472,D,52,26,hitFlop=1,High
BOLLY_2012_0247_life_ki_toh_lag_gayi,Life Ki Toh Lag Gayi,2012,4,Action,,No,Rakesh Mehta,Ranvir Shorey,Kay Kay Menon,,3.063,D,,,,0.32,hitFlop=1,Low
BOLLY_2012_0248_jannat_2,Jannat 2,2012,5,Action,,No,Kunal Deshmukh,Emraan Hashmi,Esha Gupta,"Fox Star Studios, Vishesh Films",4.721,D,4.1021,D,,63.09,hitFlop=5,Low
BOLLY_2012_0249_fatso,Fatso!,2012,5,Drama,,No,Rajat Kapoor,Ranvir Shorey,Gul Panag,Pritish Nandy Communications,3.063,D,2.0954,D,9,,,Low
BOLLY_2012_0250_dangerous_ishq,Dangerous Ishq,2012,5,Thriller,,No,Vikram Bhatt,Karisma Kapoor,Rajneesh Duggal,Reliance Entertainment,3.6993,D,2.9028,D,26,8.687999999999999,hitFlop=1,High
BOLLY_2012_0251_ishaqzaade,Ishaqzaade,2012,5,Action,,No,Habib Faisal,Arjun Kapoor,Parineeti Chopra,Yash Raj Films,6.5059,C,2.7399,D,,,,Missing/Partial
BOLLY_2012_0252_department,Department,2012,5,Action,,No,Ram Gopal Varma,Amitabh Bachchan,Sanjay Dutt,Viacom18 Motion Pictures,7.0113,B,3.7435,D,32,19.05,hitFlop=1,High
BOLLY_2012_0253_mr_bhatti_on_chutti,Mr. Bhatti on Chutti,2012,5,Comedy,,No,Karan Razdan,Anupam Kher,Abid Ali,,3.4477,D,1.4335,D,,,,Missing/Partial
BOLLY_2012_0254_rakhtbeej,Rakhtbeej,2012,5,Thriller,,No,Anil Balani,,,,,,,,,,,Missing/Partial
BOLLY_2012_0255_yeh_khula_aasmaan,Yeh Khula Aasmaan,2012,5,Drama,,No,Gitanjali Sinha,Raghubir Yadav,Yashpal Sharma,,,D,,,,,,Missing/Partial
BOLLY_2012_0256_love_wrinkle_free,"Love, Wrinkle-free",2012,5,Drama,,No,Sandeep Mohan,Ash Chandler,Shernaz Patel,,,D,,,,,,Missing/Partial
BOLLY_2012_0257_shanghai,Shanghai,2012,6,Drama,,No,Dibakar Banerjee,Emraan Hashmi,Abhay Deol,PVR Pictures,4.721,D,2.863,D,,34.9,hitFlop=2,Low
BOLLY_2012_0258_ferrari_ki_sawaari,Ferrari Ki Sawaari,2012,6,Comedy,,No,Rajesh Mapuskar,Sharman Joshi,Boman Irani,"Eros International, Vinod Chopra Films",3.6904,D,,,10,45.69,hitFlop=5,High
BOLLY_2012_0259_teri_meri_kahaani,Teri Meri Kahaani,2012,6,Drama,,No,Kunal Kohli,Shahid Kapoor,Priyanka Chopra,Eros International,5.7659,C,4.0747,D,30,54,hitFlop=3,High
BOLLY_2012_0260_gangs_of_wasseypur_part_1,Gangs of Wasseypur – Part 1,2012,5,Action,,Yes,Anurag Kashyap,Manoj Bajpai,Nawazuddin Siddiqui,"Viacom18 Motion Pictures, AKFPL, Phantom Films",,D,3.0408,D,9.2,35.13,hitFlop=5,High
BOLLY_2012_0261_maximum,Maximum,2012,6,Thriller,,No,Kabeer Kaushik,Sonu Sood,Naseeruddin Shah,,,D,1.2309,D,,,hitFlop=1,Missing/Partial
BOLLY_2012_0262_3_bachelors,3 Bachelors,2012,6,Comedy,,No,Ajay Sinha,Sharman Joshi,Riya Sen,,3.6904,D,,,,,hitFlop=1,Missing/Partial
BOLLY_2012_0263_cocktail,Cocktail,2012,7,Comedy,,No,Homi Adajania,Deepika Padukone,Saif Ali Khan,"Eros International, Illuminati Films, Maddock Films",8.6272,C,,,,122.99,hitFlop=6,Low
BOLLY_2012_0264_gattu,Gattu,2012,7,Drama,,No,Rajan Khosa,Mohammad Samad,[47],,,,,,,,,Missing/Partial
BOLLY_2012_0265_challo_driver,Challo Driver,2012,,Drama,,No,Vickrant Mahajan,Kainaz Motivala,Prem Chopra,,,D,,,,,hitFlop=1,Missing/Partial
BOLLY_2012_0266_mere_dost_picture_abhi_baki_hai,Mere Dost Picture Abhi Baki Hai,2012,7,Comedy,,No,Rajnish Raj Thakur,Suniel Shetty,Rajpal Yadav,,,D,,,,,,Missing/Partial
BOLLY_2012_0267_kyaa_super_kool_hain_hum,Kyaa Super Kool Hain Hum,2012,7,Comedy,,No,Sachin Yardi,Tusshar Kapoor,Riteish Deshmukh,Balaji Motion Pictures,3.8353,D,,,19,60.77,hitFlop=5,High
BOLLY_2012_0268_aalaap,Aalaap,2012,7,Drama,,No,Manish Manikpuri,Gamya Wijayadasa,Rituparna Sengupta,,,D,,,,,hitFlop=1,Missing/Partial
BOLLY_2012_0269_jism_2,Jism 2,2012,8,Romance,,No,Pooja Bhatt,Sunny Leone,Arunoday Singh,,,D,3.0934,D,,49,hitFlop=5,Low
BOLLY_2012_0270_krishna_aur_kans,Krishna Aur Kans,2012,8,Fantasy,,No,Vikram Veturi,Om Puri,Juhi Chawla,Reliance Animation,4.1779,D,,,,,hitFlop=1,Missing/Partial
BOLLY_2012_0271_gangs_of_wasseypur_part_2,Gangs of Wasseypur – Part 2,2012,5,Action,,Yes,Anurag Kashyap,Nawazuddin Siddiqui,Tigmanshu Dhulia,"Viacom18 Motion Pictures, AKFPL, Phantom Films",3.7877,D,3.0408,D,9.2,22.04,hitFlop=4,High
BOLLY_2012_0272_paanch_ghantey_mien_paanch_crore,Paanch Ghantey Mien Paanch Crore,2012,8,Thriller,,No,Faisal Saif,Meera,Kavita Radheshyam,,,,,,,,,Missing/Partial
BOLLY_2012_0273_shirin_farhad_ki_toh_nikal_padi,Shirin Farhad Ki Toh Nikal Padi,2012,8,Comedy,,No,Bela Sehgal,Boman Irani,Farah Khan,Eros International,3.6468,D,,,,9.48,hitFlop=2,Low
BOLLY_2012_0274_joker,Joker,2012,8,Comedy,,No,Shirish Kunder,Akshay Kumar,Sonakshi Sinha,"Hari Om Entertainment, UTV Motion Pictures",6.3805,C,,,47,35.87,hitFlop=1,High
BOLLY_2012_0275_from_sydney_with_love,From Sydney with Love,2012,8,Drama,,No,Prateek Chakraborty,Sharad Malhotra,Evelyn Sharma,,,,,,,,hitFlop=1,Missing/Partial
BOLLY_2012_0276_i_m_24,I M 24,2012,8,Drama,,No,Saurabh Shukla,Ranvir Shorey,Neha Dhupia,Mirchi Movies,3.063,D,,,,,,Missing/Partial
BOLLY_2012_0277_jeena_hai_toh_thok_daal,Jeena Hai Toh Thok Daal,2012,9,Action,,No,Manish Vatsalya,Ravi Kishan,Yashpal Sharma,,2.1644,D,,,,,hitFlop=1,Missing/Partial
BOLLY_2012_0278_heroine,Heroine,2012,9,Drama,,No,Madhur Bhandarkar,Kareena Kapoor,Arjun Rampal,UTV Motion Pictures,8.0906,D,3.2787,D,,,hitFlop=3,Missing/Partial
BOLLY_2012_0279_kamaal_dhamaal_malamaal,Kamaal Dhamaal Malamaal,2012,9,Comedy,,No,Priyadarshan,Paresh Rawal,Om Puri,Percept Pictures,3.7967,D,3.8472,D,,,hitFlop=1,Missing/Partial
BOLLY_2012_0280_omg_oh_my_god,OMG – Oh My God!,2012,9,Comedy,,No,Umesh Shukla,Paresh Rawal,Akshay Kumar,"Viacom18 Motion Pictures, Grazing Goat Pictures",3.7967,D,,,19.99,149.9,hitFlop=5,High
BOLLY_2012_0281_english_vinglish,English Vinglish,2012,9,Comedy,,No,Gauri Shinde,Sridevi,Priya Anand,Eros International,,C,,,10,102,hitFlop=5,High
BOLLY_2012_0282_kismat_love_paisa_dilli,Kismat Love Paisa Dilli,2012,10,Comedy,,No,Sanjay Khanduri,Vivek Oberoi,Mallika Sherawat,,3.486,D,,,16,3.27,hitFlop=1,High
BOLLY_2012_0283_aiyyaa,Aiyyaa,2012,10,Romance,,No,Sachin Kundalkar,Rani Mukerji,Prithviraj Sukumaran,"Viacom18 Motion Pictures, AKFPL",3.932,D,,,,9.58,hitFlop=1,Low
BOLLY_2012_0284_login,Login,2012,10,Crime,,No,Sanjeev Reddy,Rashmi Gautam,Nandini Rai,Cocktail Pictures,,,,,,,hitFlop=1,Missing/Partial
BOLLY_2012_0285_chittagong,Chittagong,2012,10,Drama,,No,Bedabrata Pain,Manoj Bajpai,Vega Tamotia,Bohra Bros,,,,,4.5,0.31,hitFlop=1,High
BOLLY_2012_0286_bhoot_returns,Bhoot Returns,2012,10,Horror,,No,Ram Gopal Verma,Manisha Koirala,J. D. Chakravarthy,Eros International,2.7949,D,,,7.5,6.39,hitFlop=1,High
BOLLY_2012_0287_student_of_the_year,Student of the Year,2012,10,Comedy,,No,Karan Johar,Sidharth Malhotra,Alia Bhatt,"Dharma Productions, Red Chillies Entertainment",,C,7.1046,B,59,97,hitFlop=3,High
BOLLY_2012_0288_delhi_safari,Delhi Safari,2012,10,Comedy,,No,Nikhil Advani,Akshaye Khanna,Suniel Shetty,Emmay Entertainment,3.3625,C,2.3243,D,,,hitFlop=1,Missing/Partial
BOLLY_2012_0289_chakravyuh,Chakravyuh,2012,10,Action,,No,Prakash Jha,Arjun Rampal,Abhay Deol,Eros International,3.8011,D,3.6075,D,30,25.7,hitFlop=1,High
BOLLY_2012_0290_ajab_gazabb_love,Ajab Gazabb Love,2012,10,Comedy,,No,Sanjay Gadhvi,Jackky Bhagnani,Nidhi Subbaiah,Pooja Entertainment,,D,4.3755,D,,,hitFlop=1,Missing/Partial
BOLLY_2012_0291_rush,Rush,2012,10,Thriller,,No,"Shamin Desai, Priyanka Desai",Emraan Hashmi,Neha Dhupia,,4.721,D,,,18,4.6,hitFlop=1,High
BOLLY_2012_0292_luv_shuv_tey_chicken_khurana,Luv Shuv Tey Chicken Khurana,2012,11,Comedy,,No,Sameer Sharma,Kunal Kapoor,Huma Qureshi,UTV Motion Pictures,2.3939,D,,,3,10.5,hitFlop=5,High
BOLLY_2012_0293_ata_pata_laapata,Ata Pata Laapata,2012,11,Comedy,,No,Rajpal Yadav,Rajpal Yadav,Ashutosh Rana,,2.3783,D,,,,,,Missing/Partial
BOLLY_2012_0294_sons_of_ram,Sons of Ram,2012,11,Drama,,No,Kushal Ruia,Sunidhi Chauhan,[81],,,,,,,,hitFlop=1,Missing/Partial
BOLLY_2012_0295_khiladi_786,Khiladi 786,2012,12,Action,,No,Ashish R Mohan,Akshay Kumar,Asin,"Hari Om Entertainment, Eros International, HR Musik",6.3805,C,,,63,107,hitFlop=3,High
BOLLY_2012_0296_the_last_act,The Last Act,2012,12,Drama,,No,12 directors,Saurabh Shukla,[87],,,D,,,,,,Missing/Partial
BOLLY_2012_0297_cigarette_ki_tarah,Cigarette Ki Tarah,2012,12,Romance,,No,Akashaditya Lama,Prashant Narayanan,Sudesh Berry,,1,D,,,,,hitFlop=1,Missing/Partial
BOLLY_2012_0298_mysterious_girl,Mysterious Girl,2012,3,Drama,,No,Uday Kiran,,,[90],,,,,,,,Missing/Partial
BOLLY_2013_0299_dhoom_3,Dhoom 3,2013,12,Action,,No,Yash Raj Films,,,,,,,,100,556.74,hitFlop=5,High
BOLLY_2013_0300_chennai_express,Chennai Express,2013,8,Action,,No,UTV Motion Pictures | Red Chillies Entertainment,,,,,,,,115,423,hitFlop=5,High
BOLLY_2013_0301_krrish_3,Krrish 3,2013,11,Action,,No,Filmkraft Productions,,,,,,,,100,393,hitFlop=5,High
BOLLY_2013_0302_yeh_jawaani_hai_deewani,Yeh Jawaani Hai Deewani,2013,5,Comedy,,No,UTV Motion Pictures | Dharma Productions,,,,,,,,45,326,hitFlop=5,High
BOLLY_2013_0303_aashiqui_2,Aashiqui 2,2013,4,Drama,,No,T-Series Films | Vishesh Films,,,,,,,,15,109,hitFlop=5,High
BOLLY_2013_0304_goliyon_ki_raasleela_ram_leela,Goliyon Ki Raasleela Ram-Leela,2013,11,Drama,,No,Eros International,,,,,,,,88,201.4,hitFlop=4,High
BOLLY_2013_0305_vishwaroopam,Vishwaroopam,2013,1,Action,,No,Raaj Kamal Films International,,,,,,,,,220,,Low
BOLLY_2013_0306_bhaag_milkha_bhaag,Bhaag Milkha Bhaag,2013,7,Drama,,No,Viacom 18 Motion Pictures,,,,,,,,41,210,hitFlop=5,High
BOLLY_2013_0307_race_2,Race 2,2013,1,Action,,No,UTV Motion Pictures | Tips Industries,,,,,,,,,173.36,hitFlop=5,Low
BOLLY_2013_0308_grand_masti,Grand Masti,2013,9,Comedy,,No,Eros International,,,,,,,,34,151.24,hitFlop=5,High
BOLLY_2013_0309_table_no_21,Table No. 21,2013,1,Thriller,,No,Aditya Datt,Paresh Rawal,Rajeev Khandelwal,Eros International,3.7967,D,1.7076,D,8.5,17.72,hitFlop=4,High
BOLLY_2013_0310_dehraadun_diary,Dehraadun Diary,2013,1,Drama,,No,Milind Ukey,Adhyayan Suman,Rohit Bakshi,,,D,2.6208,D,,,hitFlop=1,Missing/Partial
BOLLY_2013_0311_meri_shadi_karao,Meri Shadi Karao,2013,1,Comedy,,No,Syed Noor,Gurdeep Singh Mehndi,,,,,,,,,,Missing/Partial
BOLLY_2013_0312_matru_ki_bijlee_ka_mandola,Matru Ki Bijlee Ka Mandola,2013,1,Comedy,,No,Vishal Bhardwaj,Imran Khan,Anushka Sharma,Fox Star Studios,5.112,C,3.6423,D,45,31.15,hitFlop=1,High
BOLLY_2013_0313_pyaar_mein_aisa_hota_hai,Pyaar Mein Aisa Hota Hai,2013,,Drama,,No,Rajesh Kumar,Mohd Nazim,Aanamika Bawa,,,,,,,,,Missing/Partial
BOLLY_2013_0314_gangoobai,Gangoobai,2013,1,Drama,,No,Priya Krishnaswamy,Sarita Joshi,Purab Kohli,,,D,,,,,hitFlop=1,Missing/Partial
BOLLY_2013_0315_inkaar,Inkaar,2013,1,Drama,,No,Sudhir Mishra,Arjun Rampal,Chitrangada Singh,Viacom18 Motion Pictures,3.8011,D,1.6302,D,,10.02,hitFlop=2,Low
BOLLY_2013_0316_mumbai_mirror,Mumbai Mirror,2013,1,Action,,No,Ankush Bhatt,Sachiin Joshi,Gihana Khan,,,,,,,,,Missing/Partial
BOLLY_2013_0317_bandook,Bandook,2013,1,Thriller,,No,Aditya Om,Aditya Om,Manisha Kelkar,,,,,,,,hitFlop=1,Missing/Partial
BOLLY_2013_0318_akaash_vani,Akaash Vani,2013,1,Drama,,No,Luv Ranjan,Kartik Tiwari,Nushrat Bharucha,Wide Frame Pictures,,D,,,10,2.24,hitFlop=1,High
BOLLY_2013_0319_main_krishna_hoon,Main Krishna Hoon,2013,1,Action,,No,Rajiv S. Ruia,Hrithik Roshan,Juhi Chawla,Eros International,8.2519,D,1.1221,D,,,,Missing/Partial
BOLLY_2013_0320_deewana_main_deewana,Deewana Main Deewana,2013,2,Comedy,,No,K.C. Bokadia,Govinda,Priyanka Chopra,,4.7856,D,,,,,,Missing/Partial
BOLLY_2013_0321_david,David,2013,2,Drama,,No,Bejoy Nambiar,Vikram,Lara Dutta,Reliance Entertainment,,C,,,,17,hitFlop=1,Low
BOLLY_2013_0322_mai,Mai...,2013,,Drama,,No,Mahesh Kodiyal,Asha Bhosle,Ram Kapoor,,,D,,,,,hitFlop=1,Missing/Partial
BOLLY_2013_0323_listen_amaya,Listen... Amaya,2013,2,Drama,,No,Avinash Kumar Singh,Farooq Sheikh,Deepti Naval,,,D,,,,,hitFlop=1,Missing/Partial
BOLLY_2013_0324_special_26,Special 26,2013,2,Thriller,,No,Neeraj Pandey,Akshay Kumar,Kajal Aggarwal,Viacom18 Motion Pictures,6.3805,C,,,,103,hitFlop=5,Low
BOLLY_2013_0325_the_unsound,The Unsound,2013,,Drama,,No,Alok Shrivastava,Shadaab Khan,Anurita Jha,,,,,,,,,Missing/Partial
BOLLY_2013_0326_jayantabhai_ki_luv_story,Jayantabhai Ki Luv Story,2013,2,Comedy,,No,Vinnil Markan,Vivek Oberoi,Neha Sharma,,3.486,D,,,,,hitFlop=1,Missing/Partial
BOLLY_2013_0327_murder_3,Murder 3,2013,2,Drama,,No,Vishesh Bhatt,Randeep Hooda,Aditi Rao Hydari,"Fox Star Studios, Vishesh Films",3.739,D,,,15,27.75,hitFlop=3,High
BOLLY_2013_0328_kai_po_che,Kai Po Che!,2013,2,Drama,,No,Abhishek Kapoor,Sushant Singh Rajput,Rajkumar Rao,UTV Motion Pictures,,,4.0376,D,30,83,hitFlop=4,High
BOLLY_2013_0329_zila_ghaziabad,Zila Ghaziabad,2013,2,Action,,No,Anand Kumar,Arshad Warsi,Vivek Oberoi,,3.5596,D,,,,,,Missing/Partial
BOLLY_2013_0330_i_me_aur_main,"I, Me Aur Main",2013,3,Comedy,,No,Kapil Sharma,John Abraham,Prachi Desai,Reliance Entertainment,7.1193,D,,,20,13.819999999999999,hitFlop=1,High
BOLLY_2013_0331_bloody_isshq,Bloody Isshq,2013,3,Drama,,No,Arup Dutta,Shilpa Anand,Tripta Parashar,,,D,,,,,hitFlop=1,Missing/Partial
BOLLY_2013_0332_the_attacks_of_26_11,The Attacks of 26/11,2013,2,Action,,No,Ram Gopal Varma,Nana Patekar,,Eros International,4.0525,D,3.7435,D,22,30.9,hitFlop=2,High
BOLLY_2013_0333_saheb_biwi_aur_gangster_returns,"Saheb, Biwi Aur Gangster Returns",2013,3,Crime,,No,Tigmanshu Dhulia,Jimmy Sheirgill,Mahie Gill,Viacom18 Motion Pictures,,D,1.6059,D,19,28.8,hitFlop=3,High
BOLLY_2013_0334_saare_jahaan_se_mehnga,Saare Jahaan Se Mehnga,2013,3,Drama,,No,Anshul Sharma,Sanjay Mishra,Ranjan Chhabra,,2.494,D,,,5,0.84,hitFlop=1,High
BOLLY_2013_0335_3g_a_killer_connection,3G - A Killer Connection,2013,3,Thriller,,No,Shantanu | Sheershak Anand,Neil Nitin Mukesh,Sonal Chauhan,Eros International,2.7445,D,,,,5.91,hitFlop=2,Low
BOLLY_2013_0336_mere_dad_ki_maruti,Mere Dad Ki Maruti,2013,3,Comedy,,No,Ashima Chibber,Saqib Saleem,Ram Kapoor,,,D,,,,12.54,hitFlop=3,Low
BOLLY_2013_0337_jolly_llb,Jolly LLB,2013,3,Comedy,,No,Subhash Kapoor,Arshad Warsi,Amrita Rao,Fox Star Studios,3.5596,D,,,10,48.7,hitFlop=5,High
BOLLY_2013_0338_rangrezz,Rangrezz,2013,3,Drama,,No,Priyadarshan,Jackky Bhagnani,Priya Anand,Pooja Entertainment,,D,3.8472,D,,6.37,hitFlop=1,Low
BOLLY_2013_0339_the_adventures_of_sinbad,The Adventures of Sinbad,2013,,Action,,No,Shinjan Neogi | Abhishek Panchal,Vaibhav,,,,,,,,,,Missing/Partial
BOLLY_2013_0340_sona_spa,Sona Spa,2013,3,Drama,,No,,,,,,,,,10,0.24,hitFlop=1,High
BOLLY_2013_0341_himmatwala,Himmatwala,2013,3,Action,,No,Sajid Khan,Ajay Devgn,Tamannaah,"UTV Motion Pictures, Pooja Entertainment",6.8713,C,6.9978,C,68,68.87,hitFlop=2,High
BOLLY_2013_0342_chashme_baddoor,Chashme Baddoor,2013,4,Comedy,,No,David Dhawan,Ali Zafar,Siddharth,Viacom18 Motion Pictures,2.5332,D,4.7408,D,20,50,hitFlop=4,High
BOLLY_2013_0343_nautanki_saala,Nautanki Saala,2013,4,Comedy,,No,Rohan Sippy,Ayushmann Khurrana,Kunaal Roy Kapur,T-Series Films,,D,2.7859,D,,22.3,hitFlop=3,Low
BOLLY_2013_0344_ek_thi_daayan,Ek Thi Daayan,2013,4,Thriller,,No,Kannan Iyer,Emraan Hashmi,Huma Qureshi,Balaji Motion Pictures,4.721,D,,,24,40.25,hitFlop=3,High
BOLLY_2013_0345_shree,Shree,2013,4,Thriller,,No,Rajesh Bachchani,Hussain Kuwajerwala,Paresh Ganatra,,,,,,,,hitFlop=1,Missing/Partial
BOLLY_2013_0346_shootout_at_wadala,Shootout at Wadala,2013,5,Action,,No,Sanjay Gupta,John Abraham,Anil Kapoor,Balaji Motion Pictures,7.1193,D,3.4703,D,49,82,hitFlop=3,High
BOLLY_2013_0347_bombay_talkies,Bombay Talkies,2013,5,Drama,,No,Anurag Kashyap | Karan Johar | Zoya Akhtar | Dibakar Banerjee,Rani Mukerji,Nawazuddin Siddiqui,"Viacom18 Motion Pictures, Dharma Productions, Excel Entertainment, AKFPL, Sikhya Entertainment",3.932,D,3.0408,D,30,10,hitFlop=1,High
BOLLY_2013_0348_chhota_bheem_and_the_throne_of_bali,Chhota Bheem and the Throne of Bali,2013,5,Fantasy,,No,Rajiv Chilaka,,,Green Gold Animation,,,,,5,5.38,hitFlop=2,High
BOLLY_2013_0349_go_goa_gone,Go Goa Gone,2013,5,Action,,No,Raj Nidimoru | Krishna D.K.,Saif Ali Khan,Kunal Khemu,"Eros International, Illuminati Films",5.7211,A,2.993,D,19,39,hitFlop=4,High
BOLLY_2013_0350_gippi,Gippi,2013,5,Drama,,No,Sonam Nair,Riya Vij,Divya Dutta,"UTV Motion Pictures, Dharma Productions",,D,,,,,hitFlop=2,Missing/Partial
BOLLY_2013_0351_aurangzeb,Aurangzeb,2013,5,Action,,No,Atul Sabharwal,Arjun Kapoor,Prithviraj Sukumaran,Yash Raj Films,6.5059,C,,,,35.41,hitFlop=2,Low
BOLLY_2013_0352_i_don_t_luv_u,I Don't Luv U,2013,5,Drama,,No,Amit Kasaria,Ruslaan Mumtaz,Chetna Pande,,,,,,,,,Missing/Partial
BOLLY_2013_0353_beehad_the_ravines,Beehad - The Ravines,2013,,Drama,,No,Krishna Mishra,Vikas Shrivastav,Maan Singh Deep,,,,,,,,,Missing/Partial
BOLLY_2013_0354_ishkq_in_paris,Ishkq in Paris,2013,5,Drama,,No,Prem Raj,Preity Zinta,Rhehan Malliek,,4.8088,D,,,,,hitFlop=1,Missing/Partial
BOLLY_2013_0355_hum_hai_raahi_car_ke,Hum Hai Raahi Car Ke,2013,5,Comedy,,No,Jyotin Goel,Adah Sharma,Dev Goel,,,D,,,,,hitFlop=1,Missing/Partial
BOLLY_2013_0356_zindagi_50_50,Zindagi 50-50,2013,5,Drama,,No,Rajiv S. Ruia,Riya Sen,Rajan Verma,,,D,1.1221,D,4.5,11,hitFlop=4,High
BOLLY_2013_0357_yamla_pagla_deewana_2,Yamla Pagla Deewana 2,2013,6,Action,,No,Sangeeth Sivan,Dharmendra,Sunny Deol,"Sunny Sounds, Stellar Films",3.0997,D,2.7482,D,,,hitFlop=2,Missing/Partial
BOLLY_2013_0358_mere_haule_dost,Mere Haule Dost,2013,,Drama,,No,Nitin Raghunath,,,,,,,,,,hitFlop=1,Missing/Partial
BOLLY_2013_0359_fukrey,Fukrey,2013,6,Comedy,,No,Mrigdeep Singh Lamba,Pulkit Samrat,Manjot Singh,Excel Entertainment,,C,,,8,53,hitFlop=5,High
BOLLY_2013_0360_ankur_arora_murder_case,Ankur Arora Murder Case,2013,6,Thriller,,No,Suhail Tatari,Kay Kay Menon,Paoli Dam,,2.6256,D,,,7.5,10,hitFlop=2,High
BOLLY_2013_0361_raanjhanaa,Raanjhanaa,2013,6,Drama,,No,Anand L. Rai,Dhanush,Sonam Kapoor,"Eros International, Colour Yellow Productions",,B,,,36,105,hitFlop=4,High
BOLLY_2013_0362_enemmy,Enemmy,2013,6,Action,,No,Ashu Trikha,Mithun Chakraborty,Sunil Shetty,,2.4335,D,1.1186,D,,,hitFlop=1,Missing/Partial
BOLLY_2013_0363_shortcut_romeo,Shortcut Romeo,2013,6,Thriller,,No,Susi Ganeshan,Neil Nitin Mukesh,Ameesha Patel,,2.7445,D,,,15,,hitFlop=1,Low
BOLLY_2013_0364_hai_golmaal_in_white_house,Hai Golmaal In White House,2013,9,Comedy,,No,Salar Sheikh,Rajpal Yadav,Govind Namdeo,,2.3783,D,,,,,,Missing/Partial
BOLLY_2013_0365_ghanchakkar,Ghanchakkar,2013,6,Comedy,,No,Rajkumar Gupta,Emraan Hashmi,Vidya Balan,UTV Motion Pictures,4.721,D,,,,,hitFlop=2,Missing/Partial
BOLLY_2013_0366_lootera,Lootera,2013,7,Romance,,No,Vikramaditya Motwane,Ranveer Singh,Sonakshi Sinha,"Balaji Motion Pictures, Phantom Films",6.0024,C,,,32,46.14,hitFlop=2,High
BOLLY_2013_0367_policegiri,Policegiri,2013,7,Action,,No,K. S. Ravikumar,Sanjay Dutt,Prakash Raj,,5.0026,C,,,,,hitFlop=2,Missing/Partial
BOLLY_2013_0368_sixteen,Sixteen,2013,7,Drama,,No,Raj Purohit,Izabelle Leite,Darshan Jariwala,,,D,,,,,hitFlop=1,Missing/Partial
BOLLY_2013_0369_boyss_toh_boyss_hain,Boyss Toh Boyss Hain,2013,7,Comedy,,No,Amit Vats,Raj Kumar Yadav,Anshuman Jha,,,D,,,,,,Missing/Partial
BOLLY_2013_0370_shorts,Shorts,2013,7,Romance,,No,Neeraj Ghaywan,Nawazuddin Siddiqui,Huma Qureshi,"PVR Pictures, AKFPL",3.7877,D,,,,,hitFlop=1,Missing/Partial
BOLLY_2013_0371_ramaiya_vastavaiya,Ramaiya Vastavaiya,2013,7,Action,,No,Prabhudeva,Girish Kumar,Shruti Haasan,Tips Industries,,C,,,,38.34,hitFlop=2,Low
BOLLY_2013_0372_d_day,D Day,2013,7,Action,,No,Nikhil Advani,Arjun Rampal,Rishi Kapoor,"Essel Vision Productions, Emmay Entertainment",3.8011,D,2.3243,D,,24,,Low
BOLLY_2013_0373_ship_of_theseus,Ship of Theseus,2013,7,Drama,,No,Anand Gandhi,Aida Al-Khashef,Niraj Kabi,UTV Motion Pictures,,,,,,,,Missing/Partial
BOLLY_2013_0374_issaq,Issaq,2013,7,Romance,,No,Manish Tiwary,Prateik Babbar,Amyra Dastur,Pen Studios,,D,,,25,5.37,hitFlop=1,High
BOLLY_2013_0375_bajatey_raho,Bajatey Raho,2013,7,Comedy,,No,Shashant Shah,Vinay Pathak,Ranvir Shorey,Eros International,3.1247,D,1.6956,D,,,hitFlop=2,Missing/Partial
BOLLY_2013_0376_luv_u_soniyo,Luv U Soniyo,2013,7,Romance,,No,Joe Rajan,Tanuj Virwani,Neha Hinge,Viacom18 Motion Pictures,,,,,,2.7,,Low
BOLLY_2013_0377_nasha,Nasha,2013,7,Comedy,,No,Amit Saxena,Poonam Pandey,Shivam,,,,,,,8,hitFlop=2,Low
BOLLY_2013_0378_rabba_main_kya_karoon,Rabba Main Kya Karoon,2013,8,Comedy,,No,Amrit Sagar Chopra,Arshad Warsi,Akash Chopra,,3.5596,D,,,,,hitFlop=1,Missing/Partial
BOLLY_2013_0379_chor_chor_super_chor,Chor Chor Super Chor,2013,8,Comedy,,No,K. Rajesh,Deepak Dobriyal,Anshul Kataria,,2.3843,D,,,,,hitFlop=1,Missing/Partial
BOLLY_2013_0380_b_a_pass,B.A. Pass,2013,8,Thriller,,No,Ajay Bahl,Shilpa Shukla,Shadab Kamal,,,,,,,28.4,,Low
BOLLY_2013_0381_calapor,Calapor,2013,8,Drama,,No,Dinesh P. Bhonsle,Rituparna Sengupta,Priyanshu Chatterjee,,1,D,,,,,,Missing/Partial
BOLLY_2013_0382_love_in_bombay,Love in Bombay,2013,8,Comedy,,No,Joy Mukherjee,Joy Mukherjee,Waheeda Rehman,,,,,,,,,Missing/Partial
BOLLY_2013_0383_once_upon_ay_time_in_mumbai_dobaara,Once Upon ay Time in Mumbai Dobaara!,2013,8,Action,,No,Milan Luthria,Akshay Kumar,Imran Khan,Balaji Motion Pictures,6.3805,C,3.6283,D,85,91.7,hitFlop=2,High
BOLLY_2013_0384_madras_cafe,Madras Cafe,2013,8,Action,,No,Shoojit Sircar,John Abraham,Nargis Fakhri,Viacom18 Motion Pictures,7.1193,D,3.8135,D,35,67,hitFlop=3,High
BOLLY_2013_0385_satyagraha,Satyagraha,2013,8,Drama,,No,Prakash Jha,Amitabh Bachchan,Ajay Devgn,UTV Motion Pictures,7.0113,B,3.6075,D,,,hitFlop=2,Missing/Partial
BOLLY_2013_0386_zanjeer,Zanjeer,2013,9,Action,,No,Apoorva Lakhia,Ram Charan,Priyanka Chopra,Reliance Entertainment,,B,1.8339,D,,,hitFlop=1,Missing/Partial
BOLLY_2013_0387_shuddh_desi_romance,Shuddh Desi Romance,2013,9,Comedy,,No,Maneesh Sharma,Sushant Singh Rajput,Parineeti Chopra,Yash Raj Films,,C,,,22,76,hitFlop=5,High
BOLLY_2013_0388_siddharth,Siddharth,2013,9,Drama,,No,Richie Mehta,Rajesh Tailang,,Zeitgeist Films,,D,,,,,,Missing/Partial
BOLLY_2013_0389_john_day,John Day,2013,9,Action,,No,Ahishor Solomon,Naseeruddin Shah,Randeep Hooda,,3.7695,D,,,,,hitFlop=1,Missing/Partial
BOLLY_2013_0390_horror_story,Horror Story,2013,9,Drama,,No,Ayush Raina,Karan Kundra,Nishant Singh Malkani,,,,,,6,7,hitFlop=2,High
BOLLY_2013_0391_phata_poster_nikhla_hero,Phata Poster Nikhla Hero,2013,9,Action,,No,Rajkumar Santoshi,Shahid Kapoor,Ileana D'Cruz,Tips Industries,5.7659,C,2.744,D,54,72,hitFlop=2,High
BOLLY_2013_0392_the_lunchbox,The Lunchbox,2013,5,Drama,,No,Ritesh Batra,Irrfan Khan,Nawazuddin Siddiqui,"Sony Pictures Classics, UTV Motion Pictures, Dharma Productions, DAR Motion Pictures, NFDC, Essel Vision Productions, Sikhya Entertainment, AKFPL",2.9178,D,,,22,,hitFlop=4,Low
BOLLY_2013_0393_warning,Warning,2013,9,Thriller,,No,Gurmmeet Singh,Santosh Barmola,Suzana Rodrigues,Eros International,,,,,,,hitFlop=1,Missing/Partial
BOLLY_2013_0394_maazii,Maazii,2013,9,Drama,,No,Jaideep Chopra,Sumeet Nijhawan,Mona Wasu,,,,,,,,hitFlop=1,Missing/Partial
BOLLY_2013_0395_prague,Prague,2013,,Drama,,No,Ashish R Shukla,Chandan Roy Sanyal,Elena Kazan,,,,,,,,hitFlop=1,Missing/Partial
BOLLY_2013_0396_super_model,Super Model,2013,,Drama,,No,Navin Batra,Veena Malik,Ashmit Patel,,,D,,,,,,Missing/Partial
BOLLY_2013_0397_besharam,Besharam,2013,10,Action,,No,Abhinav Kashyap,Ranbir Kapoor,Pallavi Sharda,Reliance Entertainment,7.6986,B,,,83,102.85,hitFlop=2,High
BOLLY_2013_0398_war_chhod_na_yaar,War Chhod Na Yaar,2013,10,Comedy,,No,Faraz Haider,Sharman Joshi,Jaaved Jaaferi,,3.6904,D,,,14,,,Low
BOLLY_2013_0399_baat_bann_gayi,Baat Bann Gayi,2013,10,Comedy,,No,Shuja Ali,Ali Fazal,Gulshan Grover,,1.9757,C,,,,,hitFlop=1,Missing/Partial
BOLLY_2013_0400_boss,Boss,2013,10,Action,,No,Anthony D'Souza,Akshay Kumar,Mithun Chakraborty,"Viacom18 Motion Pictures, Cape of Good Films",6.3805,C,,,70,102.82,hitFlop=2,High
BOLLY_2013_0401_shahid,Shahid,2013,9,Drama,,No,Hansal Mehta,Rajkummar Rao,Tigmanshu Dhulia,"UTV Spotboy, AKFPL",3.9271,D,1.4466,D,0.65,3.7,hitFlop=5,High
BOLLY_2013_0402_wake_up_india,Wake Up India,2013,10,Drama,,No,Babloo Seshadri,Sai Tamhankar,Manoj Joshi,,,D,,,,,,Missing/Partial
BOLLY_2013_0403_dilli_gang,Dilli Gang,2013,10,Thriller,,No,Ashish Tyagi,Darshan Jariwala,Neena Kulkarni,,2.6244,D,,,,,,Missing/Partial
BOLLY_2013_0404_mickey_virus,Mickey Virus,2013,10,Comedy,,No,Saurabh Varma,Manish Paul,Varun Badola,"DAR Motion Pictures, Awesome Films, Trilogic Media",,D,,,11,,hitFlop=2,Low
BOLLY_2013_0405_sooper_se_ooper,Sooper Se Ooper,2013,10,Drama,,No,Shekhar Ghosh,Vir Das,Kirti Kulhari,Reliance Entertainment,5.9509,C,,,,,hitFlop=1,Missing/Partial
BOLLY_2013_0406_satya_2,Satya 2,2013,10,Crime,,No,Ram Gopal Varma,Anaika Soti,[106],"Mammoth Media & Entertainment, Sreshth Media, LR Media",,,3.7435,D,15,,hitFlop=1,Low
BOLLY_2013_0407_rajjo,Rajjo,2013,11,Romance,,No,Vishwas Patil,Kangana Ranaut,Paras Arora,,4.3605,D,,,,,hitFlop=1,Missing/Partial
BOLLY_2013_0408_gori_tere_pyaar_mein,Gori Tere Pyaar Mein,2013,11,Comedy,,No,Punit Malhotra,Imran Khan,Kareena Kapoor,"Reliance Entertainment, Dharma Productions",5.112,C,,,30,20.8,hitFlop=1,High
BOLLY_2013_0409_singh_saab_the_great,Singh Saab The Great,2013,11,Action,,No,Anil Sharma,Sunny Deol,Amrita Rao,Pen Studios,3.3809,D,5.7345,C,25,40.67,hitFlop=3,High
BOLLY_2013_0410_bullett_raja,Bullett Raja,2013,11,Action,,No,Tigmanshu Dhulia,Saif Ali Khan,Sonakshi Sinha,Fox Star Studios,5.7211,A,1.6059,D,51,53.6,hitFlop=2,High
BOLLY_2013_0411_r_rajkumar,R... Rajkumar,2013,12,Action,,No,Prabhudeva,Shahid Kapoor,Sonakshi Sinha,"Eros International, Next Gen Films",5.7659,C,,,,101.21,hitFlop=4,Low
BOLLY_2013_0412_jackpot,Jackpot,2013,12,Comedy,,No,Kaizad Gustad,Sachiin J Joshi,Naseeruddin Shah,Viking Media & Entertainment,,D,,,,5,hitFlop=1,Low
BOLLY_2013_0413_what_the_fish,What the Fish,2013,12,Drama,,No,Gurmmet Singh,Dimple Kapadia,Manu Rishi,Viacom18 Motion Pictures,,B,,,,,hitFlop=1,Missing/Partial
BOLLY_2014_0414_mr_joe_b_carvalho,Mr Joe B. Carvalho,2014,1,Comedy,,No,Samir Tiwari,Arshad Warsi,Soha Ali Khan,,3.5596,D,,,,,hitFlop=1,Missing/Partial
BOLLY_2014_0415_19th_january,19th January,2014,,Drama,,No,Sanjay Amar,Deepti Naval,K. K. Raina,,,D,,,,,,Missing/Partial
BOLLY_2014_0416_sholay_3d,Sholay 3D,2014,8,Action,,No,Ramesh Sippy,Dharmendra,Amitabh Bachchan,"UTV Motion Pictures, Pen Studios",3.0997,D,,,3.5,35,hitFlop=5,High
BOLLY_2014_0417_dedh_ishqiya,Dedh Ishqiya,2014,1,Comedy,,No,Abhishek Chaubey,Naseeruddin Shah,Arshad Warsi,Shemaroo Entertainment,3.7695,D,,,37,40.8,hitFlop=2,High
BOLLY_2014_0418_yaariyan,Yaariyan,2014,1,Comedy,,No,Divya Khosla Kumar,Himansh Kohli,Nicole Faria,T-Series Films,,,,,10,55,hitFlop=5,High
BOLLY_2014_0419_karle_pyaar_karle,Karle Pyaar Karle,2014,1,Comedy,,No,Rajesh Pandey,Hasleen Kaur,,,,,,,,,hitFlop=1,Missing/Partial
BOLLY_2014_0420_miss_lovely,Miss Lovely,2014,1,Drama,,No,Ashim Ahluwalia,Nawazuddin Siddiqui,Niharika Singh,,3.7877,D,,,,,,Missing/Partial
BOLLY_2014_0421_om_dar_b_dar,Om-Dar-B-Dar,2014,1,Drama,,No,Kamal Swaroop,Aditya Lakhia,Anita Kanwar,,,,,,0.1,,,Low
BOLLY_2014_0422_paranthe_wali_gali,Paranthe Wali Gali,2014,,Drama,,No,Sachin Gupta,Anuj Saxena,,,,,,,,,hitFlop=1,Missing/Partial
BOLLY_2014_0423_strings_of_passion,Strings of Passion,2014,1,Drama,,No,Sanghamitra Chaudhari,Zeenat Aman,Indrani Haldar,,,,,,,,,Missing/Partial
BOLLY_2014_0424_jai_ho,Jai Ho,2014,1,Action,,No,Sohail Khan,Salman Khan,Daisy Shah,Eros International,9.2082,D,,,50,195.04,hitFlop=5,High
BOLLY_2014_0425_one_by_two,One by Two,2014,1,Comedy,,No,Devika Bhagat,Abhay Deol,Preeti Desai,Viacom18 Motion Pictures,2.5106,D,,,21,3.7700000000000005,hitFlop=1,High
BOLLY_2014_0426_babloo_happy_hai,Babloo Happy Hai,2014,2,Drama,,No,Nila Madhab Panda,Erica Fernandes,Parvin Dabas,,,D,,,,,hitFlop=1,Missing/Partial
BOLLY_2014_0427_hasee_toh_phasee,Hasee Toh Phasee,2014,2,Comedy,,No,Vinil Mathew,Sidharth Malhotra,Parineeti Chopra,"Reliance Entertainment, Dharma Productions, Phantom Films",,C,,,20,63.38,hitFlop=5,High
BOLLY_2014_0428_heartless,Heartless,2014,2,Romance,,No,Shekhar Suman,Adhyayan Suman,Om Puri,,,D,,,1.1,1.18,hitFlop=2,High
BOLLY_2014_0429_ya_rab,Ya Rab,2014,2,Thriller,,No,Hasnain Hyderabadwala,Manzar Sehbai,Ajaz Khan,,,D,1.3466,D,2.5,,hitFlop=1,Low
BOLLY_2014_0430_gunday,Gunday,2014,2,Action,,No,Ali Abbas Zafar,Ranveer Singh,Arjun Kapoor,Yash Raj Films,6.0024,C,,,51,130.91,hitFlop=4,High
BOLLY_2014_0431_darr_the_mall,Darr @ the Mall,2014,2,Horror,,No,Pawan Kripalani,Jimmy Sheirgill,Nushrat Bharucha,Contiloe Entertainment,,D,,,16,7.8,hitFlop=1,High
BOLLY_2014_0432_dee_saturday_night,Dee Saturday Night,2014,2,Drama,,No,Jay Prakash,Prashant Narayanan,Arif Zakaria,,1,D,,,,,,Missing/Partial
BOLLY_2014_0433_gulabi_gang,Gulabi Gang,2014,2,Drama,,No,Nishtha Jain,Sampat Pal Devi,,,,,,,,,,Missing/Partial
BOLLY_2014_0434_highway,Highway,2014,2,Drama,,No,Imtiaz Ali,Randeep Hooda,Alia Bhatt,"UTV Motion Pictures, Nadiadwala Grandson Entertainment",3.739,D,4.8838,D,25,47.7,hitFlop=3,High
BOLLY_2014_0435_pyar_ka_live_show,Pyar Ka Live Show,2014,2,Drama,,No,Shailendra Singh Rajput,Upasana Singh,Mushtaq Khan,,,,,,,,,Missing/Partial
BOLLY_2014_0436_anuradha,Anuradha,2014,2,Drama,,No,Raju Mavani,Sachin Khedekar,Smita Jaykar,,2.0741,D,,,,,,Missing/Partial
BOLLY_2014_0437_shaadi_ke_side_effects,Shaadi Ke Side Effects,2014,2,Comedy,,No,Saket Chaudhary,Farhan Akhtar,Vidya Balan,Balaji Motion Pictures,6.6258,D,,,43,69.6,hitFlop=3,High
BOLLY_2014_0438_gulaab_gang,Gulaab Gang,2014,3,Action,,No,Soumik Sen,Madhuri Dixit,Juhi Chawla,,4.8334,C,,,29,22.7,hitFlop=1,High
BOLLY_2014_0439_queen,Queen,2014,3,Comedy,,No,Vikas Bahl,Kangana Ranaut,Rajkummar Rao,"Viacom18 Motion Pictures, Phantom Films",4.3605,D,,,20,95.04,hitFlop=5,High
BOLLY_2014_0440_total_siyapaa,Total Siyapaa,2014,3,Comedy,,No,E Niwas,Ali Zafar,Yami Gautam,Reliance Entertainment,2.5332,D,,,10,13.1,hitFlop=2,High
BOLLY_2014_0441_bewakoofiyaan,Bewakoofiyaan,2014,3,Comedy,,No,Nupur Asthana,Ayushmann Khurrana,Sonam Kapoor,Yash Raj Films,,D,,,22,22.2,hitFlop=2,High
BOLLY_2014_0442_neighbours,Neighbours,2014,3,Horror,,No,Shyam Ramsay,Shakti Kapoor,Gavie Chahal,,,D,1.0115,D,,,hitFlop=1,Missing/Partial
BOLLY_2014_0443_ankhon_dekhi,Ankhon Dekhi,2014,3,Drama,,No,Rajat Kapoor,Sanjay Mishra,Rajat Kapoor,Drishyam Films,2.494,D,2.0954,D,,,,Missing/Partial
BOLLY_2014_0444_gang_of_ghosts,Gang of Ghosts,2014,3,Action,,No,Satish Kaushik,Parambrata Chatterjee,Sharman Joshi,,,C,2.6808,D,,,hitFlop=1,Missing/Partial
BOLLY_2014_0445_lakshmi,Lakshmi,2014,1,Drama,,No,Nagesh Kukunoor,Monali Thakur,Satish Kaushik,Pen Studios,,D,1.4685,D,,,hitFlop=1,Missing/Partial
BOLLY_2014_0446_ragini_mms_2,Ragini MMS 2,2014,3,Thriller,,No,Bhushan Patel,Sunny Leone,Parvin Dabas,Balaji Motion Pictures,,D,,,19,63.29,hitFlop=5,High
BOLLY_2014_0447_dishkiyaoon,Dishkiyaoon,2014,3,Action,,No,Sanamjit Talwar,Sunny Deol,Harman Baweja,Eros International,3.3809,D,,,3.9,6.88,hitFlop=3,High
BOLLY_2014_0448_o_teri,O Teri,2014,3,Comedy,,No,Umesh Bist,Pulkit Samrat,Sarah-Jane Dias,Reel Life Productions,,C,,,15,3.6,hitFlop=1,High
BOLLY_2014_0449_station,Station,2014,3,Thriller,,No,Saad Khan,,,,,,,,,,hitFlop=1,Missing/Partial
BOLLY_2014_0450_youngistaan,Youngistaan,2014,3,Drama,,No,Syed Ahmad Afzal,Jackky Bhagnani,Neha Sharma,"Pooja Entertainment, PVR Pictures",,D,,,,9.45,hitFlop=1,Low
BOLLY_2014_0451_honour_killing,Honour Killing,2014,2,Drama,,No,Avtar Bhogal,Zara Sheikh,Tom Alter,,,,,,,,,Missing/Partial
BOLLY_2014_0452_jal,Jal,2014,4,Drama,,No,Girish Malik,Purab Kohli,Tannishtha Chatterjee,,,D,,,,,,Missing/Partial
BOLLY_2014_0453_main_tera_hero,Main Tera Hero,2014,4,Drama,,No,David Dhawan,Varun Dhawan,Ileana D'Cruz,Balaji Motion Pictures,4.74,D,4.7408,D,,78,hitFlop=5,Low
BOLLY_2014_0454_bhoothnath_returns,Bhoothnath Returns,2014,4,Comedy,,No,Nitesh Tiwari,Amitabh Bachchan,Parth Bhalerao,T-Series Films,7.0113,B,,,40,53,hitFlop=2,High
BOLLY_2014_0455_2_states,2 States,2014,4,Comedy,,No,Abhishek Varman,Arjun Kapoor,Alia Bhatt,"UTV Motion Pictures, Dharma Productions, Nadiadwala Grandson Entertainment",6.5059,C,,,,175,hitFlop=7,Low
BOLLY_2014_0456_dekh_tamasha_dekh,Dekh Tamasha Dekh,2014,4,Comedy,,No,Feroz Abbas Khan,Satish Kaushik,,Eros International,1.961,D,,,,,hitFlop=1,Missing/Partial
BOLLY_2014_0457_lucky_kabootar,Lucky Kabootar,2014,4,Comedy,,No,Shammi Chhabra,Ravi Kishan,Eijaz Khan,,2.1644,D,,,,,hitFlop=1,Missing/Partial
BOLLY_2014_0458_revolver_rani,Revolver Rani,2014,4,Action,,No,Sai Kabir,Kangana Ranaut,Vir Das,"Wave Cinemas, Moving Pictures, Crouching Tiger Motion Pictures",4.3605,D,,,10,9,hitFlop=1,High
BOLLY_2014_0459_samrat_co,Samrat & Co.,2014,4,Thriller,,No,Kaushik Ghatak,Rajeev Khandelwal,,,1.5575,D,,,,,hitFlop=1,Missing/Partial
BOLLY_2014_0460_purani_jeans,Purani Jeans,2014,5,Comedy,,No,Tanushri Chattrji Bassu,Tanuj Virwani,Izabelle Leite,Eros International,,,,,,,hitFlop=1,Missing/Partial
BOLLY_2014_0461_kya_dilli_kya_lahore,Kya Dilli Kya Lahore,2014,5,Comedy,,No,Vijay Raaz,Vijay Raaz,Manu Rishi,,1.7737,D,,,,,hitFlop=1,Missing/Partial
BOLLY_2014_0462_kahin_hai_mera_pyar,Kahin Hai Mera Pyar,2014,5,Romance,,No,Mahesh Vaijnath Doijode,Sanjay Kapoor,Jackie Shroff,,5.4625,C,,,,,hitFlop=1,Missing/Partial
BOLLY_2014_0463_hawaa_hawaai,Hawaa Hawaai,2014,5,Drama,,No,Amole Gupte,Partho Gupte,Saqib Saleem,Fox Star Studios,,,,,11,11.36,hitFlop=2,High
BOLLY_2014_0464_khwaabb,Khwaabb,2014,5,Drama,,No,Zaid Ali Khan,Nafisa Ali,,,2.1151,D,,,,,hitFlop=1,Missing/Partial
BOLLY_2014_0465_koyelaanchal,Koyelaanchal,2014,5,Action,,No,Ashu Trikha,Vinod Khanna,Suniel Shetty,,4.0315,D,1.1186,D,,,hitFlop=1,Missing/Partial
BOLLY_2014_0466_manjunath,Manjunath,2014,5,Drama,,No,Sandeep A. Varma,Divya Dutta,Seema Biswas,"Viacom18 Motion Pictures, NFDC",2.3769,D,,,3,30,hitFlop=5,High
BOLLY_2014_0467_mastram,Mastram,2014,5,Drama,,No,Akhilesh Jaiswal,Tara Alisha Berry,,Jar Pictures,,,,,6,4.5,hitFlop=1,High
BOLLY_2014_0468_yeh_hai_bakrapur,Yeh Hai Bakrapur,2014,5,Drama,,No,Janaki Vishwanathan,Anshuman Jha,Asif Basra,,,D,,,,,hitFlop=1,Missing/Partial
BOLLY_2014_0469_the_xpos,The Xposé,2014,5,Drama,,No,Ananth Narayan Mahadevan,Himesh Reshammiya,Sonali Raut,HR Musik,1.5575,D,,,15,20,hitFlop=2,High
BOLLY_2014_0470_children_of_war,Children of War,2014,5,Drama,,No,Mrityunjay Devvrat,Farooq Shaikh,Victor Banerjee,,1.7062,D,,,,,hitFlop=1,Missing/Partial
BOLLY_2014_0471_m3_midsummer_midnight_mumbai,M3 - Midsummer Midnight Mumbai,2014,,Drama,,No,Braj Bhushan,Sara Khan,,,,,,,,,,Missing/Partial
BOLLY_2014_0472_heropanti,Heropanti,2014,5,Action,,No,Sabbir Khan,Tiger Shroff,Kriti Sanon,"UTV Motion Pictures, Nadiadwala Grandson Entertainment",,B,,,25,82,hitFlop=5,High
BOLLY_2014_0473_citylights,CityLights,2014,5,Drama,,No,Hansal Mehta,Rajkummar Rao,Patralekha,"Fox Star Studios, Vishesh Films",3.9271,D,1.4466,D,,,hitFlop=2,Missing/Partial
BOLLY_2014_0474_kuku_mathur_ki_jhand_ho_gayi,Kuku Mathur Ki Jhand Ho Gayi,2014,5,Drama,,No,Aman Sachdeva,Simran Kaur Mundi,,Balaji Motion Pictures,,,,,,,hitFlop=1,Missing/Partial
BOLLY_2014_0475_filmistaan,Filmistaan,2014,6,Comedy,,No,Nitin Kakkar,Inaamulhaq,,UTV Spotboy,,,,,7.5,9.99,hitFlop=2,High
BOLLY_2014_0476_fugly,Fugly,2014,6,Comedy,,No,Kabir Sadanand,Jimmy Sheirgill,Kiara Advani,Grazing Goat Pictures,,D,1.2486,D,10,13.6,hitFlop=2,High
BOLLY_2014_0477_machhli_jal_ki_rani_hai,Machhli Jal Ki Rani Hai,2014,6,Horror,,No,Debaloy Dey,Bhanu Uday,Swara Bhaskar,,,,,,,,hitFlop=1,Missing/Partial
BOLLY_2014_0478_humshakals,Humshakals,2014,6,Comedy,,No,Sajid Khan,Saif Ali Khan,Esha Gupta,"Fox Star Studios, Pooja Entertainment",5.7211,A,6.9978,C,64,105.28,hitFlop=3,High
BOLLY_2014_0479_ek_villain,Ek Villain,2014,6,Action,,No,Mohit Suri,Sidharth Malhotra,Riteish Deshmukh,Balaji Motion Pictures,,C,4.931,D,39,169.62,hitFlop=5,High
BOLLY_2014_0480_bobby_jasoos,Bobby Jasoos,2014,7,Action,,No,Samar Shaikh,Vidya Balan,Ali Fazal,Reliance Entertainment,6.0471,C,,,26,20.38,hitFlop=1,High
BOLLY_2014_0481_lekar_hum_deewana_dil,Lekar Hum Deewana Dil,2014,7,Drama,,No,Arif Ali,Armaan Jain,Deeksha Seth,"Eros International, Illuminati Films, Maddock Films",,,,,16,,hitFlop=1,Low
BOLLY_2014_0482_humpty_sharma_ki_dulhania,Humpty Sharma Ki Dulhania,2014,7,Comedy,,No,Shashank Khaitan,Varun Dhawan,Alia Bhatt,"Reliance Entertainment, Dharma Productions",4.74,D,,,33,119.58,hitFlop=5,High
BOLLY_2014_0483_munna_mange_memsaab,Munna Mange Memsaab,2014,7,Drama,,No,Shareeph Mansuri Saranawala,Omkar Das Manikpuri,Razak Khan,,2.1151,D,,,,,,Missing/Partial
BOLLY_2014_0484_hate_story_2,Hate Story 2,2014,7,Thriller,,No,Vishal Pandya,Surveen Chawla,Sushant Singh,T-Series Films,,D,,,15,31.07,hitFlop=4,High
BOLLY_2014_0485_bazaar_e_husn,Bazaar-E-Husn,2014,7,Drama,,No,Ajay Mehra,Om Puri,Reshmi Ghosh,,4.1779,D,,,,,,Missing/Partial
BOLLY_2014_0486_riyasat,Riyasat,2014,7,Crime,,No,Ashok Tyagi,Rajesh Khanna,,,1.1394,D,1.0715,D,,,hitFlop=1,Missing/Partial
BOLLY_2014_0487_amit_sahni_ki_list,Amit Sahni Ki List,2014,7,Comedy,,No,Ajay Bhuyan,Vir Das,Vega Tamotia,,5.9509,C,,,,,hitFlop=1,Missing/Partial
BOLLY_2014_0488_pizza,Pizza,2014,7,Thriller,,No,Akshay Akkineni,Akshay Oberoi,Parvathy Omanakuttan,UTV Spotboy,,D,,,,4.035,hitFlop=1,Low
BOLLY_2014_0489_kick,Kick,2014,7,Action,,No,Sajid Nadiadwala,Salman Khan,Jacqueline Fernandez,"UTV Motion Pictures, Nadiadwala Grandson Entertainment",9.2082,D,,,140,402,hitFlop=4,High
BOLLY_2014_0490_entertainment,Entertainment,2014,8,Action,,No,Sajid-Farhad,Akshay Kumar,Tamannaah Bhatia,"Pen Studios, Tips Industries",6.3805,C,,,81,115.93,hitFlop=2,High
BOLLY_2014_0491_singham_returns,Singham Returns,2014,8,Action,,No,Rohit Shetty,Ajay Devgn,Kareena Kapoor,"Reliance Entertainment, Ajay Devgn FFilms",6.8713,C,6.8376,C,100,220.5,hitFlop=4,High
BOLLY_2014_0492_life_is_beautiful,Life is Beautiful!,2014,8,Drama,,No,Manoj Amarnani,,,,,,,,,,hitFlop=1,Missing/Partial
BOLLY_2014_0493_mad_about_dance,Mad About Dance,2014,8,Drama,,No,Saahil Prem,,,,,,,,,,,Missing/Partial
BOLLY_2014_0494_mardaani,Mardaani,2014,8,Action,,No,Pradeep Sarkar,Rani Mukerji,Tahir Raj Bhasin,Yash Raj Films,3.932,D,2.2519,D,21,59.55,hitFlop=4,High
BOLLY_2014_0495_mumbhai_connection,Mumbhai Connection,2014,8,Drama,,No,Atlanta Nagendra,,,,,,,,,,,Missing/Partial
BOLLY_2014_0496_raja_natwarlal,Raja Natwarlal,2014,8,Thriller,,No,Kunal Deshmukh,Emraan Hashmi,Humaima Malick,UTV Motion Pictures,4.721,D,4.1021,D,47,26.8,hitFlop=1,High
BOLLY_2014_0497_mary_kom,Mary Kom,2014,9,Drama,,No,Omung Kumar,Priyanka Chopra,Zachary Coffin,Viacom18 Motion Pictures,8.1369,B,,,38,86.19,hitFlop=4,High
BOLLY_2014_0498_creature,Creature,2014,9,Horror,,No,Vikram Bhatt,Bipasha Basu,Imran Abbas,T-Series Films,4.5712,D,2.9028,D,25,20.6,hitFlop=1,High
BOLLY_2014_0499_daawat_e_ishq,Daawat-e-Ishq,2014,9,Comedy,,No,Habib Faisal,Aditya Roy Kapur,Parineeti Chopra,Yash Raj Films,,C,2.7399,D,32,35.58,hitFlop=2,High
BOLLY_2014_0500_khoobsurat,Khoobsurat,2014,9,Comedy,,No,Shashanka Ghosh,Sonam Kapoor,Fawad Khan,"Walt Disney Pictures, UTV Motion Pictures",5.488,B,1.5653,D,23,79.43,hitFlop=5,High
BOLLY_2014_0501_3_a_m,3 A.M.,2014,9,Horror,,No,Vishal Mahadkar,Rannvijay Singh,Salil Acharya,,,D,,,,,,Missing/Partial
BOLLY_2014_0502_chaarfutiya_chhokare,Chaarfutiya Chhokare,2014,9,Thriller,,No,Manish Harishankar,Soha Ali Khan,Seema Biswas,,3.0133,D,,,,,hitFlop=1,Missing/Partial
BOLLY_2014_0503_desi_kattey,Desi Kattey,2014,9,Action,,No,Anand Kumar,Suniel Shetty,Akhil Kapur,,,,,,,,hitFlop=1,Missing/Partial
BOLLY_2014_0504_meinu_ek_ladki_chaahiye,Meinu Ek Ladki Chaahiye,2014,9,Comedy,,No,Abhishek Bindal,Raghuvir Yadav,Zakir Hussain,,2.3103,C,,,,,hitFlop=1,Missing/Partial
BOLLY_2014_0505_balwinder_singh_famous_ho_gaya,Balwinder Singh Famous Ho Gaya,2014,9,Comedy,,No,Sunil Agnihotri,Mika Singh,Shaan,,,,,,,,,Missing/Partial
BOLLY_2014_0506_bang_bang,Bang Bang!,2014,10,Action,,No,Siddharth Anand,Hrithik Roshan,Katrina Kaif,Fox Star Studios,8.2519,D,5.6148,C,140,332.43,hitFlop=4,High
BOLLY_2014_0507_haider,Haider,2014,10,Action,,No,Vishal Bhardwaj,Shahid Kapoor,Tabu,UTV Motion Pictures,5.7659,C,3.6423,D,35,85,hitFlop=4,High
BOLLY_2014_0508_spark,Spark,2014,10,Drama,,No,V. K. Singh,Rajniesh Duggal,Subhashree Ganguly,,,,,,,,hitFlop=1,Missing/Partial
BOLLY_2014_0509_jigariyaa,Jigariyaa,2014,10,Drama,,No,Raj Purohit,Cherry Mardia,Virendra Saxena,,,,,,,,hitFlop=1,Missing/Partial
BOLLY_2014_0510_ekkees_toppon_ki_salaami,Ekkees Toppon Ki Salaami,2014,10,Comedy,,No,Ravindra Gautam,Anupam Kher,Neha Dhupia,,3.4477,D,,,,1.58,hitFlop=1,Low
BOLLY_2014_0511_tamanchey,Tamanchey,2014,10,Romance,,No,Navneet Behal,Nikhil Dwivedi,Richa Chadda,,,D,,,,,hitFlop=1,Missing/Partial
BOLLY_2014_0512_mumbai_125_km,Mumbai 125 KM,2014,10,Thriller,,No,Hemant Madhukar,Veena Malik,Karanvir Bohra,,,,,,,14.65,,Low
BOLLY_2014_0513_sonali_cable,Sonali Cable,2014,10,Drama,,No,Charudutt Acharya,Rhea Chakraborty,Ali Fazal,,,C,,,,,hitFlop=1,Missing/Partial
BOLLY_2014_0514_happy_new_year,Happy New Year,2014,1,Action,,No,Farah Khan,Shah Rukh Khan,Deepika Padukone,"Yash Raj Films, Red Chillies Entertainment",9.2267,A,8.7847,A,150,342,hitFlop=4,High
BOLLY_2014_0515_fireflies,Fireflies,2014,10,Drama,,No,Sabal Singh Sheikhawat,Rahul Khanna,Monica Dogra,,,D,,,,,,Missing/Partial
BOLLY_2014_0516_super_nani,Super Nani,2014,10,Comedy,,No,Indra Kumar,Rekha,Sharman Joshi,Maruti International,5.1069,C,4.1206,D,,,hitFlop=1,Missing/Partial
BOLLY_2014_0517_rang_rasiya,Rang Rasiya,2014,11,Drama,,No,Ketan Mehta,Randeep Hooda,Nandana Sen,,3.739,D,,,12,,,Low
BOLLY_2014_0518_a_decent_arrangement,A Decent Arrangement,2014,3,Drama,,No,Sarovar Banka,Shabana Azmi,,,1,D,,,,,,Missing/Partial
BOLLY_2014_0519_the_shaukeens,The Shaukeens,2014,11,Comedy,,No,Abhishek Sharma,Akshay Kumar,Anupam Kher,Cape of Good Films,6.3805,C,,,46.3,46.3,hitFlop=2,High
BOLLY_2014_0520_6_5_2,6 – 5 = 2,2014,11,Horror,,No,Bharat Jain,Niharica Raizada,,,,,,,,,,Missing/Partial
BOLLY_2014_0521_kill_dil,Kill Dil,2014,11,Action,,No,Shaad Ali,Ranveer Singh,Parineeti Chopra,Yash Raj Films,6.0024,C,5.2612,C,40,52.1,hitFlop=2,High
BOLLY_2014_0522_gollu_aur_pappu,Gollu Aur Pappu,2014,11,Comedy,,No,Kabir Sadanand,Vir Das,Kunaal Roy Kapur,Viacom18 Motion Pictures,5.9509,C,1.2486,D,,,hitFlop=1,Missing/Partial
BOLLY_2014_0523_happy_ending,Happy Ending,2014,11,Comedy,,No,Raj Nidimoru and Krishna DK,Saif Ali Khan,Ileana D'Cruz,"Eros International, Illuminati Films",5.7211,A,,,57,38,hitFlop=1,High
BOLLY_2014_0524_titoo_mba,Titoo MBA,2014,11,Comedy,,No,Amit Vats,,,,,,,,,,hitFlop=1,Missing/Partial
BOLLY_2014_0525_hum_hai_teen_khurafaati,Hum Hai Teen Khurafaati (हम हैं तीन खुराफाती),2014,,Drama,,No,Rajeshwar Chauhan,Heena Panchal,Vrajesh Hirjee,,,,,,,,,Missing/Partial
BOLLY_2014_0526_ungli,Ungli,2014,11,Comedy,,No,Rensil D'Silva,Sanjay Dutt,Emraan Hashmi,"Reliance Entertainment, Dharma Productions",5.0026,C,,,39,50,hitFlop=2,High
BOLLY_2014_0527_zed_plus,Zed Plus,2014,12,Comedy,,No,Chandraprakash Dwivedi,Adil Hussain,Mona Singh,,,,,,,,hitFlop=1,Missing/Partial
BOLLY_2014_0528_zid,Zid,2014,11,Thriller,,No,Vivek Agnihotri,Karanvir Sharma,Mannara Chopra,,,,,,8.3,14.15,hitFlop=3,High
BOLLY_2014_0529_action_jackson,Action Jackson,2014,12,Action,,No,Prabhu Deva,Ajay Devgn,Sonakshi Sinha,Eros International,6.8713,C,,,93,88.87,hitFlop=1,High
BOLLY_2014_0530_mumbai_delhi_mumbai,Mumbai Delhi Mumbai,2014,12,Comedy,,No,Satish Rajwade,Shiv Panditt,Piaa Bajpai,Viacom18 Motion Pictures,,,,,,,hitFlop=1,Missing/Partial
BOLLY_2014_0531_sulemani_keeda,Sulemani Keeda,2014,8,Comedy,,No,Amit Masurkar,,,,,,,,,,hitFlop=1,Missing/Partial
BOLLY_2014_0532_badlapur_boys,Badlapur Boys,2014,12,Drama,,No,Shailesh Verma,Annu Kapoor,Kishori Shahane,,,C,,,,,hitFlop=1,Missing/Partial
BOLLY_2014_0533_life_mein_twist_hai,Life Mein Twist Hai,2014,12,Mystery,,No,Dinesh Soni,,,,,,,,,,,Missing/Partial
BOLLY_2014_0534_main_aur_mr_riight,Main Aur Mr. Riight,2014,12,Comedy,,No,Adeeb Rais,Varun Khandelwal,Barun Sobti,,,,,,,,hitFlop=1,Missing/Partial
BOLLY_2014_0535_objection_my_god,Objection My God,2014,,Drama,,No,Amit Khan,Makrand Deshpande,Sanjay Mishra,,1.1115,D,,,,,,Missing/Partial
BOLLY_2014_0536_pk,PK,2014,12,Comedy,,No,Rajkumar Hirani,Aamir Khan,Anushka Sharma,"UTV Motion Pictures, Vinod Chopra Films",10,A,10,A,122,769.89,hitFlop=5,High
BOLLY_2014_0537_ugly,Ugly,2014,5,Thriller,,No,Anurag Kashyap,Abir Goswami,Girish Kulkarni,"DAR Motion Pictures, Phantom Films",,,3.0408,D,4.5,6.24,hitFlop=2,High
BOLLY_2015_0538_international_hero,International Hero,2015,3,Action,,No,Sanjay Niranjan,Nakul Vaid,Jatin Grewal,,,,,,,,,Missing/Partial
BOLLY_2015_0539_mumbai_can_dance_saala,Mumbai Can Dance Saala,2015,1,Drama,,No,Sachindra Sharma,Prashant Narayanan,Aditya Pancholi,,1,D,,,,,,Missing/Partial
BOLLY_2015_0540_take_it_easy,Take It Easy,2015,,Drama,,No,Sunil Prem Vyas,Vikram Gokhale,Dipannita Sharma,,1.6945,D,,,,,,Missing/Partial
BOLLY_2015_0541_tevar,Tevar,2015,1,Action,,No,Amit Sharma,Arjun Kapoor,Sonakshi Sinha,Eros International,6.5059,C,,,54,56,hitFlop=2,High
BOLLY_2015_0542_alone,Alone,2015,1,Romance,,No,Bhushan Patel,Bipasha Basu,Karan Singh Grover,Panorama Studios,4.5712,D,,,19,25.84,hitFlop=2,High
BOLLY_2015_0543_crazy_cukkad_family,Crazy Cukkad Family,2015,1,Comedy,,No,Ritesh Menon,Swanand Kirkire,Shilpa Shukla,,,,,,,,,Missing/Partial
BOLLY_2015_0544_sharafat_gayi_tel_lene,Sharafat Gayi Tel Lene,2015,1,Comedy,,No,Gurmmeet Singh,Zayed Khan,Tina Desai,,2.9243,D,,,7.0,0.57,hitFlop=1,High
BOLLY_2015_0545_dolly_ki_doli,Dolly Ki Doli,2015,1,Comedy,,No,Abhishek Dogra,Sonam Kapoor,Pulkit Samrat,"Kinesis Films, Arbaaz Khan Production",5.488,B,,,21.0,19.21,hitFlop=1,High
BOLLY_2015_0546_chal_guru_ho_ja_shuru,Chal Guru Ho Ja Shuru,2015,1,Comedy,,No,Manoj Sharma,Hemant Pandey,Chandrachur Singh,,,,,,,,,Missing/Partial
BOLLY_2015_0547_hawaizaada,Hawaizaada,2015,1,Drama,,No,Vibhu Puri,Ayushmann Khurrana,Pallavi Sharda,Reliance Entertainment,,D,,,25,5.84,hitFlop=1,High
BOLLY_2015_0548_khamoshiyan,Khamoshiyan,2015,1,Romance,,No,Karan Dara,Gurmeet Choudhary,Ali Fazal,"Fox Star Studios, Vishesh Films",,C,,,10.0,19.5,hitFlop=3,High
BOLLY_2015_0549_rahasya,Rahasya,2015,1,Thriller,,No,Manish Gupta,Tisca Chopra,Ashish Vidyarthi,Viacom18 Motion Pictures,,D,,,6.0,2.8,hitFlop=1,High
BOLLY_2015_0550_jai_jawaan_jai_kisaan,Jai Jawaan Jai Kisaan,2015,,Drama,,No,Milan Ajmera,Jatin Khurana,Om Puri,,,D,,,,,,Missing/Partial
BOLLY_2015_0551_shamitabh,Shamitabh,2015,2,Drama,,No,R. Balki,Amitabh Bachchan,Dhanush,Eros International,7.0113,B,,,45,37,hitFlop=1,High
BOLLY_2015_0552_roy,Roy,2015,2,Drama,,No,Vikramjit Singh,Ranbir Kapoor,Jacqueline Fernandez,T-Series Films,7.6986,B,,,50,56,hitFlop=2,High
BOLLY_2015_0553_badlapur,Badlapur,2015,2,Action,,No,Sriram Raghavan,Varun Dhawan,Nawazuddin Siddiqui,"Eros International, Maddock Films",4.74,D,1.8067,D,16,103,hitFlop=5,High
BOLLY_2015_0554_qissa,Qissa,2015,2,Drama,,No,Anup Singh,Irrfan Khan,Tillotama Shome,,2.9178,D,,,,,,Missing/Partial
BOLLY_2015_0555_ab_tak_chhappan_2,Ab Tak Chhappan 2,2015,2,Action,,No,Aejaz Gulab,Nana Patekar,Ashutosh Rana,,4.0525,D,,,18.0,6.64,hitFlop=1,High
BOLLY_2015_0556_dum_laga_ke_haisha,Dum Laga Ke Haisha,2015,2,Comedy,,No,Sharat Katariya,Ayushmann Khurrana,Bhumi Pednekar,Yash Raj Films,,D,,,14,41.45,hitFlop=4,High
BOLLY_2015_0557_badmashiyaan,Badmashiyaan,2015,3,Comedy,,No,Amit Khanna,Suzzanna Mukherjee,Sidhant Gupta,,,,,,,,,Missing/Partial
BOLLY_2015_0558_coffee_bloom,Coffee Bloom,2015,3,Drama,,No,Manu Warrier,Arjun Mathur,Sugandha Garg,,,,,,,,,Missing/Partial
BOLLY_2015_0559_dirty_politics,Dirty Politics,2015,,Drama,,No,K. C. Bokadia,Mallika Sherawat,Naseeruddin Shah,,4.0848,D,,,11.0,8.48,hitFlop=1,High
BOLLY_2015_0560_hey_bro,Hey Bro,2015,3,Action,,No,Ajay Chandhok,Ganesh Acharya,Nupur Sharma,,,,1.0006,D,6.0,2.0,hitFlop=1,High
BOLLY_2015_0561_nh10,NH10,2015,3,Drama,,No,Navdeep Singh,Anushka Sharma,Neil Bhoopalam,"Eros International, Clean Slate Filmz, Phantom Films",6.3761,C,,,18,49,hitFlop=4,High
BOLLY_2015_0562_dilliwali_zaalim_girlfriend,Dilliwali Zaalim Girlfriend,2015,3,Comedy,,No,Japinder Kaur,Divyendu Sharma,Jackie Shroff,,,D,,,,,,Missing/Partial
BOLLY_2015_0563_hunterrr,Hunterrr,2015,3,Comedy,,No,Harshavardhan Kulkarni,Gulshan Devaiah,Radhika Apte,"Shemaroo Entertainment, Phantom Films",,D,,,3,11.2,hitFlop=5,High
BOLLY_2015_0564_barkhaa,Barkhaa,2015,3,Drama,,No,Shadaab Mirza,Sara Loren,Taaha Shah,,,D,,,,1.33,,Low
BOLLY_2015_0565_yahaan_sabki_lagi_hai,Yahaan Sabki Lagi Hai,2015,3,Drama,,No,"Satavisha Bose, Cyrus R. khambhata",Teeshay Shah,,,,,,,,,,Missing/Partial
BOLLY_2015_0566_detective_byomkesh_bakshy,Detective Byomkesh Bakshy!,2015,4,Thriller,,No,Dibakar Banerjee,Sushant Singh Rajput,Anand Tiwari,Yash Raj Films,,D,2.863,D,35,46.8,hitFlop=2,High
BOLLY_2015_0567_luckhnowi_ishq,Luckhnowi Ishq,2015,4,Drama,,No,Aanand Raut,Adhyayan Suman,Karishma Kotak,,,D,,,,,,Missing/Partial
BOLLY_2015_0568_dharam_sankat_mein,Dharam Sankat Mein,2015,4,Comedy,,No,Fuwad Khan,Naseeruddin Shah,Paresh Rawal,Viacom18 Motion Pictures,3.7695,D,,,14.0,12.1,hitFlop=1,High
BOLLY_2015_0569_ek_paheli_leela,Ek Paheli Leela,2015,4,Drama,,No,Bobby Khan,Sunny Leone,Jay Bhanushali,T-Series Films,,D,,,15,27.47,hitFlop=3,High
BOLLY_2015_0570_court,Court,2015,4,Comedy,,No,Chaitanya Tamhane,,,Zoo Entertainment,,,,,3.5,,,Low
BOLLY_2015_0571_margarita_with_a_straw,Margarita with a Straw,2015,4,Drama,,No,Shonali Bose,Kalki Koechlin,Revathi,Viacom18 Motion Pictures,3.9852,D,,,6.5,7.4,hitFlop=2,High
BOLLY_2015_0572_mr_x,Mr. X,2015,4,Action,,No,Vikram Bhatt,Emraan Hashmi,Amyra Dastur,"Fox Star Studios, Vishesh Films",4.721,D,2.9028,D,37,30,hitFlop=1,High
BOLLY_2015_0573_nh_8_road_to_nidhivan,NH-8 Road to Nidhivan,2015,4,Thriller,,No,Munindra Gupta,,,,,,,,,,,Missing/Partial
BOLLY_2015_0574_ishq_ke_parindey,Ishq Ke Parindey,2015,4,Drama,,No,Shakir Khan,,,,,,,,,,,Missing/Partial
BOLLY_2015_0575_kaagaz_ke_fools,Kaagaz Ke Fools,2015,4,Comedy,,No,Anil Kumar Chaudhary,Vinay Pathak,Mugdha Godse,,3.1247,D,,,,,,Missing/Partial
BOLLY_2015_0576_gabbar_is_back,Gabbar Is Back,2015,5,Action,,No,Krish,Akshay Kumar,Shruti Haasan,Viacom18 Motion Pictures,6.3805,C,,,79,135.81,hitFlop=3,High
BOLLY_2015_0577_sabki_bajegi_band,Sabki Bajegi Band,2015,5,Drama,,No,Anirudh Chawla,Sumeet Vyas,Swara Bhaskar,Percept Pictures,,D,,,,,,Missing/Partial
BOLLY_2015_0578_kuch_kuch_locha_hai,Kuch Kuch Locha Hai,2015,5,Comedy,,No,Devang Dholakia,Ram Kapoor,Sunny Leone,,,D,,,15,3.2600000000000002,hitFlop=1,High
BOLLY_2015_0579_piku,Piku,2015,5,Comedy,,No,Shoojit Sircar,Amitabh Bachchan,Deepika Padukone,"MSM Motion Pictures, Saraswati Entertainment, Rising Sun Films",7.0113,B,3.8135,D,42,141,hitFlop=5,High
BOLLY_2015_0580_bombay_velvet,Bombay Velvet,2015,5,Drama,,No,Anurag Kashyap,Ranbir Kapoor,Anushka Sharma,"Fox Star Studios, Phantom Films",7.6986,B,3.0408,D,118,43.13,hitFlop=1,High
BOLLY_2015_0581_main_hoon_part_time_killer,Main Hoon Part-Time Killer,2015,5,Comedy,,No,Faisal Saif,Adithya Menon,Kavita Radheshyam,,,,,,0.8,,,Low
BOLLY_2015_0582_waiting,Waiting,2015,5,Drama,,No,Anu Menon,Naseeruddin Shah,Kalki Koechlin,Drishyam Films,3.7695,D,,,,3.5,,Low
BOLLY_2015_0583_i_love_desi,I Love Desi,2015,5,Comedy,,No,Pankaj Batra,Priyanka Shah,Gulshan Grover,,,D,,,,,,Missing/Partial
BOLLY_2015_0584_ishqedarriyaan,Ishqedarriyaan,2015,5,Romance,,No,V. K. Prakash,Mahaakshay Chakraborty,Evelyn Sharma,,,,,,,,,Missing/Partial
BOLLY_2015_0585_p_se_pm_tak,P Se PM Tak,2015,4,Comedy,,No,Kundan Shah,Meenakshi Dixit,Bharat Jadhav,,,,1.5991,D,,,,Missing/Partial
BOLLY_2015_0586_welcome_2_karachi,Welcome 2 Karachi,2015,5,Action,,No,Ashish R Mohan,Arshad Warsi,Jackky Bhagnani,Pooja Entertainment,3.5596,D,,,,,,Missing/Partial
BOLLY_2015_0587_mere_genie_uncle,Mere Genie Uncle,2015,6,Fantasy,,No,Ashish Bhavsar,Tiku Talsania,Shakti Kapoor,,,D,,,,0.0175,,Low
BOLLY_2015_0588_hamari_adhuri_kahani,Hamari Adhuri Kahani,2015,6,Drama,,No,Mohit Suri,Emraan Hashmi,Vidya Balan,"Fox Star Studios, Vishesh Films",4.721,D,4.931,D,35,58,hitFlop=3,High
BOLLY_2015_0589_miss_tanakpur_haazir_ho,Miss Tanakpur Haazir Ho,2015,6,Comedy,,No,Vinod Kapri,Annu Kapoor,Om Puri,Fox Star Studios,,C,,,6.0,1.54,hitFlop=1,High
BOLLY_2015_0590_uvaa,Uvaa,2015,6,Comedy,,No,Jasbir Bhaati,Om Puri,Jimmy Sheirgill,,4.1779,D,,,,,,Missing/Partial
BOLLY_2015_0591_lion_of_gujarat,Lion of Gujarat,2015,6,Action,,No,Dinesh Lamba,,,,,,,,,,,Missing/Partial
BOLLY_2015_0592_bezubaan_ishq,Bezubaan Ishq,2015,7,Drama,,No,Jashwant Gangani,Nishant Singh Malkani,Mugdha Godse,,,D,,,,,,Missing/Partial
BOLLY_2015_0593_guddu_rangeela,Guddu Rangeela,2015,7,Comedy,,No,Subhash Kapoor,Arshad Warsi,Aditi Rao Hydari,Fox Star Studios,3.5596,D,,,15,9.6,hitFlop=1,High
BOLLY_2015_0594_second_hand_husband,Second Hand Husband,2015,7,Comedy,,No,Smeep Kang,Gippy Grewal,Tina Ahuja,,,,,,,,,Missing/Partial
BOLLY_2015_0595_i_love_ny,I Love NY,2015,7,Comedy,,No,Radhika Rao,Sunny Deol,Kangana Ranaut,T-Series Films,3.3809,D,,,,,,Missing/Partial
BOLLY_2015_0596_thoda_lutf_thoda_ishq,Thoda Lutf Thoda Ishq,2015,7,Comedy,,No,Sachin Gupta,Hiten Tejwani,Sanjay Mishra,,,D,,,,,,Missing/Partial
BOLLY_2015_0597_aisa_yeh_jahaan,Aisa Yeh Jahaan,2015,4,Drama,,No,Biswajeet Bora,Palash Sen,Ira Dubey,,,,,,,,,Missing/Partial
BOLLY_2015_0598_masaan,Masaan,2015,5,Drama,,No,Neeraj Ghaywan,Richa Chadha,Sanjay Mishra,"Drishyam Films, Phantom Films, Sikhya Entertainment, Pathé, Arte France Cinéma",,D,,,,,,Missing/Partial
BOLLY_2015_0599_drishyam,Drishyam,2015,7,Drama,,No,Nishikant Kamat,Ajay Devgn,Tabu,"Viacom18 Motion Pictures, Panorama Studios",6.8713,C,,,38,107.87,hitFlop=4,High
BOLLY_2015_0600_bangistan,Bangistan,2015,8,Comedy,,No,Karan Anshuman,Riteish Deshmukh,Pulkit Samrat,"Junglee Pictures, Excel Entertainment",,C,,,29.0,8.3,hitFlop=1,High
BOLLY_2015_0601_brothers,Brothers,2015,8,Action,,No,Karan Malhotra,Akshay Kumar,Sidharth Malhotra,"Fox Star Studios, Lionsgate, Dharma Productions, Endemol India",6.3805,C,,,112.0,140.3,hitFlop=2,High
BOLLY_2015_0602_gour_hari_dastaan,Gour Hari Dastaan,2015,8,Drama,,No,Ananth Narayan Mahadevan,Vinay Pathak,Konkona Sen Sharma,,3.1247,D,,,,,,Missing/Partial
BOLLY_2015_0603_all_is_well,All Is Well,2015,8,Comedy,,No,Umesh Shukla,Abhishek Bachchan,Asin Thottumkal,T-Series Films,5.2079,D,,,34.0,18.02,hitFlop=1,High
BOLLY_2015_0604_manjhi_the_mountain_man,Manjhi – The Mountain Man,2015,8,Drama,,No,Ketan Mehta,Nawazuddin Siddiqui,Radhika Apte,"Viacom 18 Motion Pictures, NFDC",3.7877,D,,,8.5,18,hitFlop=4,High
BOLLY_2015_0605_kaun_kitney_paani_mein,Kaun Kitney Paani Mein,2015,8,Comedy,,No,Nila Madhab Panda,Saurabh Shukla,Radhika Apte,,,D,,,1.0,0.29,hitFlop=1,High
BOLLY_2015_0606_phantom,Phantom,2015,8,Action,,No,Kabir Khan,Saif Ali Khan,Katrina Kaif,"UTV Motion Pictures, Nadiadwala Grandson Entertainment",5.7211,A,6.8237,C,72,84,hitFlop=2,High
BOLLY_2015_0607_lakhon_hain_yahan_dilwale,Lakhon Hain Yahan Dilwale,2015,9,Drama,,No,Munnawar Bhagat,Aditya Pancholi,Arun Bakshi,,,D,,,,,,Missing/Partial
BOLLY_2015_0608_hero,Hero,2015,9,Action,,No,Nikhil Advani,Sooraj Pancholi,Athiya Shetty,"Eros International, Salman Khan Films, Mukta Arts, Emmay Entertainment",,D,2.3243,D,36,34.82,hitFlop=1,High
BOLLY_2015_0609_sorry_daddy,Sorry Daddy,2015,12,Action,,No,Vijay Pal and Shakur,Mukesh Tiwari,Tinu Verma,,2.2331,D,,,3,,,Low
BOLLY_2015_0610_katti_batti,Katti Batti,2015,9,Comedy,,No,Nikhil Advani,Imran Khan,Kangana Ranaut,"UTV Motion Pictures, Emmay Entertainment",5.112,C,2.3243,D,34,42.64,hitFlop=2,High
BOLLY_2015_0611_meeruthiya_gangster,Meeruthiya Gangster,2015,9,Comedy,,No,Zeishan Quadri,Jaideep Ahlawat,Shadab Kamal,,,,,,,,,Missing/Partial
BOLLY_2015_0612_kis_kisko_pyaar_karoon,Kis Kisko Pyaar Karoon,2015,9,Comedy,,No,Abbas–Mustan,Kapil Sharma,Manjari Phadnis,Venus Worldwide Entertainment,,D,,,16,71.6,hitFlop=5,High
BOLLY_2015_0613_bhaag_johnny,Bhaag Johnny,2015,9,Action,,No,Shivam Nair,Kunal Khemu,Zoa Morani,T-Series Films,3.1566,D,,,15.0,8.0,hitFlop=1,High
BOLLY_2015_0614_singh_is_bliing,Singh Is Bliing,2015,10,Action,,No,Prabhu Deva,Akshay Kumar,Amy Jackson,"Pen Studios, Grazing Goat Pictures",6.3805,C,,,70,149.1,hitFlop=4,High
BOLLY_2015_0615_talvar,Talvar,2015,9,Thriller,,No,Meghna Gulzar,Irrfan Khan,Konkona Sen Sharma,Junglee Pictures,2.9178,D,,,15,45.9,hitFlop=5,High
BOLLY_2015_0616_jazbaa,Jazbaa,2015,10,Drama,,No,Sanjay Gupta,Aishwarya Rai Bachchan,Irrfan Khan,Essel Vision Productions,6.0086,D,3.4703,D,28,42.67,hitFlop=3,High
BOLLY_2015_0617_bumper_draw,Bumper Draw,2015,10,Comedy,,No,Irshad Khan,Rajpal Yadav,Zakir Hussain,,2.3783,D,,,,,,Missing/Partial
BOLLY_2015_0618_chinar_daastaan_e_ishq,Chinar Daastaan-E-Ishq,2015,10,Romance,,No,Sharique Minhaj,Faisal Khan,Dalip Tahil,,,,,,,,,Missing/Partial
BOLLY_2015_0619_pyaar_ka_punchnama_2,Pyaar Ka Punchnama 2,2015,10,Comedy,,No,Luv Ranjan,Kartik Aaryan,Nushrat Bharucha,"Viacom18 Motion Pictures, Panorama Studios",,D,,,22.0,88.17,hitFlop=5,High
BOLLY_2015_0620_wedding_pullav,Wedding Pullav,2015,10,Comedy,,No,Binod Pradhan,Anushka Ranjan,Diganth Manchale,,,,,,,,,Missing/Partial
BOLLY_2015_0621_shaandaar,Shaandaar,2015,10,Action,,No,Vikas Bahl,Shahid Kapoor,Alia Bhatt,"Fox Star Studios, Dharma Productions, Phantom Films",5.7659,C,,,60,75.7,hitFlop=2,High
BOLLY_2015_0622_titli,Titli,2015,5,Drama,,No,Kanu Behl,Shashank Arora,Ranvir Shorey,Yash Raj Films,,D,,,,,,Missing/Partial
BOLLY_2015_0623_main_aur_charles,Main Aur Charles,2015,10,Drama,,No,Prawaal Raman,Randeep Hooda,Richa Chadha,,3.739,D,,,10,8,hitFlop=1,High
BOLLY_2015_0624_once_upon_a_time_in_bihar,Once Upon a Time in Bihar,2015,10,Drama,,No,Nitin Chandra,Ashish Vidyarthi,Arti Puri,,,D,,,,0.08,,Missing/Partial
BOLLY_2015_0625_guddu_ki_gun,Guddu Ki Gun,2015,10,Comedy,,No,Sheershak Anand,Kunal Khemu,Payel Sarkar,"Trigger Edge, Emenox Media",3.1566,D,,,,2.12,,Missing/Partial
BOLLY_2015_0626_love_exchange,Love Exchange,2015,10,Comedy,,No,Raj V Shetty,,,,,,,,,,,Missing/Partial
BOLLY_2015_0627_four_pillars_of_basement,Four Pillars of Basement,2015,11,Thriller,,No,Giresh Naik K,Bruna Abdullah,,,,,,,,0.15,,Low
BOLLY_2015_0628_charlie_kay_chakkar_mein,Charlie Kay Chakkar Mein,2015,11,Thriller,,No,Manish Srivasta,Naseeruddin Shah,,,3.7695,D,,,6.0,1.02,hitFlop=1,High
BOLLY_2015_0629_yaara_silly_silly,Yaara Silly Silly,2015,11,Romance,,No,Subhash Sehgal,Paoli Dam,Parambrata Chatterjee,,,C,,,,0.26,,Low
BOLLY_2015_0630_ranbanka,Ranbanka,2015,11,Action,,No,Aryeman Ramsay,Ravi Kishan,,,2.1644,D,,,,,,Missing/Partial
BOLLY_2015_0631_angry_indian_goddesses,Angry Indian Goddesses,2015,9,Comedy,,No,Pan Nalin,Sarah-Jane Dias,Tannishtha Chatterjee,,,,,,9.0,2.92,hitFlop=1,High
BOLLY_2015_0632_tamasha,Tamasha,2015,11,Comedy,,No,Imtiaz Ali,Deepika Padukone,Ranbir Kapoor,"UTV Motion Pictures, Nadiadwala Grandson Entertainment",8.6272,C,4.8838,D,87.0,136.63,hitFlop=3,High
BOLLY_2015_0633_hate_story_3,Hate Story 3,2015,12,Thriller,,No,Vishal Pandya,Zarine Khan,Daisy Shah,T-Series Films,,,,,20,62.21,hitFlop=5,High
BOLLY_2015_0634_kajarya,Kajarya,2015,12,Drama,,No,Madhureeta Anand,,,,,,,,,,,Missing/Partial
BOLLY_2015_0635_the_silent_heroes,The Silent Heroes,2015,12,Drama,,No,Mahesh Bhatt,,,,,,,,,,,Missing/Partial
BOLLY_2016_0636_wazir,Wazir,2016,1,Action,,No,Bejoy Nambiar,Amitabh Bachchan,Farhan Akhtar,"Reliance Entertainment, Vinod Chopra Films",7.0113,B,,,35,78.69,hitFlop=4,High
BOLLY_2016_0637_chalk_n_duster,Chalk n Duster,2016,1,Drama,,No,Jayant Gilatar,Shabana Azmi,Juhi Chawla,Sony Pictures India,1,D,,,12.0,2.22,hitFlop=1,High
BOLLY_2016_0638_rebellious_flower,Rebellious Flower,2016,1,Drama,,No,Krishan Hooda,,,Zenin Multimedia Productions,,,,,,,,Missing/Partial
BOLLY_2016_0639_airlift,Airlift,2016,1,Drama,,No,Raja Krishna Menon,Akshay Kumar,Nimrat Kaur,"T-Series Films, Cape of Good Films, Viacom18 Motion Pictures",6.3805,C,,,30,221.67,hitFlop=5,High
BOLLY_2016_0640_jugni,Jugni,2016,1,Romance,,No,Shefali Bhushan,Sugandha Garg,,PVR Pictures,,,,,,,,Missing/Partial
BOLLY_2016_0641_kyaa_kool_hain_hum_3,Kyaa Kool Hain Hum 3,2016,1,Action,,No,Umesh Ghadge,Tushar Kapoor,Aftab Shivdasani,Balaji Motion Pictures,,D,,,26,33.14,hitFlop=2,High
BOLLY_2016_0642_saala_khadoos,Saala Khadoos,2016,1,Drama,,No,Sudha Kongara Prasad,R. Madhavan,Ritika Singh,UTV Motion Pictures,,C,,,20.0,14.95,hitFlop=1,High
BOLLY_2016_0643_mastizaade,Mastizaade,2016,1,Comedy,,No,Milap Milan Zaveri,Tushar Kapoor,Vir Das,"Pen Studios, Panorama Studios",,C,,,30,36.44,hitFlop=2,High
BOLLY_2016_0644_sanam_teri_kasam,Sanam Teri Kasam,2016,2,Drama,,No,Radhika Rao,Mawra Hocane,Harshvardhan Rane,Eros International,,,,,14,16.03,hitFlop=2,High
BOLLY_2016_0645_fitoor,Fitoor,2016,2,Drama,,No,Abhishek Kapoor,Aditya Roy Kapoor,Katrina Kaif,UTV Motion Pictures,4.4846,D,4.0376,D,35,42.38,hitFlop=2,High
BOLLY_2016_0646_sanam_re,Sanam Re,2016,2,Drama,,No,Divya Khosla Kumar,Pulkit Samrat,Yami Gautam,T-Series Films,,C,,,25,31.46,hitFlop=2,High
BOLLY_2016_0647_direct_ishq,Direct Ishq,2016,2,Drama,,No,Rajiv S. Ruia,Rajneesh Duggal,Nidhi Subbaiah,Baba Motion Pictures,,D,1.1221,D,22,0.56,hitFlop=1,High
BOLLY_2016_0648_ishq_forever,Ishq Forever,2016,2,Drama,,No,Sameer Sippy,Ruhi Singh,Javed Jaffrey,Friday Cine Entertainment,,D,,,,0.28,,Missing/Partial
BOLLY_2016_0649_loveshhuda,LoveShhuda,2016,2,Drama,,No,Vaibhav Mishra,Girish Kumar,Navneet Kaur Dhillon,Galani Entertainments,,,,,20,3.02,hitFlop=1,High
BOLLY_2016_0650_neerja,Neerja,2016,2,Action,,No,Ram Madhvani,Sonam Kapoor,Shabana Azmi,Fox Star Studios,5.488,B,,,20,135.52,hitFlop=5,High
BOLLY_2016_0651_aligarh,Aligarh,2016,2,Drama,,No,Hansal Mehta,Manoj Bajpayee,Rajkummar Rao,Eros International,2.1847,D,1.4466,D,11.0,3.74,hitFlop=1,High
BOLLY_2016_0652_bollywood_diaries,Bollywood Diaries,2016,2,Drama,,No,K.D. Satyam,Raima Sen,Ashish Vidyarthi,Zee Studios,,D,,,,0.47,,Missing/Partial
BOLLY_2016_0653_love_shagun,Love Shagun,2016,2,Comedy,,No,Sandesh Nayak,Anuj Sachdeva,Nidhi Subbaiah,Saanvi Nayak Films,,D,,,,0.12,,Missing/Partial
BOLLY_2016_0654_zubaan,Zubaan,2016,3,Drama,,No,Mozez Singh,Vicky Kaushal,Sarah Jane Dias,Sikhya Entertainment,,D,,,8.0,0.52,hitFlop=1,High
BOLLY_2016_0655_jai_gangaajal,Jai Gangaajal,2016,3,Drama,,No,Prakash Jha,Priyanka Chopra,Prakash Jha,"Prakash Jha Productions, Play Entertainments",8.1369,B,3.6075,D,33,49.589999999999996,hitFlop=3,High
BOLLY_2016_0656_global_baba,Global Baba,2016,3,Drama,,No,Manoj Sidheshwari Tewari,Abhimanyu Singh,Sandeepa Dhar,,,C,,,,,,Missing/Partial
BOLLY_2016_0657_teraa_surroor,Teraa Surroor,2016,3,Action,,No,Shawn Arranha,Himesh Reshammiya,Farah Karimi,T-Series Films,1.5575,D,,,15.0,20.21,hitFlop=2,High
BOLLY_2016_0658_ok_mein_dhokhe,OK Mein Dhokhe,2016,3,Drama,,No,Utpal S. Chaudhary,Milan Singh,,Lotus Media & Films,,,,,,,,Missing/Partial
BOLLY_2016_0659_darling_don_t_cheat,Darling Don't Cheat,2016,3,Drama,,No,Rajkumar Hindusthani,,,,,,,,,,,Missing/Partial
BOLLY_2016_0660_kapoor_sons,Kapoor & Sons,2016,3,Comedy,,No,Shakun Batra,Sidharth Malhotra,Alia Bhatt,"Fox Star Studios, Dharma Productions",,C,,,28,148,hitFlop=5,High
BOLLY_2016_0661_rocky_handsome,Rocky Handsome,2016,3,Action,,No,Nishikant Kamat,John Abraham,Shruti Haasan,Reliance Entertainment,7.1193,D,,,20,35,hitFlop=3,High
BOLLY_2016_0662_ki_ka,Ki & Ka,2016,4,Comedy,,No,R. Balki,Kareena Kapoor Khan,Arjun Kapoor,Eros International,,C,,,,100.33,,Low
BOLLY_2016_0663_love_games,Love Games,2016,4,Thriller,,No,Vikram Bhatt,Patralekha,Tara Alisha Berry,"T-Series Films, Vishesh Films",,D,2.9028,D,10,4.04,hitFlop=1,High
BOLLY_2016_0664_the_blueberry_hunt,The Blueberry Hunt,2016,4,Thriller,,No,Anup Kurien,Naseeruddin Shah,Vipin Sharma,"Springboard Films, Divine Thought Productions, Visual Possibility, Brand Stand",3.7695,D,,,,,,Missing/Partial
BOLLY_2016_0665_kaafiron_ki_namaaz,Kaafiron Ki Namaaz,2016,4,Drama,,No,Ram Ramesh Sharma,,,,,,,,,,,Missing/Partial
BOLLY_2016_0666_fan,Fan,2016,4,Action,,No,Maneesh Sharma,Shah Rukh Khan,Waluscha de Sousa,Yash Raj Films,9.2267,A,,,105,182.33,hitFlop=3,High
BOLLY_2016_0667_nil_battey_sannata,Nil Battey Sannata,2016,4,Comedy,,No,Ashwini Iyer Tiwari,Swara Bhaskar,Ratna Pathak,"Eros International, Colour Yellow Productions, JAR Pictures",,,,,8.0,6.9,hitFlop=1,High
BOLLY_2016_0668_laal_rang,Laal Rang,2016,4,Comedy,,No,Syed Ahmad Afzal,Randeep Hooda,Akshay Oberoi,Krian Pictures,3.739,D,,,10,2.26,hitFlop=1,High
BOLLY_2016_0669_santa_banta_pvt_ltd,Santa Banta Pvt Ltd,2016,4,Comedy,,No,Akashdeep Sabir,Vir Das,Boman Irani,Viacom 18 Motion Pictures,5.9509,C,,,9.5,1.25,hitFlop=1,High
BOLLY_2016_0670_baaghi,Baaghi,2016,4,Action,,No,Sabbir Khan,Tiger Shroff,Shraddha Kapoor,"UTV Motion Pictures, Nadiadwala Grandson Entertainment",,B,,,35,129,hitFlop=5,High
BOLLY_2016_0671_shortcut_safari,Shortcut Safari,2016,4,Drama,,No,Amitabha Singh,Jimmy Shergill,,Xebec Films,2.7981,D,,,,,,Missing/Partial
BOLLY_2016_0672_one_night_stand,One Night Stand,2016,5,Drama,,No,Jasmine Moses D'Souza,Sunny Leone,Tanuj Virwani,Swiss Entertainment,,D,,,17.0,4.1899999999999995,hitFlop=1,High
BOLLY_2016_0673_traffic,Traffic,2016,5,Thriller,,No,Rajesh Pillai,Manoj Bajpayee,Jimmy Sheirgill,"Fox Star Studios, Endemol Shine India",2.1847,D,,,9,11.65,hitFlop=2,High
BOLLY_2016_0674_murari_the_mad_gentleman,Murari the Mad Gentleman,2016,5,Comedy,,No,,,,,,,,,,,,Missing/Partial
BOLLY_2016_0675_azhar,Azhar,2016,5,Drama,,No,Tony D'Souza,Emraan Hashmi,Nargis Fakhri,"Balaji Motion Pictures, Sony Pictures Networks",4.721,D,,,35,56.69,hitFlop=3,High
BOLLY_2016_0676_buddha_in_a_traffic_jam,Buddha in a Traffic Jam,2016,5,Drama,,No,Vivek Agnihotri,Arunoday Singh,Mahie Gill,,2.1151,D,,,5.0,0.4,hitFlop=1,High
BOLLY_2016_0677_khel_toh_ab_shuru_hoga,Khel Toh Ab Shuru Hoga,2016,5,Action,,No,Kunal V Singh,Ruslaan Mumtaz,,GMD Films,,,,,,,,Missing/Partial
BOLLY_2016_0678_dear_dad,Dear Dad,2016,5,Comedy,,No,Tanuj Bhramar,Arvind Swamy,Ekavali Khanna,Peppermint Studios,,,,,,0.22,,Missing/Partial
BOLLY_2016_0679_sarbjit,Sarbjit,2016,5,Drama,,No,Omung Kumar,Aishwarya Rai,Randeep Hooda,T-Series Films,,D,,,15,43.8,hitFlop=4,High
BOLLY_2016_0680_phobia,Phobia,2016,5,Thriller,,No,Pawan Kripalani,Radhika Apte,Satyadeep Misra,"Eros International, Next Gen Films",,D,,,8.5,3.25,hitFlop=1,High
BOLLY_2016_0681_veerappan,Veerappan,2016,5,Action,,No,Ram Gopal Varma,Lisa Ray,Sachiin Joshi,Viking Media & Entertainment,,,3.7435,D,14.0,9.03,hitFlop=1,High
BOLLY_2016_0682_fredrick,Fredrick,2016,5,Thriller,,No,Rajesh Butalia,Prashant Narayanan,Avinash Dhyani,,1,D,,,,,,Missing/Partial
BOLLY_2016_0683_housefull_3,Housefull 3,2016,6,Action,,No,Sajid-Farhad,Akshay Kumar,Abhishek Bachchan,"Eros International, Nadiadwala Grandson Entertainment",6.3805,C,,,97.0,195,hitFlop=4,High
BOLLY_2016_0684_project_marathwada,Project Marathwada,2016,6,Drama,,No,"Prakash Patel, Bhavin Wadia",Om Puri,Dalip Tahil,,4.1779,D,,,,,,Missing/Partial
BOLLY_2016_0685_do_lafzon_ki_kahani,Do Lafzon Ki Kahani,2016,6,Action,,No,Deepak Tijori,Randeep Hooda,Kajal Aggarwal,Pen Studios,3.739,D,1.5883,D,11,4,hitFlop=1,High
BOLLY_2016_0686_dhanak,Dhanak,2016,2,Drama,,No,Nagesh Kukunoor,Vipin Sharma,Vibha Chibber,Drishyam Films,,D,1.4685,D,2.0,3.0,hitFlop=3,High
BOLLY_2016_0687_te3n,Te3n,2016,6,Drama,,No,Ribhu Dasgupta,Amitabh Bachchan,Vidya Balan,"Endemol Shine India, Reliance Entertainment, Kross Pictures",7.0113,B,,,34,32.31,hitFlop=1,High
BOLLY_2016_0688_udta_punjab,Udta Punjab,2016,6,Drama,,No,Abhishek Chaubey,Shahid Kapoor,Alia Bhatt,"Reliance Entertainment, Balaji Motion Pictures, Phantom Films",5.7659,C,,,34,96.1,hitFlop=4,High
BOLLY_2016_0689_raman_raghav_2_0,Raman Raghav 2.0,2016,5,Thriller,,No,Anurag Kashyap,Nawazuddin Siddiqui,Vicky Kaushal,"Reliance Entertainment, Phantom Films",3.7877,D,3.0408,D,3.5,7,hitFlop=4,High
BOLLY_2016_0690_junooniyat,Junooniyat,2016,6,Drama,,No,Vivek Agnihotri,Pulkit Samrat,Yami Gautam,T-Series Films,,C,,,12.0,4.1,hitFlop=1,High
BOLLY_2016_0691_7_hours_to_go,7 Hours To Go,2016,6,Thriller,,No,Saurabh Varma,Shiv Panditt,Sandeepa Dhar,"Krian Pictures, Saurabh Varma Pictures",,C,,,,0.86,,Missing/Partial
BOLLY_2016_0692_a_scandall,A Scandall,2016,6,Thriller,,No,Ishaan Shrivedi,Manav Kaul,Tanvi Vyas,,,D,,,,,,Missing/Partial
BOLLY_2016_0693_rough_book,Rough Book,2016,,Drama,,No,Ananth Narayan Mahadevan,Amaan Khan,Tannishtha Chatterjee,Aerika Cineworks,,,,,,,,Missing/Partial
BOLLY_2016_0694_shorgul,Shorgul,2016,7,Thriller,,No,Pranav Kumar Singh,Jimmy Sheirgill,Ashutosh Rana,24 FPS Films,,D,,,,1.24,,Missing/Partial
BOLLY_2016_0695_dil_toh_deewana_hai,Dil Toh Deewana Hai,2016,7,Comedy,,No,Raja Bundela,Sadha,Raj Babbar,DSA Group,,D,,,,,,Missing/Partial
BOLLY_2016_0696_sultan,Sultan,2016,7,Action,,No,Ali Abbas Zafar,Salman Khan,Anushka Sharma,Yash Raj Films,9.2082,D,,,90,623.33,hitFlop=5,High
BOLLY_2016_0697_brahman_naman,Brahman Naman,2016,1,Comedy,,No,Qaushiq Mukherjee,Shashank Arora,Sid Mallya,Netflix,,,,,,,,Missing/Partial
BOLLY_2016_0698_great_grand_masti,Great Grand Masti,2016,7,Comedy,,No,Indra Kumar,Vivek Oberoi,Riteish Deshmukh,"ALT Entertainment, Sri Adhikari Brothers, Anand Pandit Motion Pictures, Maruti International",3.486,D,4.1206,D,19,20,hitFlop=2,High
BOLLY_2016_0699_madaari,Madaari,2016,7,Thriller,,No,Nishikant Kamat,Irrfan Khan,Jimmy Sheirgill,"Pooja Entertainment, EaseMyTrip",2.9178,D,,,20.0,28.7,hitFlop=2,High
BOLLY_2016_0700_ishq_click,Ishq Click,2016,7,Drama,,No,Anil Ballani,Adhyayan Suman,Sara Loren,Algol Films,,D,,,,,,Missing/Partial
BOLLY_2016_0701_m_cream,M Cream,2016,7,Adventure,,No,Agneya Singh,Imaad Shah,Ira Dubey,Agniputra Films,,,,,,,,Missing/Partial
BOLLY_2016_0702_dishoom,Dishoom,2016,7,Action,,No,Rohit Dhawan,John Abraham,Varun Dhawan,"Eros International, Nadiadwala Grandson Entertainment",7.1193,D,,,55,119.58,hitFlop=4,High
BOLLY_2016_0703_mission_tiger,Mission Tiger,2016,7,Drama,,No,Dipu Karunakaran,,,,,,,,,,,Missing/Partial
BOLLY_2016_0704_the_legend_of_michael_mishra,The Legend of Michael Mishra,2016,8,Comedy,,No,Manish Jha,Arshad Warsi,Aditi Rao Hydari,"Wave Cinemas, Eye Candy Films",3.5596,D,,,10.0,1.3,hitFlop=1,High
BOLLY_2016_0705_fever,Fever,2016,8,Thriller,,No,Rajeev Jhaveri,Rajeev Khandelwal,Gauahar Khan,"Niche Film Farm, Jaya Sapthagiris Productions, Indian Celebrity Management Entertainment, Plus Entertainment",1.5575,D,,,,1.53,,Missing/Partial
BOLLY_2016_0706_hai_apna_dil_toh_awara,Hai Apna Dil Toh Awara,2016,,Comedy,,No,Monjoy Mukerji,Sahil Anand,,,,,,,,,,Missing/Partial
BOLLY_2016_0707_budhia_singh_born_to_run,Budhia Singh – Born to Run,2016,8,Drama,,No,Soumendra Padhi,,,Viacom18 Motion Pictures,,,,,,2.68,,Missing/Partial
BOLLY_2016_0708_mohenjo_daro,Mohenjo Daro,2016,8,Action,,No,Ashutosh Gowariker,Hrithik Roshan,Pooja Hegde,UTV Motion Pictures,8.2519,D,3.7481,D,100,107.8,hitFlop=2,High
BOLLY_2016_0709_rustom,Rustom,2016,8,Drama,,No,Tinu Suresh Desai,Akshay Kumar,Ileana D'Cruz,"Zee Studios, KriArj Entertainment, Cape of Good Films, Plan C Studios",6.3805,C,,,50.28,218.12,hitFlop=5,High
BOLLY_2016_0710_happy_bhag_jayegi,Happy Bhag Jayegi,2016,8,Comedy,,No,Mudassar Aziz,Abhay Deol,Diana Penty,"Eros International, Colour Yellow Productions",2.5106,D,,,20,46.5,hitFlop=4,High
BOLLY_2016_0711_waarrior_savitri,Waarrior Savitri,2016,8,Action,,No,Param Gill,Niharica Raizada,Lucy Pinder,Dr. Bob's Productions,,,,,,,,Missing/Partial
BOLLY_2016_0712_a_flying_jatt,A Flying Jatt,2016,8,Action,,No,Remo D'Souza,Tiger Shroff,Jacqueline Fernandez,Balaji Motion Pictures,,B,,,55.0,56.13,hitFlop=2,High
BOLLY_2016_0713_akira,Akira,2016,9,Action,,No,A.R. Murugadoss,Sonakshi Sinha,Konkona Sen Sharma,Fox Star Studios,6.9519,A,,,3.6,15.06,hitFlop=5,High
BOLLY_2016_0714_yea_toh_two_much_ho_gayaa,Yea Toh Two Much Ho Gayaa,2016,9,Action,,No,Anwer Khan,Arbaaz Khan,Jimmy Sheirgill,,2.5366,D,,,,,,Missing/Partial
BOLLY_2016_0715_island_city,Island City,2016,9,Drama,,No,Ruchika Oberoi,Tannishtha Chatterjee,Ashwin Mushran,NFDC,,,,,,0.2,,Missing/Partial
BOLLY_2016_0716_baar_baar_dekho,Baar Baar Dekho,2016,9,Drama,,No,Nitya Mehra,Katrina Kaif,Sidharth Malhotra,"Eros International, Dharma Productions, Excel Entertainment",8.9485,C,,,53.0,62.67,hitFlop=2,High
BOLLY_2016_0717_freaky_ali,Freaky Ali,2016,9,Comedy,,No,Sohail Khan,Nawazuddin Siddiqui,Arbaaz Khan,Sohail Khan Productionz,3.7877,D,,,50,21.32,hitFlop=1,High
BOLLY_2016_0718_ek_kahani_julie_ki,Ek Kahani Julie Ki,2016,9,Thriller,,No,Aziz Zee,Rakhi Sawant,,Chetna Entertainment,,,,,,,,Missing/Partial
BOLLY_2016_0719_pink,Pink,2016,9,Drama,,No,Aniruddha Roy Chowdhury,Amitabh Bachchan,Taapsee Pannu,"Rashmi Sharma Films, Rising Sun Films",7.0113,B,,,30,157.32,hitFlop=5,High
BOLLY_2016_0720_parched,Parched,2016,9,Drama,,No,Leena Yadav,Tannishtha Chatterjee,Radhika Apte,"Seville International, Reliance Entertainment, Ajay Devgn FFilms",,D,,,22.500000000000004,12.03,hitFlop=1,High
BOLLY_2016_0721_banjo,Banjo,2016,9,Action,,No,Ravi Jadhav,Riteish Deshmukh,Nargis Fakhri,Eros International,,B,,,20.0,13.24,hitFlop=1,High
BOLLY_2016_0722_days_of_tafree,Days of Tafree,2016,9,Drama,,No,Krishnadev Yagnik,,,"Anand Pandit Motion Pictures, Rashmi Sharma Films",,,,,15.0,3.33,hitFlop=1,High
BOLLY_2016_0723_wah_taj,Wah Taj,2016,9,Comedy,,No,Ajit Sinha,Shreyas Talpade,Manjari Phadnis,Pen Studios,2.8077,D,,,15.0,0.19,hitFlop=1,High
BOLLY_2016_0724_mirzya,Mirzya,2016,10,Romance,,No,Rakeysh Omprakash Mehra,Harshvardhan Kapoor,Saiyami Kher,"Cinestaan Film Company, ROMP Pictures",,,4.5105,D,45,13.5,hitFlop=1,High
BOLLY_2016_0725_tutak_tutak_tutiya,Tutak Tutak Tutiya,2016,10,Comedy,,No,A. L. Vijay,Prabhu Deva,Tamannaah,"Prabhu Deva Studios, Pooja Entertainment, Skakti Sagar Productions",,,,,11,6.94,hitFlop=1,High
BOLLY_2016_0726_anna,Anna,2016,10,Drama,,No,Shashank Udapurkar,Tanishaa Mukerji,Govind Namdeo,,,D,,,,,,Missing/Partial
BOLLY_2016_0727_beiimaan_love,Beiimaan Love,2016,10,Thriller,,No,Rajeev Chaudhary,Sunny Leone,Rajneesh Duggal,,,D,,,,3.11,,Missing/Partial
BOLLY_2016_0728_saat_uchakkey,Saat Uchakkey,2016,10,Comedy,,No,Sanjeev Sharma,Manoj Bajpayee,Anupam Kher,"Wave Cinemas, Crouching Tiger Motion Pictures, Friday Filmworks",2.1847,D,,,,3.35,,Missing/Partial
BOLLY_2016_0729_fuddu,Fuddu,2016,10,Comedy,,No,Sunil Subramani,Pawan Kumar Sharma,Anurag Basu,,,,,,0.8,0.25,hitFlop=1,High
BOLLY_2016_0730_final_cut_of_director,Final Cut of Director,2016,10,Thriller,,No,Bharathiraja,Nana Patekar,Arjun Sarja,,4.0525,D,,,,,,Missing/Partial
BOLLY_2016_0731_love_day_pyaar_ka_din,Love Day - Pyaar Ka Din,2016,10,Drama,,No,"Sandeep Choudhary, Harish Kotian",Ajaz Khan,Sahil Anand,,,D,,,,,,Missing/Partial
BOLLY_2016_0732_umrika,Umrika,2016,1,Comedy,,No,Prashant Nair,Prateik Babbar,Suraj Sharma,Drishyam Films,,,,,,,,Missing/Partial
BOLLY_2016_0733_31st_october,31st October,2016,9,Action,,No,Shivaji Lotan Patil,Vir Das,Soha Ali Khan,,5.9509,C,,,7.0,1.38,hitFlop=1,High
BOLLY_2016_0734_my_father_iqbal,My Father Iqbal,2016,10,Drama,,No,Suzad Iqbal Khan,Narendra Jha,Komal Thacker,,,,,,,0.03,,Missing/Partial
BOLLY_2016_0735_shivaay,Shivaay,2016,10,Action,,No,Ajay Devgn,Ajay Devgn,Sayyeshaa,"Reliance Entertainment, Pen Studios, Ajay Devgn FFilms",6.8713,C,,,100,170.95,hitFlop=3,High
BOLLY_2016_0736_ae_dil_hai_mushkil,Ae Dil Hai Mushkil,2016,10,Drama,,No,Karan Johar,Ranbir Kapoor,Aishwarya Rai,"Fox Star Studios, Dharma Productions",7.6986,B,7.1046,B,50,239.67,hitFlop=5,High
BOLLY_2016_0737_dongri_ka_raja,Dongri Ka Raja,2016,11,Action,,No,Hadi Ali Abrar,Gashmeer Mahajani,Reecha Sinha,,,,,,,0.73,,Missing/Partial
BOLLY_2016_0738_ishq_junoon,Ishq Junoon,2016,11,Romance,,No,Sanjay Sharma,Rajbeer Singh,,,,,,,,0.99,,Missing/Partial
BOLLY_2016_0739_rock_on_2,Rock On 2,2016,11,Drama,,No,Sujaat Saudagar,Farhan Akhtar,Arjun Rampal,"Eros International, Excel Entertainment",6.6258,D,,,45,15.7,hitFlop=1,High
BOLLY_2016_0740_tum_bin_ii,Tum Bin II,2016,11,Drama,,No,Anubhav Sinha,Neha Sharma,Aditya Seal,T-Series Films,1.3345,D,3.0566,D,12,6.45,hitFlop=1,High
BOLLY_2016_0741_force_2,Force 2,2016,11,Action,,No,Abhinay Deo,John Abraham,Sonakshi Sinha,"Viacom 18 Motion Pictures, JA Entertainment, Cinema Capital Venture Fund, Sunshine Pictures",7.1193,D,,,41,58.8,hitFlop=2,High
BOLLY_2016_0742_dear_zindagi,Dear Zindagi,2016,11,Drama,,No,Gauri Shinde,Alia Bhatt,Shah Rukh Khan,"Reliance Entertainment, Red Chillies Entertainment, Dharma Productions",6.9416,C,,,22,138.91,hitFlop=5,High
BOLLY_2016_0743_saansein,Saansein,2016,11,Romance,,No,Rajiv S. Ruia,Rajneesh Duggal,Sonarika Bhadoria,GPA Productions,,D,1.1221,D,,,,Missing/Partial
BOLLY_2016_0744_moh_maya_money,Moh Maya Money,2016,11,Drama,,No,Munish Bharadwaj,Ranvir Shorey,Neha Dhupia,Delhi Talkies,3.063,D,,,,0.26,,Missing/Partial
BOLLY_2016_0745_befikre,Befikre,2016,12,Comedy,,No,Aditya Chopra,Ranveer Singh,Vaani Kapoor,Yash Raj Films,6.0024,C,,,70,103,hitFlop=2,High
BOLLY_2016_0746_wajah_tum_ho,Wajah Tum Ho,2016,12,Thriller,,No,Vishal Pandya,Sana Khan,Sharman Joshi,T-Series Films,,D,,,14,24.4,hitFlop=3,High
BOLLY_2016_0747_dangal,Dangal,2016,12,Action,,No,Nitesh Tiwari,Aamir Khan,Sakshi Tanwar,"Walt Disney Pictures, UTV Motion Pictures",10,A,,,70,1968,hitFlop=5,High
BOLLY_2017_0748_secret_superstar,Secret Superstar,2017,10,Drama,,No,Aamir Khan Productions,₹,crore,[a],,,,,15,858.43,hitFlop=5,High
BOLLY_2017_0749_tiger_zinda_hai,Tiger Zinda Hai,2017,12,Action,,No,Yash Raj Films,,,"[5], [3]",,,,,130,564.2,hitFlop=5,High
BOLLY_2017_0750_hindi_medium,Hindi Medium,2017,5,Comedy,,No,T-Series Films,,,[b],,,,,14,322.4,hitFlop=5,High
BOLLY_2017_0751_golmaal_again,Golmaal Again,2017,10,Action,,No,Reliance Entertainment,,,[10],,,,,142,310.98,hitFlop=4,High
BOLLY_2017_0752_raees,Raees,2017,1,Action,,No,Red Chillies Entertainment,,,[c],,,,,87,281,hitFlop=5,High
BOLLY_2017_0753_judwaa_2,Judwaa 2,2017,9,Action,,No,Fox Star Studios,,,[12],,,,,60,227.59,hitFlop=5,High
BOLLY_2017_0754_tubelight,Tubelight,2017,6,Drama,,No,Salman Khan Films,,,[13],,,,,100,211.14,hitFlop=4,High
BOLLY_2017_0755_kaabil,Kaabil,2017,1,Action,,No,Filmkraft Productions,,,[14],,,,,35,208.14,hitFlop=5,High
BOLLY_2017_0756_badrinath_ki_dulhania,Badrinath Ki Dulhania,2017,3,Comedy,,No,Dharma Productions,,,[15],,,,,39,200.45,hitFlop=5,High
BOLLY_2017_0757_prakash_electronic,Prakash Electronic,2017,1,Comedy,,No,Manoj Sharma,Hemant Pandey,Hrishitaa Bhatt,"Shri Wardhman Movie Ventures, Himalayan Dreams, Prachi Movies India",,D,,,,,,Missing/Partial
BOLLY_2017_0758_haraamkhor,Haraamkhor,2017,1,Drama,,No,Shlok Sharma,Nawazuddin Siddiqui,Shweta Tripathi,"Sikhya Entertainment, Khusro Films",3.7877,D,,,2.25,2.27,hitFlop=2,High
BOLLY_2017_0759_ok_jaanu,Ok Jaanu,2017,1,Action,,No,Shaad Ali,Aditya Roy Kapur,Shraddha Kapoor,"Fox Star Studios, Madras Talkies, Dharma Productions",,C,5.2612,C,27,39.23,hitFlop=2,High
BOLLY_2017_0760_coffee_with_d,Coffee with D,2017,1,Drama,,No,Vishal Mishra,Sunil Grover,Anjana Sukhani,Apex Entertainment,,,,,8.0,0.72,hitFlop=1,High
BOLLY_2017_0761_jolly_llb_2,Jolly LLB 2,2017,2,Comedy,,No,Subhash Kapoor,Akshay Kumar,Huma Qureshi,Fox Star Studios,6.3805,C,,,80,197.33,hitFlop=4,High
BOLLY_2017_0762_u_me_aur_ghar,"U, Me Aur Ghar",2017,2,Drama,,No,Abhay Chhabra,Omkar Kapoor,Simran Kaur Mundi,Web Talkies,,D,,,,,,Missing/Partial
BOLLY_2017_0763_running_shaadi,Running Shaadi,2017,2,Comedy,,No,Amit Roy,Taapsee Pannu,Amit Sadh,Rising Sun Films,,B,,,8.5,1.34,hitFlop=1,High
BOLLY_2017_0764_the_ghazi_attack,The Ghazi Attack,2017,2,Action,,No,Sankalp Reddy,Rana Daggubati,Taapsee Pannu,"Dharma Productions, PVP Cinema",,B,,,15,34.53,hitFlop=4,High
BOLLY_2017_0765_irada,Irada,2017,2,Thriller,,No,Aparnaa Singh,Naseeruddin Shah,Arshad Warsi,Irada Entertainment,3.7695,D,,,7.5,1.1,hitFlop=1,High
BOLLY_2017_0766_rangoon,Rangoon,2017,2,Drama,,No,Vishal Bhardwaj,Kangana Ranaut,Shahid Kapoor,"Viacom 18 Motion Pictures, Nadiadwala Grandson Entertainment",4.3605,D,3.6423,D,80,41.04,hitFlop=1,High
BOLLY_2017_0767_wedding_anniversary,Wedding Anniversary,2017,2,Drama,,No,Shekhar S Jha,Nana Patekar,Mahie Gill,V K Productions,4.0525,D,,,,0.24,,Low
BOLLY_2017_0768_mona_darling,Mona Darling,2017,2,Thriller,,No,Shashi Sudigala,Anshuman Jha,Divya Menon,First Ray Films,,D,,,,0.13,,Missing/Partial
BOLLY_2017_0769_commando_2,Commando 2,2017,3,Action,,No,Deven Bhojani,Vidyut Jammwal,Adah Sharma,Pen Studios,,D,,,26,39.04,hitFlop=3,High
BOLLY_2017_0770_jeena_isi_ka_naam_hai,Jeena Isi Ka Naam Hai,2017,3,Drama,,No,Keshhav Panneriy,Arbaaz Khan,Ashutosh Rana,Bibia Films Pvt. Ltd.,2.5366,D,,,,,,Missing/Partial
BOLLY_2017_0771_aa_gaya_hero,Aa Gaya Hero,2017,3,Action,,No,Dipankar Senapati,Govinda,Ashutosh Rana,Mangal Tara T.V & Films,4.7856,D,,,8.5,1.39,hitFlop=1,High
BOLLY_2017_0772_trapped,Trapped,2017,3,Drama,,No,Vikramaditya Motwane,Rajkummar Rao,Geetanjali Thapa,Phantom Films,3.9271,D,,,5,3.53,hitFlop=1,High
BOLLY_2017_0773_mantra,Mantra,2017,3,Drama,,No,Nicholas Kharkongor,Rajat Kapoor,Lushin Dubey,"Nikhil Chaudhary, Filmart Productions, North East Films, Shri Production, Zenyth Media House",2.737,D,,,,,,Missing/Partial
BOLLY_2017_0774_machine,Machine,2017,3,Romance,,No,Abbas–Mustan,Mustafa Burmawalla,Kiara Advani,Pen India Limited,,C,,,30,3.48,hitFlop=1,High
BOLLY_2017_0775_phillauri,Phillauri,2017,3,Comedy,,No,Anshai Lal,Anushka Sharma,Diljit Dosanjh,"Fox Star Studios, Clean Slate Films",6.3761,C,,,29,46.6,hitFlop=3,High
BOLLY_2017_0776_anaarkali_of_aarah,Anaarkali of Aarah,2017,3,Comedy,,No,Avinash Das,Swara Bhaskar,,Promodome Motion Pictures,,,,,5.75,1.48,hitFlop=1,High
BOLLY_2017_0777_naam_shabana,Naam Shabana,2017,3,Action,,No,Shivam Nair,Taapsee Pannu,Prithviraj Sukumaran,"T-Series Films, Reliance Entertainment",,B,,,25,56.09,hitFlop=4,High
BOLLY_2017_0778_laali_ki_shaadi_mein_laaddoo_deewana,Laali Ki Shaadi Mein Laaddoo Deewana,2017,4,Comedy,,No,Manish Harishankar,Vivaan Shah,Akshara Haasan,Star Entertainment Worldwide,,B,,,20,0.8099999999999999,hitFlop=1,High
BOLLY_2017_0779_mirza_juuliet,Mirza Juuliet,2017,4,Drama,,No,Rajesh Ram Singh,Darshan Kumar,Pia Bajpai,Shemaroo Entertainment,,D,,,,0.95,,Low
BOLLY_2017_0780_mukti_bhawan,Mukti Bhawan,2017,4,Drama,,No,Shubhashish Bhutiani,Adil Hussain,Lalit Behl,Red Carpet Moving Pictures,,,,,,,,Missing/Partial
BOLLY_2017_0781_saanjh,Saanjh,2017,4,Drama,,No,Ajay Saklani,,,Silent Hills Studio,,,,,,,,Missing/Partial
BOLLY_2017_0782_begum_jaan,Begum Jaan,2017,4,Drama,,No,Srijit Mukherji,Vidya Balan,Ila Arun,"Vishesh Films, Shree Venkatesh Films",6.0471,C,,,19,30.6,hitFlop=3,High
BOLLY_2017_0783_noor,Noor,2017,4,Comedy,,No,Sunhil Sippy,Sonakshi Sinha,Purab Kohli,T-Series Films,6.9519,A,,,24,11.64,hitFlop=1,High
BOLLY_2017_0784_ek_thi_rani_aisi_bhi,Ek Thi Rani Aisi Bhi,2017,4,Drama,,No,Gulbahar Singh,Hema Malini,Vinod Khanna,Rajmata Vijayaraje Scindia Smirit Trust,,D,,,,,,Missing/Partial
BOLLY_2017_0785_maatr,Maatr,2017,4,Thriller,,No,Ashtar Sayed,Raveena Tandon,,CDB Musical Production,2.465,B,,,21,93.9,hitFlop=5,High
BOLLY_2017_0786_mantostaan,Mantostaan,2017,5,Drama,,No,Rahat Kazmi,Raghubir Yadav,Virendra Saxena,"Rahat Kazmi Films, Tariq Kan Productions, Aaditya Pratap Singh Entertainments",,,1.0545,D,,,,Missing/Partial
BOLLY_2017_0787_meri_pyaari_bindu,Meri Pyaari Bindu,2017,5,Comedy,,No,Akshay Roy,Ayushmann Khurrana,Parineeti Chopra,Yash Raj Films,,D,,,22,17.79,hitFlop=1,High
BOLLY_2017_0788_sarkar_3,Sarkar 3,2017,5,Drama,,No,Ram Gopal Varma,Amitabh Bachchan,Jackie Shroff,Amitabh Bachchan Corporation,7.0113,B,3.7435,D,36.0,20.54,hitFlop=1,High
BOLLY_2017_0789_half_girlfriend,Half Girlfriend,2017,5,Drama,,No,Mohit Suri,Arjun Kapoor,Shraddha Kapoor,"Balaji Motion Pictures, ALT Entertainment",6.5059,C,4.931,D,58,97.7,hitFlop=3,High
BOLLY_2017_0790_jattu_engineer,Jattu Engineer,2017,5,Comedy,,No,Gurmeet Ram Rahim Singh,Gurmeet Ram Rahim Singh,,Hakikat Entertainment Pvt. Ltd.,,,,,9,7.2,hitFlop=1,High
BOLLY_2017_0791_thodi_thodi_si_manmaaniyan,Thodi Thodi Si Manmaaniyan,2017,5,Drama,,No,Aditya Sarpotdar,Shrenu Parikh,Shilpa Tulaskar,"NH 8 Production, Jumping Tomato & Marketing Pvt Ltd",,,,,,,,Missing/Partial
BOLLY_2017_0792_a_death_in_the_gunj,A Death in the Gunj,2017,6,Drama,,No,Konkona Sen Sharma,Vikrant Massey,Ranvir Shorey,PVR Pictures,,A,,,,1.3699999999999999,,Low
BOLLY_2017_0793_sweetiee_weds_nri,Sweetiee Weds NRI,2017,6,Comedy,,No,Hasnain Hyderabadwala,Himansh Kohli,Zoya Afroz,"Asmiy Entertainment, Grand Motion Picture",,,1.3466,D,,,,Missing/Partial
BOLLY_2017_0794_flat_211,Flat 211,2017,6,Drama,,No,Sunil Sanjan,,,Ajha Global Entertainment,,,,,,,,Missing/Partial
BOLLY_2017_0795_dear_maya,Dear Maya,2017,6,Comedy,,No,Sunaina Bhatnagar,Manisha Koirala,,"Wave Cinemas, Bake My Cake Films",2.7949,D,,,,0.22,,Missing/Partial
BOLLY_2017_0796_raabta,Raabta,2017,6,Action,,No,Dinesh Vijan,Sushant Singh Rajput,Kriti Sanon,"T-Series Films, Maddock Films",,C,,,47.0,33.7,hitFlop=1,High
BOLLY_2017_0797_behen_hogi_teri,Behen Hogi Teri,2017,6,Comedy,,No,Ajay K Pannalal,Rajkummar Rao,Shruti Haasan,OddBall Motion Pictures,3.9271,D,,,13.0,2.76,hitFlop=1,High
BOLLY_2017_0798_bachche_kachche_sachche,Bachche Kachche Sachche,2017,6,Drama,,No,Ravi Sadasiv,Ashish Vidyarthi,Mukesh Tiwari,,,D,,,,,,Missing/Partial
BOLLY_2017_0799_love_you_family,Love You Family,2017,6,Drama,,No,Sachindra Sharma,Salman Yusuff Khan,Aksha Pardasany,Khushi Motion Pictures,,,,,,,,Missing/Partial
BOLLY_2017_0800_g_kutta_se,G Kutta Se,2017,6,Drama,,No,Rahul Dahiya,Rajbeer Singh,Neha Chauhan,SFE International Full Frame Entertainment Pvt. Ltd.,,,,,,0.9,,Low
BOLLY_2017_0801_bank_chor,Bank Chor,2017,6,Action,,No,Bumpy,Riteish Deshmukh,Vivek Oberoi,Y-Films,,D,,,15,9.85,hitFlop=1,High
BOLLY_2017_0802_ek_haseena_thi_ek_deewana_tha,Ek Haseena Thi Ek Deewana Tha,2017,6,Romance,,No,Suneel Darshan,Upen Patel,,Shree Krishna International,,,1.706,D,,,,Missing/Partial
BOLLY_2017_0803_mom,Mom,2017,7,Drama,,No,Ravi Udyawar,Sridevi,Akshaye Khanna,Zee Studios,,C,,,30,175.7,hitFlop=5,High
BOLLY_2017_0804_guest_iin_london,Guest iin London,2017,7,Comedy,,No,Ashwni Dhir,Kartik Aaryan,Kriti Kharbanda,Panorama Studios,,D,,,,10.64,,Low
BOLLY_2017_0805_jagga_jasoos,Jagga Jasoos,2017,7,Comedy,,No,Anurag Basu,Ranbir Kapoor,Katrina Kaif,"Walt Disney Pictures, UTV Motion Pictures",7.6986,B,5.1314,C,131,86.85,hitFlop=1,High
BOLLY_2017_0806_shab,Shab,2017,5,Drama,,No,Onir,Raveena Tandon,Sanjay Suri,"WSG Pictures, Anticlock Films",2.465,B,,,10.0,32,hitFlop=5,High
BOLLY_2017_0807_lipstick_under_my_burkha,Lipstick Under My Burkha,2017,7,Comedy,,No,Alankrita Shrivastava,Konkona Sen Sharma,Ratna Pathak Shah,"ALT Entertainment, Balaji Motion Pictures",2.9405,D,,,6,26.68,hitFlop=5,High
BOLLY_2017_0808_munna_michael,Munna Michael,2017,7,Action,,No,Sabbir Khan,Tiger Shroff,Nawazuddin Siddiqui,"Eros International, Next Gen Films",,B,,,41,47.2,hitFlop=2,High
BOLLY_2017_0809_raag_desh,Raag Desh,2017,7,Action,,No,Tigmanshu Dhulia,Kunal Kapoor,Amit Sadh,Rajya Sabha TV,2.3939,D,1.6059,D,0.95,0.33,hitFlop=1,High
BOLLY_2017_0810_indu_sarkar,Indu Sarkar,2017,7,Thriller,,No,Madhur Bhandarkar,Anupam Kher,Neil Nitin Mukesh,"Bhandarkar Entertainment, Mega Bollywood",3.4477,D,3.2787,D,12,6.07,hitFlop=1,High
BOLLY_2017_0811_mubarakan,Mubarakan,2017,7,Drama,,No,Anees Bazmee,Anil Kapoor,Arjun Kapoor,Sony Pictures Networks Productions,5.6087,C,5.6076,C,65,93.24,hitFlop=2,High
BOLLY_2017_0812_gurgaon,Gurgaon,2017,8,Thriller,,No,Shanker Raman,Akshay Oberoi,Ragini Khanna,JAR Pictures,,D,,,,6.7,,Low
BOLLY_2017_0813_jab_harry_met_sejal,Jab Harry Met Sejal,2017,8,Comedy,,No,Imtiaz Ali,Shah Rukh Khan,Anushka Sharma,Red Chillies Entertainment,9.2267,A,4.8838,D,90,153.43,hitFlop=3,High
BOLLY_2017_0814_bareilly_ki_barfi,Bareilly Ki Barfi,2017,8,Comedy,,No,Ashwini Iyer Tiwari,Ayushmann Khurrana,Rajkummar Rao,Junglee Pictures,,D,,,20,58.75,hitFlop=4,High
BOLLY_2017_0815_shreelancer,Shreelancer,2017,8,Drama,,No,Sandeep Mohan,Arjun Radhakrishnan,,"Tiranga Pictures, The Great Indian Travelling Cinema",,,,,,,,Missing/Partial
BOLLY_2017_0816_a_gentleman,A Gentleman,2017,8,Action,,No,Raj and D.K.,Sidharth Malhotra,Jacqueline Fernandez,Fox Star Studios,,C,,,70,38.3,hitFlop=1,High
BOLLY_2017_0817_babumoshai_bandookbaaz,Babumoshai Bandookbaaz,2017,8,Action,,No,Kushan Nandy,Nawazuddin Siddiqui,Bidita Bag,Movies By The Mob & KNKSPL,3.7877,D,,,10,12.6,hitFlop=2,High
BOLLY_2017_0818_yadvi_the_dignified_princess,Yadvi – The Dignified Princess,2017,8,Drama,,No,Jyoti Singh,Chandrachur Singh,,RVP Productions,,,,,,,,Missing/Partial
BOLLY_2017_0819_qaidi_band,Qaidi Band,2017,8,Drama,,No,Habib Faisal,Aadar Jain,Sachin,Yash Raj Films,,D,2.7399,D,,,,Missing/Partial
BOLLY_2017_0820_sniff,Sniff,2017,8,Action,,No,Amole Gupte,Monica Sehgal,Vijay Patkar,Eros International,,,,,5.0,0.95,hitFlop=1,High
BOLLY_2017_0821_baadshaho,Baadshaho,2017,9,Action,,No,Milan Luthria,Ajay Devgn,Emraan Hashmi,T-Series Films,6.8713,C,3.6283,D,90,123.5,hitFlop=2,High
BOLLY_2017_0822_shubh_mangal_saavdhan,Shubh Mangal Saavdhan,2017,9,Comedy,,No,R. S. Prasanna,Ayushmann Khurrana,Bhumi Pednekar,"Eros International, Colour Yellow Productions",,D,,,25,64.54,hitFlop=4,High
BOLLY_2017_0823_poster_boys,Poster Boys,2017,9,Comedy,,No,Shreyas Talpade,Sunny Deol,Shreyas Talpade,Sony Pictures Networks Productions,3.3809,D,,,15,30,hitFlop=4,High
BOLLY_2017_0824_daddy,Daddy,2017,9,Action,,No,Ashim Ahluwalia,Arjun Rampal,Aishwarya Rajesh,Kundalini Entertainment,3.8011,D,,,21.0,15.5,hitFlop=1,High
BOLLY_2017_0825_simran,Simran,2017,9,Drama,,No,Hansal Mehta,Kangana Ranaut,Sohum Shah,T-Series Films,4.3605,D,1.4466,D,28,27.25,hitFlop=1,High
BOLLY_2017_0826_lucknow_central,Lucknow Central,2017,9,Action,,No,Ranjit Tiwari,Farhan Akhtar,Diana Penty,Viacom 18 Motion Pictures,6.6258,D,,,30,16.95,hitFlop=1,High
BOLLY_2017_0827_patel_ki_punjabi_shaadi,Patel Ki Punjabi Shaadi,2017,9,Comedy,,No,Sanjay Chhel,Rishi Kapoor,Paresh Rawal,"Bholenath Movies, Cinekorn Entertainment",4.4084,B,,,11.0,2.54,hitFlop=1,High
BOLLY_2017_0828_newton,Newton,2017,2,Comedy,,No,Amit Masurkar,Rajkummar Rao,Pankaj Tripathi,"Eros International, Colour Yellow Productions",3.9271,D,,,10,15,hitFlop=3,High
BOLLY_2017_0829_bhoomi,Bhoomi,2017,9,Action,,No,Omung Kumar,Sanjay Dutt,Aditi Rao Hydari,T-Series Films,5.0026,C,,,31.0,14.76,hitFlop=1,High
BOLLY_2017_0830_the_final_exit,The Final Exit,2017,9,Horror,,No,Dhwanil Mehta,Kunaal Roy Kapur,Archana Shastry,Mars Entertainment,,,,,,,,Missing/Partial
BOLLY_2017_0831_jd,JD,2017,9,Drama,,No,Shailendra Pandey,Govind Namdev,Aman Verma,Shailendra Pandey Films,,,,,,,,Missing/Partial
BOLLY_2017_0832_haseena_parkar,Haseena Parkar,2017,9,Drama,,No,Apoorva Lakhia,Shraddha Kapoor,Sharman Joshi,Swiss Entertainment,3.3695,D,1.8339,D,18,9,hitFlop=1,High
BOLLY_2017_0833_chef,Chef,2017,10,Comedy,,No,Raja Krishna Menon,Saif Ali Khan,Padmapriya Janakiraman,T-Series Films,5.7211,A,,,14.7,10.6,hitFlop=1,High
BOLLY_2017_0834_babuji_ek_ticket_bambai,Babuji Ek Ticket Bambai,2017,10,Drama,,No,Arvind Tripathi,Rajpal Yadav,Sudha Chandran,Harikripa Films,2.3783,D,,,,,,Missing/Partial
BOLLY_2017_0835_ranchi_diaries,Ranchi Diaries,2017,10,Drama,,No,Sattwik Mohanty,Jimmy Sheirgill,Taaha Shah,Coconut Motion Pictures,,D,,,,,,Missing/Partial
BOLLY_2017_0836_jia_aur_jia,Jia aur Jia,2017,10,Comedy,,No,Howard Rosemeyer,Kalki Koechlin,Richa Chaddha,Bluefox Motion Pictures Pvt Ltd.,3.9852,D,,,10.0,0.87,hitFlop=1,High
BOLLY_2017_0837_rukh,Rukh,2017,10,Drama,,No,Atanu Mukherjee,Manoj Bajpayee,Smita Tambe,"Eros International, Drishyam Films",2.1847,D,,,,,,Missing/Partial
BOLLY_2017_0838_ittefaq,Ittefaq,2017,11,Drama,,No,Abhay Chopra,Sidharth Malhotra,Sonakshi Sinha,"Red Chillies Entertainment, Dharma Productions",,C,,,30,56.26,hitFlop=3,High
BOLLY_2017_0839_the_house_next_door,The House Next Door,2017,11,Horror,,No,Milind Rau,Siddharth,Andrea Jeremiah,Viacom 18 Motion Pictures,,A,,,15.0,2.31,hitFlop=1,High
BOLLY_2017_0840_ribbon,Ribbon,2017,11,Drama,,No,Rakhee Sandilya,Kalki Koechlin,Sumeet Vyas,Red Cart Films,3.9852,D,,,8.0,0.53,hitFlop=1,High
BOLLY_2017_0841_shaadi_mein_zaroor_aana,Shaadi Mein Zaroor Aana,2017,11,Comedy,,No,Ratnaa Sinha,Rajkummar Rao,Kriti Kharbanda,Vikrant Studios,3.9271,D,,,13.0,19.4,hitFlop=2,High
BOLLY_2017_0842_qarib_qarib_singlle,Qarib Qarib Singlle,2017,11,Comedy,,No,Tanuja Chandra,Irrfan Khan,Parvathy,"Zee Studios, Jar Pictures",2.9178,D,1.0907,D,,2.411,,Low
BOLLY_2017_0843_aksar_2,Aksar 2,2017,11,Thriller,,No,Ananth Narayan Mahadevan,Zareen Khan,Gautam Rode,Siddhi Vinayak Creations,,,,,9.0,7.18,hitFlop=1,High
BOLLY_2017_0844_panchlait,Panchlait,2017,11,Drama,,No,Prem Prakash Modi,Amitosh Nagpal,Yashpal Sharma,Funtime Entertainment,,D,,,,0.05,,Missing/Partial
BOLLY_2017_0845_tumhari_sulu,Tumhari Sulu,2017,11,Comedy,,No,Suresh Triveni,Vidya Balan,Manav Kaul,T-Series Films,6.0471,C,,,20,51.39,hitFlop=4,High
BOLLY_2017_0846_dil_jo_na_keh_saka,Dil Jo Na Keh Saka,2017,11,Drama,,No,Naresh Lalwani,Himansh Kohli,Priya Banerjee,Diyas Productions,,,,,10.0,0.17,hitFlop=1,High
BOLLY_2017_0847_a_daughter_s_tale_pankh,A Daughter's Tale Pankh,2017,11,Action,,No,Premraaj,Nishigandha Wad,Mehul Buch,,,,,,,,,Missing/Partial
BOLLY_2017_0848_julie_2,Julie 2,2017,11,Romance,,No,Deepak Shivdasani,Raai Laxmi,Ravi Kishan,Triumph Talkies,,D,,,8.5,3.31,hitFlop=1,High
BOLLY_2017_0849_ajji,Ajji,2017,11,Drama,,No,Devashish Makhija,Sudhir Pandey,,Yoodlee Films,,,,,3.5,8.5,hitFlop=4,High
BOLLY_2017_0850_kadvi_hawa,Kadvi Hawa,2017,11,Drama,,No,Nila Madhab Panda,Sanjay Mishra,Ranvir Shorey,Drishyam Films,2.494,D,,,6.0,8.7,hitFlop=2,High
BOLLY_2017_0851_saankal,Saankal,2017,8,Drama,,No,Dedipya Joshii,Tanima Bhattacharya,Chetan Sharma,Pisceann Pictures,,,,,,,,Missing/Partial
BOLLY_2017_0852_tera_intezaar,Tera Intezaar,2017,12,Drama,,No,Raajeev Waalia,Arbaaz Khan,Sunny Leone,Bageshree Films,2.5366,D,,,11.0,0.95,hitFlop=1,High
BOLLY_2017_0853_firangi,Firangi,2017,12,Comedy,,No,Rajiv Dhingra,Kapil Sharma,Varun Badola,K9 Films,,,,,25,10,hitFlop=1,High
BOLLY_2017_0854_fukrey_returns,Fukrey Returns,2017,12,Comedy,,No,Mrighdeep Singh Lamba,Pulkit Samrat,Priya Anand,Excel Entertainment,,C,,,22,112.3,hitFlop=5,High
BOLLY_2017_0855_sallu_ki_shaadi,Sallu Ki Shaadi,2017,12,Action,,No,Mohammad Israr Ansari,,,"Aman Film Production, Angel's Production, Brosis Production House, Worldwide Records",,,,,,,,Missing/Partial
BOLLY_2017_0856_monsoon_shootout,Monsoon Shootout,2017,5,Action,,No,Amit Kumar,Nawazuddin Siddiqui,Vijay Varma,"Sikhya Entertainment, AKFPL, DAR Motion Pictures, Arte",3.7877,D,,,12.0,0.9,hitFlop=1,High
BOLLY_2018_0857_1921,1921,2018,1,Horror,,No,Vikram Bhatt,Zareen Khan,Karan Kundra,Reliance Entertainment,,,2.9028,D,15,22.8,hitFlop=3,High
BOLLY_2018_0858_kaalakaandi,Kaalakaandi,2018,1,Comedy,,No,Akshat Verma,Saif Ali Khan,Isha Talwar,"Cinestaan Film Company, Flying Unicorn Entertainment, Immoral Police",5.7211,A,,,18.0,6.15,hitFlop=1,High
BOLLY_2018_0859_mukkabaaz,Mukkabaaz,2018,1,Drama,,No,Anurag Kashyap,Vineet Kumar Singh,Ravi Kishan,"Eros International, Colour Yellow Productions",,D,3.0408,D,12.0,10.51,hitFlop=1,High
BOLLY_2018_0860_phir_se,Phir Se...,2018,1,Comedy,,No,Kunal Kohli,Jennifer Winget,Rajit Kapur,Bombay Film Company,,,4.0747,D,,,,Missing/Partial
BOLLY_2018_0861_my_birthday_song,My Birthday Song,2018,1,Thriller,,No,Samir Soni,Sanjay Suri,Nora Fatehi,Kahwa entertainment,1.9321,D,,,3.0,0.07,hitFlop=1,High
BOLLY_2018_0862_vodka_diaries,Vodka Diaries,2018,1,Thriller,,No,Kushal Srivastava,Kay Kay Menon,Mandira Bedi,K'Scope Entertainment Pvt Ltd & Vishalraj Films & Production Pvt Ltd,2.6256,D,,,7.0,1.26,hitFlop=1,High
BOLLY_2018_0863_nirdosh,Nirdosh,2018,1,Thriller,,No,Pradeep Rangwani,Arbaaz Khan,Manjari Fadnis,UV Films,2.5366,D,,,8.0,1.53,hitFlop=1,High
BOLLY_2018_0864_union_leader,Union Leader,2018,1,Drama,,No,Sanjay Patel,Rahul Bhat,Tillotama Shome,Dim Light Pictures,,D,,,,,,Missing/Partial
BOLLY_2018_0865_padmaavat,Padmaavat,2018,1,Action,,No,Sanjay Leela Bhansali,Shahid Kapoor,Deepika Padukone,"Paramount Pictures, Viacom 18 Motion Pictures, Bhansali Productions",5.7659,C,4.922,D,180,572,hitFlop=5,High
BOLLY_2018_0866_pad_man,Pad Man,2018,2,Comedy,,No,R. Balki,Akshay Kumar,Sonam Kapoor,"Columbia Pictures, KriArj Entertainment, Cape of Good Films",6.3805,C,,,76.0,207.73,hitFlop=4,High
BOLLY_2018_0867_love_per_square_foot,Love per Square Foot,2018,2,Comedy,,No,Anand Tiwari,Vicky Kaushal,Angira Dhar,"RSVP Movies, Netflix",,D,,,5.0,,,Missing/Partial
BOLLY_2018_0868_aiyaary,Aiyaary,2018,2,Drama,,No,Neeraj Pandey,Sidharth Malhotra,Manoj Bajpayee,"Plan C Studios, Reliance Entertainment, Pen Studios",,C,,,65,34.07,hitFlop=1,High
BOLLY_2018_0869_kuchh_bheege_alfaaz,Kuchh Bheege Alfaaz,2018,2,Drama,,No,Onir,Geetanjali Thapa,,Yoodlee Films,,D,,,2.0,0.09,hitFlop=1,High
BOLLY_2018_0870_sonu_ke_titu_ki_sweety,Sonu Ke Titu Ki Sweety,2018,2,Comedy,,No,Luv Ranjan,Kartik Aaryan,Nushrat Bharucha,"T-Series Films, Luv Films",,D,,,25,152,hitFlop=5,High
BOLLY_2018_0871_pari,Pari,2018,3,Horror,,No,Prosit Roy,Anushka Sharma,Parambrata Chatterjee,"Clean Slate Films, KriArj Entertainment",6.3761,C,,,30,41.4,hitFlop=2,High
BOLLY_2018_0872_veerey_ki_wedding,Veerey Ki Wedding,2018,3,Comedy,,No,Ashu Trikha,Pulkit Samrat,Jimmy Sheirgill,Panorama Studios,,C,1.1186,D,16.0,5.1,hitFlop=1,High
BOLLY_2018_0873_hate_story_iv,Hate Story IV,2018,3,Thriller,,No,Vishal Pandya,Urvashi Rautela,Vivan Bhatena,T-Series Films,,,,,21,26.6,hitFlop=2,High
BOLLY_2018_0874_dil_juunglee,Dil Juunglee,2018,3,Comedy,,No,Aleya Sen,Saqib Saleem,Tapsee Pannu,Pooja Entertainment,,,,,1.0,1.3,hitFlop=2,High
BOLLY_2018_0875_3_storeys,3 Storeys,2018,3,Drama,,No,Arjun Mukerjee,Richa Chaddha,Pulkit Samrat,Excel Entertainment,,C,,,11.0,3.19,hitFlop=1,High
BOLLY_2018_0876_raid,Raid,2018,3,Action,,No,Raj Kumar Gupta,Ajay Devgn,Ileana D'Cruz,"T-Series Films, Panorama Studios",6.8713,C,4.6076,D,40,153.62,hitFlop=5,High
BOLLY_2018_0877_hichki,Hichki,2018,3,Comedy,,No,Siddharth P Malhotra,Rani Mukerji,,Yash Raj Films,3.932,D,,,20,209.72,hitFlop=5,High
BOLLY_2018_0878_baaghi_2,Baaghi 2,2018,3,Action,,No,Ahmed Khan,Tiger Shroff,Disha Patani,"Fox Star Studios, Nadiadwala Grandson Entertainment",,B,,,59,258,hitFlop=5,High
BOLLY_2018_0879_blackmail,Blackmail,2018,4,Comedy,,No,Abhinay Deo,Irrfan Khan,Kirti Kulhari,T-Series Films,2.9178,D,,,18,28.81,hitFlop=3,High
BOLLY_2018_0880_missing,Missing,2018,4,Thriller,,No,Mukul Abhyankar,Tabu,Manoj Bajpayee,"Anand Pandit Motion Pictures, Sri Adhikari Brothers, Friday Filmworks, Abundantia Entertainment",5.0682,C,,,,0.85,,Low
BOLLY_2018_0881_october,October,2018,4,Drama,,No,Shoojit Sircar,Varun Dhawan,Banita Sandhu,Rising Sun Films,4.74,D,3.8135,D,33,58.41,hitFlop=3,High
BOLLY_2018_0882_mercury,Mercury,2018,4,Thriller,,No,Karthik Subbaraj,Prabhu Deva,Sananth Reddy,"Pen Studios, Stone Bench Films",,,,,,,,Missing/Partial
BOLLY_2018_0883_beyond_the_clouds,Beyond the Clouds,2018,4,Drama,,No,Majid Majidi,Ishaan Khatter,Malavika Mohanan,Zee Studios,,,,,6.0,2.87,hitFlop=1,High
BOLLY_2018_0884_nanu_ki_jaanu,Nanu Ki Jaanu,2018,4,Comedy,,No,Faraz Haider,Patralekhaa,Abhay Deol,Inbox Pictures,,D,,,15,4.12,hitFlop=1,High
BOLLY_2018_0885_daas_dev,Daas Dev,2018,4,Thriller,,No,Sudhir Mishra,Richa Chaddha,Aditi Rao Hydari,"Saptrishi Cinevision, Storm Motion Pictures",,D,1.6302,D,20.0,1.52,hitFlop=1,High
BOLLY_2018_0886_meri_nimmo,Meri Nimmo,2018,4,Drama,,No,M.M Shanklya,Anjali Patil,,"Eros International, Colour Yellow Productions",,,,,,,,Missing/Partial
BOLLY_2018_0887_102_not_out,102 Not Out,2018,5,Comedy,,No,Umesh Shukla,Amitabh Bachchan,Rishi Kapoor,Sony Pictures India,7.0113,B,,,35,115.3,hitFlop=5,High
BOLLY_2018_0888_omerta,Omerta,2018,5,Drama,,No,Hansal Mehta,Rajkummar Rao,,"Swiss Entertainment, Karma Features",3.9271,D,1.4466,D,18,4.49,hitFlop=1,High
BOLLY_2018_0889_raazi,Raazi,2018,5,Romance,,No,Meghna Gulzar,Vicky Kaushal,Alia Bhatt,"Junglee Pictures, Dharma Productions",,D,,,35,190,hitFlop=5,High
BOLLY_2018_0890_hope_aur_hum,Hope Aur Hum,2018,5,Drama,,No,Sudip Bandyopadhyay,Naseeruddin Shah,Sonali Kulkarni,PVR Pictures,3.7695,D,,,12.0,2.0,hitFlop=1,High
BOLLY_2018_0891_high_jack,High Jack,2018,5,Comedy,,No,Akash Khurana,Sumeet Vyas,Sonnalli Seygall,"Phantom Films, Viu",,D,,,7.0,0.34,hitFlop=1,High
BOLLY_2018_0892_khajoor_pe_atke,Khajoor Pe Atke,2018,5,Comedy,,No,Harsh Chhaya,Vinay Pathak,Manoj Pahwa,Welcome Friends Production,3.1247,D,,,,0.71,,Missing/Partial
BOLLY_2018_0893_bioscopewala,Bioscopewala,2018,5,Drama,,No,Deb Medhekar,Danny Denzongpa,Geetanjali Thapa,Fox Star Studios,2.6726,D,,,,0.55,,Missing/Partial
BOLLY_2018_0894_veere_di_wedding,Veere Di Wedding,2018,6,Comedy,,No,Shashanka Ghosh,Kareena Kapoor,Sonam Kapoor,"Balaji Motion Pictures, Saffron Broadcast & Media",8.0906,D,1.5653,D,42,139,hitFlop=5,High
BOLLY_2018_0895_bhavesh_joshi_superhero,Bhavesh Joshi Superhero,2018,6,Action,,No,Vikramaditya Motwane,Harshvardhan Kapoor,Nishikant Kamat,"Eros International, Phantom Films",,,,,21,2.52,hitFlop=1,High
BOLLY_2018_0896_phamous,Phamous,2018,6,Drama,,No,Karan Lalit Butani,Jackie Shroff,Jimmy Sheirgill,Vidisha Productions Pvt. Ltd.,2.6163,D,,,,0.43,,Missing/Partial
BOLLY_2018_0897_race_3,Race 3,2018,6,Action,,No,Remo D'Souza,Anil Kapoor,Bobby Deol,"Salman Khan Films, Tips Industries",5.6087,C,,,150,295,hitFlop=3,High
BOLLY_2018_0898_lust_stories,Lust Stories,2018,6,Drama,,No,Anurag Kashyap | Karan Johar | Zoya Akhtar | Dibakar Banerjee,Radhika Apte,Sanjay Kapoor,"RSVP Movies, Excel Entertainment, Dharma Productions, Netflix",,D,3.0408,D,,,,Missing/Partial
BOLLY_2018_0899_sanju,Sanju,2018,6,Drama,,No,Rajkumar Hirani,Ranbir Kapoor,,"Fox Star Studios, Vinod Chopra Films, Rajkumar Hirani Films",7.6986,B,10,A,96,586.85,hitFlop=5,High
BOLLY_2018_0900_hanuman_vs_mahiravana,Hanuman vs Mahiravana,2018,7,Animation,,No,Ezhil Vendan,,,Green Gold Animations,,,,,,,,Missing/Partial
BOLLY_2018_0901_soorma,Soorma,2018,7,Drama,,No,Shaad Ali,Diljit Dosanjh,Taapsee Pannu,Sony Pictures Networks Productions,,C,5.2612,C,31,48,hitFlop=3,High
BOLLY_2018_0902_dhadak,Dhadak,2018,7,Drama,,No,Shashank Khaitan,Ishaan Khatter,Jhanvi Kapoor,"Zee Studios, Dharma Productions",,,,,41,110,hitFlop=4,High
BOLLY_2018_0903_saheb_biwi_aur_gangster_3,"Saheb, Biwi Aur Gangster 3",2018,7,Thriller,,No,Tigmanshu Dhulia,Sanjay Dutt,Jimmy Sheirgill,Jar Pictures,5.0026,C,1.6059,D,28,10.2,hitFlop=1,High
BOLLY_2018_0904_nawabzaade,Nawabzaade,2018,7,Comedy,,No,Jayesh Pradhan,Raghav Juyal,Punit Pathak,Remo D'Souza Entertainment,,,,,10.0,4.05,hitFlop=1,High
BOLLY_2018_0905_fanney_khan,Fanney Khan,2018,8,Comedy,,No,Atul Manjrekar,Anil Kapoor,Aishwarya Rai Bachchan,T-Series Films,5.6087,C,,,38,16.55,hitFlop=1,High
BOLLY_2018_0906_mulk,Mulk,2018,8,Drama,,No,Anubhav Sinha,Rishi Kapoor,Prateik Babbar,"Soham Rockstar Entertainment, Benaras Mediaworks",4.4084,B,3.0566,D,19,28.33,hitFlop=2,High
BOLLY_2018_0907_laxmi_and_tikli_bomb,Laxmi and Tikli Bomb,2018,,Drama,,No,Aditya Kripalani,Vibhawari Deshpande,Upendra Limaye,Mumba Devi Motion Pictures,,,,,,,,Missing/Partial
BOLLY_2018_0908_karwaan,Karwaan,2018,8,Comedy,,No,Akarsh Khurana,Irrfan Khan,Dulquer Salman,RSVP Movies,2.9178,D,,,23.0,26.42,hitFlop=2,High
BOLLY_2018_0909_gold,Gold,2018,8,Drama,,No,Reema Kagti,Akshay Kumar,Kunal Kapoor,Excel Entertainment,6.3805,C,,,107.0,158,hitFlop=2,High
BOLLY_2018_0910_satyameva_jayate,Satyameva Jayate,2018,8,Action,,No,Milap Zaveri,John Abraham,Manoj Bajpayee,"T-Series Films, Emmay Entertainment",7.1193,D,,,38,110,hitFlop=4,High
BOLLY_2018_0911_genius,Genius,2018,8,Action,,No,Anil Sharma,Utkarsh Sharma,Ishita Chauhan,Soham Rockstar Entertainment,,,5.7345,C,15,7.5,hitFlop=1,High
BOLLY_2018_0912_happy_phirr_bhag_jayegi,Happy Phirr Bhag Jayegi,2018,8,Comedy,,No,Mudassar Aziz,Sonakshi Sinha,Diana Penty,"Eros International, Colour Yellow Productions",6.9519,A,,,30,28.06,hitFlop=1,High
BOLLY_2018_0913_toba_tek_singh,Toba Tek Singh,2018,8,Drama,,No,Ketan Mehta,Pankaj Kapur,Vinay Pathak,Maya Movies,,D,,,,,,Missing/Partial
BOLLY_2018_0914_stree,Stree,2018,8,Comedy,,No,Amar Kaushik,Rajkummar Rao,Shraddha Kapoor,Jio Studios,3.9271,D,,,23,180.76,hitFlop=5,High
BOLLY_2018_0915_once_again,Once Again,2018,9,Drama,,No,Kanwal Sethi,Shefali Shah,Neeraj Kabi,JAR Pictures,,,,,,,,Missing/Partial
BOLLY_2018_0916_paltan,Paltan,2018,9,Action,,No,J. P. Dutta,Jackie Shroff,Sonu Sood,Zee Studios,2.6163,D,,,35,10.22,hitFlop=1,High
BOLLY_2018_0917_laila_majnu,Laila Majnu,2018,9,Drama,,No,Sajid Ali,Mir Sarwar,Avinash Tiwary,Balaji Motion Pictures,,,,,15.0,11.5,hitFlop=1,High
BOLLY_2018_0918_gali_guleiyan,Gali Guleiyan,2018,9,Drama,,No,Dipesh Jain,Manoj Bajpayee,Ranvir Shorey,PVR Pictures,2.1847,D,,,,0.39,,Missing/Partial
BOLLY_2018_0919_halkaa,Halkaa,2018,9,Drama,,No,Nila Madhab Panda,Ranvir Shorey,Paoli Dam,"Shiv Nadar Foundation, Akshay Parija Productions, Eleeanora Images",3.063,D,,,6.0,0.17,hitFlop=1,High
BOLLY_2018_0920_manmarziyaan,Manmarziyaan,2018,9,Drama,,No,Anurag Kashyap,Abhishek Bachchan,Vicky Kaushal,"Eros International, Colour Yellow Productions, Phantom Films",5.2079,D,3.0408,D,28.0,40.39,hitFlop=2,High
BOLLY_2018_0921_love_sonia,Love Sonia,2018,6,Drama,,No,Tabrez Noorani,Mrunal Thakur,Freida Pinto,Prime Focus,,B,,,15.0,2.08,hitFlop=1,High
BOLLY_2018_0922_mitron,Mitron,2018,9,Comedy,,No,Nitin Kakar,Jackky Bhagnani,Kritika Kamra,Abundantia Entertainment,,,,,15.0,3.85,hitFlop=1,High
BOLLY_2018_0923_batti_gul_meter_chalu,Batti Gul Meter Chalu,2018,9,Social,,No,Shree Narayan Singh,Shahid Kapoor,Shraddha Kapoor,T-Series Films,5.7659,C,,,49.0,56,hitFlop=2,High
BOLLY_2018_0924_manto,Manto,2018,5,Drama,,No,Nandita Das,Nawazuddin Siddiqui,Tahir Raj Bhasin,Viacom18 Motion Pictures,3.7877,D,,,15.0,3.71,hitFlop=1,High
BOLLY_2018_0925_ishqeria,Ishqeria,2018,9,Drama,,No,Prerna Wadhawan,Neil Nitin Mukesh,Richa Chaddha,Swarp Films & Yen Movies,2.7445,D,,,,0.08,,Missing/Partial
BOLLY_2018_0926_sui_dhaaga,Sui Dhaaga,2018,9,Comedy,,No,Sharat Katariya,Varun Dhawan,Anushka Sharma,Yash Raj Films,4.74,D,,,48,125.09,hitFlop=4,High
BOLLY_2018_0927_pataakha,Pataakha,2018,9,Comedy,,No,Vishal Bhardwaj,Sanya Malhotra,Sunil Grover,"Kyta Productions, B4U Motion Pictures, Vishal Bhardwaj Films",,D,3.6423,D,19.0,11.06,hitFlop=1,High
BOLLY_2018_0928_loveyatri,Loveyatri,2018,10,Drama,,No,Abhiraj Minawala,Aayush Sharma,,Salman Khan Films,,A,,,32,18.14,hitFlop=1,High
BOLLY_2018_0929_andhadhun,Andhadhun,2018,10,Comedy,,No,Sriram Raghavan,Ayushman Khurana,Tabu,Viacom18 Motion Pictures,,C,1.8067,D,32,456.89,hitFlop=5,High
BOLLY_2018_0930_jalebi,Jalebi,2018,10,Drama,,No,Pushpdeep Bhardwaj,Rhea Chakraborty,Digangana Suryavanshi,"Vishesh Films, Viacom18 Motion Pictures",,,,,7.5,2.41,hitFlop=1,High
BOLLY_2018_0931_helicopter_eela,Helicopter Eela,2018,10,Drama,,No,Pradeep Sarkar,Kajol,Riddhi Sen,"Pen Studios, Ajay Devgn FFilms",7.2516,B,2.2519,D,20,8.24,hitFlop=1,High
BOLLY_2018_0932_fryday,FryDay,2018,10,Comedy,,No,Abhishek Dogra,Govinda,Varun Sharma,PVR Pictures,4.7856,D,,,8.0,1.52,hitFlop=1,High
BOLLY_2018_0933_tumbbad,Tumbbad,2018,10,Drama,,No,Rahi Anil Barve,Soham Shah,Harish Khanna,"Eros International, Colour Yellow Productions, Film i Väst",,,,,15,15.46,hitFlop=2,High
BOLLY_2018_0934_namaste_england,Namaste England,2018,10,Drama,,No,Vipul Shah,Arjun Kapoor,Parineeti Chopra,"Pen Studios, Reliance Entertainment",6.5059,C,,,54.0,8.02,hitFlop=1,High
BOLLY_2018_0935_badhaai_ho,Badhaai Ho,2018,10,Comedy,,No,Amit Ravindernath Sharma,Ayushman Khurrana,Neena Gupta,Junglee Pictures,,D,,,29,221.44,hitFlop=5,High
BOLLY_2018_0936_baazaar,Baazaar,2018,10,Thriller,,No,Gauravv K. Chawla,Saif Ali Khan,Radhika Apte,"Viacom18 Motion Pictures, Emmay Entertainment",5.7211,A,,,34.0,39.87,hitFlop=2,High
BOLLY_2018_0937_5_weddings,5 Weddings,2018,5,Drama,,No,Namrata Singh Gujral,Rajkummar Rao,Nargis Fakhri,Uniglobe Entertainment,3.9271,D,,,20.0,0.41,hitFlop=1,High
BOLLY_2018_0938_kaashi_in_search_of_ganga,Kaashi in Search of Ganga,2018,10,Thriller,,No,Dhiraj Kumar,Sharman Joshi,Aishwarya Devan,Insite India,3.6904,D,,,10.0,0.93,hitFlop=1,High
BOLLY_2018_0939_dassehra,Dassehra,2018,10,Action,,No,Manish Vatsalya,Neil Nitin Mukesh,Tina Desai,Rash Production,2.7445,D,,,10.0,0.25,hitFlop=1,High
BOLLY_2018_0940_thugs_of_hindostan,Thugs of Hindostan,2018,11,Action,,No,Vijay Krishna Acharya,Amitabh Bachchan,Aamir Khan,Yash Raj Films,7.0113,B,,,200,322.07,hitFlop=3,High
BOLLY_2018_0941_mohalla_assi,Mohalla Assi,2018,11,Social,,No,Chandraprakash Dwivedi,Sunny Deol,Sakshi Tanwar,Crossword Entertainment Pvt. Ltd.,3.3809,D,,,10.0,0.33,hitFlop=1,High
BOLLY_2018_0942_pihu,Pihu,2018,11,Thriller,,No,Vinod Kapri,,,RSVP Movies,,,,,0.5,2.95,hitFlop=5,High
BOLLY_2018_0943_hotel_milan,Hotel Milan,2018,11,Comedy,,No,Vishal Mishra,Kunaal Roy Kapur,Karishma Sharma,AD Films,,,,,,,,Missing/Partial
BOLLY_2018_0944_tigers,Tigers,2018,9,Drama,,No,Danis Tanović,Emraan Hashmi,Khalid Abdalla,Sikhya Entertainment,4.721,D,,,,,,Missing/Partial
BOLLY_2018_0945_bhaiaji_superhit,Bhaiaji Superhit,2018,11,Action,,No,Neerraj Pathak,Sunny Deol,Preity Zinta,Metro Movies,3.3809,D,,,26.0,5.69,hitFlop=1,High
BOLLY_2018_0946_2_0,2.0,2018,11,Action,,No,S Shankar,Rajnikanth,Amy Jackson,"Dharma Productions, Lyca Productions",,D,,,400,699.89,hitFlop=3,High
BOLLY_2018_0947_rajma_chawal,Rajma Chawal,2018,11,Comedy,,No,Leena Yadav,Rishi Kapoor,Amyra Dastur,Netflix,4.4084,B,,,,,,Missing/Partial
BOLLY_2018_0948_kedarnath,Kedarnath,2018,12,Drama,,No,Abhishek Kapoor,Sushant Singh Rajput,Sara Ali Khan,"RSVP Movies, Guy in the Sky Pictures",,C,4.0376,D,68,102.77,hitFlop=3,High
BOLLY_2018_0949_ascharyachakit,Ascharyachakit!,2018,12,Comedy,,No,Samit Kakkad,Priyanka Bose,Ankit Raaj,Yoodlee Films,,,,,,,,Missing/Partial
BOLLY_2018_0950_zero,Zero,2018,12,Comedy,,No,Aanand L. Rai,Shah Rukh Khan,Katrina Kaif,"Red Chillies Entertainment, Colour Yellow Productions",9.2267,A,,,200,191.43,hitFlop=1,High
BOLLY_2018_0951_simmba,Simmba,2018,12,Action,,No,Rohit Shetty,Ranveer Singh,Sara Ali Khan,"Reliance Entertainment, Dharma Productions",6.0024,C,6.8376,C,80,400.19,hitFlop=5,High
BOLLY_2019_0952_salt_bridge,Salt Bridge,2019,1,Drama,,No,Abhijit Deonath,Rajeev Khandelwal,Chelsie Preston Crayford,Fillearth,1.5575,D,,,,,,Missing/Partial
BOLLY_2019_0953_cabaret,Cabaret,2019,1,Drama,,No,Kaustav Narayan Niyogi,Richa Chadda,Gulshan Devaiah,T-Series Films,,D,,,,,,Missing/Partial
BOLLY_2019_0954_battalion_609,Battalion 609,2019,1,Action,,No,Brijesh Batuknath Tripathi,Shoaib Ibrahim,Elena Kazan,N.J Lalwani Films,,,,,,0.01,,Low
BOLLY_2019_0955_the_accidental_prime_minister,The Accidental Prime Minister,2019,1,Drama,,No,Vijay Ratnakar Gutte,Anupam Kher,Akshaye Khanna,Pen Studios,3.4477,D,,,21.0,22.65,hitFlop=2,High
BOLLY_2019_0956_evening_shadows,Evening Shadows,2019,2,Drama,,No,Sridhar Rangayan,Mona Ambegaonkar,Ananth Narayan Mahadevan,Solaris Pictures,,D,,,,,,Missing/Partial
BOLLY_2019_0957_why_cheat_india,Why Cheat India,2019,1,Comedy,,No,Soumik Sen,Emraan Hashmi,Shreya Dhanwanthary,T-Series Films,4.721,D,,,20,86.6,hitFlop=5,High
BOLLY_2019_0958_fraud_saiyaan,Fraud Saiyaan,2019,1,Comedy,,No,Sourabh Shrivastava,Arshad Warsi,Sara Loren,"Prakash Jha Productions, Drama King Entertainment",3.5596,D,,,15.0,2.28,hitFlop=1,High
BOLLY_2019_0959_soni,Soni,2019,1,Drama,,No,Ivan Ayr,,,Netflix,,,,,,,,Missing/Partial
BOLLY_2019_0960_bombairiya,Bombairiya,2019,1,Comedy,,No,Pia Sukanya,Radhika Apte,Siddhanth Kapoor,"TriStar Pictures, Zee Studios",,D,,,5.5,0.13999999999999999,hitFlop=1,High
BOLLY_2019_0961_rangeela_raja,Rangeela Raja,2019,1,Comedy,,No,Sikander Bharti,Govinda,Shakti Kapoor,Chitradeep International,4.7856,D,,,19,0.18,hitFlop=1,High
BOLLY_2019_0962_thackeray,Thackeray,2019,1,Drama,,No,Abhijit Panse,Nawazuddin Siddiqui,Amrita Rao,Viacom18 Motion Pictures,3.7877,D,,,30,31.6,hitFlop=2,High
BOLLY_2019_0963_ek_ladki_ko_dekha_toh_aisa_laga,Ek Ladki Ko Dekha Toh Aisa Laga,2019,2,Comedy,,No,Shelly Chopra Dhar,Anil Kapoor,Sonam Kapoor,"Fox Star Studios, Vinod Chopra Films",5.6087,C,,,30,39.86,hitFlop=2,High
BOLLY_2019_0964_the_fakir_of_venice,The Fakir of Venice,2019,2,Comedy,,No,Anand Surapur,Farhan Akhtar,Annu Kapoor,"October Films, Phat Phish Motion Pictures",6.6258,D,,,1.3,0.2,hitFlop=1,High
BOLLY_2019_0965_dosti_ke_side_effects,Dosti Ke Side Effects,2019,2,Comedy,,No,Hadi Ali Abrar,Neel Motwani,Zuber K. Khan,Share Happiness Films,,,,,,,,Missing/Partial
BOLLY_2019_0966_amavas,Amavas,2019,2,Thriller,,No,Bhushan Patel,Sachiin Joshi,Vivan Bhatena,Weeping Grave,,,,,12.0,3.6,hitFlop=1,High
BOLLY_2019_0967_gully_boy,Gully Boy,2019,2,Drama,,No,Zoya Akhtar,Ranveer Singh,Alia Bhatt,"Excel Entertainment, Tiger Baby",6.0024,C,3.4538,D,60,238.16,hitFlop=5,High
BOLLY_2019_0968_hum_chaar,Hum Chaar,2019,2,Comedy,,No,Abhishek Dixit,,,Rajshri Productions,,,,,,0.27,,Missing/Partial
BOLLY_2019_0969_total_dhamaal,Total Dhamaal,2019,2,Comedy,,No,Indra Kumar,Ajay Devgn,Madhuri Dixit,"Fox Star Studios, Ajay Devgn FFilms",6.8713,C,4.1206,D,90,228.27,hitFlop=4,High
BOLLY_2019_0970_goopi_gawaiya_bagha_bajaiya,Goopi Gawaiya Bagha Bajaiya,2019,3,Fantasy,,No,Shilpa Ranade,,,Children's Film Society,,,,,2,,,Low
BOLLY_2019_0971_luka_chuppi,Luka Chuppi,2019,3,Comedy,,No,Laxman Utekar,Kartik Aaryan,Kriti Sanon,Maddock Films,,C,,,25,128.6,hitFlop=5,High
BOLLY_2019_0972_sonchiriya,Sonchiriya,2019,3,Action,,No,Abhishek Chaubey,Sushant Singh Rajput,Bhumi Pednekar,RSVP Movies,,C,,,22,10.42,hitFlop=1,High
BOLLY_2019_0973_badla,Badla,2019,3,Thriller,,No,Sujoy Ghosh,Amitabh Bachchan,Taapsee Pannu,Red Chillies Entertainment,7.0113,B,2.6445,D,10,138.5,hitFlop=5,High
BOLLY_2019_0974_the_sholay_girl,The Sholay Girl,2019,3,Drama,,No,Aditya Sarpotdar,Bidita Bag,Chandan Roy Sanyal,ZEE5,,,,,,,,Missing/Partial
BOLLY_2019_0975_hamid,Hamid,2019,3,Drama,,No,Aijaz Khan,Rasika Dugal,Vikas Kumar,Yoodlee Films,,D,,,,0.07,,Low
BOLLY_2019_0976_photograph,Photograph,2019,1,Comedy,,No,Ritesh Batra,Nawazuddin Siddiqui,Sanya Malhotra,Amazon Studios,3.7877,D,,,,1.29,,Low
BOLLY_2019_0977_milan_talkies,Milan Talkies,2019,3,Drama,,No,Tigmanshu Dhulia,Ali Fazal,Shraddha Srinath,Filmy Keeda Productions Pvt Ltd,1.9757,C,1.6059,D,,0.39,,Missing/Partial
BOLLY_2019_0978_mere_pyare_prime_minister,Mere Pyare Prime Minister,2019,3,Comedy,,No,Rakeysh Omprakash Mehra,Anjali Patil,Makarand Deshpande,Pen Studios,,D,4.5105,D,,0.39,,Low
BOLLY_2019_0979_22_yards,22 Yards,2019,3,Drama,,No,Mitali Ghoshal,Barun Sobti,Panchi Bora,MS Productions,,,,,,,,Missing/Partial
BOLLY_2019_0980_kesari,Kesari,2019,3,Action,,No,Anurag Singh,Akshay Kumar,Parineeti Chopra,"Zee Studios, Dharma Productions, Cape of Good Films",6.3805,C,,,126.0,207.09,hitFlop=3,High
BOLLY_2019_0981_mard_ko_dard_nahi_hota,Mard Ko Dard Nahi Hota,2019,3,Action,,No,Vasan Bala,Abhimanyu Dassani,Radhika Madan,RSVP Movies,,,,,12,2.03,hitFlop=1,High
BOLLY_2019_0982_notebook,Notebook,2019,3,Comedy,,No,Nitin Kakkar,,,Salman Khan Films,,,,,15,3.72,hitFlop=1,High
BOLLY_2019_0983_junglee,Junglee,2019,3,Action,,No,Chuck Russell,Vidyut Jammwal,Pooja Sawant,Junglee Pictures,,,,,20,24.7,hitFlop=2,High
BOLLY_2019_0984_gone_kesh,Gone Kesh,2019,3,Comedy,,No,Qasim Khallow,Shweta Tripathi,Jitendra Kumar,Eros International,,D,,,,0.16,,Missing/Partial
BOLLY_2019_0985_romeo_akbar_walter,Romeo Akbar Walter,2019,4,Action,,No,Robbie Garewal,John Abraham,Mouni Roy,Viacom18 Motion Pictures,7.1193,D,,,48.0,53.48,hitFlop=2,High
BOLLY_2019_0986_albert_pinto_ko_gussa_kyun_aata_hai,Albert Pinto Ko Gussa Kyun Aata Hai?,2019,4,Drama,,No,Soumitra Ranade,Manav Kaul,Nandita Das,"Soumitra Ranade Productions, Templetree Motion Pictures, No Guts No Glory Films, Parashuram Productions, Paperboat Studios Pvt. Ltd.",,D,,,,0.07,,Missing/Partial
BOLLY_2019_0987_the_tashkent_files,The Tashkent Files,2019,4,Thriller,,No,Vivek Agnihotri,Mithun Chakraborty,Naseeruddin Shah,SP CineCorp,2.4335,D,,,7.5,20.84,hitFlop=4,High
BOLLY_2019_0988_blackboard_vs_whiteboard,Blackboard vs Whiteboard,2019,4,Drama,,No,Tarun S. Bisht,Raghubir Yadav,Ashok Samarth,,,,,,,,,Missing/Partial
BOLLY_2019_0989_kalank,Kalank,2019,4,Drama,,No,Abhishek Varman,Madhuri Dixit,Sonakshi Sinha,"Fox Star Studios, Dharma Productions, Nadiadwala Grandson Entertainment",4.8334,C,,,130,146.31,hitFlop=2,High
BOLLY_2019_0990_music_teacher,Music Teacher,2019,4,Drama,,No,Sarthak Dasgupta,Manav Kaul,Divya Dutta,"Saregama, Yoodlee Films, Netflix",,D,,,,,,Missing/Partial
BOLLY_2019_0991_blank,Blank,2019,5,Action,,No,Behzad Khambata,Sunny Deol,Ishita Dutta,Echelon Productions,3.3809,D,,,16.0,6.41,hitFlop=1,High
BOLLY_2019_0992_setters,Setters,2019,5,Thriller,,No,Ashwini Chaudhary,Aftab Shivdasani,Shreyas Talpade,"Lovely Films Production House (P) Ltd., NH Studioz",2.7284,D,1.4475,D,11.0,0.58,hitFlop=1,High
BOLLY_2019_0993_yours_truly,Yours Truly,2019,5,Drama,,No,Sanjoy Nag,Soni Razdan,Aahana Kumra,ZEE5,,,,,,,,Missing/Partial
BOLLY_2019_0994_badnaam_gali,Badnaam Gali,2019,5,Drama,,No,Ashwin Shetty,Patralekha Paul,Divyendu Sharma,ZEE5,,,,,,,,Missing/Partial
BOLLY_2019_0995_chhota_bheem_kung_fu_dhamaka,Chhota Bheem Kung Fu Dhamaka,2019,5,Action,,No,Rajiv Chilaka,Rajesh Kava,,Green Gold Animations,,,,,,3.65,,Low
BOLLY_2019_0996_student_of_the_year_2,Student of the Year 2,2019,5,Comedy,,No,Punit Malhotra,Tiger Shroff,Tara Sutaria,"Fox Star Studios, Dharma Productions",,B,,,65,98.16,hitFlop=3,High
BOLLY_2019_0997_chhoriyan_chhoron_se_kam_nahi_hoti,Chhoriyan Chhoron Se Kam Nahi Hoti,2019,5,Drama,,No,Rajesh Amarlal Babbar,Satish Kaushik,,Zee Studios,1.961,D,,,,,,Missing/Partial
BOLLY_2019_0998_de_de_pyaar_de,De De Pyaar De,2019,5,Comedy,,No,Akiv Ali,Ajay Devgn,Tabu,"T-Series Films, Luv Films",6.8713,C,,,75,143.04,hitFlop=3,High
BOLLY_2019_0999_india_s_most_wanted,India's Most Wanted,2019,5,Action,,No,Rajkumar Gupta,Arjun Kapoor,Sudev Nair,Fox Star Studios,6.5059,C,,,37,16.74,hitFlop=1,High
BOLLY_2019_1000_pm_narendra_modi,PM Narendra Modi,2019,,Social,,No,Omung Kumar,Vivek Oberoi,Boman Irani,Panorama Studios,3.486,D,,,25.0,26.64,hitFlop=2,High
BOLLY_2019_1001_yeh_hai_india,Yeh Hai India,2019,5,Drama,,No,Lomharsh,Gavie Chahal,Mohan Aghashe,DLB Films,,,,,5.0,0.06,hitFlop=1,High
BOLLY_2019_1002_chopsticks,Chopsticks,2019,5,Comedy,,No,Sachin Yardi,Abhay Deol,Mithila Palkar,Netflix,2.5106,D,,,,,,Missing/Partial
BOLLY_2019_1003_bharat,Bharat,2019,6,Action,,No,Ali Abbas Zafar,Salman Khan,Tabu,"T-Series Films, Salman Khan Films",9.2082,D,,,100,325.58,hitFlop=5,High
BOLLY_2019_1004_khamoshi,Khamoshi,2019,6,Drama,,No,Chakri Toleti,Prabhu Deva,Tamannaah,Pooja Entertainment,,,,,,,,Missing/Partial
BOLLY_2019_1005_kissebaaz,Kissebaaz,2019,6,Romance,,No,Annant Jaaitpaal,Pankaj Tripathi,Anupriya Goenka,PVR Pictures,,D,,,,0.12,,Missing/Partial
BOLLY_2019_1006_jaoon_kahan_bata_ae_dil,Jaoon Kahan Bata Ae Dil,2019,6,Drama,,No,Aadish Keluskar,,,Netflix,,,,,,,,Missing/Partial
BOLLY_2019_1007_kabir_singh,Kabir Singh,2019,6,Drama,,No,Sandeep Vanga,Shahid Kapoor,Kiara Advani,T-Series Films,5.7659,C,,,60,379,hitFlop=5,High
BOLLY_2019_1008_article_15,Article 15,2019,6,Drama,,No,Anubhav Sinha,Ayushmann Khurrana,Isha Talwar,Zee Studios,,D,3.0566,D,30.0,93.08,hitFlop=5,High
BOLLY_2019_1009_malaal,Malaal,2019,7,Drama,,No,Mangesh Hadawale,,,"T-Series Films, Bhansali Productions",,,,,16.0,2.5,hitFlop=1,High
BOLLY_2019_1010_hume_tumse_pyaar_kitna,Hume Tumse Pyaar Kitna,2019,7,Romance,,No,Lalit Mohan,Karanvir Bohra,Priya Banerjee,Belvie Productions,,,,,,0.2,,Missing/Partial
BOLLY_2019_1011_marudhar_express,Marudhar Express,2019,7,Comedy,,No,Vishal Mishra,Kunaal Roy Kapur,Tara Alisha Berry,"Raywings Entertainment, Atharva Motion Pictures",,,,,,0.06,,Missing/Partial
BOLLY_2019_1012_super_30,Super 30,2019,7,Drama,,No,Vikas Bahl,Hrithik Roshan,Mrunal Thakur,"Reliance Entertainment, Nadiadwala Grandson Entertainment, Phantom Films",8.2519,D,,,60,208.93,hitFlop=5,High
BOLLY_2019_1013_family_of_thakurganj,Family of Thakurganj,2019,7,Drama,,No,Manoj K. Jha,Jimmy Sheirgill,Mahie Gill,Lovely World Entertainment,,D,,,15.0,15,hitFlop=2,High
BOLLY_2019_1014_jhootha_kahin_ka,Jhootha Kahin Ka,2019,7,Comedy,,No,Smeep Kang,Rishi Kapoor,Omkar Kapoor,Soham Rockstar Entertainment,4.4084,B,,,16.0,2.57,hitFlop=1,High
BOLLY_2019_1015_judgementall_hai_kya,Judgementall Hai Kya,2019,7,Comedy,,No,Prakash Kovelamudi,Kangana Ranaut,Rajkummar Rao,Balaji Motion Pictures,4.3605,D,,,29,44.92,hitFlop=3,High
BOLLY_2019_1016_arjun_patiala,Arjun Patiala,2019,7,Action,,No,Rohit Jugraj,Diljit Dosanjh,Kriti Sanon,"T-Series Films, Maddock Films",,C,,,25,9.26,hitFlop=1,High
BOLLY_2019_1017_khandaani_shafakhana,Khandaani Shafakhana,2019,8,Comedy,,No,Shilpi Dasgupta,Sonakshi Sinha,Varun Sharma,T-Series Films,6.9519,A,,,24,3.98,hitFlop=1,High
BOLLY_2019_1018_barot_house,Barot House,2019,8,Thriller,,No,Bugs Bhargava,Amit Sadh,Manjari Fadnis,ZEE5,,D,,,,,,Missing/Partial
BOLLY_2019_1019_jabariya_jodi,Jabariya Jodi,2019,8,Comedy,,No,Prashant Singh,Sidharth Malhotra,Parineeti Chopra,Balaji Motion Pictures,,C,,,29,21.13,hitFlop=1,High
BOLLY_2019_1020_chicken_curry_law,Chicken Curry Law,2019,8,Comedy,,No,Shekhar Sirrinn,Ashutosh Rana,Nivedita Bhattacharya,Panorama Studios,2.1792,D,,,,,,Missing/Partial
BOLLY_2019_1021_pranaam,Pranaam,2019,8,Action,,No,Sanjiv Jaiswal,Rajeev Khandelwal,Sameksha,"Rudraksh Adventures Pvt. Ltd, Woodside Infrastructure Pvt. Ltd, Reel & Motion Pictures LLP.",1.5575,D,,,,,,Missing/Partial
BOLLY_2019_1022_batla_house,Batla House,2019,8,Action,,No,Nikhil Advani,John Abraham,Mrunal Thakur,"T-Series Films, Emmay Entertainment",7.1193,D,2.3243,D,56,113.38,hitFlop=4,High
BOLLY_2019_1023_mission_mangal,Mission Mangal,2019,8,Drama,,No,Jagan Shakti,Akshay Kumar,Vidya Balan,"Fox Star Studios, Cape of Good Films",6.3805,C,,,40,290.59,hitFlop=5,High
BOLLY_2019_1024_posham_pa,Posham Pa,2019,8,Thriller,,No,Suman Mukhopadhyay,Mahie Gill,Sayani Gupta,ZEE5,2.448,D,,,,,,Missing/Partial
BOLLY_2019_1025_saaho,Saaho,2019,8,Action,,No,Sujeeth,Prabhas,Neil Nitin Mukesh,T-Series Films,,D,,,325,434,hitFlop=2,High
BOLLY_2019_1026_chhichhore,Chhichhore,2019,9,Comedy,,No,Nitesh Tiwari,Sushant Singh Rajput,Shraddha Kapoor,"Fox Star Studios, Nadiadwala Grandson Entertainment, Earthsky Pictures",,D,,,50,215.41,hitFlop=5,High
BOLLY_2019_1027_dream_girl,Dream Girl,2019,9,Drama,,No,Raaj Shaandilyaa,Ayushmann Khurrana,Nushrat Bharucha,Balaji Motion Pictures,,D,,,28,200.8,hitFlop=5,High
BOLLY_2019_1028_section_375,Section 375,2019,9,Drama,,No,Ajay Bahl,Akshaye Khanna,Richa Chadha,"T-Series Films, Panorama Studios",3.3625,C,,,17.0,12.35,hitFlop=1,High
BOLLY_2019_1029_main_zaroor_aaunga,Main Zaroor Aaunga,2019,9,Thriller,,No,Chandrakant Singh,Arbaaz Khan,Aindrita Ray,AShirwad CineVision Pvt Ltd,2.5366,D,,,,,,Missing/Partial
BOLLY_2019_1030_the_zoya_factor,The Zoya Factor,2019,9,Drama,,No,Abhishek Sharma,Sonam Kapoor,Dulquer Salmaan,Fox Star Studios,5.488,B,,,33,6.96,hitFlop=1,High
BOLLY_2019_1031_pal_pal_dil_ke_paas,Pal Pal Dil Ke Paas,2019,9,Drama,,No,Sunny Deol,,,Zee Studios,,,,,30,10,hitFlop=1,High
BOLLY_2019_1032_prassthanam,Prassthanam,2019,9,Action,,No,Deva Katta,Sanjay Dutt,Manisha Koirala,"NH Studioz, Sanjay Dutt Productions",5.0026,C,,,20,5.9,hitFlop=1,High
BOLLY_2019_1033_war,War,2019,10,Action,,No,Siddharth Anand,Hrithik Roshan,Tiger Shroff,Yash Raj Films,8.2519,D,5.6148,C,170,475.62,hitFlop=4,High
BOLLY_2019_1034_the_sky_is_pink,The Sky Is Pink,2019,9,Drama,,No,Shonali Bose,Priyanka Chopra,Farhan Akhtar,"RSVP Movies, SK Global Entertainment, Purple Pebble Pictures",8.1369,B,,,24,34.410000000000004,hitFlop=2,High
BOLLY_2019_1035_chappad_phaad_ke,Chappad Phaad Ke,2019,10,Comedy,,No,Sameer Hemant Joshi,Vinay Pathak,Siddharth Menon,"Yoodlee Films, Hotstar",3.1247,D,,,,,,Missing/Partial
BOLLY_2019_1036_ghost,Ghost,2019,10,Thriller,,No,Vikram Bhatt,Sanaya Irani,Shivam Bhaargava,Pooja Entertainment,,,2.9028,D,,1.82,,Low
BOLLY_2019_1037_laal_kaptaan,Laal Kaptaan,2019,10,Action,,No,Navdeep Singh,Saif Ali Khan,Manav Vij,"Eros International, Colour Yellow Productions",5.7211,A,,,30,2.36,hitFlop=1,High
BOLLY_2019_1038_p_se_pyaar_f_se_faraar,P Se Pyaar F Se Faraar,2019,10,Drama,,No,Manoj Tiwari,Jimmy Sheirgill,Kumud Mishra,PVR Pictures,,D,,,10.0,0.91,hitFlop=1,High
BOLLY_2019_1039_upstarts,Upstarts,2019,10,Comedy,,No,Udai Singh Pawar,Priyanshu Painyuli,Shadab Kamal,Netflix,,,,,,,,Missing/Partial
BOLLY_2019_1040_yaaram,Yaaram,2019,10,Comedy,,No,Ovais Khan,Prateik Babbar,Siddhanth Kapoor,Yashavvi Films,,D,,,,,,Missing/Partial
BOLLY_2019_1041_officer_arjun_singh_ips_batch_2000,Officer Arjun Singh IPS Batch 2000,2019,10,Action,,No,Arshad Siddiqui,Priyanshu Chatterjee,,Shreya Films International,2.4801,D,,,,,,Missing/Partial
BOLLY_2019_1042_jacqueline_i_am_coming,Jacqueline I Am Coming,2019,10,Drama,,No,Banty Dubey,Raghubir Yadav,,MD Production,,,,,,,,Missing/Partial
BOLLY_2019_1043_housefull_4,Housefull 4,2019,10,Comedy,,No,Farhad Samji,Akshay Kumar,Ritesh Deshmukh,"Fox Star Studios, Nadiadwala Grandson Entertainment",6.3805,C,,,150,280.27,hitFlop=3,High
BOLLY_2019_1044_kanpuriye,Kanpuriye,2019,10,Drama,,No,Ashish Aryan,Aparshakti Khurana,Divyenndu,"Yoodlee Films, Hotstar",,,,,,,,Missing/Partial
BOLLY_2019_1045_made_in_china,Made in China,2019,10,Drama,,No,Mikhil Musale,Rajkummar Rao,Mouni Roy,"Jio Studios, Maddock Films",3.9271,D,,,30.0,12.81,hitFlop=1,High
BOLLY_2019_1046_saand_ki_aankh,Saand Ki Aankh,2019,10,Drama,,No,Tushar Hiranandani,Bhumi Pednekar,Taapsee Pannu,Reliance Entertainment,,C,,,25.0,30.7,hitFlop=2,High
BOLLY_2019_1047_drive,Drive,2019,11,Action,,No,Tarun Mansukhani,Sushant Singh Rajput,Jacqueline Fernandez,"Dharma Productions, Netflix",,C,,,,,,Missing/Partial
BOLLY_2019_1048_ujda_chaman,Ujda Chaman,2019,11,Comedy,,No,Abhishek Pathak,Sunny Singh,Maanvi Gagroo,"Panorama Studios, PVR Pictures",,,,,12,12.61,hitFlop=2,High
BOLLY_2019_1049_bala,Bala,2019,11,Comedy,,No,Amar Kaushik,Ayushmann Khurrana,Bhumi Pednekar,"Maddock Films, Jio Studios",,D,,,25,172,hitFlop=5,High
BOLLY_2019_1050_bypass_road,Bypass Road,2019,11,Thriller,,No,Naman Nitin Mukesh,Neil Nitin Mukesh,Adah Sharma,"Miraj Creations, NNM Films",2.7445,D,,,,1.16,,Low
BOLLY_2019_1051_moothon,Moothon,2019,9,Action,,No,Geetu Mohandas,Nivin Pauly,Shashank Arora,"Mini Studio, JAR Pictures",,,,,,,,Missing/Partial
BOLLY_2019_1052_satellite_shankar,Satellite Shankar,2019,11,Action,,No,Irfan Kamal,Sooraj Pancholi,Megha Akash,T-Series Films,,,,,20,0.54,hitFlop=1,High
BOLLY_2019_1053_jhalki,Jhalki,2019,11,Drama,,No,Brahmanand S. Siingh,Boman Irani,Tannishtha Chatterjee,Mobius Films,3.6468,D,,,,0.09,,Missing/Partial
BOLLY_2019_1054_house_arrest,House Arrest,2019,11,Comedy,,No,Shashanka Ghosh | Samit Basu,Ali Fazal,Shriya Pilgaonkar,Netflix,1.9757,C,1.5653,D,,,,Missing/Partial
BOLLY_2019_1055_keep_safe_distance,Keep Safe Distance,2019,11,Drama,,No,Raama Mehra,Kiran Kumar,Shahbaz Khan,Rama Dhanraj Production,,D,,,,,,Missing/Partial
BOLLY_2019_1056_marjaavaan,Marjaavaan,2019,11,Action,,No,Milap Milan Zaveri,Sidharth Malhotra,Riteish Deshmukh,"T-Series Films, Emmay Entertainment",,C,,,38,65.34,hitFlop=3,High
BOLLY_2019_1057_motichoor_chaknachoor,Motichoor Chaknachoor,2019,11,Comedy,,No,Debamitra Biswal,Nawazuddin Siddiqui,Athiya Shetty,Viacom18 Motion Pictures,3.7877,D,,,19.0,2.78,hitFlop=1,High
BOLLY_2019_1058_marne_bhi_do_yaaron,Marne Bhi Do Yaaron,2019,11,Drama,,No,Kashmera Shah,Krishna Abhishek,Kashmera Shah,Boo Filmz,,,,,,,,Missing/Partial
BOLLY_2019_1059_pagalpanti,Pagalpanti,2019,11,Action,,No,Anees Bazmee,Anil Kapoor,John Abraham,"T-Series Films, Panorama Studios",5.6087,C,5.6076,C,72,49.17,hitFlop=1,High
BOLLY_2019_1060_commando_3,Commando 3,2019,11,Action,,No,Aditya Datt,Vidyut Jammwal,Adah Sharma,Reliance Entertainment,,D,1.7076,D,29.0,40.15,hitFlop=2,High
BOLLY_2019_1061_yeh_saali_aashiqui,Yeh Saali Aashiqui,2019,11,Romance,,No,Cherag Ruparel,Vardhan Puri,Shivaleeka Oberoi,Pen Studios,,,,,,0.7,,Missing/Partial
BOLLY_2019_1062_panipat,Panipat,2019,12,Action,,No,Ashutosh Gowariker,Sanjay Dutt,Arjun Kapoor,"Ashutosh Gowariker Productions, Vision World Films",5.0026,C,3.7481,D,90,49.29,hitFlop=1,High
BOLLY_2019_1063_pati_patni_aur_woh,Pati Patni Aur Woh,2019,12,Comedy,,No,Mudassar Aziz,Kartik Aaryan,Bhumi Pednekar,T-Series Films,,C,,,45,118,hitFlop=4,High
BOLLY_2019_1064_mardaani_2,Mardaani 2,2019,12,Action,,No,Gopi Puthran,Rani Mukerji,Vishal Jethwa,Yash Raj Films,3.932,D,,,27,67.12,hitFlop=4,High
BOLLY_2019_1065_the_body,The Body,2019,12,Thriller,,No,Jeethu Joseph,Emraan Hashmi,Rishi Kapoor,Viacom18 Motion Pictures,4.721,D,,,19.0,3.47,hitFlop=1,High
BOLLY_2019_1066_dabangg_3,Dabangg 3,2019,12,Action,,No,Prabhu Deva,Salman Khan,Sonakshi Sinha,"Salman Khan Films, Saffron Broadcast & Media",9.2082,D,,,178.0,217.85,hitFlop=2,High
BOLLY_2019_1067_line_of_descent,Line of Descent,2019,11,Drama,,No,Rohit Karn Batra,Brendan Fraser,Abhay Deol,Brillstein Entertainment Partners,,D,,,,,,Missing/Partial
BOLLY_2019_1068_happi,Happi,2019,12,Drama,,No,Bhavna Talwar,Pankaj Kapoor,Supriya Pathak,"Vistaar Religare Film Fund, WSG Pictures",,D,,,,,,Missing/Partial
BOLLY_2019_1069_good_newwz,Good Newwz,2019,12,Comedy,,No,Raj Mehta,Akshay Kumar,Kareena Kapoor,"Zee Studios, Dharma Productions, Cape of Good Films",6.3805,C,,,70,318.57,hitFlop=5,High
BOLLY_2020_1070_ghost_stories,Ghost Stories,2020,1,Horror,,No,Karan Johar | Dibakar Banerjee | Zoya Akhtar | Anurag Kashyap,Sobhita Dhulipala,Mrunal Thakur,"RSVP Movies, Tiger Baby Films, JAR Pictures, Dharma Productions, Netflix",,C,7.1046,B,,,,Missing/Partial
BOLLY_2020_1071_beautiful,Beautiful,2020,1,Action,,No,Agastya Manju,Naina Ganguly,,Tiger/Company Productions,,,,,,,,Missing/Partial
BOLLY_2020_1072_bhangra_paa_le,Bhangra Paa Le,2020,1,Comedy,,No,Sneha Taurani,Sunny Kaushal,Rukshar Dhillon,RSVP Movies,,,,,14.0,0.52,hitFlop=1,High
BOLLY_2020_1073_sab_kushal_mangal,Sab Kushal Mangal,2020,1,Comedy,,No,Karan Vishwanath Kashyap,Akshaye Khanna,,One Up Entertainment,3.3625,C,,,15.0,0.45,hitFlop=1,High
BOLLY_2020_1074_shimla_mirchi,Shimla Mirchi,2020,1,Drama,,No,Ramesh Sippy,Hema Malini,Rajkummar Rao,Viacom18 Motion Pictures,,D,,,15.0,0.05,hitFlop=1,High
BOLLY_2020_1075_half_widow,Half Widow,2020,1,Drama,,No,Danish Renzu,Mir Sarwar,,"Renzu Films, Gaya Art Films",,,,,,,,Missing/Partial
BOLLY_2020_1076_chhapaak,Chhapaak,2020,1,Drama,,No,Meghna Gulzar,Deepika Padukone,Vikrant Massey,Fox Star Studios,8.6272,C,,,35,55.44,hitFlop=3,High
BOLLY_2020_1077_tanhaji,Tanhaji,2020,1,Action,,No,Om Raut,Ajay Devgn,Saif Ali Khan,"T-Series Films, Ajay Devgn FFilms",6.8713,C,,,150,387.65,hitFlop=4,High
BOLLY_2020_1078_jai_mummy_di,Jai Mummy Di,2020,1,Comedy,,No,Navjot Gulati,Sunny Singh,Sonnalli Seygall,"T-Series Films, Luv Films",,,,,14.0,3.18,hitFlop=1,High
BOLLY_2020_1079_panga,Panga,2020,1,Drama,,No,Ashwiny Iyer Tiwari,Kangana Ranaut,Jassi Gill,Fox Star Studios,4.3605,D,,,49,41.71,hitFlop=1,High
BOLLY_2020_1080_street_dancer_3d,Street Dancer 3D,2020,1,Drama,,No,Remo D'Souza,Varun Dhawan,Shraddha Kapoor,T-Series Films,4.74,D,,,70,97,hitFlop=2,High
BOLLY_2020_1081_gul_makai,Gul Makai,2020,1,Drama,,No,H.E. Amjad khan,Reem Shaikh,Atul Kulkarni,Pen Studios,,C,,,8.0,0.1,hitFlop=1,High
BOLLY_2020_1082_happy_hardy_and_heer,Happy Hardy and Heer,2020,1,Drama,,No,Raka,Himesh Reshammiya,Sonia Mann,HR Musik Limited,1.5575,D,,,7.0,0.15,hitFlop=1,High
BOLLY_2020_1083_jawaani_jaaneman,Jawaani Jaaneman,2020,1,Comedy,,No,Nitin Kakkar,Saif Ali Khan,Tabu,Pooja Entertainment,5.7211,A,,,30,44.77,hitFlop=2,High
BOLLY_2020_1084_pagleaazam,Pagleaazam,2020,1,Comedy,,No,"Vikas P Kavvthekaar, Aps Raghuvanshi",Liliput,,Aps Entertainment,,,,,,,,Missing/Partial
BOLLY_2020_1085_operation_parindey,Operation Parindey,2020,2,Action,,No,Sanjay Gadhvi,Amit Sadh,Rahul Dev,ZEE5,,D,4.3755,D,,,,Missing/Partial
BOLLY_2020_1086_hacked,Hacked,2020,2,Thriller,,No,Vikram Bhatt,Hina Khan,Rohan Shah,Zee Studios,,,2.9028,D,4.5,1.82,hitFlop=1,High
BOLLY_2020_1087_kaanchli_life_in_a_slough,Kaanchli Life in a Slough,2020,2,Drama,,No,Dedipya Joshii,Sanjay Mishra,,Pisceann Pictures,2.494,D,,,,,,Missing/Partial
BOLLY_2020_1088_malang,Malang,2020,2,Action,,No,Mohit Suri,Aditya Roy Kapur,Disha Patani,"T-Series Films, Luv Films",,C,4.931,D,64.0,84.5,hitFlop=2,High
BOLLY_2020_1089_shikara,Shikara,2020,2,Drama,,No,Vidhu Vinod Chopra,Sadia Khateeb,,"Fox Star Studios, Vinod Chopra Films",,,,,14.0,8.15,hitFlop=1,High
BOLLY_2020_1090_love_aaj_kal,Love Aaj Kal,2020,2,Drama,,No,Imtiaz Ali,Kartik Aaryan,Sara Ali Khan,"Pen Studios, Reliance Entertainment, Maddock Films, Jio Studios",,C,4.8838,D,50,52.6,hitFlop=2,High
BOLLY_2020_1091_shukranu,Shukranu,2020,2,Drama,,No,Bishnu Dev Halder,Divyenndu,Shweta Basu Prasad,"Reliance Entertainment, ZEE5",,,,,,,,Missing/Partial
BOLLY_2020_1092_the_hundred_bucks,The Hundred Bucks,2020,2,Thriller,,No,Dushyant Pratap Singh,,,"A Reel and Motion Picture, Dushyant Corporation",,,,,,,,Missing/Partial
BOLLY_2020_1093_shubh_mangal_zyada_saavdhan,Shubh Mangal Zyada Saavdhan,2020,2,Comedy,,No,Hitesh Kewalya,Ayushmann Khurrana,Jitendra Kumar,"T-Series Films, Colour Yellow Productions",,D,,,30,87,hitFlop=4,High
BOLLY_2020_1094_yeh_ballet,Yeh Ballet,2020,2,Drama,,No,Sooni Taraporevala,Julian Sands,Manish Chauhan,Netflix,,,,,,,,Missing/Partial
BOLLY_2020_1095_doordarshan,Doordarshan,2020,2,Comedy,,No,Gagan Puri,Mahie Gill,Manu Rishi Chaddha,Arya Films,2.448,D,,,4.0,2.0,hitFlop=1,High
BOLLY_2020_1096_guns_of_banaras,Guns of Banaras,2020,2,Action,,No,Sekhar Suri,Karan Nath,Nathalia Kaur,"AJ Media Corp, Dashaka Cinema Co.",,D,,,7.0,2.5,hitFlop=1,High
BOLLY_2020_1097_haunted_hills,Haunted Hills,2020,2,Romance,,No,Sanjeev Kumar Rajput,Zuber K. Khan,,"RSBS Films, UFO Moviez",,,,,,,,Missing/Partial
BOLLY_2020_1098_o_pushpa_i_hate_tears,O Pushpa I Hate Tears,2020,2,Comedy,,No,Dinkar Kapoor,Krushna Abhishek,Karthik Jayaram,"Films@50, Wavelength Studios",,,,,,,,Missing/Partial
BOLLY_2020_1099_thappad,Thappad,2020,2,Drama,,No,Anubhav Sinha,Taapsee Pannu,,T-Series Films,,B,3.0566,D,24,44.54,hitFlop=3,High
BOLLY_2020_1100_baaghi_3,Baaghi 3,2020,3,Action,,No,Ahmed Khan,Tiger Shroff,Riteish Deshmukh,"Fox Star Studios, Nadiadwala Grandson Entertainment",,B,,,85,137.05,hitFlop=3,High
BOLLY_2020_1101_guilty,Guilty,2020,3,Drama,,No,Ruchi Narain,Kiara Advani,Akansha Ranjan Kapoor,"Dharmatic Entertainment, Netflix",,C,,,,,,Missing/Partial
BOLLY_2020_1102_kaamyaab,Kaamyaab,2020,3,Drama,,No,Hardik Mehta,Sanjay Mishra,Deepak Dobriyal,"Red Chillies Entertainment, Drishyam Films",2.494,D,,,7.0,2.0,hitFlop=1,High
BOLLY_2020_1103_angrezi_medium,Angrezi Medium,2020,3,Comedy,,No,Homi Adajania,Irrfan Khan,Kareena Kapoor,"Jio Studios, Maddock Films",2.9178,D,,,36,13.54,hitFlop=1,High
BOLLY_2020_1104_maska,Maska,2020,3,Drama,,No,Neeraj Udhwani,Manisha Koirala,Nikita Dutta,Netflix,2.7949,D,,,,,,Missing/Partial
BOLLY_2020_1105_bamfaad,Bamfaad,2020,4,Action,,No,Ranjan Chandel,Shalini Pandey,Vijay Varma,"JAR Pictures, ZEE5",,D,,,,,,Missing/Partial
BOLLY_2020_1106_ateet,Ateet,2020,4,Drama,,No,Tanuj Bhramar,Priyamani,Sanjay Suri,ZEE5,,D,,,,,,Missing/Partial
BOLLY_2020_1107_mrs_serial_killer,Mrs. Serial Killer,2020,5,Thriller,,No,Shirish Kunder,Jacqueline Fernandez,Manoj Bajpayee,Netflix,5.4603,C,,,,,,Missing/Partial
BOLLY_2020_1108_court_martial,Court Martial,2020,5,Drama,,No,Sourabh Srivastava,Rajeev Khandelwal,,"Zee Theatre, Iris Productions",1.5575,D,,,,,,Missing/Partial
BOLLY_2020_1109_what_are_the_odds,What Are the Odds,2020,4,Drama,,No,Megha Ramaswamy,Abhay Deol,,Netflix,2.5106,D,,,,,,Missing/Partial
BOLLY_2020_1110_ghoomketu,Ghoomketu,2020,5,Comedy,,No,Pushpendra Nath Misra,Nawazuddin Siddiqui,Ragini Khanna,"Sony Pictures Networks Productions, Phantom Films, ZEE5",3.7877,D,,,10.0,,,Missing/Partial
BOLLY_2020_1111_chintu_ka_birthday,Chintu Ka Birthday,2020,6,Drama,,No,Devanshu KumarSatyanshu Singh,Vinay Pathak,Tillotama Shome,ZEE5,3.1247,D,,,,,,Missing/Partial
BOLLY_2020_1112_choked,Choked,2020,6,Drama,,No,Anurag Kashyap,Saiyami Kher,Roshan Mathew,"JAR Pictures, Netflix",,,3.0408,D,,,,Missing/Partial
BOLLY_2020_1113_axone,Axone,2020,6,Drama,,No,Nicholas Kharkongor,Dolly Ahluwalia,Sayani Gupta,"Saregama India, Yoodlee Films",,,,,,,,Missing/Partial
BOLLY_2020_1114_gulabo_sitabo,Gulabo Sitabo,2020,6,Comedy,,No,Shoojit Sircar,Farrukh Jaffar,Amitabh Bachchan,"Rising Sun Films, Amazon Prime Video",,B,3.8135,D,40.0,60.0,hitFlop=3,High
BOLLY_2020_1115_kadakh,Kadakh,2020,6,Comedy,,No,Rajat Kapoor,Kalki Koechlin,Ranvir Shorey,Sony LIV,3.9852,D,2.0954,D,,,,Missing/Partial
BOLLY_2020_1116_chaman_bahaar,Chaman Bahaar,2020,6,Drama,,No,Apurva Dhar Badgaiyann,Jitendra Kumar,,"Yoodlee Films, Saregama India",,,,,,,,Missing/Partial
BOLLY_2020_1117_bulbbul,Bulbbul,2020,6,Thriller,,No,Anvita Dutt,Tripti Dimri,Avinash Tiwary,"Clean Slate Filmz, Netflix",,,,,,,,Missing/Partial
BOLLY_2020_1118_bhonsle,Bhonsle,2020,6,Drama,,No,Devashish Makhija,Manoj Bajpayee,Santosh Juvekar,Sony LIV,2.1847,D,,,,,,Missing/Partial
BOLLY_2020_1119_virgin_bhanupriya,Virgin Bhanupriya,2020,7,Comedy,,No,Ajay Lohan,Urvashi Rautela,Gautam Gulati,ZEE5,,,,,15.0,,,Missing/Partial
BOLLY_2020_1120_dil_bechara,Dil Bechara,2020,7,Drama,,No,Mukesh Chhabra,Sushant Singh Rajput,Sanjana Sanghi,"Fox Star Studios, Disney+ Hotstar",,,,,25,50.0,hitFlop=4,High
BOLLY_2020_1121_yaara,Yaara,2020,7,Action,,No,Tigmanshu Dhulia,Vidyut Jammwal,Shruti Haasan,ZEE5,,C,1.6059,D,25.0,,,Missing/Partial
BOLLY_2020_1122_shakuntala_devi,Shakuntala Devi,2020,7,Drama,,No,Anu Menon,Vidya Balan,Jisshu Sengupta,"Sony Pictures Networks Productions, Amazon Prime Video",6.0471,C,,,25.0,40.0,hitFlop=3,High
BOLLY_2020_1123_lootcase,Lootcase,2020,7,Comedy,,No,Rajesh Krishnan,Kunal Khemu,Rasika Dugal,"Fox Star Studios, Disney+ Hotstar",3.1566,D,,,18.0,15.0,hitFlop=1,High
BOLLY_2020_1124_raat_akeli_hai,Raat Akeli Hai,2020,7,Drama,,No,Honey Trehan,Nawazuddin Siddiqui,Radhika Apte,"RSVP Movies, Netflix",3.7877,D,,,20.0,,,Missing/Partial
BOLLY_2020_1125_pareeksha,Pareeksha,2020,8,Drama,,No,Prakash Jha,Adil Hussain,Priyanka Bose,ZEE5,,,3.6075,D,11.0,,,Missing/Partial
BOLLY_2020_1126_khuda_haafiz,Khuda Haafiz,2020,8,Action,,No,Faruk Kabir,Vidyut Jammwal,Shivaleeka Oberoi,"Panorama Studios, Disney+ Hotstar",,,,,,,,Missing/Partial
BOLLY_2020_1127_class_of_83,Class of '83,2020,8,Action,,No,Atul Sabharwal,Bobby Deol,Bhupendra Jadawat,"Red Chillies Entertainment, Netflix",2.4272,D,,,21.0,,,Missing/Partial
BOLLY_2020_1128_mee_raqsam,Mee Raqsam,2020,8,Drama,,No,Baba Azmi,Naseeruddin Shah,,ZEE5,3.7695,D,,,,,,Missing/Partial
BOLLY_2020_1129_sadak_2,Sadak 2,2020,8,Action,,No,Mahesh Bhatt,Sanjay Dutt,Pooja Bhatt,"Gravitas Ventures, Fox Star Studios, Vishesh Films, Disney+ Hotstar",5.0026,C,,,52.0,70.0,hitFlop=2,High
BOLLY_2020_1130_ram_singh_charlie,Ram Singh Charlie,2020,8,Drama,,No,Nitin Kakkar,Kumud Mishra,Divya Dutta,Sony Liv,,D,,,,,,Missing/Partial
BOLLY_2020_1131_atkan_chatkan,Atkan Chatkan,2020,9,Drama,,No,Shiv Hare,,,ZEE5,,,,,,,,Missing/Partial
BOLLY_2020_1132_cargo,Cargo,2020,9,Comedy,,No,Arati Kadav,Vikrant Massey,Shweta Tripathi,Netflix,,A,,,,,,Missing/Partial
BOLLY_2020_1133_dolly_kitty_aur_woh_chamakte_sitare,Dolly Kitty Aur Woh Chamakte Sitare,2020,9,Comedy,,No,Alankrita Shrivastava,Konkona Sen Sharma,Bhumi Pednekar,"Balaji Motion Pictures, ALT Entertainment, Netflix",2.9405,D,,,6.0,,,Missing/Partial
BOLLY_2020_1134_london_confidential,London Confidential,2020,9,Thriller,,No,Kanwal Sethi,Mouni Roy,Purab Kohli,ZEE5,,D,,,,,,Missing/Partial
BOLLY_2020_1135_halahal,Halahal,2020,9,Thriller,,No,Randeep Jha,Sachin Khedekar,Barun Sobti,"Eros International, Eros Now",2.0741,D,,,,,,Missing/Partial
BOLLY_2020_1136_khaali_peeli,Khaali Peeli,2020,10,Action,,No,Maqbool Khan,Ishaan Khatter,Ananya Panday,"Zee Studios, ZEE5",,,,,15.0,20.0,hitFlop=2,High
BOLLY_2020_1137_serious_men,Serious Men,2020,10,Comedy,,No,Sudhir Mishra,Nawazuddin Siddiqui,Shweta Basu Prasad,Netflix,3.7877,D,1.6302,D,,,,Missing/Partial
BOLLY_2020_1138_bahut_hua_samman,Bahut Hua Samman,2020,10,Comedy,,No,Ashish R Shukla,Raghav Juyal,Sanjay Mishra,"Yoodlee Films, Disney+ Hotstar",,D,,,10,,,Low
BOLLY_2020_1139_ginny_weds_sunny,Ginny Weds Sunny,2020,10,Comedy,,No,Puneet Khanna,Yami Gautam,Vikrant Massey,"Soundrya Production, Netflix",,D,,,15.0,,,Missing/Partial
BOLLY_2020_1140_the_pickup_artist,The Pickup Artist,2020,3,Thriller,,No,Rohit Arora,,,Roar Picture Company,,,,,,,,Missing/Partial
BOLLY_2020_1141_comedy_couple,Comedy Couple,2020,10,Comedy,,No,Nachiket Samant,Saqib Saleem,Shweta Basu Prasad,Yoodlee Films,,,,,7.0,,,Missing/Partial
BOLLY_2020_1142_taish,Taish,2020,10,Thriller,,No,Bejoy Nambiar,Pulkit Samrat,Kriti Kharbanda,ZEE5,,C,,,,,,Missing/Partial
BOLLY_2020_1143_kaali_khuhi,Kaali Khuhi,2020,10,Horror,,No,Terrie Samundra,Shabana Azmi,Satyadeep Mishra,Netflix,1,D,,,,,,Missing/Partial
BOLLY_2020_1144_pepper_chicken,Pepper Chicken,2020,11,Thriller,,No,Ratan Sil Ram,Dipannita Sharma,,ShemarooMe,,,,,,,,Missing/Partial
BOLLY_2020_1145_laxmii,Laxmii,2020,11,Comedy,,No,Raghava Lawrence,Akshay Kumar,Kiara Advani,"Fox Star Studios, Disney+ Hotstar",6.3805,C,,,60.0,125.0,hitFlop=4,High
BOLLY_2020_1146_ludo,Ludo,2020,11,Action,,No,Anurag Basu,Abhishek Bachchan,Rajkummar Rao,"T-Series Films, Netflix",5.2079,D,5.1314,C,21.0,43.0,hitFlop=4,High
BOLLY_2020_1147_chhalaang,Chhalaang,2020,11,Comedy,,No,Hansal Mehta,Rajkummar Rao,Nushrratt Bharuccha,"T-Series Films, Ajay Devgn FFilms, Luv Films, Amazon Prime Video",3.9271,D,1.4466,D,15.0,,,Missing/Partial
BOLLY_2020_1148_sir,Sir,2020,5,Drama,,No,Rohena Gera,Tillotama Shome,,Platoon Films,,D,,,,10.833333333333334,,Low
BOLLY_2020_1149_suraj_pe_mangal_bhari,Suraj Pe Mangal Bhari,2020,11,Comedy,,No,Abhishek Sharma,Manoj Bajpayee,Diljit Dosanjh,Zee Studios,2.1847,D,,,15.0,4.32,hitFlop=1,High
BOLLY_2020_1150_anwar_ka_ajab_kissa,Anwar Ka Ajab Kissa,2020,10,Comedy,,No,Buddhadeb Dasgupta,Nawazuddin Siddiqui,Ananya Chatterjee,"Eros International, Eros Now",3.7877,D,,,,,,Missing/Partial
BOLLY_2020_1151_it_s_my_life,It's My Life,2020,,Comedy,,No,Anees Bazmee,Nana Patekar,Harman Baweja,Zee Cinema,4.0525,D,5.6076,C,10.0,,,Missing/Partial
BOLLY_2020_1152_darbaan,Darbaan,2020,12,Drama,,No,Bipin Nadkarni,Sharib Hashmi,Sharad Kelkar,ZEE5,,,,,,,,Missing/Partial
BOLLY_2020_1153_durgamati,Durgamati,2020,12,Thriller,,No,G. Ashok,Bhumi Pednekar,Arshad Warsi,"T-Series Films, Amazon Prime Video",,C,,,15.0,,,Missing/Partial
BOLLY_2020_1154_indoo_ki_jawani,Indoo Ki Jawani,2020,12,Comedy,,No,Abir Sengupta,Kiara Advani,Aditya Seal,"T-Series Films, Emmay Entertainment",,C,,,,1.52,,Low
BOLLY_2020_1155_nirvana_inn,Nirvana Inn,2020,10,Horror,,No,Vijay Jayapal,Adil Hussain,Rajshri Deshpande,Stray Factory,,,,,,,,Missing/Partial
BOLLY_2020_1156_torbaaz,Torbaaz,2020,12,Action,,No,Girish Malik,Sanjay Dutt,Nargis Fakhri,Netflix,5.0026,C,,,25.0,,,Missing/Partial
BOLLY_2020_1157_eeb_allay_ooo,Eeb Allay Ooo!,2020,10,Comedy,,No,Prateek Vats,,,NaMa Productions,,,,,,,,Missing/Partial
BOLLY_2020_1158_sayonee,Sayonee,2020,,Drama,,No,Nitin Kumar Gupta,Musskan Sethi,Rahul Roy,"Lucky Nadiadwala Morani Productions, D&T Productions Pvt. Ltd.",,,,,5.0,,,Missing/Partial
BOLLY_2020_1159_omprakash_zindabad,Omprakash Zindabad,2020,12,Drama,,No,Ranjeet Gupta,Kulbhushan Kharbanda,Jagdeep,Panorama Studios,,,,,,,,Missing/Partial
BOLLY_2020_1160_unpaused,Unpaused,2020,12,Drama,,No,Raj & D.K | Nitya Mehra | Nikkhil Advani | Tannishtha Chatterjee | Avinash Arun,Gulshan Devaiah,Sumeet Vyas,"Emmay Entertainment, Amazon Prime Video",,D,,,,,,Missing/Partial
BOLLY_2020_1161_ak_vs_ak,AK vs AK,2020,12,Comedy,,No,Vikramaditya Motwane,Anil Kapoor,Anurag Kashyap,"Andolan Films, Netflix",5.6087,C,,,,,,Missing/Partial
BOLLY_2020_1162_coolie_no_1,Coolie No. 1,2020,12,Action,,No,David Dhawan,Varun Dhawan,Sara Ali Khan,"Pooja Entertainment, Amazon Prime Video",4.74,D,4.7408,D,65.0,100.0,hitFlop=3,High
BOLLY_2020_1163_shakeela,Shakeela,2020,12,Drama,,No,Indrajit Lankesh,Richa Chadda,Pankaj Tripathi,Sammy's Magic Cinema,,D,,,7.0,0.35,hitFlop=1,High
BOLLY_2021_1164_nail_polish,Nail Polish,2021,1,Thriller,,No,Bugs Bhargava Krishna,Arjun Rampal,Manav Kaul,ZEE5,3.8011,D,,,,,,Missing/Partial
BOLLY_2021_1165_ramprasad_ki_tehrvi,Ramprasad Ki Tehrvi,2021,1,Drama,,No,Seema Pahwa,Naseeruddin Shah,Vinay Pathak,"Jio Studios, Drishyam Films",3.7695,D,,,10.0,,,Missing/Partial
BOLLY_2021_1166_kaagaz,Kaagaz,2021,1,Drama,,No,Satish Kaushik,Pankaj Tripathi,Monal Gajjar,"Salman Khan Films, ZEE5",,D,2.6808,D,,,,Missing/Partial
BOLLY_2021_1167_12_o_clock,12 'O' Clock,2021,1,Horror,,No,Ram Gopal Varma,Mithun Chakraborty,Makarand Deshpande,A Company Product,2.4335,D,3.7435,D,8.0,,,Missing/Partial
BOLLY_2021_1168_the_power,The Power,2021,1,Action,,No,Mahesh Manjrekar,Vidyut Jammwal,Shruti Haasan,"Zee Plex, Pen Studios, ZEE5",,C,1.4664,D,,,,Missing/Partial
BOLLY_2021_1169_tribhanga,Tribhanga,2021,1,Comedy,,No,Renuka Shahane,Kajol,Tanvi Azmi,"Ajay Devgn FFilms, Banijay, Netflix",7.2516,B,,,,,,Missing/Partial
BOLLY_2021_1170_jamun,Jamun,2021,,Drama,,No,Gaurav Mehra,Raghubir Yadav,Shweta Basu Prasad,Eros Now,,,,,,,,Missing/Partial
BOLLY_2021_1171_madam_chief_minister,Madam Chief Minister,2021,1,Drama,,No,Subhash Kapoor,Richa Chadda,Manav Kaul,T-Series Films,,D,,,14.0,0.05,hitFlop=1,High
BOLLY_2021_1172_maassab,Maassab,2021,1,Drama,,No,Aditya Om,,,Purushottam Studios,,,,,,,,Missing/Partial
BOLLY_2021_1173_main_mulayam_singh_yadav,Main Mulayam Singh Yadav,2021,1,Drama,,No,Suvendu Raj Ghosh,Sana Amin Sheikh,Govind Namdeo,Ms Production,,D,,,,,,Missing/Partial
BOLLY_2021_1174_lahore_confidential,Lahore Confidential,2021,2,Romance,,No,Kunal Kohli,Richa Chadha,Karishma Tanna,"JAR Pictures, ZEE5",,,4.0747,D,,,,Missing/Partial
BOLLY_2021_1175_tuesdays_and_fridays,Tuesdays and Fridays,2021,2,Comedy,,No,Taranveer Singh,Jhataleka Malhotra,Zoa Morani,"T-Series Films, Bhansali Productions",,D,,,40.0,,,Missing/Partial
BOLLY_2021_1176_the_girl_on_the_train,The Girl on the Train,2021,2,Drama,,No,Ribhu Dasgupta,Parineeti Chopra,Aditi Rao Hydari,"Reliance Entertainment, Netflix",4.9932,C,,,,,,Missing/Partial
BOLLY_2021_1177_bombay_rose,Bombay Rose,2021,3,Romance,,No,Gitanjali Rao,Anurag Kashyap,Makrand Deshpande,Netflix,,C,,,,,,Missing/Partial
BOLLY_2021_1178_roohi,Roohi,2021,3,Comedy,,No,Hardik Mehta,Rajkummar Rao,Janhvi Kapoor,"Maddock Films, Jio Studios",3.9271,D,,,2.6,30.33,hitFlop=5,High
BOLLY_2021_1179_mera_fauji_calling,Mera Fauji Calling,2021,3,Action,,No,Aaryaan Saxena,Sharman Joshi,Vikram Singh,"Running Horses Films, Ovez Productions, Causeway Media Network PVT. LTD.",3.6904,D,,,,,,Missing/Partial
BOLLY_2021_1180_time_to_dance,Time to Dance,2021,3,Drama,,No,Stanley D'Costa,Sooraj Pancholi,Waluscha De Sousa,T Films UK Limited,,,,,25.0,,,Missing/Partial
BOLLY_2021_1181_ahaan,Ahaan,2021,3,Drama,,No,Nikhil Pherwani,Arif Zakaria,Niharika Singh,Willl Finds Way Films,,D,,,,,,Missing/Partial
BOLLY_2021_1182_mumbai_saga,Mumbai Saga,2021,3,Action,,No,Sanjay Gupta,John Abraham,Emraan Hashmi,T-Series Films,7.1193,D,3.4703,D,64,22.29,hitFlop=1,High
BOLLY_2021_1183_sandeep_aur_pinky_faraar,Sandeep Aur Pinky Faraar,2021,3,Comedy,,No,Dibakar Banerjee,Arjun Kapoor,Parineeti Chopra,Yash Raj Films,6.5059,C,2.863,D,20,0.58125,hitFlop=1,High
BOLLY_2021_1184_the_wife,The Wife,2021,3,Horror,,No,Sarmad Khan,Gurmeet Choudhary,Sayani Datta,"ZEE5, Zee Studios",,,,,8.0,,,Missing/Partial
BOLLY_2021_1185_switchh,Switchh,2021,4,Action,,No,Mustufa Raj,Vikrant Massey,Tanvi Vyas,Eros Now,,A,,,,,,Missing/Partial
BOLLY_2021_1186_d_company,D Company,2021,3,Action,,No,Ram Gopal Varma,Naina Ganguly,,Spark Productions,,,3.7435,D,6.0,,,Missing/Partial
BOLLY_2021_1187_pagglait,Pagglait,2021,3,Comedy,,No,Umesh Bist,Sanya Malhotra,Shruti Sharma,"Balaji Motion Pictures, Sikhya Entertainment, Netflix",,D,,,5.5,,,Missing/Partial
BOLLY_2021_1188_saina,Saina,2021,3,Drama,,No,Amole Gupte,Parineeti Chopra,Manav Kaul,T-Series Films,4.9932,C,,,26,1.5,hitFlop=1,High
BOLLY_2021_1189_silence_can_you_hear_it,Silence... Can You Hear It?,2021,3,Drama,,No,Aban Bharucha Deohans,Manoj Bajpayee,Prachi Desai,"Zee Studios, ZEE5",2.1847,D,,,,,,Missing/Partial
BOLLY_2021_1190_flight,Flight,2021,4,Action,,No,Suraj Joshi,Mohit Chadda,Pavan Malhotra,Reliance Entertainment,,,,,7.0,,,Missing/Partial
BOLLY_2021_1191_koi_jaane_na,Koi Jaane Na,2021,4,Thriller,,No,Amin Hajee,Kunal Kapoor,Amyra Dastur,T-Series Films,2.3939,D,,,8.0,0.52,hitFlop=1,High
BOLLY_2021_1192_the_big_bull,The Big Bull,2021,4,Drama,,No,Kookie Gulati,Abhishek Bachchan,Ileana D'Cruz,"Ajay Devgn FFilms, Disney+ Hotstar",5.2079,D,,,40.0,,,Missing/Partial
BOLLY_2021_1193_hello_charlie,Hello Charlie,2021,4,Comedy,,No,Pankaj Saraswat,Jackie Shroff,Elnaaz Norouzi,"Excel Entertainment, Amazon Prime Video",2.6163,D,,,8.0,,,Missing/Partial
BOLLY_2021_1194_99_songs,99 Songs,2021,4,Romance,,No,Vishwesh Krishnamoorthy,Aditya Seal,Lisa Ray,Jio Studios,,D,,,25.0,,,Missing/Partial
BOLLY_2021_1195_ajeeb_daastaans,Ajeeb Daastaans,2021,4,Drama,,No,Shashank Khaitan | Neeraj Ghaywan | Kayoze Irani,Fatima Sana Shaikh,Jaideep Ahlawat,"Dharmatic Entertainment, Netflix",,,,,,,,Missing/Partial
BOLLY_2021_1196_raat_baaki_hai,Raat Baaki Hai,2021,4,Thriller,,No,Avinash Das,Paoli Dam,Anup Soni,ZEE5,,,,,,,,Missing/Partial
BOLLY_2021_1197_meel_patthar,Meel Patthar,2021,9,Drama,,No,Ivan Ayr,,,Netflix,,,,,,,,Missing/Partial
BOLLY_2021_1198_hum_bhi_akele_tum_bhi_akele,Hum Bhi Akele Tum Bhi Akele,2021,5,Drama,,No,Harish Vyas,Zareen Khan,Anshuman Jha,Disney+ Hotstar,,D,,,6.0,,,Missing/Partial
BOLLY_2021_1199_radhe,Radhe,2021,5,Action,,No,Prabhu Deva,Salman Khan,Disha Patani,"Salman Khan Films, Zee Studios, ZEE5, Zee Plex",9.2082,D,,,90,18.33,hitFlop=1,High
BOLLY_2021_1200_sardar_ka_grandson,Sardar Ka Grandson,2021,5,Drama,,No,Kaashvie Nair,Arjun Kapoor,Rakul Preet Singh,"T-Series Films, Emmay Entertainment, Netflix",6.5059,C,,,20.0,,,Missing/Partial
BOLLY_2021_1201_shaadisthan,Shaadisthan,2021,6,Drama,,No,Raj Singh Chaudhary,Kirti Kulhari,Medha Shankr,Disney+ Hotstar,,D,,,,,,Missing/Partial
BOLLY_2021_1202_skater_girl,Skater Girl,2021,6,Drama,,No,Manjari Makijany,Waheeda Rehman,,Netflix,,,,,,,,Missing/Partial
BOLLY_2021_1203_sherni,Sherni,2021,6,Thriller,,No,Amit V. Masurkar,Vidya Balan,Sharat Saxena,"T-Series Films, Amazon Prime Video",6.0471,C,,,12.0,,,Missing/Partial
BOLLY_2021_1204_haseen_dillruba,Haseen Dillruba,2021,7,Comedy,,No,Vinil Mathew,Taapsee Pannu,Vikrant Massey,"T-Series Films, Colour Yellow Productions, Eros International, Netflix",,B,,,18.0,,,Missing/Partial
BOLLY_2021_1205_collar_bomb,Collar Bomb,2021,7,Action,,No,Dnyanesh Zoting,Jimmy Sheirgill,Asha Negi,"Yoodlee Films, Disney+ Hotstar",,D,,,,,,Missing/Partial
BOLLY_2021_1206_toofaan,Toofaan,2021,7,Drama,,No,Rakeysh Omprakash Mehra,Farhan Akhtar,Paresh Rawal,"Excel Entertainment, ROMP Pictures, Amazon Prime Video",6.6258,D,4.5105,D,15.0,,,Missing/Partial
BOLLY_2021_1207_14_phere,14 Phere,2021,7,Comedy,,No,Devanshu Singh,Vikrant Massey,Kriti Kharbanda,"Zee Studios, ZEE5",,A,,,15.0,,,Missing/Partial
BOLLY_2021_1208_hungama_2,Hungama 2,2021,7,Comedy,,No,Priyadarshan,Paresh Rawal,Shilpa Shetty,"Venus Worldwide Entertainment, Disney+ Hotstar",3.7967,D,3.8472,D,30.0,45.0,hitFlop=3,High
BOLLY_2021_1209_mimi,Mimi,2021,7,Comedy,,No,Laxman Utekar,Kriti Sanon,Pankaj Tripathi,"Maddock Originals, Netflix, JioCinema",,C,,,25.0,,,Missing/Partial
BOLLY_2021_1210_dial_100,Dial 100,2021,8,Thriller,,No,Rensil D'Silva,Manoj Bajpayee,Neena Gupta,"Sony Pictures Films India, ZEE5",2.1847,D,,,25.0,,,Missing/Partial
BOLLY_2021_1211_shershaah,Shershaah,2021,8,Action,,No,Vishnuvardhan,Sidharth Malhotra,Kiara Advani,"Dharma Productions, Amazon Prime Video",,C,,,55.0,136.0,hitFlop=4,High
BOLLY_2021_1212_bell_bottom,Bell Bottom,2021,8,Action,,No,Ranjit M Tewari,Akshay Kumar,Vaani Kapoor,"Pooja Entertainment, Emmay Entertainment",6.3805,C,,,150,50.58,hitFlop=1,High
BOLLY_2021_1213_200_halla_ho,200 – Halla Ho,2021,8,Thriller,,No,Sarthak Dasgupta,Amol Palekar,Barun Sobti,"Saregama, Yoodlee Films, ZEE5",,,,,,,,Missing/Partial
BOLLY_2021_1214_chehre,Chehre,2021,8,Drama,,No,Rumi Jafry,Amitabh Bachchan,Emraan Hashmi,"Anand Pandit Motion Pictures, Saraswati Entertainment, Jannock Films",7.0113,B,,,25,8.26,hitFlop=1,High
BOLLY_2021_1215_helmet,Helmet,2021,9,Comedy,,No,Satramm Ramani,Aparshakti Khurana,Abhishek Banerjee,"Sony Pictures Networks Productions, ZEE5",,,,,10.0,,,Missing/Partial
BOLLY_2021_1216_faactory,Faactory,2021,,Drama,,No,Faisal Khan,Rajkumar Kanojia,,M S Films and Productions,,,,,1.0,0.04,hitFlop=1,High
BOLLY_2021_1217_bhoot_police,Bhoot Police,2021,9,Comedy,,No,Pavan Kirpalani,Saif Ali Khan,Arjun Kapoor,"Tips Industries, Disney+ Hotstar",5.7211,A,,,40,60.0,hitFlop=3,High
BOLLY_2021_1218_kya_meri_sonam_gupta_bewafa_hai,Kya Meri Sonam Gupta Bewafa Hai?,2021,9,Comedy,,No,Ssaurabh Tyagi,Jassie Gill,Surbhi Jyoti,"Pen Studios, ZEE5",,,,,6.0,,,Missing/Partial
BOLLY_2021_1219_thalaivii,Thalaivii,2021,9,Drama,,No,A. L. Vijay,Kangana Ranaut,Arvind Swami,Zee Studios,4.3605,D,,,100,4.98,hitFlop=1,High
BOLLY_2021_1220_urf_ghanta,Urf Ghanta,2021,9,Comedy,,No,Aayush Saxena,Ravi Kishan,,ShemarooMe,2.1644,D,,,,,,Missing/Partial
BOLLY_2021_1221_ankahi_kahaniya,Ankahi Kahaniya,2021,9,Drama,,No,Ashwiny Iyer Tiwari | Abhishek Chaubey | Saket Chaudhary,Abhishek Banerjee,Rinku Rajguru,"RSVP Movies, Earthsky Pictures, Netflix",,,,,,,,Missing/Partial
BOLLY_2021_1222_haathi_mere_saathi,Haathi Mere Saathi,2021,3,Action,,No,Prabhu Solomon,Rana Daggubati,Pulkit Samrat,"Eros International, Eros Now",,B,,,25.0,,,Missing/Partial
BOLLY_2021_1223_shiddat,Shiddat,2021,10,Drama,,No,Kunal Deshmukh,Sunny Kaushal,Radhika Madan,"T-Series Films, Maddock Films, Disney+ Hotstar",,,4.1021,D,15.0,,,Missing/Partial
BOLLY_2021_1224_sumeru,Sumeru,2021,10,Drama,,No,Avinash Dhyani,Avinash Dhyani,Shagufta Ali,Padmasiddhi Films,,,,,,,,Missing/Partial
BOLLY_2021_1225_rashmi_rocket,Rashmi Rocket,2021,10,Drama,,No,Akarsh Khurana,Taapsee Pannu,Priyanshu Painyuli,"RSVP Movies, ZEE5",,B,,,11.0,,,Missing/Partial
BOLLY_2021_1226_sanak,Sanak,2021,10,Action,,No,Kanishk Varma,Vidyut Jammwal,Rukmini Maitra,"Zee Studios, Disney+ Hotstar",,,,,20.0,,,Missing/Partial
BOLLY_2021_1227_sardar_udham,Sardar Udham,2021,10,Action,,No,Shoojit Sircar,Vicky Kaushal,Banita Sandhu,"Rising Sun Films, Amazon Prime Video",,D,3.8135,D,30.0,,,Missing/Partial
BOLLY_2021_1228_bhavai,Bhavai,2021,10,Romance,,No,Hardik Gajjar,Pratik Gandhi,Aindrita Ray,Pen Studios,,D,,,9.0,0.57,hitFlop=1,High
BOLLY_2021_1229_babloo_bachelor,Babloo Bachelor,2021,10,Drama,,No,Agnidev Chatterjee,Sharman Joshi,Pooja Chopra,Rafat Films,3.6904,D,,,10.0,,,Missing/Partial
BOLLY_2021_1230_aafat_e_ishq,Aafat-E-Ishq,2021,10,Comedy,,No,Indrajit Nattoji,Neha Sharma,Deepak Dobriyal,"Zee Studios, ZEE5",1.3345,D,,,,,,Missing/Partial
BOLLY_2021_1231_dybbuk,Dybbuk,2021,10,Thriller,,No,Jay K,Emraan Hashmi,Nikita Dutta,"T-Series Films, Panorama Studios, Amazon Prime Video",4.721,D,,,15.0,,,Missing/Partial
BOLLY_2021_1232_hum_do_hamare_do,Hum Do Hamare Do,2021,10,Comedy,,No,Abhishek Jain,Rajkummar Rao,Kriti Sanon,"Maddock Films, Disney+ Hotstar",3.9271,D,,,25.0,,,Missing/Partial
BOLLY_2021_1233_meenakshi_sundareshwar,Meenakshi Sundareshwar,2021,11,Comedy,,No,Vivek Soni,Abhimanyu Dassani,Sanya Malhotra,"Dharmatic Entertainment, Netflix",,D,,,10.0,,,Missing/Partial
BOLLY_2021_1234_sooryavanshi,Sooryavanshi,2021,11,Action,,No,Rohit Shetty,Akshay Kumar,Katrina Kaif,"Reliance Entertainment, Dharma Productions, Cape of Good Films, Rohit Shetty Picturez",6.3805,C,6.8376,C,160,294.91,hitFlop=3,High
BOLLY_2021_1235_squad,Squad,2021,11,Action,,No,Nilesh Sahay,Pooja Batra,Mohan Kapoor,"Zee Studios, ZEE5",,,,,,,,Missing/Partial
BOLLY_2021_1236_bunty_aur_babli_2,Bunty Aur Babli 2,2021,11,Comedy,,No,Varun V. Sharma,Saif Ali Khan,Rani Mukerji,Yash Raj Films,5.7211,A,,,45,22.12,hitFlop=1,High
BOLLY_2021_1237_dhamaka,Dhamaka,2021,11,Action,,No,Ram Madhvani,Kartik Aaryan,Mrunal Thakur,"RSVP Movies, Lotte Entertainment, Globalgate Entertainment, Lionsgate, Netflix",,B,,,40.0,,,Missing/Partial
BOLLY_2021_1238_satyameva_jayate_2,Satyameva Jayate 2,2021,11,Action,,No,Milap Zaveri,John Abraham,Divya Khosla Kumar,"T-Series Films, Emmay Entertainment",7.1193,D,,,95,17.29,hitFlop=1,High
BOLLY_2021_1239_chhorii,Chhorii,2021,11,Thriller,,No,Vishal Furia,Nushrratt Bharuccha,,"T-Series Films, Crypt TV, Amazon Prime Video",,,,,15.0,,,Missing/Partial
BOLLY_2021_1240_tadap,Tadap,2021,12,Action,,No,Milan Luthria,Tara Sutaria,,"Fox Star Studios, Nadiadwala Grandson Entertainment",,,3.6283,D,27,34.86,hitFlop=2,High
BOLLY_2021_1241_bob_biswas,Bob Biswas,2021,12,Action,,No,Diya Annapurna Ghosh,Abhishek Bachchan,Chitrangada Singh,"Red Chillies Entertainment, ZEE5",5.2079,D,,,18.0,,,Missing/Partial
BOLLY_2021_1242_chandigarh_kare_aashiqui,Chandigarh Kare Aashiqui,2021,12,Drama,,No,Abhishek Kapoor,Ayushmann Khurrana,Vaani Kapoor,T-Series Films,,D,4.0376,D,40,41.23,hitFlop=2,High
BOLLY_2021_1243_velle,Velle,2021,12,Comedy,,No,Deven Munjal,Abhay Deol,Mouni Roy,Ajay Devgn FFilms,2.5106,D,,,12,19.36,hitFlop=3,High
BOLLY_2021_1244_code_name_abdul,Code Name Abdul,2021,12,Thriller,,No,Eshwar Gunturu,Tanishaa Mukerji,,"Avantika Productions, Mise en Scene Films",,,,,,,,Missing/Partial
BOLLY_2021_1245_420_ipc,420 IPC,2021,,Drama,,No,Manish Gupta,Vinay Pathak,Ranvir Shorey,"Zee Studios, ZEE5",3.1247,D,,,10.0,,,Missing/Partial
BOLLY_2021_1246_83,83,2021,12,Drama,,No,Kabir Khan,Ranveer Singh,Deepika Padukone,"Nadiadwala Grandson Entertainment, Reliance Entertainment, Phantom Films",6.0024,C,6.8237,C,225,193.73,hitFlop=1,High
BOLLY_2021_1247_atrangi_re,Atrangi Re,2021,12,Drama,,No,Aanand L. Rai,Dhanush,Sara Ali Khan,"T-Series Films, Colour Yellow Productions, Cape of Good Films, Disney+ Hotstar",,B,,,60.0,,,Missing/Partial
BOLLY_2021_1248_murder_at_teesri_manzil_302,Murder at Teesri Manzil 302,2021,12,Thriller,,No,Navneet Baj Saini,Irrfan Khan,Ranvir Shorey,ZEE5,2.9178,D,,,,,,Missing/Partial
BOLLY_2021_1249_waah_zindagi,Waah Zindagi,2021,12,Comedy,,No,Dinesh S Yadav,Naveen Kasturia,Plabita Borthakur,ZEE5,,,,,,,,Missing/Partial
BOLLY_2022_1250_36_farmhouse,36 Farmhouse,2022,1,Comedy,,No,Ram Ramesh Sharm,Vijay Raaz,Sanjay Mishra,"Mukta Arts, ZEE5",1.7737,D,,,,,,Missing/Partial
BOLLY_2022_1251_hai_tujhe_salaam_india,Hai Tujhe Salaam India,2022,1,Drama,,No,Avanish  Kumar,Aarya Babbar,Ajaz Khan,Redwood Productions,,D,,,,,,Missing/Partial
BOLLY_2022_1252_looop_lapeta,Looop Lapeta,2022,2,Action,,No,Aakash Bhatia,Taapsee Pannu,Tahir Raj Bhasin,"Sony Pictures India, Netflix",,B,,,,,,Missing/Partial
BOLLY_2022_1253_gehraiyaan,Gehraiyaan,2022,2,Drama,,No,Shakun Batra,Deepika Padukone,Siddhant Chaturvedi,"Viacom18 Studios, Dharma Productions, Amazon Prime Video",8.6272,C,,,,,,Missing/Partial
BOLLY_2022_1254_badhaai_do,Badhaai Do,2022,2,Comedy,,No,Harshavardhan Kulkarni,Rajkummar Rao,Bhumi Pednekar,Junglee Pictures,3.9271,D,,,25,28.33,hitFlop=2,High
BOLLY_2022_1255_a_thursday,A Thursday,2022,2,Action,,No,Behzad Khambata,Yami Gautam,Neha Dhupia,"RSVP Movies, Disney+ Hotstar",,D,,,,,,Missing/Partial
BOLLY_2022_1256_gangubai_kathiawadi,Gangubai Kathiawadi,2022,2,Drama,,No,Sanjay Leela Bhansali,Alia Bhatt,Ajay Devgn,Pen Studios,6.9416,C,4.922,D,100,209.77,hitFlop=4,High
BOLLY_2022_1257_love_hostel,Love Hostel,2022,2,Romance,,No,Shanker Raman,Sanya Malhotra,Vikrant Massey,"Red Chillies Entertainment, Drishyam Films, ZEE5",,D,,,,,,Missing/Partial
BOLLY_2022_1258_jhund,Jhund,2022,3,Social,,No,Nagraj Manjule,Amitabh Bachchan,Akash Thosar,T-Series Films,7.0113,B,,,22,15.16,hitFlop=1,High
BOLLY_2022_1259_toolsidas_junior,Toolsidas Junior,2022,3,Drama,,No,Mridul,Sanjay Dutt,Rajiv Kapoor,T-Series Films,5.0026,C,,,,,,Missing/Partial
BOLLY_2022_1260_radhe_shyam,Radhe Shyam,2022,3,Drama,,No,Radha Krishna Kumar,Prabhas,Pooja Hegde,T-Series Films,,B,,,200,140,hitFlop=1,High
BOLLY_2022_1261_the_kashmir_files,The Kashmir Files,2022,3,Drama,,No,Vivek Agnihotri,Mithun Chakraborty,Anupam Kher,Zee Studios,2.4335,D,,,15,340.92,hitFlop=5,High
BOLLY_2022_1262_bachchhan_paandey,Bachchhan Paandey,2022,3,Action,,No,Farhad Samji,Akshay Kumar,Kriti Sanon,Nadiadwala Grandson Entertainment,6.3805,C,,,130,73.17,hitFlop=1,High
BOLLY_2022_1263_jalsa,Jalsa,2022,3,Drama,,No,Suresh Triveni,Vidya Balan,Shefali Shah,"T-Series Films, Amazon Prime Video",6.0471,C,,,,,,Missing/Partial
BOLLY_2022_1264_sharmaji_namkeen,Sharmaji Namkeen,2022,3,Comedy,,No,Hitesh Bhatia,Rishi Kapoor,Paresh Rawal,"Excel Entertainment, Amazon Prime Video",4.4084,B,,,,,,Missing/Partial
BOLLY_2022_1265_kaun_pravin_tambe,Kaun Pravin Tambe?,2022,4,Drama,,No,Jayprad Desai,Shreyas Talpade,,"Fox Star Studios, Disney+ Hotstar",2.8077,D,,,,,,Missing/Partial
BOLLY_2022_1266_cobalt_blue,Cobalt Blue,2022,4,Drama,,No,Sachin Kundalkar,Prateik Babbar,Neil Bhoopalam,Netflix,,C,,,,,,Missing/Partial
BOLLY_2022_1267_dasvi,Dasvi,2022,4,Comedy,,No,Tushar Jalota,Abhishek Bachchan,Yami Gautam,"Jio Studios, Maddock Films, Netflix, JioCinema",5.2079,D,,,,,,Missing/Partial
BOLLY_2022_1268_hurdang,Hurdang,2022,4,Drama,,No,Nikhil Nagesh Bhat,Sunny Kaushal,Nushrratt Bharuccha,T-Series Films,,,,,,,,Missing/Partial
BOLLY_2022_1269_jersey,Jersey,2022,4,Drama,,No,Gowtam Tinnanuri,Shahid Kapoor,Mrunal Thakur,"Allu Entertainment, Dil Raju Production, Sithara Entertainments",5.7659,C,,,80,27.9,hitFlop=1,High
BOLLY_2022_1270_operation_romeo,Operation Romeo,2022,4,Romance,,No,Shashant Shah,Sidhant Gupta,Sharad Kelkar,"Reliance Entertainment, Plan C Studios",,,1.6956,D,,,,Missing/Partial
BOLLY_2022_1271_runway_34,Runway 34,2022,4,Thriller,,No,Ajay Devgn,Amitabh Bachchan,Ajay Devgn,Ajay Devgn FFilms,7.0113,B,,,100,53.77,hitFlop=1,High
BOLLY_2022_1272_heropanti_2,Heropanti 2,2022,4,Action,,No,Ahmed Khan,Tiger Shroff,Nawazuddin Siddiqui,Nadiadwala Grandson Entertainment,,B,,,70,35.13,hitFlop=1,High
BOLLY_2022_1273_mere_desh_ki_dharti,Mere Desh Ki Dharti,2022,1,Drama,,No,Faraz Haider,Divyenndu,Anupriya Goenka,Carnival Motion Pictures,,,,,,,,Missing/Partial
BOLLY_2022_1274_thar,Thar,2022,5,Action,,No,Raj Singh Chaudhary,Anil Kapoor,Harshvardhan Kapoor,Netflix,5.6087,C,,,,,,Missing/Partial
BOLLY_2022_1275_jayeshbhai_jordaar,Jayeshbhai Jordaar,2022,5,Comedy,,No,Divyang Thakkar,Ranveer Singh,Shalini Pandey,Yash Raj Films,6.0024,C,,,85,26.31,hitFlop=1,High
BOLLY_2022_1276_bhool_bhulaiyaa_2,Bhool Bhulaiyaa 2,2022,5,Comedy,,No,Anees Bazmee,Kartik Aaryan,Tabu,T-Series Films,,C,5.6076,C,65,266.88,hitFlop=5,High
BOLLY_2022_1277_dhaakad,Dhaakad,2022,5,Action,,No,Razy Ghai,Kangana Ranaut,Arjun Rampal,"Soham Rockstar Entertainment, Sohel Maklai Productions, Asylum Films",4.3605,D,,,85,3.77,hitFlop=1,High
BOLLY_2022_1278_anek,Anek,2022,5,Action,,No,Anubhav Sinha,Ayushmann Khurrana,,"T-Series Films, Benaras Media Works",,D,3.0566,D,40,11.1,hitFlop=1,High
BOLLY_2022_1279_love_in_ukraine,Love In Ukraine,2022,,Drama,,No,Nitin Kumar Gupta,Vipin Kaushik,Anastasia,"Neole Films, Kamal Entertainment",,,,,,,,Missing/Partial
BOLLY_2022_1280_dehati_disco,Dehati Disco,2022,5,Drama,,No,Manoj Sharma,Ganesh Acharya,Ravi Kishan,Panorama Studios,,D,,,,0.1,,Low
BOLLY_2022_1281_haemolymph,Haemolymph,2022,5,Drama,,No,Sudarshan Gamare,,,"Ticket Bari Productions, AB Films Entertainment, Adiman Films, ND9 Studios",,,,,,,,Missing/Partial
BOLLY_2022_1282_samrat_prithviraj,Samrat Prithviraj,2022,6,Action,,No,Chandraprakash Dwivedi,Akshay Kumar,Sanjay Dutt,Yash Raj Films,6.3805,C,,,150,90.32,hitFlop=1,High
BOLLY_2022_1283_major,Major,2022,5,Action,,No,Sashi Kiran Tikka,Adivi Sesh,Sobhita Dhulipala,"Sony Pictures India, G. Mahesh Babu Entertainment",,C,,,32,64,hitFlop=4,High
BOLLY_2022_1284_janhit_mein_jaari,Janhit Mein Jaari,2022,6,Comedy,,No,Jai Basantu Singh,Nushrratt Bharuccha,,"Bhanushali Studios, Think Ink Picturez, Shree Raghav Entertainment, Take 9 Entertainment",,,,,12,5.12,hitFlop=1,High
BOLLY_2022_1285_ardh,Ardh,2022,6,Drama,,No,Palash Muchhal,Rajpal Yadav,Rubina Dilaik,ZEE5,2.3783,D,,,,,,Missing/Partial
BOLLY_2022_1286_nikamma,Nikamma,2022,6,Action,,No,Sabbir Khan,Abhimanyu Dassani,Shirley Setia,Sony Pictures India,,,,,22,1.77,hitFlop=1,High
BOLLY_2022_1287_jugjugg_jeeyo,Jugjugg Jeeyo,2022,6,Comedy,,No,Raj Mehta,Anil Kapoor,Neetu Kapoor,"Viacom18 Studios, Dharma Productions",5.6087,C,,,120,140.13,hitFlop=2,High
BOLLY_2022_1288_forensic,Forensic,2022,6,Thriller,,No,Vishal Furia,Vikrant Massey,Radhika Apte,ZEE5,,A,,,,,,Missing/Partial
BOLLY_2022_1289_rashtra_kavach_om,Rashtra Kavach Om,2022,7,Action,,No,Kapil Verma,Aditya Roy Kapur,Sanjana Sanghi,Zee Studios,,C,,,,9.01,,Low
BOLLY_2022_1290_jaadugar,Jaadugar,2022,7,Drama,,No,Sameer Saxena,Jitendra Kumar,Jaaved Jaaferi,Netflix,,,,,,,,Missing/Partial
BOLLY_2022_1291_judaa_hoke_bhi,Judaa Hoke Bhi,2022,7,Romance,,No,Vikram Bhatt,Akshay Oberoi,Aindrita Ray,K Sera Sera Box Office,,D,2.9028,D,,0.25,,Low
BOLLY_2022_1292_shabaash_mithu,Shabaash Mithu,2022,7,Drama,,No,Srijit Mukherji,Taapsee Pannu,,Viacom18 Studios,,B,,,48,2.89,hitFlop=1,High
BOLLY_2022_1293_rk_rkay,RK/RKay,2022,5,Comedy,,No,Rajat Kapoor,Rajat Kapoor,Mallika Sherawat,"Nflicks, Mithya Talkies, Priyanshi Films",2.737,D,2.0954,D,,,,Missing/Partial
BOLLY_2022_1294_shamshera,Shamshera,2022,7,Action,,No,Karan Malhotra,Ranbir Kapoor,Sanjay Dutt,Yash Raj Films,7.6986,B,,,150,63.58,hitFlop=1,High
BOLLY_2022_1295_ek_villain_returns,Ek Villain Returns,2022,7,Action,,No,Mohit Suri,John Abraham,Arjun Kapoor,"T-Series Films, Balaji Motion Pictures",7.1193,D,4.931,D,80,68.64,hitFlop=1,High
BOLLY_2022_1296_good_luck_jerry,Good Luck Jerry,2022,7,Comedy,,No,Sidharth Sengupta,Janhvi Kapoor,Deepak Dobriyal,"Lyca Productions, Mahaveer Jain Films, Colour Yellow Productions, Disney+ Hotstar",,D,,,,,,Missing/Partial
BOLLY_2022_1297_odd_couple,Odd Couple,2022,8,Comedy,,No,Prashant Johari,Divyenndu,Suchitra Krishnamoorthi,Amazon Prime Video,,C,,,,,,Missing/Partial
BOLLY_2022_1298_darlings,Darlings,2022,8,Comedy,,No,Jasmeet K Reen,Alia Bhatt,Shefali Shah,"Red Chillies Entertainment, Netflix",6.9416,C,,,,,,Missing/Partial
BOLLY_2022_1299_laal_singh_chaddha,Laal Singh Chaddha,2022,8,Comedy,,No,Advait Chandan,Aamir Khan,Kareena Kapoor,"Paramount Pictures, Viacom18 Studios",10,A,,,180,130,hitFlop=1,High
BOLLY_2022_1300_raksha_bandhan,Raksha Bandhan,2022,8,Comedy,,No,Aanand L. Rai,Akshay Kumar,Bhumi Pednekar,"Zee Studios, Colour Yellow Productions, Cape of Good Films",6.3805,C,,,70,61.61,hitFlop=1,High
BOLLY_2022_1301_dobaaraa,Dobaaraa,2022,6,Drama,,No,Anurag Kashyap,Taapsee Pannu,Pavail Gulati,Balaji Motion Pictures,,B,3.0408,D,30,6.77,hitFlop=1,High
BOLLY_2022_1302_liger,Liger,2022,8,Action,,No,Puri Jagannadh,Vijay Deverakonda,Ananya Pandey,Dharma Productions,,,,,125,60.8,hitFlop=1,High
BOLLY_2022_1303_holy_cow,Holy Cow,2022,8,Comedy,,No,Sai Kabir,Sanjay Mishra,Tigmanshu Dhulia,K Sera Sera Box Office,2.494,D,,,,,,Missing/Partial
BOLLY_2022_1304_cuttputlli,Cuttputlli,2022,9,Thriller,,No,Ranjit M Tewari,Akshay Kumar,Rakul Preet Singh,"Pooja Entertainment, Disney+Hotstar",6.3805,C,,,150,,,Low
BOLLY_2022_1305_jahaan_chaar_yaar,Jahaan Chaar Yaar,2022,9,Comedy,,No,Kamal Pandey,Swara Bhasker,Meher Vij,Pen Marudhar,,,,,,,,Missing/Partial
BOLLY_2022_1306_jogi,Jogi,2022,9,Drama,,No,Ali Abbas Zafar,Diljit Dosanjh,Kumud Mishra,"AAZ Films, Netflix",,C,,,,,,Missing/Partial
BOLLY_2022_1307_matto_ki_saikil,Matto Ki Saikil,2022,9,Drama,,No,M. Gani,Prakash Jha,,"Prakash Jha Productions, Shivdeva Films",,B,,,,,,Missing/Partial
BOLLY_2022_1308_middle_class_love,Middle Class Love,2022,9,Comedy,,No,Rantnaa Sinha,Kavya Thapar,Eisha Singh,"Zee Studios, Benaras Media Works",,,,,,,,Missing/Partial
BOLLY_2022_1309_saroj_ka_rishta,Saroj Ka Rishta,2022,9,Comedy,,No,Abhishek Saxena,Kumud Mishra,Gaurav Pandey,"Kapoor Films, Aena Productions, Ambi Abhi Productions, Garg Films",,,,,,,,Missing/Partial
BOLLY_2022_1310_siya,Siya,2022,9,Drama,,No,Manish Mundra,Viineet Kumar Singh,,"Drishyam Films, Panorama Studios",,,,,,,,Missing/Partial
BOLLY_2022_1311_atithi_bhooto_bhava,Atithi Bhooto Bhava,2022,9,Comedy,,No,Hardik Gajjar,Jackie Shroff,Pratik Gandhi,"Pen Studios, ZEE5",2.6163,D,,,,,,Missing/Partial
BOLLY_2022_1312_babli_bouncer,Babli Bouncer,2022,9,Drama,,No,Madhur Bhandarkar,Tamannaah,,"Star Studios, Junglee Pictures, Disney+ Hotstar",,,3.2787,D,,,,Missing/Partial
BOLLY_2022_1313_ishq_pashmina,Ishq Pashmina,2022,9,Drama,,No,Arvind Pandey,Zarina Wahab,,Panorama Studios,,,,,,,,Missing/Partial
BOLLY_2022_1314_plan_a_plan_b,Plan A Plan B,2022,9,Comedy,,No,Shashanka Ghosh,Riteish Deshmukh,Tamannaah,Netflix,,,1.5653,D,,,,Missing/Partial
BOLLY_2022_1315_vikram_vedha,Vikram Vedha,2022,9,Action,,No,Pushkar–Gayathri,Saif Ali Khan,Hrithik Roshan,"T-Series Films, Reliance Entertainment, YNOT Studios",5.7211,A,,,100,135.03,hitFlop=2,High
BOLLY_2022_1316_maja_ma,Maja Ma,2022,10,Drama,,No,Anand Tiwari,Madhuri Dixit,Gajraj Rao,Amazon Prime Video,4.8334,C,,,,,,Missing/Partial
BOLLY_2022_1317_goodbye,Goodbye,2022,10,Comedy,,No,Vikas Bahl,Amitabh Bachchan,Neena Gupta,Balaji Motion Pictures,7.0113,B,,,,9.66,,Low
BOLLY_2022_1318_nazar_andaaz,Nazar Andaaz,2022,10,Comedy,,No,Vikrant Deshmukh,Kumud Mishra,Divya Dutta,T-Series Films,,D,,,,,,Missing/Partial
BOLLY_2022_1319_doctor_g,Doctor G,2022,10,Comedy,,No,Anubhuti Kashyap,Ayushmann Khurrana,Rakul Preet Singh,Junglee Pictures,,D,,,,,,Missing/Partial
BOLLY_2022_1320_ram_setu,Ram Setu,2022,10,Action,,No,Abhishek Sharma,Akshay Kumar,Jacqueline Fernandez,"Amazon Prime Video, Cape of Good Films, Lyca Productions",6.3805,C,,,150,92.94,hitFlop=1,High
BOLLY_2022_1321_thank_god,Thank God,2022,10,Comedy,,No,Indra Kumar,Ajay Devgn,Sidharth Malhotra,T-Series Films,6.8713,C,4.1206,D,100,48.92,hitFlop=1,High
BOLLY_2022_1322_tara_vs_bilal,Tara Vs Bilal,2022,10,Comedy,,No,Samar Iqbal,Harshvardhan Rane,,T-Series Films,,,,,,,,Missing/Partial
BOLLY_2022_1323_phone_bhoot,Phone Bhoot,2022,11,Comedy,,No,Gurmmeet Singh,Katrina Kaif,Ishaan Khatter,Excel Entertainment,8.9485,C,,,45,18.73,hitFlop=1,High
BOLLY_2022_1324_double_xl,Double XL,2022,11,Comedy,,No,Satramm Ramani,Sonakshi Sinha,Huma Qureshi,T-Series Films,6.9519,A,,,,1.12,,Low
BOLLY_2022_1325_mili,Mili,2022,11,Thriller,,No,Mathukutty Xavier,Janhvi Kapoor,Manoj Pahwa,Zee Studios,,,,,,,,Missing/Partial
BOLLY_2022_1326_tadka,Tadka,2022,11,Drama,,No,Prakash Raj,Nana Patekar,Shriya Saran,ZEE5,4.0525,D,,,,,,Missing/Partial
BOLLY_2022_1327_rocket_gang,Rocket Gang,2022,11,Comedy,,No,Bosco Martis,Aditya Seal,Nikita Dutta,Zee Studios,,D,,,,,,Missing/Partial
BOLLY_2022_1328_uunchai,Uunchai,2022,11,Drama,,No,Sooraj Barjatya,Amitabh Bachchan,Anupam Kher,"Rajshri Productions, Mahaveer Jain Films",7.0113,B,,,,48.99,,Low
BOLLY_2022_1329_monica_o_my_darling,"Monica, O My Darling",2022,11,Comedy,,No,Vasan Bala,Rajkummar Rao,Huma Qureshi,Netflix,3.9271,D,,,,,,Missing/Partial
BOLLY_2022_1330_drishyam_2,Drishyam 2,2022,11,Drama,,No,Abhishek Pathak,Ajay Devgn,Akshaye Khanna,"T-Series Films, Viacom18 Studios, Panorama Studios",6.8713,C,,,50,345,hitFlop=5,High
BOLLY_2022_1331_mister_mummy,Mister Mummy,2022,11,Comedy,,No,Shaad Ali,Riteish Deshmukh,Genelia Deshmukh,T-Series Films,,,5.2612,C,,,,Missing/Partial
BOLLY_2022_1332_bhediya,Bhediya,2022,11,Comedy,,No,Amar Kaushik,Varun Dhawan,Kriti Sanon,Maddock Films,4.74,D,,,60,89.97,hitFlop=2,High
BOLLY_2022_1333_qala,Qala,2022,12,Drama,,No,Anvita Dutt,Tripti Dimri,Swastika Mukherjee,"Clean Slate Filmz, Netflix",,,,,,,,Missing/Partial
BOLLY_2022_1334_an_action_hero,An Action Hero,2022,12,Action,,No,Anirudh Iyer,Ayushmann Khurrana,Jaideep Ahlawat,"T-Series Films, Colour Yellow Productions",,D,,,,,,Missing/Partial
BOLLY_2022_1335_freddy,Freddy,2022,12,Romance,,No,Shashanka Ghosh,Kartik Aaryan,Alaya F,"Balaji Motion Pictures, Disney+ Hotstar",,,1.5653,D,,,,Missing/Partial
BOLLY_2022_1336_india_lockdown,India Lockdown,2022,12,Drama,,No,Madhur Bhandarkar,Shweta Basu Prasad,Aahana Kumra,"Pen Studios, ZEE5",,,3.2787,D,,,,Missing/Partial
BOLLY_2022_1337_salaam_venky,Salaam Venky,2022,12,Drama,,No,Revathi,Kajol,Vishal Jethwa,"Sony Pictures Releasing International India, Zee Studios",7.2516,B,,,,1.99,,Low
BOLLY_2022_1338_vadh,Vadh,2022,12,Thriller,,No,Jaspal Singh Sandhu,Sanjay Mishra,Neena Gupta,Luv Films,2.494,D,,,,,hitFlop=1,Missing/Partial
BOLLY_2022_1339_maarrich,Maarrich,2022,12,Thriller,,No,Dhruv Lather,Tusshar Kapoor,Naseeruddin Shah,"Tusshar Entertainment House, NH Studioz",3.8353,D,,,,,,Missing/Partial
BOLLY_2022_1340_blurr,Blurr,2022,12,Thriller,,No,Ajay Bahl,Taapsee Pannu,Gulshan Devaiah,"Zee Studios, ZEE5",,B,,,,,,Missing/Partial
BOLLY_2022_1341_govinda_naam_mera,Govinda Naam Mera,2022,12,Comedy,,No,Shashank Khaitan,Vicky Kaushal,Kiara Advani,"Viacom18 Studios, Dharma Productions",,D,,,,,,Missing/Partial
BOLLY_2022_1342_ajay_wardhan,Ajay Wardhan,2022,12,Drama,,No,Pragati Agarwal,Ruslaan Mumtaz,Arjumman Mughal,"Dushyant Corporation, Prasidh Eklavaya Entertainment",,,,,,,,Missing/Partial
BOLLY_2022_1343_trahimam,Trahimam,2022,12,Drama,,No,Dushyant Pratap Singh,Arshi Khan,Pankaj Berry,Dushyant Corporation,,D,,,,,,Missing/Partial
BOLLY_2022_1344_cirkus,Cirkus,2022,12,Comedy,,No,Rohit Shetty,Ranveer Singh,Pooja Hegde,"T-Series Films, Reliance Entertainment",6.0024,C,6.8376,C,150,61.47,hitFlop=1,High
BOLLY_2022_1345_dedh_lakh_ka_dulha,Dedh Lakh Ka Dulha,2022,12,Comedy,,No,Abhay Pratap Singh,Akhilendra Mishra,Ishtiyak Khan,KK Films Creations,,,,,,,,Missing/Partial
BOLLY_2023_1346_kuttey,Kuttey,2023,1,Action,,No,Aasmaan Bhardwaj,Arjun Kapoor,Tabu,"T-Series Films, Luv Films",6.5059,C,,,80,4.65,hitFlop=1,High
BOLLY_2023_1347_lakadbaggha,Lakadbaggha,2023,12,Action,,No,Victor Mukherjee,Anshuman Jha,Riddhi Dogra,First Ray Films,,D,,,,,,Missing/Partial
BOLLY_2023_1348_mission_majnu,Mission Majnu,2023,1,Action,,No,Shantanu Bagchi,Sidharth Malhotra,Rashmika Mandanna,"RSVP Movies, Netflix",,C,,,,,,Missing/Partial
BOLLY_2023_1349_chhatriwali,Chhatriwali,2023,1,Comedy,,No,Tejas Deoskar,Rakul Preet Singh,Sumeet Vyas,"RSVP Movies, ZEE5",,C,,,,,,Missing/Partial
BOLLY_2023_1350_pathaan,Pathaan,2023,1,Action,,No,Siddharth Anand,Shah Rukh Khan,John Abraham,Yash Raj Films,9.2267,A,5.6148,C,250,1050.5,hitFlop=5,High
BOLLY_2023_1351_gandhi_godse_ek_yudh,Gandhi Godse – Ek Yudh,2023,1,Drama,,No,Rajkumar Santoshi,Deepak Antani,Chinmay Mandlekar,PVR Pictures,,,2.744,D,,,,Missing/Partial
BOLLY_2023_1352_operation_fryday,Operation Fryday,2023,1,Drama,,No,Vishram Sawant,Randeep Hooda,,Tutri Ventures,3.739,D,,,,,,Missing/Partial
BOLLY_2023_1353_almost_pyaar_with_dj_mohabbat,Almost Pyaar with DJ Mohabbat,2023,2,Drama,,No,Anurag Kashyap,Alaya F,,Zee Studios,,,3.0408,D,,0.25,,Low
BOLLY_2023_1354_faraaz,Faraaz,2023,2,Action,,No,Hansal Mehta,Zahan Kapoor,Aditya Rawal,"T-Series Films, Benaras Media Works",,,1.4466,D,,,,Missing/Partial
BOLLY_2023_1355_shiv_shastri_balboa,Shiv Shastri Balboa,2023,2,Drama,,No,Ajayan Venugopalan,Anupam Kher,Neena Gupta,"UFI Motion Pictures, Anupam Kher Studio",3.4477,D,,,,,,Missing/Partial
BOLLY_2023_1356_the_tenant,The Tenant,2023,2,Drama,,No,Sushrut Jain,Shamita Shetty,,Mad Coolie Productions,,D,,,,,,Missing/Partial
BOLLY_2023_1357_lost,Lost,2023,2,Thriller,,No,Aniruddha Roy Chowdhury,Yami Gautam,Rahul Khanna,"Zee Studios, ZEE5",,D,,,,,,Missing/Partial
BOLLY_2023_1358_shehzada,Shehzada,2023,2,Action,,No,Rohit Dhawan,Kartik Aaryan,Kriti Sanon,"T-Series Films, Allu Entertainment, Haarika & Hassine Creations",,C,,,65,47.43,hitFlop=1,High
BOLLY_2023_1359_selfiee,Selfiee,2023,2,Action,,No,Raj Mehta,Akshay Kumar,Emraan Hashmi,"Star Studios, Dharma Productions, Cape of Good Films",6.3805,C,,,100,23.63,hitFlop=1,High
BOLLY_2023_1360_rabia_olivia,Rabia & Olivia,2023,2,Drama,,No,Shadab Khan,Sheeba Chadha,,Disney+ Hotstar,,,,,,,,Missing/Partial
BOLLY_2023_1361_gulmohar,Gulmohar,2023,3,Drama,,No,Rahul V. Chittella,Manoj Bajpayee,Sharmila Tagore,"Star Studios, Disney+ Hotstar",2.1847,D,,,,,,Missing/Partial
BOLLY_2023_1362_incar,InCar,2023,3,Drama,,No,Harsh Warrdhan,Ritika Singh,,Inbox Pictures,,C,,,,,,Missing/Partial
BOLLY_2023_1363_tu_jhoothi_main_makkaar,Tu Jhoothi Main Makkaar,2023,3,Comedy,,No,Luv Ranjan,Ranbir Kapoor,Shraddha Kapoor,"T-Series Films, Luv Films",7.6986,B,,,165,220.1,hitFlop=2,High
BOLLY_2023_1364_mrs_chatterjee_vs_norway,Mrs. Chatterjee vs Norway,2023,3,Drama,,No,Ashima Chibber,Rani Mukerji,,"Zee Studios, Emmay Entertainment",3.932,D,,,29,36.53,hitFlop=2,High
BOLLY_2023_1365_zwigato,Zwigato,2023,3,Drama,,No,Nandita Das,Kapil Sharma,Shahana Goswami,Applause Entertainment,,D,,,,2,,Low
BOLLY_2023_1366_am_i_next,Am I Next,2023,3,Drama,,No,Rahat Kazmi,Anushka Sen,,"Rahat Kazmi Film Studios, Loop Pool Films, and Piku Art's",,,1.0545,D,,,,Missing/Partial
BOLLY_2023_1367_chor_nikal_ke_bhaga,Chor Nikal Ke Bhaga,2023,3,Drama,,No,Ajay Singh,Yami Gautam,Sharad Kelkar,"Maddock Films, Netflix",,D,,,,,,Missing/Partial
BOLLY_2023_1368_bheed,Bheed,2023,3,Drama,,No,Anubhav Sinha,Rajkummar Rao,Bhumi Pednekar,"Reliance Entertainment, Benaras Media Works",3.9271,D,3.0566,D,,3.33,,Low
BOLLY_2023_1369_kanjoos_makhichoos,Kanjoos Makhichoos,2023,3,Comedy,,No,Vipul Mehta,Kunal Khemu,Shweta Tripathi,ZEE5,3.1566,D,,,,,,Missing/Partial
BOLLY_2023_1370_bholaa,Bholaa,2023,3,Action,,No,Ajay Devgn,Tabu,,"T-Series Films, Reliance Entertainment, Dream Warrior Pictures, Ajay Devgn FFilms",5.0682,C,,,100,111.64,hitFlop=2,High
BOLLY_2023_1371_gaslight,Gaslight,2023,3,Thriller,,No,Pawan Kripalani,Vikrant Massey,Sara Ali Khan,"Tips Industries, Disney+ Hotstar",,A,,,,,,Missing/Partial
BOLLY_2023_1372_gumraah,Gumraah,2023,4,Action,,No,Vardhan Ketkar,Aditya Roy Kapur,Mrunal Thakur,T-Series Films,,C,,,25,10.68,hitFlop=1,High
BOLLY_2023_1373_mrs_undercover,Mrs. Undercover,2023,4,Comedy,,No,Anushree Mehta,Radhika Apte,Rajesh Sharma,"B4U Motion Pictures, ZEE5",,D,,,,,,Missing/Partial
BOLLY_2023_1374_sir_madam_sarpanch,Sir Madam Sarpanch,2023,4,Drama,,No,Praveen Morchhale,Seema Biswas,,Suncal Productions International,1.9546,D,,,,,,Missing/Partial
BOLLY_2023_1375_pinky_beauty_parlour,Pinky Beauty Parlour,2023,4,Comedy,,No,Akshay Singh,Sulagna Panigrahi,,"Pen Studios, Cinépolis India",,,,,,,,Missing/Partial
BOLLY_2023_1376_kisi_ka_bhai_kisi_ki_jaan,Kisi Ka Bhai Kisi Ki Jaan,2023,4,Action,,No,Farhad Samji,Salman Khan,Pooja Hegde,"Zee Studios, Salman Khan Films",9.2082,D,,,130,182,hitFlop=2,High
BOLLY_2023_1377_bad_boy,Bad Boy,2023,4,Comedy,,No,Rajkumar Santoshi,Saswata Chatterjee,Darshan Jariwala,Inbox Pictures,,D,2.744,D,,,,Missing/Partial
BOLLY_2023_1378_u_turn,U-Turn,2023,4,Thriller,,No,Arif Khan,Alaya F,Priyanshu Painyuli,"Balaji Telefilms, ZEE5",,,,,,,,Missing/Partial
BOLLY_2023_1379_mother_teresa_me,Mother Teresa & Me,2023,5,Drama,,No,Kamal Musale,Deepti Naval,Banita Sandhu,"Curry Western Movies, Les Films du Lotus, Kavita Teresa Film",,D,,,,,,Missing/Partial
BOLLY_2023_1380_afwaah,Afwaah,2023,5,Thriller,,No,Sudhir Mishra,Nawazuddin Siddiqui,Bhumi Pednekar,Benaras Media Works,3.7877,D,1.6302,D,,,,Missing/Partial
BOLLY_2023_1381_the_kerala_story,The Kerala Story,2023,5,Drama,,No,Sudipto Sen,Adah Sharma,Yogita Bihani,Sunshine Pictures,,D,,,15,303.97,hitFlop=5,High
BOLLY_2023_1382_chatrapathi,Chatrapathi,2023,5,Action,,No,V. V. Vinayak,Bellamkonda Sreenivas,Nushrratt Bharuccha,Pen Studios,,,,,,,,Missing/Partial
BOLLY_2023_1383_music_school,Music School,2023,5,Musical,,No,Papa Rao Biyyala,Sharman Joshi,Prakash Raj,PVR Pictures,3.6904,D,,,,,,Missing/Partial
BOLLY_2023_1384_ib71,IB71,2023,5,Action,,No,Sankalp Reddy,Vidyut Jammwal,Anupam Kher,"T-Series Films, Reliance Entertainment",,D,,,25,29.19,hitFlop=2,High
BOLLY_2023_1385_kathal,Kathal,2023,5,Comedy,,No,Yashowardhan Mishra,Sanya Malhotra,Anant V Joshi,"Balaji Motion Pictures, Sikhya Entertainment, Netflix",,D,,,,,,Missing/Partial
BOLLY_2023_1386_aazam,Aazam,2023,5,Drama,,No,Shravan Tiwari,Jimmy Shergill,Abhimanyu Singh,"BMX Motion Pictures, DXB Motion Film",2.7981,D,,,,,,Missing/Partial
BOLLY_2023_1387_8_a_m_metro,8 A.M. Metro,2023,5,Drama,,No,Raj R,Gulshan Devaiah,Saiyami Kher,"Studio 99, Platoon Distribution",,,,,,,,Missing/Partial
BOLLY_2023_1388_kacchey_limbu,Kacchey Limbu,2023,5,Drama,,No,Shubham Yogi,Radhika Madan,Rajat Barmecha,JioCinema,,,,,,,,Missing/Partial
BOLLY_2023_1389_sirf_ek_bandaa_kaafi_hai,Sirf Ek Bandaa Kaafi Hai,2023,5,Drama,,No,Apoorva Singh Karki,Manoj Bajpayee,,"Zee Studios, ZEE5",2.1847,D,,,,,,Missing/Partial
BOLLY_2023_1390_jogira_sara_ra_ra,Jogira Sara Ra Ra,2023,5,Comedy,,No,Kushan Nandy,Nawazuddin Siddiqui,Neha Sharma,Touchwood Multimedia Creations,3.7877,D,,,25,1.75,hitFlop=1,High
BOLLY_2023_1391_coat,Coat,2023,5,Drama,,No,Akshay Ditti,Sanjay Mishra,Vivaan Shah,"Brandex Entertainment, Perfect Times Pictures, Black Panther Movies",2.494,D,,,,,,Missing/Partial
BOLLY_2023_1392_zara_hatke_zara_bachke,Zara Hatke Zara Bachke,2023,6,Comedy,,No,Laxman Utekar,Vicky Kaushal,Sara Ali Khan,"Jio Studios, Maddock Films",,D,,,40,115.89,hitFlop=4,High
BOLLY_2023_1393_mumbaikar,Mumbaikar,2023,6,Drama,,No,Santosh Sivan,Vikrant Massey,Vijay Sethupathi,"Jio Studios, JioCinema",,A,,,,,,Missing/Partial
BOLLY_2023_1394_bloody_daddy,Bloody Daddy,2023,6,Action,,No,Ali Abbas Zafar,Rajeev Khandelwal,Shahid Kapoor,"Jio Studios, JioCinema",1.5575,D,,,60,,,Low
BOLLY_2023_1395_adipurush,Adipurush,2023,6,Action,,No,Om Raut,Saif Ali Khan,Prabhas,T-Series Films,5.7211,A,,,500,392.7,hitFlop=1,High
BOLLY_2023_1396_i_love_you,I Love You,2023,6,Drama,,No,Nikhil Mahajan,Rakul Preet Singh,Akshay Oberoi,JioCinema,,C,,,,,,Missing/Partial
BOLLY_2023_1397_tiku_weds_sheru,Tiku Weds Sheru,2023,6,Comedy,,No,Sai Kabir,Nawazuddin Siddiqui,Avneet Kaur,Amazon Prime Video,3.7877,D,,,,,,Missing/Partial
BOLLY_2023_1398_aseq,Aseq,2023,6,Drama,,No,Sarim Momin,Sonnalli Seygall,Siddhanth Kapoor,JioCinema,,D,,,,,,Missing/Partial
BOLLY_2023_1399_satyaprem_ki_katha,Satyaprem Ki Katha,2023,6,Drama,,No,Sameer Vidwans,Kartik Aaryan,Kiara Advani,Nadiadwala Grandson Entertainment,,C,,,60,117.77,hitFlop=3,High
BOLLY_2023_1400_lust_stories_2,Lust Stories 2,2023,6,Drama,,No,R. Balki | Konkona Sen Sharma | Amit Ravindernath Sharma | Sujoy Ghosh,Amruta Subhash,Angad Bedi,"RSVP Movies, Netflix",,,2.6445,D,,,,Missing/Partial
BOLLY_2023_1401_sergeant,Sergeant,2023,6,Thriller,,No,Prawaal Raman,Randeep Hooda,Adil Hussain,"JAR Pictures, JioCinema",3.739,D,,,,,,Missing/Partial
BOLLY_2023_1402_neeyat,Neeyat,2023,7,Thriller,,No,Anu Menon,Vidya Balan,Ram Kapoor,Amazon Studios,6.0471,C,,,,5.5,,Low
BOLLY_2023_1403_tarla,Tarla,2023,7,Drama,,No,Piyush Gupta,Huma Qureshi,Sharib Hashmi,"RSVP Movies, Earthsky Pictures, ZEE5",,D,,,,,,Missing/Partial
BOLLY_2023_1404_blind,Blind,2023,7,Drama,,No,Shome Makhija,Sonam Kapoor,Purab Kohli,"Kross Pictures, JioCinema",5.488,B,,,,,,Missing/Partial
BOLLY_2023_1405_72_hoorain,72 Hoorain,2023,7,Fantasy,,No,Sanjay Puran Singh Chauhan,Saru Maini,Aamir Bashir,"SaarthiE Entertainment, Aliens Pictures",,,,,,,,Missing/Partial
BOLLY_2023_1406_ishq_e_nadaan,Ishq-e-Nadaan,2023,7,Drama,,No,Avishek Ghosh,Lara Dutta,Neena Gupta,JioCinema,,C,,,,,,Missing/Partial
BOLLY_2023_1407_bawaal,Bawaal,2023,7,Drama,,No,Nitesh Tiwari,Varun Dhawan,Janhvi Kapoor,"Earthsky Pictures, Nadiadwala Grandson Entertainment, Amazon Prime Video",4.74,D,,,,,,Missing/Partial
BOLLY_2023_1408_trial_period,Trial Period,2023,7,Drama,,No,Aleya Sen,Genelia Deshmukh,Manav Kaul,JioCinema,,D,,,,,,Missing/Partial
BOLLY_2023_1409_ajmer_92,Ajmer 92,2023,7,Drama,,No,Pushpendra Singh,Rajesh Sharma,Sayaji Shinde,Reliance Entertainment,,D,,,,1,,Low
BOLLY_2023_1410_rocky_aur_rani_kii_prem_kahaani,Rocky Aur Rani Kii Prem Kahaani,2023,7,Romance,,No,Karan Johar,Ranveer Singh,Alia Bhatt,"Viacom18 Studios, Dharma Productions",6.0024,C,7.1046,B,160,357.5,hitFlop=4,High
BOLLY_2023_1411_one_friday_night,One Friday Night,2023,7,Drama,,No,Manish Gupta,Raveena Tandon,Milind Soman,JioCinema,2.465,B,,,,,,Missing/Partial
BOLLY_2023_1412_panch_kriti,Panch Kriti,2023,8,Drama,,No,Sannjoy Bhargv,Brijendra Kala,Umesh Bajpai,Ubon Vision Pvt Ltd,,D,,,,,,Missing/Partial
BOLLY_2023_1413_lafzon_mein_pyaar,Lafzon Mein Pyaar,2023,8,Drama,,No,Raja Randeep GiriDhiraj Mishra,Anita Raj,Zarina Wahab,Monarch Film,,,,,,,,Missing/Partial
BOLLY_2023_1414_gadar_2,Gadar 2,2023,8,Action,,No,Anil Sharma,Sunny Deol,Ameesha Patel,Zee Studios,3.3809,D,5.7345,C,60,691.08,hitFlop=5,High
BOLLY_2023_1415_omg_2,OMG 2,2023,8,Comedy,,No,Amit Rai,Akshay Kumar,Yami Gautam,"Viacom18 Studios, Cape of Good Films",6.3805,C,,,50,221.08,hitFlop=5,High
BOLLY_2023_1416_ghoomer,Ghoomer,2023,8,Drama,,No,R. Balki,Abhishek Bachchan,Saiyami Kher,"Hope Productions, Saraswati Entertainment",5.2079,D,,,,7,,Low
BOLLY_2023_1417_non_stop_dhamaal,Non Stop Dhamaal,2023,8,Comedy,,No,Irshad Khan,Annu Kapoor,Rajpal Yadav,Triyom Films,,C,,,,,,Missing/Partial
BOLLY_2023_1418_dream_girl_2,Dream Girl 2,2023,8,Comedy,,No,Raaj Shaandilyaa,Ayushmann Khurrana,Ananya Panday,Balaji Motion Pictures,,D,,,35,140.56,hitFlop=5,High
BOLLY_2023_1419_akelli,Akelli,2023,8,Action,,No,Pranay Meshram,Nushrratt Bharuccha,Tsahi Halevi,Dashami Studioz,,,,,,,,Missing/Partial
BOLLY_2023_1420_goldfish,Goldfish,2023,8,Drama,,No,Pushan Kripalani,Kalki Koechlin,Deepti Naval,Splendid Films,3.9852,D,,,,,,Missing/Partial
BOLLY_2023_1421_friday_night_plan,Friday Night Plan,2023,9,Comedy,,No,Vatsal Neelakantan,Juhi Chawla,,"Excel Entertainment, Netflix",3.1388,D,,,,,,Missing/Partial
BOLLY_2023_1422_mystery_of_the_tattoo,Mystery of the Tattoo,2023,9,Thriller,,No,Kalaiarasi SathappanGanesh Mahadevan,Daisy Shah,Ameesha Patel,Tattoo Film Productions,,D,,,,,,Missing/Partial
BOLLY_2023_1423_love_all,Love All,2023,9,Drama,,No,Sudhanshu Sharma,Kay Kay Menon,Swastika Mukherjee,"L6F Studios, Lakshmi Ganpathy Film Studios, Anand Pandit Motion Pictures, Filmart Production",2.6256,D,,,,,,Missing/Partial
BOLLY_2023_1424_jawan,Jawan,2023,9,Action,,No,Atlee,Shah Rukh Khan,Nayanthara,Red Chillies Entertainment,9.2267,A,,,300,1148.32,hitFlop=5,High
BOLLY_2023_1425_haddi,Haddi,2023,9,Drama,,No,Akshat Ajay Sharma,Nawazuddin Siddiqui,Anurag Kashyap,"Zee Studios, ZEE5",3.7877,D,,,,,,Missing/Partial
BOLLY_2023_1426_jaane_jaan,Jaane Jaan,2023,9,Drama,,No,Sujoy Ghosh,Kareena Kapoor Khan,Jaideep Ahlawat,"Balaji Motion Pictures, Kross Pictures, Netflix",,,2.6445,D,,,,Missing/Partial
BOLLY_2023_1427_the_great_indian_family,The Great Indian Family,2023,9,Comedy,,No,Vijay Krishna Acharya,Vicky Kaushal,Manushi Chhillar,Yash Raj Films,,D,,,40,5.65,hitFlop=1,High
BOLLY_2023_1428_sukhee,Sukhee,2023,9,Comedy,,No,Sonal Joshi,Shilpa Shetty,Amit Sadh,T-Series Films,3.537,C,,,,1.65,,Low
BOLLY_2023_1429_the_vaccine_war,The Vaccine War,2023,9,Drama,,No,Vivek Agnihotri,Anupam Kher,Nana Patekar,"Abhishek Agarwal Arts, I Am Buddha",3.4477,D,,,10,9.47,hitFlop=1,High
BOLLY_2023_1430_fukrey_3,Fukrey 3,2023,9,Comedy,,No,Mrighdeep Singh,Pankaj Tripathi,Pulkit Samrat,"Reliance Entertainment, Excel Entertainment",,D,,,,128.37,,Low
BOLLY_2023_1431_pyaar_hai_toh_hai,Pyaar Hai Toh Hai,2023,10,Drama,,No,Pradeep R.K. Chaudhary,,,Shreetara Cinevision,,,,,,,,Missing/Partial
BOLLY_2023_1432_tumse_na_ho_payega,Tumse Na Ho Payega,2023,9,Comedy,,No,Abhishek Sinha,Ishwak Singh,Mahima Makwana,"Star Studios, RSVP Movies, Earthsky Pictures, Disney+Hotstar",,,,,,,,Missing/Partial
BOLLY_2023_1433_dono,Dono,2023,10,Drama,,No,Avnish S. Barjatya,,,"Jio Studios, Rajshri Productions",,,,,,0.7,,Low
BOLLY_2023_1434_khufiya,Khufiya,2023,10,Thriller,,No,Vishal Bharadwaj,Tabu,Ali Fazal,Netflix,5.0682,C,,,,,,Missing/Partial
BOLLY_2023_1435_mission_raniganj,Mission Raniganj,2023,10,Action,,No,Tinu Suresh Desai,Akshay Kumar,Parineeti Chopra,Pooja Entertainment,6.3805,C,,,55,45.66,hitFlop=1,High
BOLLY_2023_1436_thank_you_for_coming,Thank You for Coming,2023,9,Comedy,,No,Karan Boolani,Bhumi Pednekar,Shehnaaz Gill,Balaji Motion Pictures,,C,,,45,9.64,hitFlop=1,High
BOLLY_2023_1437_yaatris,Yaatris,2023,10,Comedy,,No,Harish Vyas,Raghubir Yadav,Seema Pahwa,Akion Entertainment,,,,,,,,Missing/Partial
BOLLY_2023_1438_dhak_dhak,Dhak Dhak,2023,10,Comedy,,No,Tarun Dudeja,Ratna Pathak Shah,Dia Mirza,Viacom18 Studios,,D,,,,,,Missing/Partial
BOLLY_2023_1439_guthlee_ladoo,Guthlee Ladoo,2023,10,Drama,,No,Ishrat R. Khan,Sanjay Mishra,Subrat Dutta,Panorama Studios,2.494,D,,,,,,Missing/Partial
BOLLY_2023_1440_bhagwan_bharose,Bhagwan Bharose,2023,10,Comedy,,No,Shiladitya Bora,Vinay Pathak,Masumeh Makhija,"Platoon One Films, Rhythm Boyz Entertainment",3.1247,D,,,,,,Missing/Partial
BOLLY_2023_1441_ganapath,Ganapath,2023,10,Action,,No,Vikas Bahl,Amitabh Bachchan,Tiger Shroff,Pooja Entertainment,7.0113,B,,,200,13.38,hitFlop=1,High
BOLLY_2023_1442_yaariyan_2,Yaariyan 2,2023,10,Comedy,,No,Radhika Rao,Divya Khosla Kumar,Yash Daasguptaa,T-Series Films,,B,,,25,2.67,hitFlop=1,High
BOLLY_2023_1443_12th_fail,12th Fail,2023,10,Drama,,No,Vidhu Vinod Chopra,Vikrant Massey,Priyanshu Chatterjee,"Zee Studios, Vinod Chopra Films",,A,,,20,69.64,hitFlop=5,High
BOLLY_2023_1444_tejas,Tejas,2023,10,Action,,No,Sarvesh Mewara,Kangana Ranaut,,RSVP Movies,4.3605,D,,,70,6,hitFlop=1,High
BOLLY_2023_1445_sajini_shinde_ka_viral_video,Sajini Shinde Ka Viral Video,2023,10,Thriller,,No,Mikhil Musale,Nimrat Kaur,Radhika Madan,Maddock Films,,D,,,,,,Missing/Partial
BOLLY_2023_1446_mandali,Mandali,2023,10,Drama,,No,Rakesh Chaturvedi Om,Rajniesh Duggall,Brijendra Kala,Reltic Pictures,,D,,,,,,Missing/Partial
BOLLY_2023_1447_aankh_micholi,Aankh Micholi,2023,11,Comedy,,No,Umesh Shukla,Abhimanyu Dassani,Mrunal Thakur,Sony Pictures India,,B,,,,1.5,,Low
BOLLY_2023_1448_the_lady_killer,The Lady Killer,2023,11,Thriller,,No,Ajay Bahl,Arjun Kapoor,Bhumi Pednekar,SCIPL,6.5059,C,,,80,0.0038,hitFlop=1,High
BOLLY_2023_1449_lakeerein,Lakeerein,2023,11,Drama,,No,Durgesh Pathak,Ashutosh Rana,Bidita Bag,"Image & Creation, BTC Multimedia Productions, Blackpearl Movies",2.1792,D,,,,,,Missing/Partial
BOLLY_2023_1450_hukus_bukus,Hukus Bukus,2023,11,Drama,,No,Vinay Bharadwaj,Darsheel Safary,Arun Govil,Shining Sun Studios,,,,,,,,Missing/Partial
BOLLY_2023_1451_ut69,UT69,2023,11,Drama,,No,Shahnawaz Ali,Raj Kundra,,"SVS Studios, The Bigger Picture Films",,,,,,,,Missing/Partial
BOLLY_2023_1452_three_of_us,Three of Us,2023,11,Drama,,No,Avinash Arun Dhaware,Shefali Shah,Jaideep Ahlawat,"Allu Entertainment, Matchbox Shots",,,,,,,,Missing/Partial
BOLLY_2023_1453_shastry_viruddh_shastry,Shastry Viruddh Shastry,2023,11,Drama,,No,Shiboprosad Mukherjee | Nandita Roy,Paresh Rawal,Shiv Panditt,Viacom18 Studios,3.7967,D,,,,,,Missing/Partial
BOLLY_2023_1454_pippa,Pippa,2023,11,Action,,No,Raja Krishna Menon,Ishaan Khatter,Mrunal Thakur,"RSVP Movies, Amazon Prime Video",,B,,,,,,Missing/Partial
BOLLY_2023_1455_tiger_3,Tiger 3,2023,11,Action,,No,Maneesh Sharma,Salman Khan,Katrina Kaif,Yash Raj Films,9.2082,D,,,300,466.63,hitFlop=3,High
BOLLY_2023_1456_apurva,Apurva,2023,11,Thriller,,No,Nikhil Nagesh Bhat,Tara Sutaria,Abhishek Banerjee,"Star Studios, Disney+ Hotstar",,,,,,,,Missing/Partial
BOLLY_2023_1457_sab_moh_maaya_hai,Sab Moh Maaya Hai,2023,,Drama,,No,Abhinav Pareek,Sharman Joshi,Annu Kapoor,"Bhanushali Studios, Veda Film Factory",3.6904,D,,,,,,Missing/Partial
BOLLY_2023_1458_farrey,Farrey,2023,11,Thriller,,No,Soumendra Padhi,Alizeh Agnihotri,Sahil Mehta,Salman Khan Films,,,,,,2.25,,Low
BOLLY_2023_1459_starfish,Starfish,2023,11,Drama,,No,Akhilesh Jaiswal,Khushalii Kumar,Milind Soman,T-Series Films,,D,,,,0.1,,Low
BOLLY_2023_1460_do_ajnabee,Do Ajnabee,2023,11,Drama,,No,Sanjeev Kumar Rajput,Aarya Babbar,Ankit Bathla,"Blockbuster Films, PK Entertainment",,,,,,,,Missing/Partial
BOLLY_2023_1461_animal,Animal,2023,12,Action,,No,Sandeep Reddy Vanga,Ranbir Kapoor,Rashmika Mandanna,T-Series Films,7.6986,B,,,100,917.82,hitFlop=5,High
BOLLY_2023_1462_sam_bahadur,Sam Bahadur,2023,12,Action,,No,Meghna Gulzar,Vicky Kaushal,Sanya Malhotra,RSVP Movies,,D,,,55,128.17,hitFlop=4,High
BOLLY_2023_1463_the_archies,The Archies,2023,11,Action,,No,Zoya Akhtar,Suhana Khan,Khushi Kapoor,"Archie Comics, Tiger Baby Films, Netflix",,,3.4538,D,40,,,Low
BOLLY_2023_1464_joram,Joram,2023,2,Thriller,,No,Devashish Makhija,Manoj Bajpayee,Mohammed Zeeshan Ayyub,Zee Studios,2.1847,D,,,,0.4,,Low
BOLLY_2023_1465_kadak_singh,Kadak Singh,2023,12,Thriller,,No,Aniruddha Roy Chowdhury,Pankaj Tripathi,Parvathy Thiruvothu,ZEE5,,D,,,,,,Missing/Partial
BOLLY_2023_1466_mast_mein_rehne_ka,Mast Mein Rehne Ka,2023,12,Comedy,,No,Vijay Maurya,Jackie Shroff,Neena Gupta,"Amazon MGM Studios, Amazon Prime Video",2.6163,D,,,,,,Missing/Partial
BOLLY_2023_1467_dunki,Dunki,2023,12,Comedy,,No,Rajkumar Hirani,Shah Rukh Khan,Taapsee Pannu,"Jio Studios, Red Chillies Entertainment",9.2267,A,10,A,85,470.6,hitFlop=5,High
BOLLY_2023_1468_dry_day,Dry Day,2023,12,Comedy,,No,Saurabh Shukla,Jitendra Kumar,Annu Kapoor,"Amazon MGM Studios, Emmay Entertainment, Amazon Prime Video",,C,,,,,,Missing/Partial
BOLLY_2023_1469_kho_gaye_hum_kahan,Kho Gaye Hum Kahan,2023,12,Comedy,,No,Arjun Varain Singh,Adarsh Gourav,Siddhant Chaturvedi,"Reliance Entertainment, Excel Entertainment, Tiger Baby Films, Netflix",,B,,,,,,Missing/Partial
BOLLY_2023_1470_safed,Safed,2023,12,Drama,,No,Sandeep Singh,Meera Chopra,,ZEE5,,D,,,,,,Missing/Partial
BOLLY_2024_1471_tauba_tera_jalwa,Tauba Tera Jalwa,2024,1,Comedy,,No,Akashaditya Lama,Jatin Khurana,Ameesha Patel,"Shreeram Productions, Victorious Enterprises",,D,,,,,,Missing/Partial
BOLLY_2024_1472_merry_christmas,Merry Christmas,2024,1,Thriller,,No,Sriram Raghavan,Katrina Kaif,Vijay Sethupathi,Tips Industries,8.9485,C,1.8067,D,60,26.02,hitFlop=1,High
BOLLY_2024_1473_main_atal_hoon,Main Atal Hoon,2024,1,Drama,,No,Ravi Jadhav,Pankaj Tripathi,,"Bhanushali Studios, Legend Studios",,D,,,20,8.65,hitFlop=1,High
BOLLY_2024_1474_fighter,Fighter,2024,1,Action,,No,Siddharth Anand,Hrithik Roshan,Deepika Padukone,Viacom18 Studios,8.2519,D,5.6148,C,250,344.46,hitFlop=2,High
BOLLY_2024_1475_teri_baaton_mein_aisa_uljha_jiya,Teri Baaton Mein Aisa Uljha Jiya,2024,2,Comedy,,No,Amit JoshiAradhana Sah,Shahid Kapoor,Kriti Sanon,"Jio Studios, Maddock Films",5.7659,C,,,75,133.64,hitFlop=3,High
BOLLY_2024_1476_bhakshak,Bhakshak,2024,2,Drama,,No,Pulkit,Bhumi Pednekar,Sanjay Mishra,"Red Chillies Entertainment, Netflix",,C,,,,,,Missing/Partial
BOLLY_2024_1477_lantrani,Lantrani,2024,2,Comedy,,No,Gurvinder Singh | Kaushik Ganguly,Jitendra Kumar,Jisshu Sengupta,ZEE5,,,,,,,,Missing/Partial
BOLLY_2024_1478_mirg,Mirg,2024,2,Action,,No,Tarun Sharma,Satish Kaushik,Anup Soni,"Studio RA, NaMA Productions, OneShot Films",1.961,D,,,,,,Missing/Partial
BOLLY_2024_1479_dashmi,Dashmi,2024,2,Thriller,,No,Shantanu Anant Tambe,Vardhan Puri,Sanjay Pandey,3S Movies,,,,,,,,Missing/Partial
BOLLY_2024_1480_kuch_khattaa_ho_jaay,Kuch Khattaa Ho Jaay,2024,2,Comedy,,No,G. Ashok,Guru Randhawa,Saiee Manjrekar,Mach Films,,,,,,1.5,,Low
BOLLY_2024_1481_crakk,Crakk,2024,2,Action,,No,Aditya Datt,Vidyut Jammwal,Nora Fatehi,Action Hero Films,,D,1.7076,D,45,17.08,hitFlop=1,High
BOLLY_2024_1482_article_370,Article 370,2024,2,Action,,No,Aditya Suhas Jambhale,Yami Gautam,Priyamani,"Jio Studios, B62 Studios",,D,,,20,110.57,hitFlop=5,High
BOLLY_2024_1483_all_india_rank,All India Rank,2024,2,Comedy,,No,Varun Grover,Sheeba Chaddha,,Matchbox Shots,,,,,,0.35,,Low
BOLLY_2024_1484_chote_nawab,Chote Nawab,2024,2,Drama,,No,Kumud Chaudhary,Akshay Oberoi,Plabita Borthakur,Yoodlee Films,,D,,,,,,Missing/Partial
BOLLY_2024_1485_laapataa_ladies,Laapataa Ladies,2024,3,Comedy,,No,Kiran Rao,Ravi Kishan,Pratibha Ranta,Jio Studios,2.1644,D,,,4,25.26,hitFlop=5,High
BOLLY_2024_1486_dange,Dange,2024,3,Action,,No,Bejoy Nambiar,Harshvardhan Rane,Ehan Bhat,T-Series Films,,,,,,,,Missing/Partial
BOLLY_2024_1487_operation_valentine,Operation Valentine,2024,3,Action,,No,Shakti Pratap Singh Hada,Varun Tej,Manushi Chhillar,Sony Pictures India,,,,,,,,Missing/Partial
BOLLY_2024_1488_kaagaz_2,Kaagaz 2,2024,3,Drama,,No,V. K. Prakash,Anupam Kher,Darshan Kumar,Venus Worldwide Entertainment,3.4477,D,,,,,,Missing/Partial
BOLLY_2024_1489_fairy_folk,Fairy Folk,2024,3,Drama,,No,Karan Gour,Rasika Duggal,Mukul Chadda,"Empatheia Films, Bala Wala Cinema, Awe Studios and Timbuktu Triforce Cinema & Entertainment",,,,,,,,Missing/Partial
BOLLY_2024_1490_shaitaan,Shaitaan,2024,3,Horror,,No,Vikas Bahl,Ajay Devgn,R. Madhavan,"Jio Studios, Devgn Films, Panorama Studios",6.8713,C,,,60,211.06,hitFlop=5,High
BOLLY_2024_1491_tera_kya_hoga_lovely,Tera Kya Hoga Lovely,2024,3,Comedy,,No,Balwinder Singh Janjua,Randeep Hooda,Ileana D'Cruz,Sony Pictures India,3.739,D,,,,,,Missing/Partial
BOLLY_2024_1492_alpha_beta_gamma,Alpha Beta Gamma,2024,3,Comedy,,No,Shankar Srikumar,Nishan,,"Choti Film Productions, Knownsense Entertainment",,,,,,,,Missing/Partial
BOLLY_2024_1493_yodha,Yodha,2024,3,Action,,No,Sagar AmbrePushkar Ojha,Sidharth Malhotra,Raashii Khanna,"Amazon MGM Studios, Dharma Productions",,C,,,55,52,hitFlop=1,High
BOLLY_2024_1494_murder_mubarak,Murder Mubarak,2024,3,Thriller,,No,Homi Adajania,Sara Ali Khan,Pankaj Tripathi,"Maddock Films, Netflix",,C,,,,,,Missing/Partial
BOLLY_2024_1495_ae_watan_mere_watan,Ae Watan Mere Watan,2024,3,Action,,No,Kannan Iyer,Sara Ali Khan,Sparsh Srivastav,"Dharmatic Entertainment, Amazon Prime Video",,C,,,,,,Missing/Partial
BOLLY_2024_1496_madgaon_express,Madgaon Express,2024,3,Comedy,,No,Kunal Khemu,Divyenndu,Pratik Gandhi,Excel Entertainment,,,,,,57.34,,Low
BOLLY_2024_1497_swatantrya_veer_savarkar,Swatantrya Veer Savarkar,2024,3,Drama,,No,Randeep Hooda,Ankita Lokhande,Amit Sial,Zee Studios,,,,,20,31.23,hitFlop=3,High
BOLLY_2024_1498_crew,Crew,2024,3,Comedy,,No,Rajesh A Krishnan,Tabu,Kareena Kapoor Khan,Balaji Motion Pictures,5.0682,C,,,,157.08,,Low
BOLLY_2024_1499_woh_bhi_din_the,Woh Bhi Din The,2024,3,Comedy,,No,Sajid Ali,Rohit Saraf,Adarsh Gourav,ZEE5,,B,,,,,,Missing/Partial
BOLLY_2024_1500_patna_shuklla,Patna Shuklla,2024,3,Drama,,No,Vivek Budakoti,Raveena Tandon,Manav Vij,Disney+ Hotstar,2.465,B,,,,,,Missing/Partial
BOLLY_2024_1501_bengal_1947,Bengal 1947,2024,3,Drama,,No,Akashaditya Lama,Devoleena Bhattacharjee,Omkar Das Manikpuri,"COMFED Productions, Think Tank Global",,D,,,,,,Missing/Partial
BOLLY_2024_1502_dukaan,Dukaan,2024,4,Comedy,,No,Siddharth–Garima,Sikandar Kher,Monali Thakur,"Waveband Productions, Kalamkaar Picture Productions",,,,,,0.18,,Low
BOLLY_2024_1503_bade_miyan_chote_miyan,Bade Miyan Chote Miyan,2024,4,Action,,No,Ali Abbas Zafar,Akshay Kumar,Tiger Shroff,Pooja Entertainment,6.3805,C,,,350,102.16,hitFlop=1,High
BOLLY_2024_1504_maidaan,Maidaan,2024,4,Drama,,No,Amit Sharma,Ajay Devgn,Priyamani,Zee Studios,6.8713,C,,,235,68.09,hitFlop=1,High
BOLLY_2024_1505_amar_singh_chamkila,Amar Singh Chamkila,2024,4,Drama,,No,Imtiaz Ali,Diljit Dosanjh,Parineeti Chopra,"Saregama, Netflix",,C,4.8838,D,,,,Missing/Partial
BOLLY_2024_1506_gauraiya_live,Gauraiya Live,2024,4,Drama,,No,Gabriel Vats,Omkar Das Manikpuri,Shagufta Ali,"Rare Films, Tea and Poetry Films",2.1151,D,,,,,,Missing/Partial
BOLLY_2024_1507_love_sex_aur_dhokha_2,Love Sex Aur Dhokha 2,2024,4,Comedy,,No,Dibakar Banerjee,Mouni Roy,Nimrit Kaur Ahluwalia,Balaji Telefilms,,D,2.863,D,,0.5,,Low
BOLLY_2024_1508_do_aur_do_pyaar,Do Aur Do Pyaar,2024,4,Comedy,,No,Shirsha Guha Thakurta,Vidya Balan,Pratik Gandhi,Applause Entertainment,6.0471,C,,,,4.63,,Low
BOLLY_2024_1509_kaam_chalu_hai,Kaam Chalu Hai,2024,4,Drama,,No,Palash Muchhal,Rajpal Yadav,Giaa Manek,ZEE5,2.3783,D,,,,,,Missing/Partial
BOLLY_2024_1510_luv_you_shankar,Luv You Shankar,2024,4,Drama,,No,Rajiv S. Ruia,Shreyas Talpade,Tanishaa Mukerji,SD World Film Production,2.8077,D,1.1221,D,8,,,Low
BOLLY_2024_1511_ruslaan,Ruslaan,2024,4,Action,,No,Karan Butani,Aayush Sharma,Sushrii Shreya Mishraa,Sri Sathya Sai Arts,,A,,,25,2.7,hitFlop=1,High
BOLLY_2024_1512_main_ladega,Main Ladega,2024,4,Action,,No,Gaurav Rana,,,Kathakaar Films,,,,,,,,Missing/Partial
BOLLY_2024_1513_srikanth,Srikanth,2024,5,Drama,,No,Tushar Hiranandani,Rajkummar Rao,Jyothika,T-Series Films,3.9271,D,,,35,62.92,hitFlop=3,High
BOLLY_2024_1514_tipppsy,Tipppsy,2024,5,Drama,,No,Deepak Tijori,Deepak Tijori,Natasha Suri,"Raju Chaddha Wave Cinemas, Alliance Productions India, Black Canvas",,,1.5883,D,,0.08,,Low
BOLLY_2024_1515_kartam_bhugtam,Kartam Bhugtam,2024,5,Thriller,,No,Soham P. Shah,Shreyas Talpade,Vijay Raaz,Gandhar Films & Studio,2.8077,D,,,,1,,Low
BOLLY_2024_1516_bhaiyya_ji,Bhaiyya Ji,2024,5,Action,,No,Apoorva Singh Karki,Manoj Bajpayee,Vipin Sharma,"Bhanushali Studios, SSO Productions, Aurega Studios",2.1847,D,,,,11.76,,Low
BOLLY_2024_1517_mr_mrs_mahi,Mr. & Mrs. Mahi,2024,5,Drama,,No,Sharan Sharma,Rajkummar Rao,Janhvi Kapoor,"Zee Studios, Dharma Productions",3.9271,D,,,40,51.96,hitFlop=2,High
BOLLY_2024_1518_savi,Savi,2024,5,Action,,No,Abhinay Deo,Anil Kapoor,Divya Khosla Kumar,"T-Series Films, Vishesh Entertainment",5.6087,C,,,20,17.81,hitFlop=1,High
BOLLY_2024_1519_chhota_bheem_and_the_curse_of_damyaan,Chhota Bheem and the Curse of Damyaan,2024,5,Action,,No,Rajiv Chilaka,Anupam Kher,Makrand Deshpande,Green Gold Animation,3.4477,D,,,,,hitFlop=2,Missing/Partial
BOLLY_2024_1520_dedh_bigha_zameen,Dedh Bigha Zameen,2024,5,Drama,,No,Pulkit,Pratik Gandhi,Khushalii Kumar,JioCinema,,,,,,,,Missing/Partial
BOLLY_2024_1521_malhar,Malhar,2024,6,Drama,,No,Vishal Kumbhar,Sharib Hashmi,Anjali Patil,V Motion Pictures,,,,,,,,Missing/Partial
BOLLY_2024_1522_bajrang_aur_ali,Bajrang Aur Ali,2024,6,Drama,,No,Jaiveer,,,UtterUp Films,,,,,,,,Missing/Partial
BOLLY_2024_1523_blackout,Blackout,2024,6,Thriller,,No,Devang Shashin Bhavsar,Vikrant Massey,Mouni Roy,Jio Studios,,A,,,,,,Missing/Partial
BOLLY_2024_1524_munjya,Munjya,2024,6,Comedy,,No,Aditya Sarpotdar,Sharvari,Abhay Verma,Maddock Films,,,,,30,132.13,hitFlop=5,High
BOLLY_2024_1525_chandu_champion,Chandu Champion,2024,6,Drama,,No,Kabir Khan,Kartik Aaryan,,Nadiadwala Grandson Entertainment,,,6.8237,C,70,88.73,hitFlop=2,High
BOLLY_2024_1526_manihar,Manihar,2024,6,Drama,,No,Sanjeev Kumar Rajput,Pankaj Berry,,Jai Shree Movie Production,1,D,,,,,,Missing/Partial
BOLLY_2024_1527_luv_ki_arrange_marriage,Luv Ki Arrange Marriage,2024,6,Comedy,,No,Ishrat R. Khan,Sunny Singh,Avneet Kaur,"Thinkink Picturez, ZEE5",,,,,,,,Missing/Partial
BOLLY_2024_1528_ishq_vishk_rebound,Ishq Vishk Rebound,2024,6,Comedy,,No,Nipun Dharmadhikari,Rohit Saraf,Jibraan Khan,Tips Industries,,,,,,6.13,,Low
BOLLY_2024_1529_maharaj,Maharaj,2024,6,Drama,,No,Siddharth P. Malhotra,Jaideep Ahlawat,Shalini Pandey,"YRF Entertainment, Netflix",,,,,,,,Missing/Partial
BOLLY_2024_1530_hamare_baarah,Hamare Baarah,2024,6,Drama,,No,Kamal Chandra,Annu Kapoor,Parth Samthaan,"Radhika G Film, Newtech Media Entertainment",,C,,,,,,Missing/Partial
BOLLY_2024_1531_jahangir_national_university,Jahangir National University,2024,6,Action,,No,Vinay Sharma,Urvashi Rautela,Rashami Desai,Mahakaal Movies,,,,,,,,Missing/Partial
BOLLY_2024_1532_rautu_ka_raaz,Rautu Ka Raaz,2024,6,Drama,,No,Anand Surapur,Nawazuddin Siddiqui,Rajesh Kumar,"Zee Studios, ZEE5",3.7877,D,,,,,,Missing/Partial
BOLLY_2024_1533_sharmajee_ki_beti,Sharmajee Ki Beti,2024,6,Comedy,,No,Tahira Kashyap Khurana,Divya Dutta,Sakshi Tanwar,"Applause Entertainment, Amazon Prime Video",2.3769,D,,,,,,Missing/Partial
BOLLY_2024_1534_kooki,Kooki,2024,6,Drama,,No,Pranab J Deka,Rajesh Tailang,Dipannita Sharma,"Niri Media Opc Private Limited, Jai Viratra Entertainment Limited",,D,,,,,,Missing/Partial
BOLLY_2024_1535_kill,Kill,2024,7,Action,,No,Nikhil Nagesh Bhat,Lakshya,Raghav Juyal,"Lionsgate, Roadside Attractions, Dharma Productions, Sikhya Entertainment",,,,,40,47.12,hitFlop=2,High
BOLLY_2024_1536_wild_wild_punjab,Wild Wild Punjab,2024,7,Drama,,No,Simarpreet Singh,Varun Sharma,Sunny Singh,"T-Series Films, Luv Films, Netflix",,D,,,,,,Missing/Partial
BOLLY_2024_1537_sarfira,Sarfira,2024,7,Drama,,No,Sudha Kongara,Akshay Kumar,Paresh Rawal,"Cape of Good Films, 2D Entertainment",6.3805,C,,,80,30.02,hitFlop=1,High
BOLLY_2024_1538_kakuda,Kakuda,2024,7,Comedy,,No,Aditya Sarpotdar,Riteish Deshmukh,Sonakshi Sinha,"RSVP Movies, ZEE5",,A,,,,,,Missing/Partial
BOLLY_2024_1539_bad_newz,Bad Newz,2024,7,Comedy,,No,Anand Tiwari,Vicky Kaushal,Triptii Dimri,"Amazon MGM Studios, Dharma Productions",,D,,,80,115.74,hitFlop=2,High
BOLLY_2024_1540_bloody_ishq,Bloody Ishq,2024,7,Thriller,,No,Vikram Bhatt,Avika Gor,Vardhan Puri,Disney+ Hotstar,,,2.9028,D,,,,Missing/Partial
BOLLY_2024_1541_auron_mein_kahan_dum_tha,Auron Mein Kahan Dum Tha,2024,8,Romance,,No,Neeraj Pandey,Ajay Devgn,Tabu,Panorama Studios,6.8713,C,,,100,12.91,hitFlop=1,High
BOLLY_2024_1542_ulajh,Ulajh,2024,8,Action,,No,Sudhanshu Saria,Janhvi Kapoor,Gulshan Devaiah,Junglee Pictures,,,,,35,11.05,hitFlop=1,High
BOLLY_2024_1543_aliya_basu_gayab_hai,Aliya Basu Gayab Hai,2024,8,Drama,,No,Preeti Singh,Vinay Pathak,Raima Sen,Cinepolis India,3.1247,D,,,,,,Missing/Partial
BOLLY_2024_1544_phir_aayi_hasseen_dillruba,Phir Aayi Hasseen Dillruba,2024,8,Drama,,No,Jayprad Desai,Taapsee Pannu,Vikrant Massey,"T-Series Films, Colour Yellow Productions",,B,,,,,,Missing/Partial
BOLLY_2024_1545_ghudchadi,Ghudchadi,2024,8,Drama,,No,Binoy Gandhi,Sanjay Dutt,Raveena Tandon,T-Series Films,5.0026,C,,,,,,Missing/Partial
BOLLY_2024_1546_ghuspaithiya,Ghuspaithiya,2024,8,Drama,,No,Susi Ganeshan,Urvashi Rautela,Vineet Kumar Singh,"Suraj Production, 4V Entertainment, JDS Enterprises",,,,,,,,Missing/Partial
BOLLY_2024_1547_khel_khel_mein,Khel Khel Mein,2024,8,Comedy,,No,Mudassar Aziz,Akshay Kumar,Taapsee Pannu,T-Series Films,6.3805,C,,,100,56.78,hitFlop=1,High
BOLLY_2024_1548_vedaa,Vedaa,2024,8,Action,,No,Nikkhil Advani,John Abraham,Sharvari,"Zee Studios, Emmay Entertainment",7.1193,D,,,60,26.71,hitFlop=1,High
BOLLY_2024_1549_stree_2,Stree 2,2024,8,Comedy,,No,Amar Kaushik,Shraddha Kapoor,Rajkummar Rao,"Maddock Films, Jio Studios",3.3695,D,,,50,874.58,hitFlop=5,High
BOLLY_2024_1550_tikdam,Tikdam,2024,8,Drama,,No,Vivek Anchalia,Amit Sial,,"Jio Studios, JioCinema",,,,,,,,Missing/Partial
BOLLY_2024_1551_a_wedding_story,A Wedding Story,2024,8,Horror,,No,Abhinav Pareek,Vaibhav Tatwawadi,Mukti Mohan,"Boundless Blackbuck Films Productions,1 Film Studio",,,,,,,,Missing/Partial
BOLLY_2024_1552_pad_gaye_pange,Pad Gaye Pange,2024,8,Comedy,,No,Santosh Kumar,Rajpal Yadav,Rajesh Sharma,"Prachi Films & Utter Action, Bright Outdoor Media",2.3783,D,,,,,,Missing/Partial
BOLLY_2024_1553_visfot,Visfot,2024,9,Action,,No,Kookie Gulati,Riteish Deshmukh,Fardeen Khan,JioCinema,,D,,,,,,Missing/Partial
BOLLY_2024_1554_the_buckingham_murders,The Buckingham Murders,2024,9,Drama,,No,Hansal Mehta,Kareena Kapoor Khan,Ranveer Brar,Balaji Motion Pictures,,,1.4466,D,,14.56,,Low
BOLLY_2024_1555_sector_36,Sector 36,2024,9,Thriller,,No,Aditya Nimbalkar,Vikrant Massey,Deepak Dobriyal,"Jio Studios, Maddock Films, Netflix",,A,,,,,,Missing/Partial
BOLLY_2024_1556_berlin,Berlin,2024,9,Action,,No,Atul Sabharwal,Ishwak Singh,Aparshakti Khurana,"Zee Studios, ZEE5",,,,,,,,Missing/Partial
BOLLY_2024_1557_adbhut,Adbhut,2024,9,Horror,,No,Sabbir Khan,Nawazuddin Siddiqui,Diana Penty,"Sony Pictures India, Sony Max",3.7877,D,,,,,,Missing/Partial
BOLLY_2024_1558_kahan_shuru_kahan_khatam,Kahan Shuru Kahan Khatam,2024,9,Comedy,,No,Saurabh Dasgupta,Dhvani Bhanushali,Aashim Gulati,"Bhanushali Studios, Kathputli Creations",,,,,,,,Missing/Partial
BOLLY_2024_1559_yudhra,Yudhra,2024,9,Action,,No,Ravi Udyawar,Siddhant Chaturvedi,Malavika Mohanan,Excel Entertainment,,,,,50,11.31,hitFlop=1,High
BOLLY_2024_1560_nasha_jurm_aur_gangsters,Nasha Jurm Aur Gangsters,2024,9,Action,,No,Rajkumar Patra,,,Patras Glam Entertainment,,,,,,,,Missing/Partial
BOLLY_2024_1561_jo_tera_hai_woh_mera_hai,Jo Tera Hai Woh Mera Hai,2024,9,Drama,,No,Raj Trivedi,Paresh Rawal,Amit Sial,"Jio Studios, JAR Pictures, JioCinema",3.7967,D,,,,,,Missing/Partial
BOLLY_2024_1562_love_sitara,"Love, Sitara",2024,9,Drama,,No,Vandana Kataria,Sobhita Dhulipala,Rajeev Siddhartha,"RSVP Movies, ZEE5",,C,,,,,,Missing/Partial
BOLLY_2024_1563_binny_and_family,Binny And Family,2024,9,Drama,,No,Ssanjay Tripaathy,Pankaj Kapur,Rajesh Kumar,"Balaji Motion Pictures, Mahaveer Jain Films",,D,,,,,,Missing/Partial
BOLLY_2024_1564_ctrl,CTRL,2024,10,Drama,,No,Vikramaditya Motwane,Ananya Panday,Vihaan Samat,"Saffron Magicworks, Netflix",,,,,,,,Missing/Partial
BOLLY_2024_1565_amar_prem_ki_prem_kahani,Amar Prem Ki Prem Kahani,2024,10,Drama,,No,Hardik Gajjar,Sunny Singh,Aditya Seal,"Jio Studios, JioCinema",,D,,,,,,Missing/Partial
BOLLY_2024_1566_the_signature,The Signature,2024,10,Drama,,No,Gajendra Ahire,Anupam Kher,Mahima Chaudhry,ZEE5,3.4477,D,,,,,,Missing/Partial
BOLLY_2024_1567_jigra,Jigra,2024,10,Action,,No,Vasan Bala,Alia Bhatt,Vedang Raina,"Viacom18 Studios, Dharma Productions",6.9416,C,,,80,55.05,hitFlop=1,High
BOLLY_2024_1568_vicky_vidya_ka_woh_wala_video,Vicky Vidya Ka Woh Wala Video,2024,10,Comedy,,No,Raaj Shaandilyaa,Rajkummar Rao,Triptii Dimri,"T-Series Films, Balaji Motion Pictures, Thinkink Picturez",3.9271,D,,,,55.51,,Low
BOLLY_2024_1569_aayushmati_geeta_matric_pass,Aayushmati Geeta Matric Pass,2024,10,Drama,,No,Prradip Khairwar,Kashika Kapoor,Alka Amin,"Good Idea Films, Spunk Productions",,,,,,,,Missing/Partial
BOLLY_2024_1570_do_patti,Do Patti,2024,10,Drama,,No,Shashanka Chaturvedi,Kajol,Kriti Sanon,Netflix,7.2516,B,,,,,,Missing/Partial
BOLLY_2024_1571_bandaa_singh_chaudhary,Bandaa Singh Chaudhary,2024,10,Action,,No,Abhishek Saxena,Arshad Warsi,Meher Vij,"Arbaaz Khan Production, Seamless Productions LLP, 8 Aks Movies & Entertainment, Cinekorn Entertainment",3.5596,D,,,,,,Missing/Partial
BOLLY_2024_1572_the_miranda_brothers,The Miranda Brothers,2024,10,Drama,,No,Sanjay Gupta,Harshvardhan Rane,Meezaan Jafri,JioCinema,,,3.4703,D,,,,Missing/Partial
BOLLY_2024_1573_navras_katha_collage,Navras Katha Collage,2024,10,Drama,,No,Praveen Hingonia,Sheeba Chaddha,Rajesh Sharma,Swardhrupad Productions,,,,,,,,Missing/Partial
BOLLY_2024_1574_bhool_bhulaiyaa_3,Bhool Bhulaiyaa 3,2024,11,Comedy,,No,Anees Bazmee,Kartik Aaryan,Vidya Balan,T-Series Films,,C,5.6076,C,150,423.85,hitFlop=4,High
BOLLY_2024_1575_singham_again,Singham Again,2024,11,Action,,No,Rohit Shetty,Ajay Devgn,Akshay Kumar,"Reliance Entertainment, Devgn Films",6.8713,C,6.8376,C,350,389.64,hitFlop=2,High
BOLLY_2024_1576_vijay_69,Vijay 69,2024,11,Drama,,No,Akshay Roy,Anupam Kher,Chunky Panday,"YRF Entertainment, Netflix",3.4477,D,,,,,,Missing/Partial
BOLLY_2024_1577_khwaabon_ka_jhamela,Khwaabon Ka Jhamela,2024,11,Comedy,,No,Danish Aslam,Prateik Babbar,Sayani Gupta,"Baweja Studios, JioCinema",,,,,,,,Missing/Partial
BOLLY_2024_1578_the_sabarmati_report,The Sabarmati Report,2024,11,Drama,,No,Dheeraj Sarna,Vikrant Massey,Raashii Khanna,Balaji Motion Pictures,,A,,,50,31.31,hitFlop=1,High
BOLLY_2024_1579_naam,Naam,2024,11,Action,,No,Anees Bazmee,Ajay Devgn,Sameera Reddy,"Snigdha Movies Pvt Ltd, Roongta Entertainment",6.8713,C,5.6076,C,,,,Missing/Partial
BOLLY_2024_1580_i_want_to_talk,I Want to Talk,2024,11,Drama,,No,Shoojit Sircar,Abhishek Bachchan,Johny Lever,Rising Sun Films,5.2079,D,3.8135,D,,1.25,,Low
BOLLY_2024_1581_sikandar_ka_muqaddar,Sikandar Ka Muqaddar,2024,11,Thriller,,No,Neeraj Pandey,Jimmy Shergill,Tamannaah Bhatia,Netflix,2.7981,D,,,,,,Missing/Partial
BOLLY_2024_1582_agni,Agni,2024,12,Action,,No,Rahul Dholakia,Pratik Gandhi,Divyenndu,"Amazon MGM Studios, Excel Entertainment",,,,,,,,Missing/Partial
BOLLY_2024_1583_zero_se_restart,Zero Se Restart,2024,12,Drama,,No,Vidhu Vinod Chopra,Vikrant Massey,Medha Shankar,Vinod Chopra Films,,A,,,,,,Missing/Partial
BOLLY_2024_1584_despatch,Despatch,2024,11,Drama,,No,Kanu Behl,Manoj Bajpayee,Shahana Goswami,"RSVP Movies, ZEE5",2.1847,D,,,,,,Missing/Partial
BOLLY_2024_1585_vanvaas,Vanvaas,2024,12,Drama,,No,Anil Sharma,Nana Patekar,Utkarsh Sharma,Zee Studios,4.0525,D,5.7345,C,,6.37,,Low
BOLLY_2024_1586_baby_john,Baby John,2024,12,Action,,No,Kalees,Varun Dhawan,Keerthy Suresh,Jio Studios,4.74,D,,,180,56.49,hitFlop=1,High
BOLLY_2025_1587_the_rabbit_house,The Rabbit House,2025,1,Drama,,No,Vaibhav Kulkarni,,,Geetai Productions,,,,,,,,Missing/Partial
BOLLY_2025_1588_fateh,Fateh,2025,1,Action,,No,Sonu Sood,Naseeruddin Shah,Jacqueline Fernandez,Zee Studios,3.7695,D,,,,18.5,,Low
BOLLY_2025_1589_match_fixing,Match Fixing,2025,1,Thriller,,No,Kedar Gaekwad,Vineet Kumar Singh,Raj Arjun,Artarena Creations,,D,,,,,,Missing/Partial
BOLLY_2025_1590_emergency,Emergency,2025,1,Drama,,No,Kangana Ranaut,Anupam Kher,Shreyas Talpade,Zee Studios,3.4477,D,,,60,21.75,hitFlop=1,High
BOLLY_2025_1591_azaad,Azaad,2025,1,Action,,No,Abhishek Kapoor,Ajay Devgn,Diana Penty,RSVP Movies,6.8713,C,4.0376,D,80,9.17,hitFlop=1,High
BOLLY_2025_1592_mission_grey_house,Mission Grey House,2025,1,Thriller,,No,Naushad Siddiqui,Rajesh Sharma,Kiran Kumar,Reliance Entertainment,,D,,,,,,Missing/Partial
BOLLY_2025_1593_sangee,Sangee,2025,1,Comedy,,No,Sumit Kulkarni,Sharib Hashmi,Gaurav More,"Yantrana Films, Armoks Films",,,,,,,,Missing/Partial
BOLLY_2025_1594_hisaab_barabar,Hisaab Barabar,2025,1,Thriller,,No,Ashwni Dhir,R. Madhavan,Neil Nitin Mukesh,"Jio Studios, ZEE5",,D,,,,,,Missing/Partial
BOLLY_2025_1595_sky_force,Sky Force,2025,1,Action,,No,Sandeep KewlaniAbhishek Anil Kapur,Akshay Kumar,Sara Ali Khan,"Jio Studios, Maddock Films",6.3805,C,,,160,168.88,hitFlop=2,High
BOLLY_2025_1596_sweet_dreams,Sweet Dreams,2025,1,Drama,,No,Victor Mukherjee,Amol Parashar,Mithila Palkar,"Jio Studios, Disney+Hotstar",,,,,,,,Missing/Partial
BOLLY_2025_1597_the_storyteller,The Storyteller,2025,1,Drama,,No,Anant Mahadevan,Paresh Rawal,Adil Hussain,"Jio Studios, Disney+Hotstar",3.7967,D,1.8139,D,,,,Missing/Partial
BOLLY_2025_1598_deva,Deva,2025,1,Action,,No,Rosshan Andrrews,Shahid Kapoor,Pooja Hegde,Zee Studios,5.7659,C,,,50,51.73,hitFlop=2,High
BOLLY_2025_1599_loveyapa,Loveyapa,2025,2,Comedy,,No,Advait Chandan,Khushi Kapoor,Junaid Khan,"Zee Studios, Phantom Studios, AGS Entertainment",,,,,60,8.99,hitFlop=1,High
BOLLY_2025_1600_badass_ravi_kumar,Badass Ravi Kumar,2025,2,Action,,No,Keith Gomes,Himesh Reshammiya,Prabhu Deva,Himesh Reshammiya Melodies,1.5575,D,,,,9.66,,Low
BOLLY_2025_1601_mrs,Mrs.,2025,2,Drama,,No,Aarti Kadav,Sanya Malhotra,Kanwaljit Singh,"Jio Studios, Baweja Studios, ZEE5",,D,,,,,,Missing/Partial
BOLLY_2025_1602_the_mehta_boys,The Mehta Boys,2025,2,Drama,,No,Boman Irani,Avinash Tiwary,,Amazon Prime Video,,,,,,,,Missing/Partial
BOLLY_2025_1603_bobby_aur_rishi_ki_love_story,Bobby Aur Rishi Ki Love Story,2025,2,Comedy,,No,Kunal Kohli,Vardhan Puri,,"Jio Studios, Disney+Hotstar",,,4.0747,D,,,,Missing/Partial
BOLLY_2025_1604_chhaava,Chhaava,2025,2,Action,,No,Laxman Utekar,Vicky Kaushal,Rashmika Mandanna,Maddock Films,,D,,,90,797.34,hitFlop=5,High
BOLLY_2025_1605_dhoom_dhaam,Dhoom Dhaam,2025,2,Drama,,No,Rishab Seth,Pratik Gandhi,Yami Gautam,"Jio Studios, B62 Studios, Netflix",,D,,,,,,Missing/Partial
BOLLY_2025_1606_mere_husband_ki_biwi,Mere Husband Ki Biwi,2025,2,Comedy,,No,Mudassar Aziz,Arjun Kapoor,Rakul Preet Singh,Pooja Entertainment,6.5059,C,,,,12.73,,Low
BOLLY_2025_1607_kaushaljis_vs_kaushal,Kaushaljis vs Kaushal,2025,2,Comedy,,No,Seemaa Desai,Ashutosh Rana,Sheeba Chadha,"Jio Studios, JioHotstar",2.1792,D,,,,,,Missing/Partial
BOLLY_2025_1608_crazxy,Crazxy,2025,2,Thriller,,No,Girish Kohli,Sohum Shah,,Sohum Shah Films,,,,,4.4,11.09,hitFlop=4,High
BOLLY_2025_1609_superboys_of_malegaon,Superboys of Malegaon,2025,2,Drama,,No,Reema Kagti,Adarsh Gourav,Vineet Kumar Singh,"Amazon MGM Studios, Excel Entertainment, Tiger Baby Films",,B,,,,5.35,,Low
BOLLY_2025_1610_dil_dosti_aur_dogs,Dil Dosti Aur Dogs,2025,2,Comedy,,No,Viral Shah,Neena Gupta,Masumeh Makhija,"Jio Studios, JioHotstar",,D,,,,,,Missing/Partial
BOLLY_2025_1611_nadaaniyan,Nadaaniyan,2025,3,Comedy,,No,Shauna Gautam,Ibrahim Ali Khan,Khushi Kapoor,"Dharmatic Entertainment, Netflix",,,,,,,,Missing/Partial
BOLLY_2025_1612_the_diplomat,The Diplomat,2025,3,Drama,,No,Shivam Nair,John Abraham,Sadia Khateeb,T-Series Films,7.1193,D,,,20,53.14,hitFlop=4,High
BOLLY_2025_1613_my_melbourne,My Melbourne,2025,3,Drama,,No,Kabir Khan | Rima Das | Onir | Imtiaz Ali,Kat Stewart,Jake Ryan,"Screen Australia, VicScreen",,,6.8237,C,,,,Missing/Partial
BOLLY_2025_1614_be_happy,Be Happy,2025,3,Drama,,No,Remo D'Souza,Abhishek Bachchan,Nora Fatehi,Amazon Prime Video,5.2079,D,,,,,,Missing/Partial
BOLLY_2025_1615_inn_galiyon_mein,Inn Galiyon Mein,2025,3,Comedy,,No,Avinash Das,Vivaan Shah,Javed Jaffrey,Yadunath Films,,B,,,,,,Missing/Partial
BOLLY_2025_1616_aachari_baa,Aachari Baa,2025,3,Drama,,No,Hardik Gajjar,Neena Gupta,Vatsal Sheth,Jio Studios,,D,,,,,,Missing/Partial
BOLLY_2025_1617_baida,Baida,2025,3,Drama,,No,Puneet Sharma,Sudhanshu Rai,,MNM Entertainment,,,,,,,,Missing/Partial
BOLLY_2025_1618_tumko_meri_kasam,Tumko Meri Kasam,2025,3,Drama,,No,Vikram Bhatt,Anupam Kher,Ishwak Singh,Indira Entertainment,3.4477,D,2.9028,D,,,,Missing/Partial
BOLLY_2025_1619_pintu_ki_pappi,Pintu Ki Pappi,2025,3,Comedy,,No,Shiv Hare,Ganesh Acharya,Murali Sharma,Mythri Movie Makers,,D,,,,,,Missing/Partial
BOLLY_2025_1620_sikandar,Sikandar,2025,3,Action,,No,AR Murugadoss,Salman Khan,Kajal Aggarwal,"Nadiadwala Grandson Entertainment, Salman Khan Films",9.2082,D,,,200,184.89,hitFlop=1,High
BOLLY_2025_1621_jaat,Jaat,2025,4,Action,,No,Gopichand Malineni,Sunny Deol,Randeep Hooda,Mythri Movie Makers,3.3809,D,,,100,119.24,hitFlop=2,High
BOLLY_2025_1622_chhorii_2,Chhorii 2,2025,4,Thriller,,No,Vishal Furia,Nushrratt Bharuccha,Soha Ali Khan,"T-Series Films, Amazon Prime Video",,D,,,,,,Missing/Partial
BOLLY_2025_1623_kesari_chapter_2,Kesari Chapter 2,2025,4,Drama,,Yes,Karan Singh Tyagi,Akshay Kumar,R. Madhavan,"Dharma Productions, Cape Of Good Films",6.3805,C,,,150,142,hitFlop=1,High
BOLLY_2025_1624_logout,Logout,2025,4,Drama,,No,Amit Golani,Babil Khan,Rasika Dugal,"Viacom18 Studios, ZEE5",,D,,,,,,Missing/Partial
BOLLY_2025_1625_the_secret_of_devkaali,The Secret of Devkaali,2025,4,Drama,,No,Niraj Chauhan,Mahesh Manjrekar,,Chauhan Production,,D,,,,,,Missing/Partial
BOLLY_2025_1626_ground_zero,Ground Zero,2025,4,Action,,No,Tejas Prabha Vijay Deoskar,Emraan Hashmi,Sai Tamhankar,Excel Entertainment,4.721,D,,,,9.25,,Low
BOLLY_2025_1627_jewel_thief,Jewel Thief,2025,4,Action,,No,Kookie GulatiRobbie Garewal,Saif Ali Khan,Jaideep Ahlawat,Netflix,5.7211,A,,,,,,Missing/Partial
BOLLY_2025_1628_phule,Phule,2025,4,Drama,,No,Anant Mahadevan,Pratik Gandhi,Patralekha,Zee Studios,,D,1.8139,D,30,6.21,hitFlop=1,High
BOLLY_2025_1629_raid_2,Raid 2,2025,5,Drama,,No,Raj Kumar Gupta,Ajay Devgn,Riteish Deshmukh,"T-Series Films, Panorama Studios",6.8713,C,4.6076,D,120,243.06,hitFlop=4,High
BOLLY_2025_1630_the_bhootnii,The Bhootnii,2025,5,Comedy,,No,Sidhaant Sachdev,Sanjay Dutt,Mouni Roy,"Soham Rockstar Entertainment, Three Dimension Motion Pictures",5.0026,C,,,,,,Missing/Partial
BOLLY_2025_1631_costao,Costao,2025,5,Comedy,,No,Sejal Shah,Nawazuddin Siddiqui,Priya Bapat,ZEE5,3.7877,D,,,,,,Missing/Partial
BOLLY_2025_1632_the_networker,The Networker,2025,5,Comedy,,No,Vikas Kumar Vishwakarma,Vikram Kochhar,Durgesh Kumar,"Gutargoo Entertainment, Navritu Films",,,,,,,,Missing/Partial
BOLLY_2025_1633_romeo_s3,Romeo S3,2025,5,Action,,No,Guddu Dhanoa,Thakur Anoop Singh,,Pen Studios,,,1.2825,D,,,,Missing/Partial
BOLLY_2025_1634_bhool_chuk_maaf,Bhool Chuk Maaf,2025,5,Comedy,,No,Karan Sharma,Rajkummar Rao,Wamiqa Gabbi,"Amazon MGM Studios, Maddock Films",3.9271,D,,,50,90.78,hitFlop=3,High
BOLLY_2025_1635_kapkapiii,Kapkapiii,2025,5,Horror,,No,Sangeeth Sivan,Tusshar Kapoor,Shreyas Talpade,Zee Studios,3.8353,D,2.7482,D,,,,Missing/Partial
BOLLY_2025_1636_pune_highway,Pune Highway,2025,5,Drama,,No,Rahul da CunhaBugs Bhargava Krishna,Jim Sarbh,Amit Sadh,"Drop D Films, Ten Years Younger Productions",,D,,,,,,Missing/Partial
BOLLY_2025_1637_kesari_veer,Kesari Veer,2025,5,Action,,No,Prince Dhiman,Suniel Shetty,Vivek Oberoi,Chauhan Studios,,D,,,60,,,Low
BOLLY_2025_1638_chidiya,Chidiya,2025,5,Drama,,No,Mehran Amrohi,Vinay Pathak,Amruta Subhash,"Smiley Films, Key Media Works",3.1247,D,,,,,,Missing/Partial
BOLLY_2025_1639_interrogation,Interrogation,2025,5,Thriller,,No,Ajoy Varma Raja,Rajpal Yadav,Darshan Jariwala,ZEE5,2.3783,D,,,,,,Missing/Partial
BOLLY_2025_1640_stolen,Stolen,2025,6,Drama,,No,Karan Tejpal,Abhishek Banerjee,Harish Khanna,Amazon Prime Video,,,,,,,,Missing/Partial
BOLLY_2025_1641_housefull_5,Housefull 5,2025,6,Comedy,,No,Tarun Mansukhani,Akshay Kumar,Riteish Deshmukh,Nadiadwala Grandson Entertainment,6.3805,C,,,225,242.8,hitFlop=2,High
BOLLY_2025_1642_sitaare_zameen_par,Sitaare Zameen Par,2025,6,Comedy,,No,R. S. Prasanna,Aamir Khan,Genelia Deshmukh,Aamir Khan Productions,10,A,,,122,266.49,hitFlop=4,High
BOLLY_2025_1643_detective_sherdil,Detective Sherdil,2025,6,Thriller,,No,Ravi Chhabriya,Diljit Dosanjh,Diana Penty,ZEE5,,C,,,,,,Missing/Partial
BOLLY_2025_1644_maa,Maa,2025,6,Horror,,No,Vishal Furia,Kajol,Ronit Roy,"Jio Studios, Devgn Films, Panorama Studios",7.2516,B,,,65,51.64,hitFlop=1,High
BOLLY_2025_1645_well_done_ca_sahab,Well Done CA Sahab!,2025,6,Drama,,No,Sarvesh Kumar Singh,Gopal Datt,,Figures and Frames,,,,,,,,Missing/Partial
BOLLY_2025_1646_metro_in_dino,Metro... In Dino,2025,7,Romance,,No,Anurag Basu,Aditya Roy Kapur,Sara Ali Khan,T-Series Films,,C,5.1314,C,47,79,hitFlop=3,High
BOLLY_2025_1647_kaalidhar_laapata,Kaalidhar Laapata,2025,8,Drama,,No,Madhumita,Abhishek Bachchan,Mohammed Zeeshan Ayyub,"Zee Studios, Emmay Entertainment, ZEE5",5.2079,D,,,,,,Missing/Partial
BOLLY_2025_1648_maalik,Maalik,2025,7,Action,,No,Pulkit,Rajkummar Rao,Manushi Chhillar,Tips Industries,3.9271,D,,,,26.3,,Low
BOLLY_2025_1649_aankhon_ki_gustaakhiyan,Aankhon Ki Gustaakhiyan,2025,7,Drama,,No,Santosh Singh,Vikrant Massey,,Zee Studios,,A,,,,2.35,,Low
BOLLY_2025_1650_aap_jaisa_koi,Aap Jaisa Koi,2025,7,Drama,,No,Vivek Soni,R. Madhavan,Fatima Sana Shaikh,"Dharmatic Entertainment, Netflix",,,,,,,,Missing/Partial
BOLLY_2025_1651_saiyaara,Saiyaara,2025,7,Drama,,No,Mohit Suri,Aneet Padda,,Yash Raj Films,,,4.931,D,45,579,hitFlop=5,High
BOLLY_2025_1652_tanvi_the_great,Tanvi the Great,2025,7,Drama,,No,Anupam Kher,Iain Glen,Boman Irani,"Excel Entertainment, NFDC",,D,,,,,,Missing/Partial
BOLLY_2025_1653_nikita_roy,Nikita Roy,2025,7,Thriller,,No,Kussh Sinha,Sonakshi Sinha,Arjun Rampal,"Nicky Vicky Bhagnani Films, Kratos Entertainment, Nikita Pai Films",6.9519,A,,,,,,Missing/Partial
BOLLY_2025_1654_murderbaad,Murderbaad,2025,7,Romance,,No,Arnab Chatterjee,Nakul Roshan Sahdev,Kanikka Kapur,Reliance Entertainment,,,,,,,,Missing/Partial
BOLLY_2025_1655_sant_tukaram,Sant Tukaram,2025,7,Drama,,No,Aditya Om,Subodh Bhave,Sheena Chohan,Curzon Films,,,,,,,,Missing/Partial
BOLLY_2025_1656_mahavatar_narsimha,Mahavatar Narsimha,2025,7,Action,,No,Ashwin Kumar,,,Hombale Films,,,,,20,300,hitFlop=5,High
BOLLY_2025_1657_so_long_valley,So Long Valley,2025,7,Thriller,,No,Man Singh,Tridha Choudhury,Akanksha Puri,Sourya Studios,,,,,,,,Missing/Partial
BOLLY_2025_1658_sarzameen,Sarzameen,2025,7,Action,,No,Kayoze Irani,Prithviraj Sukumaran,Kajol,"Star Studios, Dharma Productions, JioHotstar",,D,,,,,,Missing/Partial
BOLLY_2025_1659_rasa,Rasa,2025,7,Drama,,No,Angith JayarajPreetish Jayaraj,Shishir Sharma,,"Purnam Films, Haroon Rashid Films, Vidya Entertainment",,,,,,,,Missing/Partial
BOLLY_2025_1660_dhadak_2,Dhadak 2,2025,8,Drama,,No,Shazia Iqbal,Siddhant Chaturvedi,Triptii Dimri,"Zee Studios, Dharma Productions",,,,,,29,,Low
BOLLY_2025_1661_son_of_sardaar_2,Son of Sardaar 2,2025,8,Comedy,,No,Vijay Kumar Arora,Ajay Devgn,Mrunal Thakur,"Jio Studios, Devgn Films",6.8713,C,,,150,60.9,hitFlop=1,High
BOLLY_2025_1662_andaaz_2,Andaaz 2,2025,8,Drama,,No,Suneel Darshan,,,Shree Krishna International,,,1.706,D,,,,Missing/Partial
BOLLY_2025_1663_udaipur_files,Udaipur Files,2025,8,Drama,,No,Bharat Shrinat,Vijay Raaz,Rajneesh Duggal,Jani Firefox Films,1.7737,D,,,,0.63,,Low
BOLLY_2025_1664_ghich_pich,Ghich Pich,2025,8,Comedy,,No,Ankur Singla,Nitesh Pandey,Satyajit Sharma,"Barsaati Films, Platoon One Films",,,,,,,,Missing/Partial
BOLLY_2025_1665_war_2,War 2,2025,8,Action,,No,Ayan Mukerji,Hrithik Roshan,N. T. Rama Rao Jr.,Yash Raj Films,8.2519,D,,,300,303,hitFlop=2,High
BOLLY_2025_1666_tehran,Tehran,2025,8,Action,,No,Arun Gopalan,John Abraham,Neeru Bajwa,"Maddock Films, ZEE5",7.1193,D,,,,,,Missing/Partial
BOLLY_2025_1667_param_sundari,Param Sundari,2025,8,Comedy,,No,Tushar Jalota,Sidharth Malhotra,Janhvi Kapoor,Maddock Films,,C,,,60,85.83,hitFlop=2,High
BOLLY_2025_1668_songs_of_paradise,Songs of Paradise,2025,8,Drama,,No,Danish Renzu,Soni Razdan,Saba Azad,"Excel Entertainment, Amazon Prime Video",,,,,,,,Missing/Partial
BOLLY_2025_1669_baaghi_4,Baaghi 4,2025,9,Action,,No,A. Harsha,Tiger Shroff,Sanjay Dutt,Nadiadwala Grandson Entertainment,,B,,,80,67,hitFlop=1,High
BOLLY_2025_1670_the_bengal_files,The Bengal Files,2025,9,Drama,,No,Vivek Agnihotri,Mithun Chakraborty,Anupam Kher,"Abhishek  Agarwal Arts, I Am Buddha",2.4335,D,,,50,16.19,hitFlop=1,High
BOLLY_2025_1671_inspector_zende,Inspector Zende,2025,9,Drama,,No,Chinmay Mandlekar,Manoj Bajpayee,Jim Sarbh,Netflix,2.1847,D,,,,,,Missing/Partial
BOLLY_2025_1672_ufff_yeh_siyapaa,Ufff Yeh Siyapaa,2025,9,Comedy,,No,G. Ashok,Soham Shah,Nushrratt Bharuccha,Luv Films,,,,,,,,Missing/Partial
BOLLY_2025_1673_humans_in_the_loop,Humans in the Loop,2025,9,Drama,,No,Aranya Sahay,Sonal Madhushankar,,"Storiculture, Museum of Imagined Futures, SAUV Films",,,,,,,,Missing/Partial
BOLLY_2025_1674_heer_express,Heer Express,2025,9,Comedy,,No,Umesh Shukla,Ashutosh Rana,Sanjay Mishra,"Tulip Entertainment, Divisa Entertainment, Merry Go Round Studios",2.1792,D,,,,9.42,,Low
BOLLY_2025_1675_love_in_vietnam,Love in Vietnam,2025,1,Drama,,No,Rahat Shah Kazmi,Shantanu Maheshwari,Avneet Kaur,Zee Studios,,,,,,,,Missing/Partial
BOLLY_2025_1676_ek_chatur_naar,Ek Chatur Naar,2025,9,Comedy,,No,Umesh Shukla,Divya Khosla Kumar,Neil Nitin Mukesh,T-Series Films,,B,,,,3.2,,Low
BOLLY_2025_1677_aabeer_gulaal,Aabeer Gulaal,2025,9,Comedy,,No,Aarti S. Bagdi,Fawad Khan,Vaani Kapoor,"A Richer Lens Entertainment, Aarjay Pictures",,C,,,,,,Missing/Partial
BOLLY_2025_1678_mannu_kya_karegga,Mannu Kya Karegga,2025,9,Comedy,,No,Ssanjay Tripaathy,Vinay Pathak,Kumud Mishra,Curious Eyes Cinema,3.1247,D,,,,,,Missing/Partial
BOLLY_2025_1679_jolly_llb_3,Jolly LLB 3,2025,9,Comedy,,No,Subhash Kapoor,Akshay Kumar,Arshad Warsi,Star Studio18,6.3805,C,,,120,166.06,hitFlop=2,High
BOLLY_2025_1680_nishaanchi,Nishaanchi,2025,9,Drama,,No,Anurag Kashyap,Vedika Pinto,Mohammed Zeeshan Ayyub,"Amazon MGM Studios, JAR Pictures",,D,3.0408,D,,1,,Low
BOLLY_2025_1681_homebound,Homebound,2025,5,Drama,,No,Neeraj Ghaywan,Ishaan Khatter,Vishal Jethwa,Dharma Productions,,,,,,3,,Low
BOLLY_2025_1682_tu_meri_poori_kahani,Tu Meri Poori Kahani,2025,9,Drama,,No,Suhrita Das,,,Indira Entertainment,,,,,,,,Missing/Partial
BOLLY_2025_1683_sunny_sanskari_ki_tulsi_kumari,Sunny Sanskari Ki Tulsi Kumari,2025,10,Comedy,,No,Shashank Khaitan,Varun Dhawan,Janhvi Kapoor,Dharma Productions,4.74,D,,,80,99.39,hitFlop=2,High
BOLLY_2025_1684_lord_curzon_ki_haveli,Lord Curzon Ki Haveli,2025,8,Comedy,,No,Anshuman Jha,Arjun Mathur,Rasika Dugal,"Golden Ratio Films, First Ray Films, Jetty Productions",,D,,,,,,Missing/Partial
BOLLY_2025_1685_controll,Controll,2025,10,Thriller,,No,Safdar Abbas,Thakur Anoop Singh,Rohit Roy,Pen Studios,,,,,,,,Missing/Partial
BOLLY_2025_1686_greater_kalesh,Greater Kalesh,2025,10,Comedy,,No,Aditya Chandiok,Ahsaas Channa,Supriya Shukla,Netflix,,D,,,,,,Missing/Partial
BOLLY_2025_1687_thamma,Thamma,2025,10,Comedy,,No,Aditya Sarpotdar,Ayushmann Khurrana,Rashmika Mandanna,Maddock Films,,D,,,145,169.75,hitFlop=2,High
BOLLY_2025_1688_ek_deewane_ki_deewaniyat,Ek Deewane Ki Deewaniyat,2025,10,Drama,,No,Milap Zaveri,Harshvardhan Rane,Sonam Bajwa,"Desi Movies Factory, Play DMF",,,,,25,112.03,hitFlop=5,High
BOLLY_2025_1689_the_taj_story,The Taj Story,2025,10,Drama,,No,Tushar Amrish Goel,Paresh Rawal,Zakir Hussain,Swarnim Global Services,3.7967,D,,,,,,Missing/Partial
BOLLY_2025_1690_single_salma,Single Salma,2025,10,Drama,,No,Nachiket Samant,Huma Qureshi,Sunny Singh,Star Studio18,,D,,,,,,Missing/Partial
BOLLY_2025_1691_haq,Haq,2025,11,Drama,,No,Suparn Verma,Emraan Hashmi,Yami Gautam,"Junglee Pictures, Baweja Studios",4.721,D,1.4658,D,40,28.68,hitFlop=1,High
BOLLY_2025_1692_jatadhara,Jatadhara,2025,11,Thriller,,No,Venkat KalyanAbhishek Jaiswal,Sudheer Babu,Sonakshi Sinha,Zee Studios,,A,,,,,,Missing/Partial
BOLLY_2025_1693_jassi_weds_jassi,Jassi Weds Jassi,2025,11,Comedy,,No,Paran Bawa,Ranvir Shorey,Sikandar Kher,Divinity Studio,3.063,D,,,,,,Missing/Partial
BOLLY_2025_1694_baramulla,Baramulla,2025,11,Drama,,No,Aditya Suhas Jambhale,Manav Kaul,Bhasha Sumbli,"Jio Studios, B62 Studios, Netflix",,D,,,,,,Missing/Partial
BOLLY_2025_1695_de_de_pyaar_de_2,De De Pyaar De 2,2025,11,Drama,,No,Anshul Sharma,Ajay Devgn,R. Madhavan,"T-Series Films, Luv Films",6.8713,C,,,150,104.67,hitFlop=1,High
BOLLY_2025_1696_agra,Agra,2025,5,Drama,,No,Kanu Behl,Priyanka Bose,Ruhani Sharma,"Saregama, UFO Moviez",,,,,,,,Missing/Partial
BOLLY_2025_1697_2020_delhi,2020 Delhi,2025,11,Drama,,No,Devendra Malviya,Brijendra Kala,Samar Jai Singh,Midas Touch Films,,D,,,,,,Missing/Partial
BOLLY_2025_1698_kaal_trighori,Kaal Trighori,2025,11,Thriller,,No,Nitin Vaidya,Arbaaz Khan,Rituparna Sengupta,Pen Studios,2.5366,D,,,,,,Missing/Partial
BOLLY_2025_1699_120_bahadur,120 Bahadur,2025,11,Action,,No,Razneesh ‘Razy’ Ghai,Farhan Akhtar,Raashii Khanna,Excel Entertainment,6.6258,D,,,80,20,hitFlop=1,High
BOLLY_2025_1700_mastiii_4,Mastiii 4,2025,11,Comedy,,No,Milap Zaveri,Riteish Deshmukh,Vivek Oberoi,Balaji Motion Pictures,,D,,,40,15.14,hitFlop=1,High
BOLLY_2025_1701_tere_ishk_mein,Tere Ishk Mein,2025,11,Drama,,No,Aanand L. Rai,Dhanush,Kriti Sanon,"T-Series Films, Colour Yellow Productions",,B,,,85,148.5,hitFlop=3,High
BOLLY_2025_1702_gustaakh_ishq,Gustaakh Ishq,2025,11,Drama,,No,Vibhu Puri,Naseeruddin Shah,Fatima Sana Shaikh,Stage 5 Productions,3.7695,D,,,,2.29,,Low
BOLLY_2025_1703_kaisi_ye_paheli,Kaisi Ye Paheli,2025,11,Drama,,No,Ananyabrata Chakravorty,Rajit Kapoor,Chittaranjan Giri,Take Pictures,1.5913,D,,,,,,Missing/Partial
BOLLY_2025_1704_dhurandhar,Dhurandhar,2025,12,Action,,No,Aditya Dhar,Ranveer Singh,Akshaye Khanna,"Jio Studios, B62 Studios",6.0024,C,,,250,1350.83,hitFlop=5,High
BOLLY_2025_1705_kis_kisko_pyaar_karoon_2,Kis Kisko Pyaar Karoon 2,2025,12,Comedy,,No,Anukalp Goswami,Kapil Sharma,Manjot Singh,"Star Studio18, Venus Worldwide Entertainment",,D,,,35,14.87,hitFlop=1,High
BOLLY_2025_1706_saali_mohabbat,Saali Mohabbat,2025,11,Drama,,No,Tisca Chopra,Radhika Apte,Divyenndu,"Jio Studios, ZEE5",,D,,,,,,Missing/Partial
BOLLY_2025_1707_the_great_shamsuddin_family,The Great Shamsuddin Family,2025,12,Drama,,No,Anusha Rizvi,Kritika Kamra,Shreya Dhanwanthary,"Star Studio18, JioHotstar",,D,,,,,,Missing/Partial
BOLLY_2025_1708_durlabh_prasad_ki_dusri_shadi,Durlabh Prasad Ki Dusri Shadi,2025,12,Drama,,No,Siddhant Raj Singh,Sanjay Mishra,Mahima Chaudhry,Eksha Entertainment,2.494,D,,,,,,Missing/Partial
BOLLY_2025_1709_tu_meri_main_tera_main_tera_tu_meri,Tu Meri Main Tera Main Tera Tu Meri,2025,12,Comedy,,No,Sameer Vidwans,Kartik Aaryan,Ananya Panday,Dharma Productions,,,,,90,48.02,hitFlop=1,High
BOLLY_2001_1710_aamdani_atthanni_kharcha_rupaiya,Aamdani Atthanni Kharcha Rupaiya,2001,12,Comedy,Drama,No,K. Raghavendra Rao | A.S. Ravindra Babu,Govinda,Juhi Chawla,,4.7856,D,,,,,hitFlop=3,Missing/Partial
BOLLY_2001_1711_aashiq,Aashiq,2001,1,Action,Comedy,No,Indra Kumar,Bobby Deol,Rahul Dev,,2.4272,D,4.1206,D,,,hitFlop=3,Missing/Partial
BOLLY_2001_1712_ajnabee,Ajnabee,2001,9,Crime,Mystery,No,Abbas Alibhai Burmawalla | Mastan Alibhai Burmawalla,Akshay Kumar,Bobby Deol,,6.3805,C,3.6411,D,,,hitFlop=4,Missing/Partial
BOLLY_2001_1713_aks,Aks,2001,7,Thriller,Mystery,No,Rakeysh Omprakash Mehra,Amitabh Bachchan,Raveena Tandon,,7.0113,B,4.5105,D,,,hitFlop=2,Missing/Partial
BOLLY_2001_1714_albela,Albela,2001,4,Romance,,No,Deepak Sareen,Govinda,Aishwarya Rai Bachchan,,4.7856,D,,,,,hitFlop=2,Missing/Partial
BOLLY_2001_1715_arjun_devaa,Arjun Devaa,2001,,Action,Crime,No,Imran Khan,Mithun Chakraborty,Puru Rajkumar,,2.4335,D,,,,,hitFlop=1,Missing/Partial
BOLLY_2001_1716_avgat,Avgat,2001,6,Action,Crime,No,Mohan Sharma,Ajinkya Deo,Nethra Raghuraman,,,,,,,,hitFlop=1,Missing/Partial
BOLLY_2001_1717_bas_itna_sa_khwaab_hai,Bas Itna Sa Khwaab Hai...,2001,7,Romance,,No,Goldie Behl,Rani Mukerji,Abhishek Bachchan,,3.932,D,,,,,hitFlop=1,Missing/Partial
BOLLY_2001_1718_bengal_tiger,Bengal Tiger,2001,,Action,Crime,No,Adarsh Jain,Sandeep Bedi,Mithun Chakraborty,,,,,,,,hitFlop=1,Missing/Partial
BOLLY_2001_1719_bhairav,Bhairav,2001,,Action,,No,T.L.V. Prasad,Hemant Birje,Mithun Chakraborty,,,,,,,,hitFlop=1,Missing/Partial
BOLLY_2001_1720_boond,Boond,2001,,Action,Crime,No,Inayat Mahshar,Navin Berry,Pankaj Berry,,,,,,,,hitFlop=1,Missing/Partial
BOLLY_2001_1721_censor,Censor,2001,2,Musical,Romance,No,Dev Anand,Dev Anand,Hema Malini,,1.0,D,2.5388,D,,,hitFlop=1,Missing/Partial
BOLLY_2001_1722_chandni_bar,Chandni Bar,2001,9,Crime,Drama,No,Madhur Bhandarkar,Tabu,Atul Kulkarni,,5.0682,C,3.2787,D,,,hitFlop=5,Missing/Partial
BOLLY_2001_1723_chhupa_rustam_a_musical_thriller,Chhupa Rustam: A Musical Thriller,2001,4,Crime,Drama,No,Aziz Sejawal,Tinnu Anand,Raj Babbar,,2.4003,D,,,,,hitFlop=3,Missing/Partial
BOLLY_2001_1724_chori_chori_chupke_chupke,Chori Chori Chupke Chupke,2001,3,Drama,Musical,No,Abbas Alibhai Burmawalla | Mastan Alibhai Burmawalla,Preity Zinta,Salman Khan,,4.8088,D,3.6411,D,,,hitFlop=5,Missing/Partial
BOLLY_2001_1725_daman_a_victim_of_marital_violence,Daman: A Victim of Marital Violence,2001,5,Drama,Family,No,Kalpana Lajmi,Raveena Tandon,Sayaji Shinde,,2.465,D,1.0034,D,,,hitFlop=1,Missing/Partial
BOLLY_2001_1726_deewaanapan,Deewaanapan,2001,11,Romance,Drama,No,Ashu Trikha,Arjun Rampal,Dia Mirza,,3.8011,D,1.1186,D,,,hitFlop=2,Missing/Partial
BOLLY_2001_1727_dil_chahta_hai,Dil Chahta Hai,2001,7,Comedy,Drama,No,Farhan Akhtar,Aamir Khan,Saif Ali Khan,,10.0,A,5.7197,C,,,hitFlop=4,Missing/Partial
BOLLY_2001_1728_dil_ne_phir_yaad_kiya,Dil Ne Phir Yaad Kiya,2001,,Drama,Musical,No,Rajat Rawail,Sadashiv Amrapurkar,Vinay Anand,,1.7491,D,,,,,hitFlop=1,Missing/Partial
BOLLY_2001_1729_ehsaas_the_feeling,Ehsaas: The Feeling,2001,11,Drama,,No,Mahesh Manjrekar,Anand Raj Anand,Sunidhi Chauhan,,,,1.4664,D,,,hitFlop=1,Missing/Partial
BOLLY_2001_1730_farz,Farz,2001,1,Action,Thriller,No,Raj Kanwar,Sunny Deol,Preity Zinta,,3.3809,D,3.0499,D,,,hitFlop=4,Missing/Partial
BOLLY_2001_1731_gadar_ek_prem_katha,Gadar: Ek Prem Katha,2001,6,Action,Drama,No,Anil Sharma,Sunny Deol,Ameesha Patel,,3.3809,D,5.7345,C,,,hitFlop=9,Missing/Partial
BOLLY_2001_1732_grahan,Grahan,2001,2,Drama,Romance,No,Shashilal K. Nair,Jackie Shroff,Manisha Koirala,,2.6163,D,2.8498,D,,,hitFlop=1,Missing/Partial
BOLLY_2001_1733_gumnam_qatil,Gumnam Qatil,2001,5,Horror,,No,Harinam Singh,Yunus Parvez,Mahesh Raj,,,,,,,,hitFlop=1,Missing/Partial
BOLLY_2001_1734_hadh_life_on_the_edge_of_death,Hadh: Life on the Edge of Death,2001,,Action,Crime,No,Thampi Kannanthanam,Shama Deshpande,Vikram Gokhale,,,,,,,,hitFlop=1,Missing/Partial
BOLLY_2001_1735_hum_ho_gaye_aap_ke,Hum Ho Gaye Aap Ke,2001,8,Musical,,No,Ahathian | Sunil Kumar Agrawal,Fardeen Khan,Reema Sen,,2.8821,D,,,,,hitFlop=1,Missing/Partial
BOLLY_2001_1736_indian,Indian,2001,10,Action,Crime,No,N. Maharajan,Malaika Arora,Raj Babbar,,,,,,,,hitFlop=6,Missing/Partial
BOLLY_2001_1737_ittefaq,Ittefaq,2001,9,Action,Drama,No,Sanjay Khanna,Sunil Shetty,Mukul Dev,,3.3073,D,,,,,hitFlop=1,Missing/Partial
BOLLY_2001_1738_jai_ganesh_deva,Jai Ganesh Deva,2001,,Fantasy,,No,K. Shankar,Delhi Ganesh,Jai Ganesh,,,,,,,,hitFlop=1,Missing/Partial
BOLLY_2001_1739_jodi_no_1,Jodi No.1,2001,4,Comedy,,No,David Dhawan,Sanjay Dutt,Govinda,,5.0026,C,4.7408,D,,,hitFlop=6,Missing/Partial
BOLLY_2001_1740_kabhi_khushi_kabhie_gham,Kabhi Khushi Kabhie Gham...,2001,12,Drama,Musical,No,Karan Johar,Amitabh Bachchan,Jaya Bhaduri,,7.0113,B,7.1046,B,,,hitFlop=8,Missing/Partial
BOLLY_2001_1741_kasam,Kasam,2001,11,Adventure,Drama,No,Shibu Mitra,Naseeruddin Shah,Sunny Deol,,3.7695,D,,,,,hitFlop=2,Missing/Partial
BOLLY_2001_1742_kuch_khatti_kuch_meethi,Kuch Khatti Kuch Meethi,2001,1,Drama,Family,No,Rahul Rawail,Kajol,Rishi Kapoor,,7.2516,B,1.4734,D,,,hitFlop=2,Missing/Partial
BOLLY_2001_1743_lagaan_once_upon_a_time_in_india,Lagaan: Once Upon a Time in India,2001,5,Adventure,Drama,No,Ashutosh Gowariker,Aamir Khan,Gracy Singh,,10.0,A,3.7481,D,,,hitFlop=6,Missing/Partial
BOLLY_2001_1744_lajja,Lajja,2001,9,Drama,Musical,No,Rajkumar Santoshi,Rekha,Anil Kapoor,,5.1069,C,2.744,D,,,hitFlop=2,Missing/Partial
BOLLY_2001_1745_love_ke_liye_kuch_bhi_karega,Love Ke Liye Kuch Bhi Karega,2001,6,Comedy,Crime,No,Eeshwar Nivas,Saif Ali Khan,Fardeen Khan,,5.7211,C,1.3951,D,,,hitFlop=2,Missing/Partial
BOLLY_2001_1746_master,Master,2001,,Action,,No,Suneil Anand,Suneil Anand,Ting Leung,,,,,,,,hitFlop=1,Missing/Partial
BOLLY_2001_1747_moksha_salvation,Moksha: Salvation,2001,11,Drama,Thriller,No,Ashok Mehta,Arjun Rampal,Manisha Koirala,,3.8011,D,,,,,hitFlop=1,Missing/Partial
BOLLY_2001_1748_mujhe_kucch_kehna_hai,Mujhe Kucch Kehna Hai,2001,5,Romance,,No,Satish Kaushik,Tusshar Kapoor,Kareena Kapoor,,3.8353,D,2.6808,D,,,hitFlop=7,Missing/Partial
BOLLY_2001_1749_mujhe_meri_biwi_se_bachaao,Mujhe Meri Biwi Se Bachaao,2001,6,Comedy,Musical,No,Harry Baweja,Rekha,Naseeruddin Shah,,5.1069,C,1.6165,D,,,hitFlop=1,Missing/Partial
BOLLY_2001_1750_nayak_the_real_hero,Nayak: The Real Hero,2001,9,Drama,Action,No,S. Shankar,Anil Kapoor,Rani Mukerji,,5.6087,C,,,,,hitFlop=2,Missing/Partial
BOLLY_2001_1751_officer,Officer,2001,3,Action,Crime,No,Naeem Sha,Sunil Shetty,Raveena Tandon,,3.3073,D,,,,,hitFlop=2,Missing/Partial
BOLLY_2001_1752_one_2_ka_4,One 2 Ka 4,2001,3,Action,Comedy,No,Shashilal K. Nair,Shah Rukh Khan,Juhi Chawla,,9.2267,A,2.8498,D,,,hitFlop=1,Missing/Partial
BOLLY_2001_1753_paagalpan,Paagalpan,2001,6,Romance,,No,Joy Augustine,Karan Nath,Aarti Agarwal,,,,,,,,hitFlop=1,Missing/Partial
BOLLY_2001_1754_pyaar_tune_kya_kiya,Pyaar Tune Kya Kiya...,2001,4,Thriller,,No,Rajat Mukherjee,Fardeen Khan,Ravi Baswani,,2.8821,D,2.0315,D,,,hitFlop=3,Missing/Partial
BOLLY_2001_1755_pyaar_zindagi_hai,Pyaar Zindagi Hai,2001,,Thriller,,No,Vijay Sadanah,Rajesh Khanna,Mohnish Bahl,,1.1394,D,,,,,hitFlop=1,Missing/Partial
BOLLY_2001_1756_rahul,Rahul,2001,3,Drama,,No,Prakash Jha,Neha,Rajeshwari Sachdev,,,,3.6075,D,,,hitFlop=1,Missing/Partial
BOLLY_2001_1757_rehnaa_hai_terre_dil_mein,Rehnaa Hai Terre Dil Mein,2001,10,Musical,Drama,No,Gautham Menon,Madhavan,Saif Ali Khan,,5.0561,C,,,,,hitFlop=2,Missing/Partial
BOLLY_2001_1758_shirdi_sai_baba,Shirdi Sai Baba,2001,9,Drama,Mystery,No,Deepak Balraj Vij,Sudhir Dalvi,Dharmendra,,,,,,,,hitFlop=1,Missing/Partial
BOLLY_2001_1759_style,Style,2001,12,Musical,Comedy,No,N. Chandra,Sharman Joshi,Sahil Khan,,3.6904,D,3.854,D,,,hitFlop=5,Missing/Partial
BOLLY_2001_1760_tera_mera_saath_rahen,Tera Mera Saath Rahen,2001,11,Drama,,No,Mahesh Manjrekar,Ajay Devgn,Sonali Bendre,,6.8713,C,1.4664,D,,,hitFlop=1,Missing/Partial
BOLLY_2001_1761_tere_liye,Tere Liye,2001,12,Drama,Family,No,Sanjay Gadhvi,Imran Ahmed Khan,Sonali Khare,,,,4.3755,D,,,hitFlop=1,Missing/Partial
BOLLY_2001_1762_tum_bin_love_will_find_a_way,Tum Bin...: Love Will Find a Way,2001,7,Drama,Romance,No,Anubhav Sinha,Priyanshu Chatterjee,Himanshu Malik,,2.4801,D,3.0566,D,,,hitFlop=4,Missing/Partial
BOLLY_2001_1763_uljhan,Uljhan,2001,5,Drama,,No,Rajan Johri,Puru Rajkumar,Dipti Bhatnagar,,1.0,D,,,,,hitFlop=1,Missing/Partial
BOLLY_2001_1764_veer_savarkar,Veer Savarkar,2001,,Biography,Drama,No,Ved Rahi,Shailendra Gaur,Pankaj Berry,,,,,,,,hitFlop=1,Missing/Partial
BOLLY_2001_1765_yaadein,Yaadein...,2001,6,Musical,Drama,No,Subhash Ghai,Jackie Shroff,Hrithik Roshan,,2.6163,D,1.3105,D,,,hitFlop=2,Missing/Partial
BOLLY_2001_1766_yeh_hai_pyar_ka_mausam,Yeh Hai Pyar Ka Mausam,2001,,Crime,,No,Rajesh Bakshi,Rajat Bakshi,Rajesh Bakshi,,,,,,,,hitFlop=1,Missing/Partial
BOLLY_2001_1767_yeh_raaste_hain_pyaar_ke,Yeh Raaste Hain Pyaar Ke,2001,8,Romance,Drama,No,Deepak S. Shivdasani,Ajay Devgn,Madhuri Dixit,,6.8713,C,2.6377,D,,,hitFlop=2,Missing/Partial
BOLLY_2001_1768_yeh_teraa_ghar_yeh_meraa_ghar,Yeh Teraa Ghar Yeh Meraa Ghar,2001,10,Comedy,Drama,No,Priyadarshan,Sunil Shetty,Mahima Chaudhry,,3.3073,D,3.8472,D,,,hitFlop=2,Missing/Partial
BOLLY_2001_1769_yeh_zindagi_ka_safar,Yeh Zindagi Ka Safar,2001,11,Drama,,No,Tanuja Chandra,Ameesha Patel,Jimmy Shergill,,2.9389,D,1.0907,D,,,hitFlop=1,Missing/Partial
BOLLY_2001_1770_zahreela,Zahreela,2001,3,Action,,No,Raj N. Sippy,Vikas Anand,Asrani,,1.0,D,1.0402,D,,,hitFlop=1,Missing/Partial
BOLLY_2001_1771_zubeidaa,Zubeidaa,2001,1,Adventure,Biography,No,Shyam Benegal,Karisma Kapoor,Rekha,,3.6993,D,,,,,hitFlop=1,Missing/Partial
BOLLY_2002_1772_16_december,16 December,2002,3,Action,Drama,No,Mani Shankar,Danny Denzongpa,Gulshan Grover,,2.6726,D,2.3406,D,,,hitFlop=4,Missing/Partial
BOLLY_2002_1773_23rd_march_1931_shaheed,23rd March 1931: Shaheed,2002,6,Biography,Drama,No,Guddu Dhanoa,Bobby Deol,Sunny Deol,,2.4272,D,1.2825,D,,,hitFlop=1,Missing/Partial
BOLLY_2002_1774_aakhri_inteqam,Aakhri Inteqam,2002,,Action,,No,Rajesh Bakshi,Sudesh Berry,Anu Kashyap,,1.5917,D,,,,,hitFlop=1,Missing/Partial
BOLLY_2002_1775_aankhen,Aankhen,2002,3,Comedy,Thriller,No,Vipul Amrutlal Shah,Amitabh Bachchan,Akshay Kumar,,7.0113,B,3.229,D,,,hitFlop=4,Missing/Partial
BOLLY_2002_1776_aap_mujhe_achche_lagne_lage,Aap Mujhe Achche Lagne Lage,2002,4,Action,Drama,No,Vikram Bhatt,Hrithik Roshan,Ameesha Patel,,8.2519,B,2.9028,D,,,hitFlop=2,Missing/Partial
BOLLY_2002_1777_ab_ke_baras,Ab Ke Baras,2002,5,Adventure,Fantasy,No,Raj Kanwar,Arya Babbar,Amrita Rao,,1.9111,D,3.0499,D,,,hitFlop=2,Missing/Partial
BOLLY_2002_1778_akhiyon_se_goli_maare,Akhiyon Se Goli Maare,2002,8,Comedy,,No,Harmesh Malhotra,Govinda,Raveena Tandon,,4.7856,D,,,,,hitFlop=2,Missing/Partial
BOLLY_2002_1779_angaar_the_fire,Angaar: The Fire,2002,,Action,,No,Ajay Kashyap,Vinay Anand,Rana Jung Bahadur,,,,,,,,hitFlop=1,Missing/Partial
BOLLY_2002_1780_annarth,Annarth,2002,11,Action,Thriller,No,Ravi Dewan,Sanjay Dutt,Sunil Shetty,,5.0026,C,,,,,hitFlop=1,Missing/Partial
BOLLY_2002_1781_ansh_the_deadly_part,Ansh: The Deadly Part,2002,4,Musical,Action,No,Rajan Johri,Om Puri,Ashutosh Rana,,4.1779,D,,,,,hitFlop=1,Missing/Partial
BOLLY_2002_1782_awara_paagal_deewana,Awara Paagal Deewana,2002,6,Action,Comedy,No,Vikram Bhatt,Akshay Kumar,Sunil Shetty,,6.3805,C,2.9028,D,,,hitFlop=4,Missing/Partial
BOLLY_2002_1783_badhaai_ho_badhaai,Badhaai Ho Badhaai,2002,6,Comedy,Drama,No,Satish Kaushik,Anil Kapoor,Anang Desai,,5.6087,C,2.6808,D,,,hitFlop=1,Missing/Partial
BOLLY_2002_1784_chalo_ishq_ladaaye,Chalo Ishq Ladaaye,2002,12,Comedy,Romance,No,Aziz Sejawal,Govinda,Kader Khan,,4.7856,D,,,,,hitFlop=1,Missing/Partial
BOLLY_2002_1785_chhal,Chhal,2002,8,Action,Thriller,No,Hansal Mehta,Kay Kay Menon,Jaya Seal,,2.6256,D,1.4466,D,,,hitFlop=1,Missing/Partial
BOLLY_2002_1786_chor_machaaye_shor,Chor Machaaye Shor,2002,8,Action,Comedy,No,David Dhawan,Bobby Deol,Om Puri,,2.4272,D,4.7408,D,,,hitFlop=2,Missing/Partial
BOLLY_2002_1787_company,Company,2002,4,Action,Crime,No,Ram Gopal Varma,Ajay Devgn,Mohanlal,,6.8713,C,3.7435,D,,,hitFlop=4,Missing/Partial
BOLLY_2002_1788_danger,Danger,2002,5,Crime,Drama,No,Govind Menon,Ashutosh Rana,Tara Deshpande,,2.1792,D,2.1234,D,,,hitFlop=2,Missing/Partial
BOLLY_2002_1789_darwaza,Darwaza,2002,,Horror,,No,Kanti Shah,Arun Mathur,Anil Nagrath,,,,1.2484,D,,,hitFlop=1,Missing/Partial
BOLLY_2002_1790_deewangee,Deewangee,2002,10,Crime,Thriller,No,Anees Bazmee,Ajay Devgn,Akshaye Khanna,,6.8713,C,5.6076,C,,,hitFlop=3,Missing/Partial
BOLLY_2002_1791_desh,Desh,2002,,Drama,,No,Raja Sen,Jaya Bhaduri,Sabyasachi Chakraborty,,3.7158,D,,,,,hitFlop=1,Missing/Partial
BOLLY_2002_1792_devdas,Devdas,2002,7,Musical,Romance,No,Sanjay Leela Bhansali,Shah Rukh Khan,Madhuri Dixit,,9.2267,A,4.922,D,,,hitFlop=6,Missing/Partial
BOLLY_2002_1793_dil_hai_tumhaara,Dil Hai Tumhaara,2002,9,Drama,Family,No,Kundan Shah,Arjun Rampal,Preity Zinta,,3.8011,D,1.5991,D,,,hitFlop=3,Missing/Partial
BOLLY_2002_1794_dil_vil_pyar_vyar,Dil Vil Pyar Vyar,2002,10,Romance,,No,Anant Mahadevan,Madhavan,Jimmy Shergill,,5.0561,C,1.8139,D,,,hitFlop=2,Missing/Partial
BOLLY_2002_1795_duplicate_sholay,Duplicate Sholay,2002,,Comedy,,No,Kanti Shah,Devaraj,Dimple,,,,1.2484,D,,,hitFlop=2,Missing/Partial
BOLLY_2002_1796_durga,Durga,2002,,Action,Crime,No,J.D. Chakravarthi,J.D. Chakravarthi,Snehal Dabi,,,,,,,,hitFlop=1,Missing/Partial
BOLLY_2002_1797_ek_aur_visphot,Ek Aur Visphot,2002,,Crime,,No,M.I. Raj,Makrand Deshpande,Kishori Godbole,,1.1115,D,,,,,hitFlop=1,Missing/Partial
BOLLY_2002_1798_ek_chhotisi_love_story,Ek Chhotisi Love Story,2002,9,Comedy,Drama,No,Shashilal K. Nair,Saroj Bhargava,Manisha Koirala,,,,2.8498,D,,,hitFlop=6,Missing/Partial
BOLLY_2002_1799_encounter_the_killing,Encounter: The Killing,2002,8,Crime,Drama,No,Ajay Phansekar,Naseeruddin Shah,Dilip Prabhavalkar,,3.7695,D,,,,,hitFlop=1,Missing/Partial
BOLLY_2002_1800_filhaal,Filhaal...,2002,2,Drama,,No,Meghna Gulzar,Tabu,Sushmita Sen,,5.0682,C,,,,,hitFlop=1,Missing/Partial
BOLLY_2002_1801_gangobai,Gangobai,2002,8,Action,,No,Jitendra Chawda,Prithvi,Satnam Kaur,,,,,,,,hitFlop=1,Missing/Partial
BOLLY_2002_1802_ghaav_the_wound,Ghaav: The Wound,2002,,Action,Crime,No,Kumar Jay,Pankaj Berry,Rahul Bhat,,1.0,D,,,,,hitFlop=1,Missing/Partial
BOLLY_2002_1803_gunaah,Gunaah,2002,10,Crime,Drama,No,Amol Shetge,Bipasha Basu,Dino Morea,,4.5712,D,1.2309,D,,,hitFlop=2,Missing/Partial
BOLLY_2002_1804_the_guru,The Guru,2002,2,Comedy,Fantasy,No,Daisy von Scherler Mayer,Jimi Mistry,Heather Graham,,,,,,,,hitFlop=1,Missing/Partial
BOLLY_2002_1805_haan_maine_bhi_pyaar_kiya,Haan Maine Bhi Pyaar Kiya,2002,2,Musical,Romance,No,Dharmesh Darshan,Akshay Kumar,Karisma Kapoor,,6.3805,C,1.7248,D,,,hitFlop=2,Missing/Partial
BOLLY_2002_1806_hathyar_face_to_face_with_reality,Hathyar: Face to Face with Reality,2002,10,Action,Thriller,Yes,Mahesh Manjrekar,Sanjay Dutt,Shilpa Shetty,,5.0026,C,1.4664,D,,,hitFlop=2,Missing/Partial
BOLLY_2002_1807_hum_pyar_tumhi_se_kar_baithe,Hum Pyar Tumhi Se Kar Baithe,2002,11,Musical,Romance,No,Mohan Singh Rathor,Jugal Hansraj,Tina Rana,,,,,,,,hitFlop=1,Missing/Partial
BOLLY_2002_1808_hum_tumhare_hain_sanam,Hum Tumhare Hain Sanam,2002,5,Drama,Romance,No,K.S. Adiyaman,Shah Rukh Khan,Madhuri Dixit,,9.2267,A,,,,,hitFlop=4,Missing/Partial
BOLLY_2002_1809_humraaz,Humraaz,2002,7,Action,Musical,No,Abbas Alibhai Burmawalla | Mastan Alibhai Burmawalla,Bobby Deol,Akshaye Khanna,,2.4272,D,3.6411,D,,,hitFlop=4,Missing/Partial
BOLLY_2002_1810_jaani_dushman_ek_anokhi_kahani,Jaani Dushman: Ek Anokhi Kahani,2002,8,Action,Fantasy,No,Rajkumar Kohli,Akshay Kumar,Atul Agnihotri,,6.3805,C,,,,,hitFlop=2,Missing/Partial
BOLLY_2002_1811_jeena_sirf_merre_liye,Jeena Sirf Merre Liye,2002,11,Romance,,No,Talat Jani,Vijayendra Ghatge,Kareena Kapoor,,,,,,,,hitFlop=2,Missing/Partial
BOLLY_2002_1812_kaaboo,Kaaboo,2002,,Action,,No,Vicky Ranawat,Rajat Bedi,Sudesh Berry,,2.3624,D,,,,,hitFlop=1,Missing/Partial
BOLLY_2002_1813_kaante,Kaante,2002,12,Action,Crime,No,Sanjay Gupta,Amitabh Bachchan,Sanjay Dutt,,7.0113,B,3.4703,D,,,hitFlop=3,Missing/Partial
BOLLY_2002_1814_karz_the_burden_of_truth,Karz: The Burden of Truth,2002,12,Action,,No,Harry Baweja,Sunny Deol,Sunil Shetty,,3.3809,D,1.6165,D,,,hitFlop=2,Missing/Partial
BOLLY_2002_1815_kitne_door_kitne_paas,Kitne Door... Kitne Paas,2002,5,Comedy,Romance,No,Mehul Kumar,Fardeen Khan,Amrita Arora,,2.8821,D,1.0733,D,,,hitFlop=1,Missing/Partial
BOLLY_2002_1816_koi_mere_dil_se_poochhe,Koi Mere Dil Se Poochhe,2002,1,Musical,Romance,No,Vinay Shukla,Jaya Bhaduri,Aftab Shivdasani,,3.7158,D,,,,,hitFlop=2,Missing/Partial
BOLLY_2002_1817_kranti,Kranti,2002,3,Drama,,No,Naresh Malhotra,Vinod Khanna,Bobby Deol,,4.0315,D,,,,,hitFlop=2,Missing/Partial
BOLLY_2002_1818_kuch_tum_kaho_kuch_hum_kahein,Kuch Tum Kaho Kuch Hum Kahein,2002,6,Action,Drama,No,Ravi Sharma Shankar,Vikram Gokhale,Dinesh Hingoo,,1.6945,D,,,,,hitFlop=1,Missing/Partial
BOLLY_2002_1819_kya_yehi_pyaar_hai,Kya Yehi Pyaar Hai,2002,4,Comedy,Musical,No,K. Muralimohana Rao,Jackie Shroff,Aftab Shivdasani,,2.6163,D,,,,,hitFlop=4,Missing/Partial
BOLLY_2002_1820_kyaa_dil_ne_kahaa,Kyaa Dil Ne Kahaa,2002,6,Family,Romance,No,Sanjay Chhel,Rajesh Khanna,Tusshar Kapoor,,1.1394,D,,,,,hitFlop=2,Missing/Partial
BOLLY_2002_1821_lal_salaam,Lal Salaam,2002,5,Musical,Action,No,Gaganvihari Borate,Nandita Das,Sharad S. Kapoor,,2.2552,D,,,,,hitFlop=1,Missing/Partial
BOLLY_2002_1822_the_legend_of_bhagat_singh,The Legend of Bhagat Singh,2002,6,Biography,Drama,No,Rajkumar Santoshi,Ajay Devgn,Sushant Singh,,6.8713,C,2.744,D,,,hitFlop=1,Missing/Partial
BOLLY_2002_1823_maa_tujhhe_salaam,Maa Tujhhe Salaam,2002,1,Action,Drama,No,Tinnu Verma,Sunny Deol,Tabu,,3.3809,D,,,,,hitFlop=3,Missing/Partial
BOLLY_2002_1824_maine_dil_tujhko_diya,Maine Dil Tujhko Diya,2002,8,Romance,Action,No,Sohail Khan,Sohail Khan,Sameera Reddy,,3.2917,D,,,,,hitFlop=2,Missing/Partial
BOLLY_2002_1825_marshal,Marshal,2002,,Action,,No,Manish R. Khandelwal,Ishrat Ali,Liyaqat Bari,,1.6681,D,,,,,hitFlop=1,Missing/Partial
BOLLY_2002_1826_maseeha,Maseeha,2002,12,Action,Crime,No,Partho Ghosh,Sunil Shetty,Namrata Shirodkar,,3.3073,D,,,,,hitFlop=1,Missing/Partial
BOLLY_2002_1827_mere_yaar_ki_shaadi_hai,Mere Yaar Ki Shaadi Hai,2002,6,Comedy,Drama,No,Sanjay Gadhvi,Uday Chopra,Tulip Joshi,,4.4943,D,4.3755,D,,,hitFlop=5,Missing/Partial
BOLLY_2002_1828_mujhse_dosti_karoge,Mujhse Dosti Karoge!,2002,8,Musical,Romance,No,Kunal Kohli,Rani Mukerji,Hrithik Roshan,,3.932,D,4.0747,D,,,hitFlop=2,Missing/Partial
BOLLY_2002_1829_mulaqaat,Mulaqaat,2002,,Drama,Thriller,No,K. Ravi Shankar,Vinay Anand,Arun Bakshi,,,,,,,,hitFlop=1,Missing/Partial
BOLLY_2002_1830_na_tum_jaano_na_hum,Na Tum Jaano Na Hum,2002,5,Comedy,Drama,No,Arjun Sablok,Saif Ali Khan,Hrithik Roshan,,5.7211,C,,,,,hitFlop=1,Missing/Partial
BOLLY_2002_1831_om_jai_jagadish,Om Jai Jagadish,2002,7,Drama,Musical,No,Anupam Kher,Waheeda Rehman,Anil Kapoor,,,,,,,,hitFlop=1,Missing/Partial
BOLLY_2002_1832_pitaah,Pitaah,2002,1,Action,Drama,No,Mahesh Manjrekar,Sanjay Dutt,Nandita Das,,5.0026,C,1.4664,D,,,hitFlop=2,Missing/Partial
BOLLY_2002_1833_pratha,Pratha,2002,,Action,Drama,No,Raja Bundela,Deepak Bandhu,Ashney Shroff,,,,,,,,hitFlop=1,Missing/Partial
BOLLY_2002_1834_pyaar_diwana_hota_hai,Pyaar Diwana Hota Hai,2002,4,Romance,Drama,No,Kirti Kumar,Rani Mukerji,Govinda,,3.932,D,,,,,hitFlop=1,Missing/Partial
BOLLY_2002_1835_pyaasa,Pyaasa,2002,10,Romance,Drama,No,A. Muthu,Aftab Shivdasani,Anang Desai,,2.7284,D,,,,,hitFlop=1,Missing/Partial
BOLLY_2002_1836_rishtey,Rishtey,2002,12,Family,Drama,No,Indra Kumar,Anil Kapoor,Karisma Kapoor,,5.6087,C,4.1206,D,,,hitFlop=2,Missing/Partial
BOLLY_2002_1837_road,Road,2002,9,Thriller,,No,Rajat Mukherjee,Manoj Bajpayee,Vivek Oberoi,,2.1847,D,2.0315,D,,,hitFlop=3,Missing/Partial
BOLLY_2002_1838_saathiya,Saathiya,2002,12,Drama,Romance,No,Shaad Ali,Vivek Oberoi,Rani Mukerji,,3.486,D,5.2612,C,,,hitFlop=5,Missing/Partial
BOLLY_2002_1839_shakthi_the_power,Shakthi: The Power,2002,9,Action,Drama,No,Krishna Vamshi,Karisma Kapoor,Nana Patekar,,3.6993,D,,,,,hitFlop=2,Missing/Partial
BOLLY_2002_1840_soch,Soch,2002,8,Thriller,,No,Sushen Bhatnagar,Sanjay Kapoor,Raveena Tandon,,5.4625,C,,,,,hitFlop=1,Missing/Partial
BOLLY_2002_1841_sur_the_melody_of_life,Sur: The Melody of Life,2002,9,Drama,Musical,No,Tanuja Chandra,Lucky Ali,Simone Singh,,,,1.0907,D,,,hitFlop=1,Missing/Partial
BOLLY_2002_1842_tumko_na_bhool_paayenge,Tumko Na Bhool Paayenge,2002,2,Action,Drama,No,Pankaj Parashar,Salman Khan,Sushmita Sen,,9.2082,A,1.2133,D,,,hitFlop=2,Missing/Partial
BOLLY_2002_1843_vadh,Vadh,2002,3,Mystery,Thriller,No,Nana Patekar,Nana Patekar,Anupama Verma,,4.0525,D,,,,,hitFlop=1,Missing/Partial
BOLLY_2002_1844_waah_tera_kya_kehna,Waah! Tera Kya Kehna,2002,11,Comedy,,No,Manoj Agrawal,Govinda,Raveena Tandon,,4.7856,D,,,,,hitFlop=1,Missing/Partial
BOLLY_2002_1845_yeh_dil_aashiqanaa,Yeh Dil Aashiqanaa,2002,,Action,Romance,No,Sandesh Kohli,Jividha Sharma,Mohan Azaad,,,,,,,,hitFlop=4,Missing/Partial
BOLLY_2002_1846_yeh_hai_jalwa,Yeh Hai Jalwa,2002,7,Comedy,Drama,No,David Dhawan,Rishi Kapoor,Salman Khan,,4.4084,D,4.7408,D,,,hitFlop=2,Missing/Partial
BOLLY_2002_1847_yeh_kaisi_mohabbat,Yeh Kaisi Mohabbat,2002,5,Musical,Drama,No,Dinkar Kapur,Krishna Abhishek,Viveka Babajee,,,,,,,,hitFlop=1,Missing/Partial
BOLLY_2002_1848_yeh_kya_ho_raha_hai,Yeh Kya Ho Raha Hai?,2002,10,Comedy,Romance,No,Hansal Mehta,Prashant Chianani,Aamir Ali Malik,,,,1.4466,D,,,hitFlop=2,Missing/Partial
BOLLY_2002_1849_yeh_mohabbat_hai,Yeh Mohabbat Hai,2002,2,Action,Romance,No,Umesh Mehra,Akanksha Malhotra,Rahul Bhat,,,,,,,,hitFlop=1,Missing/Partial
BOLLY_2002_1850_zindagi_khoobsoorat_hai,Zindagi Khoobsoorat Hai,2002,10,Drama,Family,No,Manoj Punj,Gurdas Mann,Tabu,,,,,,,,hitFlop=1,Missing/Partial
BOLLY_2003_1851_2_october,2 October,2003,,Crime,,No,Sunil Tiwari,Ashutosh Rana,Saadhika,,2.1792,D,,,,,hitFlop=1,Missing/Partial
BOLLY_2003_1852_88_antop_hill,88 Antop Hill,2003,6,Thriller,,No,Kushan Nandy,Atul Kulkarni,Rahul Dev,,2.7736,D,,,,,hitFlop=1,Missing/Partial
BOLLY_2003_1853_aanch,Aanch,2003,9,Drama,,No,Rajesh Kumar Singh,Arun Bakshi,Suchindra Bali,,1.9253,D,,,,,hitFlop=1,Missing/Partial
BOLLY_2003_1854_aapko_pehle_bhi_kahin_dekha_hai,Aapko Pehle Bhi Kahin Dekha Hai,2003,1,Action,Comedy,No,Anubhav Sinha,Pummy Brar,Priyanshu Chatterjee,,,,3.0566,D,,,hitFlop=1,Missing/Partial
BOLLY_2003_1855_andaaz,Andaaz,2003,5,Drama,Musical,No,Raj Kanwar,Akshay Kumar,Lara Dutta,,6.3805,C,3.0499,D,,,hitFlop=6,Missing/Partial
BOLLY_2003_1856_armaan,Armaan,2003,5,Drama,Family,No,Honey Irani,Amitabh Bachchan,Anil Kapoor,,7.0113,B,,,,,hitFlop=2,Missing/Partial
BOLLY_2003_1857_baaz_a_bird_in_danger,Baaz: A Bird in Danger,2003,2,Thriller,,No,Tinnu Verma,Jackie Shroff,Sunil Shetty,,2.6163,D,,,,,hitFlop=1,Missing/Partial
BOLLY_2003_1858_baghban,Baghban,2003,10,Drama,Romance,No,Ravi Chopra,Amitabh Bachchan,Hema Malini,,7.0113,B,,,,,hitFlop=6,Missing/Partial
BOLLY_2003_1859_basti,Basti,2003,8,Action,Crime,No,,Sadashiv Amrapurkar,Liyaqat Bari,,1.7491,D,,,,,hitFlop=1,Missing/Partial
BOLLY_2003_1860_bhoot,Bhoot,2003,5,Horror,Thriller,No,Ram Gopal Varma,Ajay Devgn,Urmila Matondkar,,6.8713,C,3.7435,D,,,hitFlop=6,Missing/Partial
BOLLY_2003_1861_bollywood_bound,Bollywood Bound,2003,1,Documentary,,No,Nisha Pahuja,Neeru Bajwa,Ruby Bhatia,,,,,,,,hitFlop=1,Missing/Partial
BOLLY_2003_1862_boom,Boom,2003,9,Action,Crime,No,Kaizad Gustad,Amitabh Bachchan,Jackie Shroff,,7.0113,B,,,,,hitFlop=2,Missing/Partial
BOLLY_2003_1863_border_hindustan_ka,Border Hindustan Ka,2003,6,Action,Romance,No,Yogesh Bharadwaj,Faisal Khan,Rajat Bedi,,,,,,,,hitFlop=1,Missing/Partial
BOLLY_2003_1864_calcutta_mail,Calcutta Mail,2003,6,Thriller,,No,Sudhir Mishra,Anil Kapoor,Rani Mukerji,,5.6087,C,1.6302,D,,,hitFlop=1,Missing/Partial
BOLLY_2003_1865_chalte_chalte,Chalte Chalte,2003,6,Drama,Romance,No,Aziz Mirza,Shah Rukh Khan,Rani Mukerji,,9.2267,A,,,,,hitFlop=6,Missing/Partial
BOLLY_2003_1866_chori_chori,Chori Chori,2003,8,Comedy,Romance,No,Milan Luthria,Ajay Devgn,Sonali Bendre,,6.8713,C,3.6283,D,,,hitFlop=1,Missing/Partial
BOLLY_2003_1867_chupke_se,Chupke Se,2003,9,Comedy,Musical,No,Shona Urvashi,Zulfi Sayed,Masumeh Makhija,,,,,,,,hitFlop=1,Missing/Partial
BOLLY_2003_1868_chura_liyaa_hai_tumne,Chura Liyaa Hai Tumne,2003,3,Action,Drama,No,Sangeeth Sivan,Zayed Khan,Esha Deol,,2.9243,D,2.7482,D,,,hitFlop=1,Missing/Partial
BOLLY_2003_1869_darna_mana_hai,Darna Mana Hai,2003,7,Horror,Adventure,No,Prawaal Raman,Sameera Reddy,Antara Mali,,3.4129,D,,,,,hitFlop=3,Missing/Partial
BOLLY_2003_1870_dhoop,Dhoop,2003,11,Drama,,No,Ashwini Chaudhary,Om Puri,Revathy,,4.1779,D,1.4475,D,,,hitFlop=1,Missing/Partial
BOLLY_2003_1871_dhund_the_fog,Dhund: The Fog,2003,2,Adventure,Thriller,No,Shyam Ramsay,Amar Upadhyaya,Aditi Govitrikar,,,,1.0115,D,,,hitFlop=1,Missing/Partial
BOLLY_2003_1872_dil_ka_rishta,Dil Ka Rishta,2003,1,Romance,Musical,No,Naresh Malhotra,Arjun Rampal,Aishwarya Rai Bachchan,,3.8011,D,,,,,hitFlop=2,Missing/Partial
BOLLY_2003_1873_dil_pardesi_ho_gayaa,Dil Pardesi Ho Gayaa,2003,12,Romance,Drama,No,Saawan Kumar Tak,Kapil Jhaveri,Saloni Aswani,,,,,,,,hitFlop=1,Missing/Partial
BOLLY_2003_1874_dum,Dum,2003,1,Crime,,No,Eeshwar Nivas,Vivek Oberoi,Dia Mirza,,3.486,D,1.3951,D,,,hitFlop=2,Missing/Partial
BOLLY_2003_1875_ek_aur_ek_gyarah_by_hook_or_by_crook,Ek Aur Ek Gyarah: By Hook or by Crook,2003,3,Action,Comedy,No,David Dhawan,Sanjay Dutt,Govinda,,5.0026,C,4.7408,D,,,hitFlop=3,Missing/Partial
BOLLY_2003_1876_ek_din_24_ghante,Ek Din 24 Ghante,2003,11,Thriller,,No,Anant Balani,Rahul Bose,Ahmed Chaudhary,,2.3217,D,1.2317,D,,,hitFlop=1,Missing/Partial
BOLLY_2003_1877_ek_hindustani,Ek Hindustani,2003,,Action,,No,Tinnu Anand,Sunil Shetty,Raveena Tandon,,3.3073,D,,,,,hitFlop=1,Missing/Partial
BOLLY_2003_1878_escape_from_taliban,Escape from Taliban,2003,2,Drama,Thriller,No,Ujjwal Chatterjee,Manisha Koirala,Nawab Shah,,2.7949,D,,,,,hitFlop=1,Missing/Partial
BOLLY_2003_1879_footpath,Footpath,2003,8,Action,Crime,No,Vikram Bhatt,Aftab Shivdasani,Bipasha Basu,,2.7284,D,2.9028,D,,,hitFlop=2,Missing/Partial
BOLLY_2003_1880_fun2shh_dudes_in_the_10th_century,Fun2shh... Dudes in the 10th Century,2003,12,Comedy,,No,Imtiaz Punjabi,Kavi Kumar Azad,Amitabh Bachchan,,,,,,,,hitFlop=2,Missing/Partial
BOLLY_2003_1881_gangaajal,Gangaajal,2003,8,Crime,Drama,No,Prakash Jha,Ajay Devgn,Gracy Singh,,6.8713,C,3.6075,D,,,hitFlop=4,Missing/Partial
BOLLY_2003_1882_haasil,Haasil,2003,5,Crime,Drama,No,Tigmanshu Dhulia,Jimmy Shergill,Hrishitaa Bhatt,,2.7981,D,1.6059,D,,,hitFlop=1,Missing/Partial
BOLLY_2003_1883_hawa,Hawa,2003,7,Horror,Thriller,No,Guddu Dhanoa,Tabu,Shahbaaz Khan,,5.0682,C,1.2825,D,,,hitFlop=3,Missing/Partial
BOLLY_2003_1884_hawayein,Hawayein,2003,8,Drama,Romance,No,Ammtoje Mann,Babbu Mann,Ammtoje Mann,,,,,,,,hitFlop=1,Missing/Partial
BOLLY_2003_1885_the_hero_love_story_of_a_spy,The Hero: Love Story of a Spy,2003,4,Action,Adventure,No,Anil Sharma,Sunny Deol,Preity Zinta,,3.3809,D,5.7345,C,,,hitFlop=3,Missing/Partial
BOLLY_2003_1886_humein_tumse_pyar_ho_gaya_chupke_chupke,Humein Tumse Pyar Ho Gaya Chupke Chupke,2003,,Drama,,No,Pramod Mandloi,Meghna Desai,Siddharth Dhawan,,,,,,,,hitFlop=1,Missing/Partial
BOLLY_2003_1887_hungama,Hungama,2003,8,Comedy,Drama,No,Priyadarshan,Akshaye Khanna,Aftab Shivdasani,,3.3625,D,3.8472,D,,,hitFlop=5,Missing/Partial
BOLLY_2003_1888_inteha,Inteha,2003,10,Romance,Musical,No,Vikram Bhatt,Nauheed Cyrusi,Avtar Gill,,1.0,D,2.9028,D,,,hitFlop=1,Missing/Partial
BOLLY_2003_1889_ishq_vishk,Ishq Vishk,2003,4,Comedy,Romance,No,Ken Ghosh,Shahid Kapoor,Amrita Rao,,5.7659,C,2.1915,D,,,hitFlop=4,Missing/Partial
BOLLY_2003_1890_jaal_the_trap,Jaal: The Trap,2003,7,Action,Musical,No,Guddu Dhanoa,Sunny Deol,Tabu,,3.3809,D,1.2825,D,,,hitFlop=1,Missing/Partial
BOLLY_2003_1891_jajantaram_mamantaram,Jajantaram Mamantaram,2003,5,Fantasy,Family,No,Soumitra Ranade,Javed Jaffrey,Gulshan Grover,,1.223,D,,,,,hitFlop=1,Missing/Partial
BOLLY_2003_1892_janasheen,Janasheen,2003,9,Musical,Action,No,Feroz Khan,Feroz Khan,Fardeen Khan,,,,,,,,hitFlop=2,Missing/Partial
BOLLY_2003_1893_jhankaar_beats,Jhankaar Beats,2003,6,Comedy,Musical,No,Sujoy Ghosh,Sanjay Suri,Rahul Bose,,1.9321,D,2.6445,D,,,hitFlop=2,Missing/Partial
BOLLY_2003_1894_jism,Jism,2003,1,Drama,Romance,No,Amit Saxena,Bipasha Basu,John Abraham,,4.5712,D,,,,,hitFlop=6,Missing/Partial
BOLLY_2003_1895_jodi_kya_banayi_wah_wah_ramji,Jodi Kya Banayi Wah Wah Ramji,2003,11,Comedy,,No,Raman Kumar,Rotem Bar,Rakesh Bedi,,,,,,,,hitFlop=1,Missing/Partial
BOLLY_2003_1896_joggers_park,Joggers' Park,2003,9,Comedy,Romance,No,Anant Balani,Victor Banerjee,Perizaad Zorabian,,,,1.2317,D,,,hitFlop=2,Missing/Partial
BOLLY_2003_1897_kagaar_life_on_the_edge,Kagaar: Life on the Edge,2003,10,Crime,Drama,No,N. Chandra,Om Puri,Nandita Das,,4.1779,D,3.854,D,,,hitFlop=1,Missing/Partial
BOLLY_2003_1898_kaise_kahoon_ke_pyaar_hai,Kaise Kahoon Ke... Pyaar Hai,2003,5,Crime,Romance,No,Anil Kumar Sharma,Sunny Deol,Dharmendra,,3.3809,D,,,,,hitFlop=1,Missing/Partial
BOLLY_2003_1899_kal_ho_naa_ho,Kal Ho Naa Ho,2003,11,Comedy,Drama,No,Nikhil Advani | Ron Reid Jr.,Shah Rukh Khan,Preity Zinta,,9.2267,A,2.3243,D,,,hitFlop=6,Missing/Partial
BOLLY_2003_1900_kash_aap_hamare_hote,Kash... Aap Hamare Hote,2003,2,Family,Musical,No,Ravindra Peepat,Juhi Babbar,Sonu Nigam,,,,,,,,hitFlop=1,Missing/Partial
BOLLY_2003_1901_khanjar,Khanjar,2003,6,Action,,No,Chander Sharma,Sunil Shetty,Tabu,,3.3073,D,,,,,hitFlop=1,Missing/Partial
BOLLY_2003_1902_khel,Khel,2003,11,Action,Thriller,No,Yusuf Khan,Sunny Deol,Sunil Shetty,,3.3809,D,,,,,hitFlop=2,Missing/Partial
BOLLY_2003_1903_khushi,Khushi,2003,2,Action,Drama,No,Surya S.J. | Sunil Kumar Agrawal,Fardeen Khan,Kareena Kapoor,,2.8821,D,,,,,hitFlop=2,Missing/Partial
BOLLY_2003_1904_khwahish,Khwahish,2003,6,Drama,Romance,No,Govind Menon,Himanshu Malik,Mallika Sherawat,,2.1151,D,2.1234,D,,,hitFlop=4,Missing/Partial
BOLLY_2003_1905_koi_hai,Koi Hai,2003,,Drama,Horror,No,Rajiv S. Ruia,Aman Verma,Shweta Menon,,,,1.1221,D,,,hitFlop=1,Missing/Partial
BOLLY_2003_1906_kucch_to_hai,Kucch To Hai,2003,1,Drama,Horror,No,Anurag Basu | Anil V. Kumar,Ashay Chitre,Esha Deol,,,,5.1314,C,,,hitFlop=2,Missing/Partial
BOLLY_2003_1907_kuch_naa_kaho,Kuch Naa Kaho,2003,8,Drama,Romance,No,Rohan Sippy,Aishwarya Rai Bachchan,Abhishek Bachchan,,6.0086,C,2.7859,D,,,hitFlop=2,Missing/Partial
BOLLY_2003_1908_kyon,Kyon?,2003,,Crime,,No,Kalpana Lajmi,Vinay Apte,Ashok Beniwal,,,,1.0034,D,,,hitFlop=1,Missing/Partial
BOLLY_2003_1909_loc_kargil,LOC: Kargil,2003,12,Drama,War,No,J.P. Dutta,Sanjay Dutt,Ajay Devgn,,5.0026,C,,,,,hitFlop=2,Missing/Partial
BOLLY_2003_1910_love_at_times_square,Love at Times Square,2003,2,Drama,,No,Dev Anand,Dev Anand,Heenee Kaushik,,1.0,D,2.5388,D,,,hitFlop=1,Missing/Partial
BOLLY_2003_1911_main_madhuri_dixit_banna_chahti_hoon,Main Madhuri Dixit Banna Chahti Hoon!,2003,10,Drama,Comedy,No,Chandan Arora,Antara Mali,Rajpal Yadav,,2.6169,D,1.0638,D,,,hitFlop=1,Missing/Partial
BOLLY_2003_1912_main_prem_ki_diwani_hoon,Main Prem Ki Diwani Hoon,2003,6,Musical,Drama,No,Sooraj R. Barjatya,Hrithik Roshan,Kareena Kapoor,,8.2519,B,,,,,hitFlop=2,Missing/Partial
BOLLY_2003_1913_market,Market,2003,9,Drama,Musical,No,Jay Prakash,Manisha Koirala,Suman Ranganathan,,2.7949,D,,,,,hitFlop=3,Missing/Partial
BOLLY_2003_1914_miss_india_the_mystery,Miss India: The Mystery,2003,9,Mystery,,No,Pradeep Maini,Priyanka Chopra,Neha Dhupia,,8.1369,B,,,,,hitFlop=1,Missing/Partial
BOLLY_2003_1915_mudda_the_issue,Mudda: The Issue,2003,12,Drama,,No,Saurabh Shukla,Arya Babbar,Prashant Narayanan,,1.9111,D,,,,,hitFlop=1,Missing/Partial
BOLLY_2003_1916_mumbai_matinee,Mumbai Matinee,2003,9,Romance,Comedy,No,Anant Balani,Rahul Bose,Perizaad Zorabian,,2.3217,D,1.2317,D,,,hitFlop=1,Missing/Partial
BOLLY_2003_1917_mumbai_se_aaya_mera_dost,Mumbai Se Aaya Mera Dost,2003,8,Romance,Action,No,Apoorva Lakhia,Abhishek Bachchan,Lara Dutta,,5.2079,C,1.8339,D,,,hitFlop=1,Missing/Partial
BOLLY_2003_1918_munnabhai_m_b_b_s,Munnabhai M.B.B.S.,2003,12,Comedy,Crime,No,Rajkumar Hirani,Sunil Dutt,Sanjay Dutt,,,,10.0,A,,,hitFlop=6,Missing/Partial
BOLLY_2003_1919_nayee_padosan,Nayee Padosan,2003,6,Comedy,,No,B.H. Tharun Kumar,Vikas Kalantri,Anuj Sawhney,,,,,,,,hitFlop=3,Missing/Partial
BOLLY_2003_1920_om,Om,2003,3,Action,Romance,No,Ashok Honda,Attin Bhalla,Sandali Sinha,,,,,,,,hitFlop=1,Missing/Partial
BOLLY_2003_1921_oops,Oops!,2003,,Drama,Drama,No,Deepak Tijori,Kiran Janjani,Vikas Sethi,,,,1.5883,D,,,hitFlop=1,Missing/Partial
BOLLY_2003_1922_out_of_control,Out of Control,2003,11,Comedy,Drama,No,Apurva Asrani | Ramanjit Juneja,Brande Roderick,Noemi Besedes,,,,,,,,hitFlop=2,Missing/Partial
BOLLY_2003_1923_paanch,Paanch,2003,4,Crime,Thriller,No,Anurag Kashyap,Kay Kay Menon,Aditya Srivastava,,2.6256,D,3.0408,D,,,hitFlop=1,Missing/Partial
BOLLY_2003_1924_parwana,Parwana,2003,9,Romance,Drama,No,Deepak Bahry,Ajay Devgn,Ameesha Patel,,6.8713,C,,,,,hitFlop=2,Missing/Partial
BOLLY_2003_1925_patth,Patth,2003,11,Drama,,No,Shivram Yadav,Mukesh Ahuja,Abhay Bhargav,,1.0,D,,,,,hitFlop=1,Missing/Partial
BOLLY_2003_1926_pinjar,Pinjar,2003,,Drama,,No,Chandra Prakash Dwivedi,Urmila Matondkar,Manoj Bajpayee,,2.6966,D,,,,,hitFlop=1,Missing/Partial
BOLLY_2003_1927_pran_jaaye_par_shaan_na_jaaye,Pran Jaaye Par Shaan Na Jaaye,2003,5,Drama,Comedy,No,Sanjay Jha,Raveena Tandon,Namrata Shirodkar,,2.465,D,,,,,hitFlop=1,Missing/Partial
BOLLY_2003_1928_qayamat_city_under_threat,Qayamat: City Under Threat,2003,7,Action,Romance,No,Harry Baweja,Ajay Devgn,Sunil Shetty,,6.8713,C,1.6165,D,,,hitFlop=4,Missing/Partial
BOLLY_2003_1929_raghu_more_bachelor_of_hearts,Raghu More: Bachelor of Hearts,2003,,Comedy,,No,Iqbal Raj,Anamika Goel,Sonika Kapoor,,,,,,,,hitFlop=1,Missing/Partial
BOLLY_2003_1930_raghu_romeo,Raghu Romeo,2003,6,Comedy,,No,Rajat Kapoor,Vijay Raaz,Sadiya Siddiqui,,1.7737,D,2.0954,D,,,hitFlop=1,Missing/Partial
BOLLY_2003_1931_raja_bhaiya,Raja Bhaiya,2003,10,Comedy,Drama,No,Raman Kumar,Sadashiv Amrapurkar,Rakesh Bedi,,1.7491,D,,,,,hitFlop=1,Missing/Partial
BOLLY_2003_1932_saaya,Saaya,2003,7,Action,Drama,No,Anurag Basu,John Abraham,Tara Sharma,,7.1193,B,5.1314,C,,,hitFlop=2,Missing/Partial
BOLLY_2003_1933_samay_when_time_strikes,Samay: When Time Strikes,2003,10,Thriller,Mystery,No,Robby Grewal,Sushmita Sen,Lucy Bartholomew,,3.1708,D,1.233,D,,,hitFlop=1,Missing/Partial
BOLLY_2003_1934_satta,Satta,2003,2,Crime,Drama,No,Madhur Bhandarkar,Raveena Tandon,Atul Kulkarni,,2.465,D,3.2787,D,,,hitFlop=2,Missing/Partial
BOLLY_2003_1935_sssshhh,Sssshhh...,2003,10,Horror,Mystery,No,Pavan Kaul,Tanisha,Dino Morea,,,,,,,,hitFlop=3,Missing/Partial
BOLLY_2003_1936_stumped,Stumped,2003,5,Comedy,Drama,No,Gaurav Pandey,Raveena Tandon,Alyy Khan,,2.465,D,,,,,hitFlop=1,Missing/Partial
BOLLY_2003_1937_supari,Supari,2003,6,Crime,Drama,No,Padam Kumar,Nandita Das,Uday Chopra,,2.2552,D,,,,,hitFlop=1,Missing/Partial
BOLLY_2003_1938_taj_mahal_a_monument_of_love,Taj Mahal: A Monument of Love,2003,11,Drama,History,No,Robin Khosla,Shahbaaz Khan,Kulbhushan Kharbanda,,,,,,,,hitFlop=1,Missing/Partial
BOLLY_2003_1939_talaash_the_hunt_begins,Talaash: The Hunt Begins...,2003,1,Action,Adventure,No,Suneel Darshan,Rakhee Gulzar,Akshay Kumar,,,,1.706,D,,,hitFlop=2,Missing/Partial
BOLLY_2003_1940_tehzeeb,Tehzeeb,2003,11,Drama,,No,Khalid Mohamed,Shabana Azmi,Urmila Matondkar,,1.0,D,,,,,hitFlop=1,Missing/Partial
BOLLY_2003_1941_tere_naam,Tere Naam,2003,8,Romance,Drama,No,Satish Kaushik,Salman Khan,Bhoomika Chawla,,9.2082,A,2.6808,D,,,hitFlop=5,Missing/Partial
BOLLY_2003_1942_tujhe_meri_kasam,Tujhe Meri Kasam,2003,1,Romance,,No,Vijay K. Bhaskar,Ritesh Deshmukh,Shakti Kapoor,,4.452,D,,,,,hitFlop=6,Missing/Partial
BOLLY_2003_1943_waisa_bhi_hota_hai_part_ii,Waisa Bhi Hota Hai Part II,2003,11,Comedy,Action,No,Shashanka Ghosh,Arshad Warsi,Prashant Narayanan,,3.5596,D,1.5653,D,,,hitFlop=1,Missing/Partial
BOLLY_2003_1944_xcuse_me,Xcuse Me,2003,9,Comedy,,Yes,N. Chandra,Sharman Joshi,Sahil Khan,,3.6904,D,3.854,D,,,hitFlop=1,Missing/Partial
BOLLY_2003_1945_zameen,Zameen,2003,9,Action,Adventure,No,Rohit Shetty,Ajay Devgn,Abhishek Bachchan,,6.8713,C,6.8376,C,,,hitFlop=3,Missing/Partial
BOLLY_2004_1946_30_days,30 Days,2004,,Horror,,No,Ravi Sinha,Abhay Bhargav,Milind Gunaji,,1.0,D,,,,,hitFlop=1,Missing/Partial
BOLLY_2004_1947_aabra_ka_daabra,Aabra Ka Daabra,2004,,Fantasy,,No,Dheeraj Kumar,Naveen Bawa,Satish Kaushik,,,,,,,,hitFlop=1,Missing/Partial
BOLLY_2004_1948_aan_men_at_work,Aan: Men at Work,2004,6,Drama,Action,No,Madhur Bhandarkar,Shatrughan Sinha,Akshay Kumar,,,,3.2787,D,,,hitFlop=1,Missing/Partial
BOLLY_2004_1949_ab_bas,Ab... Bas!,2004,11,Thriller,,No,Rajesh Kumar Singh,Chetanya Adeep,Shawar Ali,,,,,,,,hitFlop=1,Missing/Partial
BOLLY_2004_1950_ab_tak_chhappan,Ab Tak Chhappan,2004,2,Crime,Drama,No,Shimit Amin,Nana Patekar,Revathy,,4.0525,D,,,,,hitFlop=5,Missing/Partial
BOLLY_2004_1951_ab_tumhare_hawale_watan_saathiyo,Ab Tumhare Hawale Watan Saathiyo,2004,12,Action,Drama,No,Anil Sharma,Amitabh Bachchan,Akshay Kumar,,7.0113,B,5.7345,C,,,hitFlop=1,Missing/Partial
BOLLY_2004_1952_aetbaar,Aetbaar,2004,1,Drama,Musical,No,Vikram Bhatt,Amitabh Bachchan,John Abraham,,7.0113,B,2.9028,D,,,hitFlop=1,Missing/Partial
BOLLY_2004_1953_aitraaz,Aitraaz,2004,11,Drama,Thriller,No,Abbas Alibhai Burmawalla | Mastan Alibhai Burmawalla,Akshay Kumar,Kareena Kapoor,,6.3805,C,3.6411,D,,,hitFlop=4,Missing/Partial
BOLLY_2004_1954_ak_47,AK 47,2004,10,Action,Thriller,No,Raam Shetty,Audhitya Singh,Sheetal Bavishi,,,,,,,,hitFlop=1,Missing/Partial
BOLLY_2004_1955_alibaba_aur_40_chor,Alibaba Aur 40 Chor,2004,12,Action,Adventure,No,Sunil Agnihotri,Azghar,Brownie,,,,,,,,hitFlop=1,Missing/Partial
BOLLY_2004_1956_asambhav,Asambhav,2004,7,Action,Adventure,No,Rajiv Rai,Arjun Rampal,Naseeruddin Shah,,3.8011,D,,,,,hitFlop=1,Missing/Partial
BOLLY_2004_1957_bardaasht,Bardaasht,2004,4,Drama,,No,Eeshwar Nivas,Bobby Deol,Lara Dutta,,2.4272,D,1.3951,D,,,hitFlop=1,Missing/Partial
BOLLY_2004_1958_bhola_in_bollywood,Bhola in Bollywood,2004,10,Comedy,,No,Sumbul Gazi,Ali Asghar,Raj Babbar,,,,,,,,hitFlop=1,Missing/Partial
BOLLY_2004_1959_chot_aaj_isko_kal_tereko,"Chot [Aaj Isko, Kal Tereko]",2004,6,Musical,Action,No,Nabh Kumar 'Raju',Ashutosh Rana,Sharad S. Kapoor,,2.1792,D,,,,,hitFlop=1,Missing/Partial
BOLLY_2004_1960_deewaar_let_s_bring_our_heroes_home,Deewaar: Let's Bring Our Heroes Home,2004,6,War,Action,No,Milan Luthria,Amitabh Bachchan,Sanjay Dutt,,7.0113,B,3.6283,D,,,hitFlop=1,Missing/Partial
BOLLY_2004_1961_dev,Dev,2004,6,Drama,,No,Govind Nihalani,Amitabh Bachchan,Om Puri,,7.0113,B,,,,,hitFlop=2,Missing/Partial
BOLLY_2004_1962_dhoom,Dhoom,2004,8,Action,Adventure,No,Sanjay Gadhvi,Abhishek Bachchan,Uday Chopra,,5.2079,C,4.3755,D,,,hitFlop=7,Missing/Partial
BOLLY_2004_1963_dil_maange_more,Dil Maange More!!!,2004,12,Romance,Romance,No,Anant Mahadevan,Shahid Kapoor,Smita Jaykar,,5.7659,C,1.8139,D,,,hitFlop=2,Missing/Partial
BOLLY_2004_1964_dobara,Dobara,2004,9,Musical,Drama,No,Shashi Ranjan,Jackie Shroff,Raveena Tandon,,2.6163,D,,,,,hitFlop=1,Missing/Partial
BOLLY_2004_1965_ek_hasina_thi,Ek Hasina Thi,2004,2,Crime,Romance,No,Sriram Raghavan,Saif Ali Khan,Urmila Matondkar,,5.7211,C,1.8067,D,,,hitFlop=2,Missing/Partial
BOLLY_2004_1966_ek_se_badhkar_ek,Ek Se Badhkar Ek,2004,9,Comedy,Thriller,No,Kundan Shah,Sunil Shetty,Raveena Tandon,,3.3073,D,1.5991,D,,,hitFlop=1,Missing/Partial
BOLLY_2004_1967_fida,Fida,2004,8,Adventure,Romance,No,Ken Ghosh,Kareena Kapoor,Fardeen Khan,,8.0906,B,2.1915,D,,,hitFlop=2,Missing/Partial
BOLLY_2004_1968_garv_pride_and_honour,Garv: Pride and Honour,2004,7,Action,Drama,No,Puneet Issar,Salman Khan,Shilpa Shetty,,9.2082,A,,,,,hitFlop=3,Missing/Partial
BOLLY_2004_1969_gayab,Gayab,2004,7,Fantasy,,No,Prawal Raman,Rasika Joshi,Tusshar Kapoor,,,,,,,,hitFlop=3,Missing/Partial
BOLLY_2004_1970_girlfriend,Girlfriend,2004,6,Drama,,No,Karan Razdan,Amrita Arora,Shantanu Chappana,,2.7542,D,1.4335,D,,,hitFlop=3,Missing/Partial
BOLLY_2004_1971_hatya_the_murder,Hatya: The Murder,2004,10,Action,Crime,No,Kader Kashmiri,Akshay Kumar,Varsha Usgaonkar,,6.3805,C,,,,,hitFlop=1,Missing/Partial
BOLLY_2004_1972_hawas,Hawas,2004,3,Drama,Romance,No,Karan Razdan,Shawar Ali,Tarun Arora,,1.1394,D,1.4335,D,,,hitFlop=2,Missing/Partial
BOLLY_2004_1973_hulchul,Hulchul,2004,11,Action,Comedy,No,Priyadarshan,Akshaye Khanna,Kareena Kapoor,,3.3625,D,3.8472,D,,,hitFlop=6,Missing/Partial
BOLLY_2004_1974_hum_kaun_hai,Hum Kaun Hai?,2004,9,Horror,Drama,No,Ravi Sharma Shankar,Amitabh Bachchan,Dimple Kapadia,,7.0113,B,,,,,hitFlop=1,Missing/Partial
BOLLY_2004_1975_hum_tum,Hum Tum,2004,5,Drama,Romance,No,Kunal Kohli,Saif Ali Khan,Rani Mukerji,,5.7211,C,4.0747,D,,,hitFlop=6,Missing/Partial
BOLLY_2004_1976_hyderabad_blues_2,Hyderabad Blues 2,2004,7,Drama,Comedy,No,Nagesh Kukunoor,Tisca Chopra,Jyoti Dogra,,,,1.4685,D,,,hitFlop=1,Missing/Partial
BOLLY_2004_1977_i_proud_to_be_an_indian,I Proud to Be an Indian,2004,2,Action,Crime,No,Puneet Sira,Sohail Khan,Tim Lawrence,,3.2917,D,1.0,D,,,hitFlop=1,Missing/Partial
BOLLY_2004_1978_insaaf_the_justice,Insaaf: The Justice,2004,3,Drama,,No,Shrey Srivastava,Dino Morea,Namrata Shirodkar,,2.098,D,,,,,hitFlop=1,Missing/Partial
BOLLY_2004_1979_inteqam_the_perfect_game,Inteqam: The Perfect Game,2004,11,Action,Romance,No,Pankaj Parashar,Manoj Bajpayee,Isha Koppikar,,2.1847,D,1.2133,D,,,hitFlop=1,Missing/Partial
BOLLY_2004_1980_ishq_hai_tumse,Ishq Hai Tumse,2004,1,Romance,,No,G. Krishna,Beena Banerjee,Bipasha Basu,,,,,,,,hitFlop=1,Missing/Partial
BOLLY_2004_1981_ishq_qayamat,Ishq Qayamat,2004,8,Thriller,,No,V. Menon,Suman Ranganathan,Milind Gunaji,,1.223,D,,,,,hitFlop=1,Missing/Partial
BOLLY_2004_1982_jaago,Jaago,2004,2,Drama,,No,Mehul Kumar,Sanjay Kapoor,Raveena Tandon,,5.4625,C,1.0733,D,,,hitFlop=1,Missing/Partial
BOLLY_2004_1983_julie,Julie,2004,7,Drama,,No,Deepak S. Shivdasani,Neha Dhupia,Priyanshu Chatterjee,,2.9213,D,2.6377,D,,,hitFlop=5,Missing/Partial
BOLLY_2004_1984_khakee,Khakee,2004,1,Action,Drama,No,Rajkumar Santoshi,Amitabh Bachchan,Akshay Kumar,,7.0113,B,2.744,D,,,hitFlop=4,Missing/Partial
BOLLY_2004_1985_kis_kis_ki_kismat,Kis Kis Ki Kismat,2004,10,Comedy,,No,Govind Menon,Mallika Sherawat,Rati Agnihotri,,4.0848,D,2.1234,D,,,hitFlop=1,Missing/Partial
BOLLY_2004_1986_kismat,Kismat,2004,2,Action,Drama,No,Guddu Dhanoa,Bobby Deol,Priyanka Chopra,,2.4272,D,1.2825,D,,,hitFlop=1,Missing/Partial
BOLLY_2004_1987_kiss_kis_ko,Kiss Kis Ko,2004,,Musical,,No,Sharad Sharan,Chaitanya Bhosle,Sherrin Verghese,,,,,,,,hitFlop=1,Missing/Partial
BOLLY_2004_1988_krishna_cottage,Krishna Cottage,2004,4,Comedy,Fantasy,No,Santram Varma,Sohail Khan,Isha Koppikar,,3.2917,D,,,,,hitFlop=2,Missing/Partial
BOLLY_2004_1989_kyun_ho_gaya_na,Kyun! Ho Gaya Na...,2004,8,Comedy,Drama,No,Samir Karnik,Amitabh Bachchan,Vivek Oberoi,,7.0113,B,2.1674,D,,,hitFlop=2,Missing/Partial
BOLLY_2004_1990_lakeer_forbidden_lines,Lakeer - Forbidden Lines,2004,,Action,Drama,No,Ahmed Khan,Sunny Deol,Sunil Shetty,,3.3809,D,,,,,hitFlop=1,Missing/Partial
BOLLY_2004_1991_lakshya,Lakshya,2004,6,War,Drama,No,Farhan Akhtar,Amitabh Bachchan,Hrithik Roshan,,7.0113,B,5.7197,C,,,hitFlop=2,Missing/Partial
BOLLY_2004_1992_let_s_enjoy,Let's Enjoy,2004,10,Comedy,,No,Siddharth Anand Kumar | Ankur Tewari,Shomendra Bose,Aashish Chaudhary,,,,,,,,hitFlop=1,Missing/Partial
BOLLY_2004_1993_madhoshi,Madhoshi,2004,9,Musical,Mystery,No,Tanveer Khan,Bipasha Basu,John Abraham,,4.5712,D,,,,,hitFlop=1,Missing/Partial
BOLLY_2004_1994_main_hoon_na,Main Hoon Na,2004,4,Action,Comedy,No,Farah Khan,Shah Rukh Khan,Sushmita Sen,,9.2267,A,8.7847,A,,,hitFlop=6,Missing/Partial
BOLLY_2004_1995_masti,Masti,2004,4,Comedy,Crime,No,Indra Kumar,Aftab Shivdasani,Vivek Oberoi,,2.7284,D,4.1206,D,,,hitFlop=6,Missing/Partial
BOLLY_2004_1996_meenaxi_tale_of_3_cities,Meenaxi: Tale of 3 Cities,2004,4,Romance,Drama,No,M.F. Hussain,Tabu,Raghuvir Yadav,,5.0682,C,,,,,hitFlop=1,Missing/Partial
BOLLY_2004_1997_meri_biwi_ka_jawab_nahin,Meri Biwi Ka Jawab Nahin,2004,7,Action,Comedy,No,Pankaj Parashar | S.M. Iqbal,Akshay Kumar,Sridevi,,6.3805,C,1.2133,D,,,hitFlop=1,Missing/Partial
BOLLY_2004_1998_mirchi_it_s_hot,Mirchi: It's Hot,2004,8,Crime,,No,Dinesh D. Awasthi,Bobby Khan,Nilofer Khan,,,,,,,,hitFlop=1,Missing/Partial
BOLLY_2004_1999_morning_raga,Morning Raga,2004,3,Drama,,No,Mahesh Dattani,Shabana Azmi,Prakash Rao,,1.0,D,,,,,hitFlop=1,Missing/Partial
BOLLY_2004_2000_mujhse_shaadi_karogi,Mujhse Shaadi Karogi,2004,7,Comedy,Romance,No,David Dhawan,Salman Khan,Akshay Kumar,,9.2082,A,4.7408,D,,,hitFlop=6,Missing/Partial
BOLLY_2004_2001_murder,Murder,2004,4,Drama,Thriller,No,Anurag Basu,Mallika Sherawat,Ashmit Patel,,4.0848,D,5.1314,C,,,hitFlop=7,Missing/Partial
BOLLY_2004_2002_musafir,Musafir,2004,12,Action,Crime,No,Sanjay Gupta,Anil Kapoor,Sameera Reddy,,5.6087,C,3.4703,D,,,hitFlop=2,Missing/Partial
BOLLY_2004_2003_muskaan,Muskaan,2004,3,Romance,,No,Rohit Manash | Rohit Nayyar | Manish Robin | Manish Sharma,Aftab Shivdasani,Gracy Singh,,2.7284,D,,,,,hitFlop=1,Missing/Partial
BOLLY_2004_2004_naach,Naach,2004,11,Musical,Drama,No,Ram Gopal Varma,Antara Mali,Abhishek Bachchan,,2.6169,D,3.7435,D,,,hitFlop=1,Missing/Partial
BOLLY_2004_2005_paisa_vasool,Paisa Vasool,2004,1,Comedy,,No,Srinivas Bhashyam,Manisha Koirala,Sushmita Sen,,2.7949,D,,,,,hitFlop=1,Missing/Partial
BOLLY_2004_2006_phir_milenge,Phir Milenge,2004,8,Drama,,No,Revathy,Salman Khan,Abhishek Bachchan,,9.2082,A,,,,,hitFlop=1,Missing/Partial
BOLLY_2004_2007_plan,Plan,2004,1,Action,Thriller,No,Hriday Shetty,Sanjay Dutt,Dino Morea,,5.0026,C,1.2329,D,,,hitFlop=2,Missing/Partial
BOLLY_2004_2008_police_force_an_inside_story,Police Force: An Inside Story,2004,5,Action,Crime,No,Dilip Shukla,Akshay Kumar,Raveena Tandon,,6.3805,C,,,,,hitFlop=1,Missing/Partial
BOLLY_2004_2009_popcorn_khao_mast_ho_jao,Popcorn Khao! Mast Ho Jao,2004,10,Comedy,Drama,No,Kabir Sadanand,Akshay Kapoor,Tanisha,,,,1.2486,D,,,hitFlop=1,Missing/Partial
BOLLY_2004_2010_prarambh,Prarambh,2004,8,Drama,,No,Kumar Dave,Mukesh Bhatt,Shama Deshpande,,1.223,D,,,,,hitFlop=1,Missing/Partial
BOLLY_2004_2011_raincoat,Raincoat,2004,12,Drama,Romance,No,Rituparno Ghosh,Ajay Devgn,Aishwarya Rai Bachchan,,6.8713,C,,,,,hitFlop=1,Missing/Partial
BOLLY_2004_2012_rakht,Rakht,2004,9,Horror,Thriller,No,Mahesh Manjrekar,Sanjay Dutt,Sunil Shetty,,5.0026,C,1.4664,D,,,hitFlop=1,Missing/Partial
BOLLY_2004_2013_rok_sako_to_rok_lo,Rok Sako To Rok Lo,2004,12,Adventure,Musical,No,Arindam Chowdhuri,Sunny Deol,Yash Pandit,,3.3809,D,,,,,hitFlop=1,Missing/Partial
BOLLY_2004_2014_rudraksh,Rudraksh,2004,2,Fantasy,Sci-Fi,No,Mani Shankar,Sanjay Dutt,Bipasha Basu,,5.0026,C,2.3406,D,,,hitFlop=1,Missing/Partial
BOLLY_2004_2015_run,Run,2004,5,Action,Comedy,No,Jeeva,Abhishek Bachchan,Bhoomika Chawla,,5.2079,C,,,,,hitFlop=2,Missing/Partial
BOLLY_2004_2016_shaadi_ka_laddoo,Shaadi Ka Laddoo,2004,4,Comedy,,No,Raj Kaushal,Sanjay Suri,Mandira Bedi,,1.9321,D,,,,,hitFlop=2,Missing/Partial
BOLLY_2004_2017_shart_the_challenge,Shart: The Challenge,2004,8,Romance,,No,Puri Jagannadh,Amrita Arora,Asrani,,2.7542,D,,,,,hitFlop=1,Missing/Partial
BOLLY_2004_2018_shola_fire_of_love,Shola: Fire of Love,2004,,Action,Crime,No,Viji P. Nair,Tinnu Anand,Rajeev Awasthi,,2.4003,D,,,,,hitFlop=1,Missing/Partial
BOLLY_2004_2019_shukriya_till_death_do_us_apart,Shukriya: Till Death Do Us Apart,2004,10,Musical,Drama,No,Anupam Sinha,Anupam Kher,Aftab Shivdasani,,3.4477,D,,,,,hitFlop=1,Missing/Partial
BOLLY_2004_2020_stop,Stop!,2004,11,Comedy,Romance,No,Ajai Sinha,Rocky Bhatia,Dia Mirza,,,,1.0186,D,,,hitFlop=1,Missing/Partial
BOLLY_2004_2021_suno_sasurjee,Suno Sasurjee,2004,2,Action,Comedy,No,Vimal Kumar,Aftab Shivdasani,Ameesha Patel,,2.7284,D,,,,,hitFlop=1,Missing/Partial
BOLLY_2004_2022_swades,Swades,2004,12,Drama,,No,Ashutosh Gowariker,Shah Rukh Khan,Gayatri Joshi,,9.2267,A,3.7481,D,,,hitFlop=2,Missing/Partial
BOLLY_2004_2023_taarzan_the_wonder_car,Taarzan: The Wonder Car,2004,8,Musical,Action,No,Abbas Alibhai Burmawalla | Mastan Alibhai Burmawalla,Vatsal Seth,Ayesha Takia,,1.223,D,3.6411,D,,,hitFlop=1,Missing/Partial
BOLLY_2004_2024_tauba_tauba,Tauba Tauba,2004,10,Comedy,Drama,No,T.L.V. Prasad,Laxmikant Berde,Bobby Darling,,2.2798,D,,,,,hitFlop=4,Missing/Partial
BOLLY_2004_2025_tum_a_dangerous_obsession,Tum: A Dangerous Obsession,2004,2,Drama,Romance,No,Aruna Raje,Manisha Koirala,Karan Nath,,2.7949,D,,,,,hitFlop=2,Missing/Partial
BOLLY_2004_2026_tumsa_nahin_dekha,Tumsa Nahin Dekha,2004,9,Musical,Romance,No,Anurag Basu,Emraan Hashmi,Dia Mirza,,4.721,D,5.1314,C,,,hitFlop=1,Missing/Partial
BOLLY_2004_2027_vaastu_shastra,Vaastu Shastra,2004,10,Horror,Mystery,No,Saurab Narang,Vicky Ahuja,J.D. Chakravarthi,,2.5611,D,,,,,hitFlop=3,Missing/Partial
BOLLY_2004_2028_veer_zaara,Veer-Zaara,2004,11,Drama,Musical,No,Yash Chopra,Shah Rukh Khan,Preity Zinta,,9.2267,A,,,,,hitFlop=7,Missing/Partial
BOLLY_2004_2029_wajahh_a_reason_to_kill,Wajahh: A Reason to Kill,2004,10,Thriller,,No,Gautam Adhikari,Arbaaz Khan,Gracy Singh,,2.5366,D,,,,,hitFlop=1,Missing/Partial
BOLLY_2004_2030_woh,WOH,2004,3,Crime,Drama,No,Raj N. Sippy,Priyanshu Chatterjee,Cleo Isaacs,,2.4801,D,1.0402,D,,,hitFlop=1,Missing/Partial
BOLLY_2004_2031_woh_tera_naam_tha,Woh Tera Naam Tha,2004,,Romance,,No,Sandesh Kohli,Arjan Bajwa,Rajat Bedi,,1.1394,D,,,,,hitFlop=1,Missing/Partial
BOLLY_2004_2032_yeh_lamhe_judaai_ke,Yeh Lamhe Judaai Ke,2004,4,Drama,Mystery,No,Birendra Nath Tiwari,Shah Rukh Khan,Raveena Tandon,,9.2267,A,,,,,hitFlop=1,Missing/Partial
BOLLY_2004_2033_yuva,Yuva,2004,5,Action,Adventure,No,Mani Ratnam,Ajay Devgn,Abhishek Bachchan,,6.8713,C,4.8812,D,,,hitFlop=3,Missing/Partial
BOLLY_2005_2034_7_1_2_phere_more_than_a_wedding,7 1/2 Phere: More Than a Wedding,2005,7,Comedy,Drama,No,Ishaan Trivedi,Juhi Chawla,Irrfan Khan,,3.1388,D,,,,,hitFlop=1,Missing/Partial
BOLLY_2005_2035_99_9_fm,99.9 FM,2005,,Crime,,No,Sanjay Bhatia,Shawar Ali,Jaipreet Nagra,,1.1394,D,,,,,hitFlop=1,Missing/Partial
BOLLY_2005_2036_aashiq_banaya_aapne_love_takes_over,Aashiq Banaya Aapne: Love Takes Over,2005,9,Drama,Romance,No,Aditya Datt,Tanushree Dutta,Preeti Ganguli,,2.0907,D,1.7076,D,,,hitFlop=3,Missing/Partial
BOLLY_2005_2037_amu,Amu,2005,1,Drama,,No,Shonali Bose,Konkona Sen Sharma,Yashpal Sharma,,2.9405,D,,,,,hitFlop=1,Missing/Partial
BOLLY_2005_2038_anjaane_the_unkown,Anjaane: The Unkown,2005,12,Horror,,No,Harryy W. Fernaandes,Manisha Koirala,Sanjay Kapoor,,2.7949,D,,,,,hitFlop=1,Missing/Partial
BOLLY_2005_2039_apaharan,Apaharan,2005,12,Action,Crime,No,Prakash Jha,Ajay Devgn,Nana Patekar,,6.8713,C,3.6075,D,,,hitFlop=5,Missing/Partial
BOLLY_2005_2040_bachke_rehna_re_baba,Bachke Rehna Re Baba,2005,6,Comedy,,No,Govind Menon,Rekha,Mallika Sherawat,,5.1069,C,2.1234,D,,,hitFlop=2,Missing/Partial
BOLLY_2005_2041_bewafaa,Bewafaa,2005,2,Drama,Romance,No,Dharmesh Darshan,Anil Kapoor,Akshay Kumar,,5.6087,C,1.7248,D,,,hitFlop=3,Missing/Partial
BOLLY_2005_2042_black,Black,2005,2,Drama,,No,Sanjay Leela Bhansali,Amitabh Bachchan,Rani Mukerji,,7.0113,B,4.922,D,,,hitFlop=4,Missing/Partial
BOLLY_2005_2043_blackmail,Blackmail,2005,1,Action,Drama,No,Anil Devgan,Ajay Devgn,Sunil Shetty,,6.8713,C,,,,,hitFlop=1,Missing/Partial
BOLLY_2005_2044_bluffmaster,Bluffmaster!,2005,12,Comedy,Romance,No,Rohan Sippy,Abhishek Bachchan,Priyanka Chopra,,5.2079,C,2.7859,D,,,hitFlop=5,Missing/Partial
BOLLY_2005_2045_bobby_love_and_lust,Bobby: Love and Lust,2005,11,Romance,,No,Rakesh Parmaar,Monalisa,Usha Bachani,,,,,,,,hitFlop=1,Missing/Partial
BOLLY_2005_2046_bullet_ek_dhamaka,Bullet: Ek Dhamaka,2005,2,Action,Drama,No,Irfan Khan,Benjamin Gilani,Natalya Gudkova,,1.0,D,,,,,hitFlop=1,Missing/Partial
BOLLY_2005_2047_bunty_aur_babli,Bunty Aur Babli,2005,5,Adventure,Comedy,No,Shaad Ali,Amitabh Bachchan,Rani Mukerji,,7.0113,B,5.2612,C,,,hitFlop=7,Missing/Partial
BOLLY_2005_2048_c_u_at_9,C U at 9,2005,6,Drama,Horror,No,Marlon Rodrigues,Isaiah,Malavikka,,,,,,,,hitFlop=1,Missing/Partial
BOLLY_2005_2049_chaahat_ek_nasha,Chaahat Ek Nasha...,2005,2,Romance,,No,Jay Prakash | Surya Prakash,Aryan Vaid,Manisha Koirala,,1.2788,D,,,,,hitFlop=1,Missing/Partial
BOLLY_2005_2050_chand_bujh_gaya,Chand Bujh Gaya,2005,3,Drama,Thriller,No,Sharique Minhaj,Mukesh Ahuja,Ishrat Ali,,1.0,D,,,,,hitFlop=1,Missing/Partial
BOLLY_2005_2051_chand_sa_roshan_chehra,Chand Sa Roshan Chehra,2005,3,Romance,,No,Shabah Shamsi,Samir Aftab,Talat Aziz,,,,,,,,hitFlop=1,Missing/Partial
BOLLY_2005_2052_chehraa,Chehraa,2005,2,Thriller,,No,Saurabh Shukla,Bipasha Basu,Dino Morea,,4.5712,D,,,,,hitFlop=1,Missing/Partial
BOLLY_2005_2053_chetna_the_excitement,Chetna: The Excitement,2005,6,Thriller,,No,,Jatin Grewal,Navneet Kaur,,,,,,,,hitFlop=1,Missing/Partial
BOLLY_2005_2054_dansh,Dansh,2005,9,Drama,,No,Kamika Verma | Kanika Verma,Kay Kay Menon,Sonali Kulkarni,,2.6256,D,,,,,hitFlop=1,Missing/Partial
BOLLY_2005_2055_deewane_huye_paagal,Deewane Huye Paagal,2005,11,Comedy,Romance,No,Vikram Bhatt,Akshay Kumar,Sunil Shetty,,6.3805,C,2.9028,D,,,hitFlop=2,Missing/Partial
BOLLY_2005_2056_dil_jo_bhi_kahey,Dil Jo Bhi Kahey...,2005,9,Romance,,No,Romesh Sharma,Amitabh Bachchan,Revathy,,7.0113,B,,,,,hitFlop=1,Missing/Partial
BOLLY_2005_2057_dosti_friends_forever,Dosti: Friends Forever,2005,12,Romance,Romance,No,Suneel Darshan,Akshay Kumar,Bobby Deol,,6.3805,C,1.706,D,,,hitFlop=2,Missing/Partial
BOLLY_2005_2058_double_cross_ek_dhoka,Double Cross: Ek Dhoka,2005,7,Comedy,,No,Vicky Tejwani,Ayesha Jhulka,Negar Khan,,1.1394,D,,,,,hitFlop=1,Missing/Partial
BOLLY_2005_2059_dus,Dus,2005,7,Action,Crime,No,Anubhav Sinha,Sanjay Dutt,Sunil Shetty,,5.0026,C,3.0566,D,,,hitFlop=4,Missing/Partial
BOLLY_2005_2060_ek_ajnabee,Ek Ajnabee,2005,12,Action,Adventure,No,Apoorva Lakhia,Amitabh Bachchan,Arjun Rampal,,7.0113,B,1.8339,D,,,hitFlop=2,Missing/Partial
BOLLY_2005_2061_ek_khiladi_ek_haseena,Ek Khiladi Ek Haseena,2005,11,Comedy,Crime,No,Suparn Verma,Fardeen Khan,Koena Mitra,,2.8821,D,1.4658,D,,,hitFlop=2,Missing/Partial
BOLLY_2005_2062_elaan,Elaan,2005,1,Action,,No,Vikram Bhatt,Arjun Rampal,Ameesha Patel,,3.8011,D,2.9028,D,,,hitFlop=1,Missing/Partial
BOLLY_2005_2063_fareb,Fareb,2005,,Drama,Thriller,No,Deepak Tijori,Shilpa Shetty,Manoj Bajpayee,,3.537,D,1.5883,D,,,hitFlop=1,Missing/Partial
BOLLY_2005_2064_the_film,The Film,2005,11,Drama,Thriller,No,Junaid Memon,Nassar Abdulla,Ravi Baswani,,1.5787,D,,,,,hitFlop=1,Missing/Partial
BOLLY_2005_2065_garam_masala,Garam Masala,2005,11,Comedy,Romance,No,Priyadarshan,Akshay Kumar,John Abraham,,6.3805,C,3.8472,D,,,hitFlop=6,Missing/Partial
BOLLY_2005_2066_hanuman,Hanuman,2005,10,Animation,,No,V.G. Samant | Milind Ukey,Archi,Rajesh Jolly,,,,,,,,hitFlop=5,Missing/Partial
BOLLY_2005_2067_home_delivery_aapko_ghar_tak,Home Delivery: Aapko... Ghar Tak,2005,12,Comedy,Romance,No,Sujoy Ghosh,Vivek Oberoi,Mahima Chaudhry,,3.486,D,2.6445,D,,,hitFlop=1,Missing/Partial
BOLLY_2005_2068_hum_dum,Hum Dum,2005,2,Comedy,Romance,No,Kushan Nandy,Romit Raaj,Anjana Sukhani,,,,,,,,hitFlop=1,Missing/Partial
BOLLY_2005_2069_insan,Insan,2005,1,Drama,War,No,K. Subhash,Akshay Kumar,Ajay Devgn,,6.3805,C,,,,,hitFlop=1,Missing/Partial
BOLLY_2005_2070_iqbal,Iqbal,2005,1,Drama,Sport,No,Nagesh Kukunoor,Naseeruddin Shah,Girish Karnad,,3.7695,D,1.4685,D,,,hitFlop=4,Missing/Partial
BOLLY_2005_2071_jalwa_fun_in_love,Jalwa: Fun in Love,2005,9,Comedy,Drama,No,Rajiv S. Ruia,Ganesh Acharya,Neha Bhatt,,,,1.1221,D,,,hitFlop=1,Missing/Partial
BOLLY_2005_2072_jo_bole_so_nihaal,Jo Bole So Nihaal,2005,5,Action,,No,Rahul Rawail,Sunny Deol,Thomas Tevana,,3.3809,D,1.4734,D,,,hitFlop=1,Missing/Partial
BOLLY_2005_2073_jurm,Jurm,2005,2,Thriller,Drama,No,Vikram Bhatt,Bobby Deol,Lara Dutta,,2.4272,D,2.9028,D,,,hitFlop=1,Missing/Partial
BOLLY_2005_2074_kaal,Kaal,2005,4,Thriller,Adventure,No,Soham Shah,Ajay Devgn,Vivek Oberoi,,6.8713,C,,,,,hitFlop=4,Missing/Partial
BOLLY_2005_2075_kal_yesterday_and_tomorrow,Kal: Yesterday and Tomorrow,2005,12,Drama,Mystery,No,Ruchi Narain,Shiney Ahuja,Murad Ali,,2.8402,D,,,,,hitFlop=1,Missing/Partial
BOLLY_2005_2076_kalyug,Kalyug,2005,12,Action,Crime,No,Mohit Suri,Kunal Khemu,Deepal Shaw,,3.1566,D,4.931,D,,,hitFlop=5,Missing/Partial
BOLLY_2005_2077_karam,Karam,2005,3,Crime,Thriller,No,Sanjay F. Gupta,John Abraham,Priyanka Chopra,,7.1193,B,,,,,hitFlop=2,Missing/Partial
BOLLY_2005_2078_kasak,Kasak,2005,7,Drama,,No,Rajiv Babbar,Lucky Ali,Meera,,,,,,,,hitFlop=1,Missing/Partial
BOLLY_2005_2079_khamoshh_khauff_ki_raat,Khamoshh... Khauff Ki Raat,2005,4,Thriller,,No,Deepak Tijori,Shilpa Shetty,Juhi Chawla,,3.537,D,1.5883,D,,,hitFlop=1,Missing/Partial
BOLLY_2005_2080_khullam_khulla_pyaar_karen,Khullam Khulla Pyaar Karen,2005,4,Comedy,,No,Harmesh Malhotra,Govinda,Preity Zinta,,4.7856,D,,,,,hitFlop=1,Missing/Partial
BOLLY_2005_2081_kisna_the_warrior_poet,Kisna: The Warrior Poet,2005,1,Drama,Musical,No,Subhash Ghai,Vivek Oberoi,Isha Sharvani,,3.486,D,1.3105,D,,,hitFlop=1,Missing/Partial
BOLLY_2005_2082_koi_aap_sa_but_lovers_have_to_be_friends,Koi Aap Sa: But Lovers Have to Be Friends,2005,10,Comedy,Drama,No,Partho Mitra,Aftab Shivdasani,Anita Hassandani,,2.7284,D,,,,,hitFlop=1,Missing/Partial
BOLLY_2005_2083_koi_mere_dil_mein_hai,Koi Mere Dil Mein Hai,2005,6,Drama,,No,Deepak Ramsay,Dia Mirza,Sadashiv Amrapurkar,,4.3509,D,,,,,hitFlop=1,Missing/Partial
BOLLY_2005_2084_kuchh_meetha_ho_jaye,Kuchh Meetha Ho Jaye,2005,4,Comedy,Romance,No,Samar Khan,Arshad Warsi,Mahima Chaudhry,,3.5596,D,,,,,hitFlop=1,Missing/Partial
BOLLY_2005_2085_kyaa_kool_hai_hum,Kyaa Kool Hai Hum,2005,5,Comedy,Mystery,No,Sangeeth Sivan,Tusshar Kapoor,Ritesh Deshmukh,,3.8353,D,2.7482,D,,,hitFlop=6,Missing/Partial
BOLLY_2005_2086_kyon_ki,Kyon Ki...,2005,11,Drama,Romance,No,Priyadarshan,Salman Khan,Kareena Kapoor,,9.2082,A,3.8472,D,,,hitFlop=2,Missing/Partial
BOLLY_2005_2087_lucky_no_time_for_love,Lucky: No Time for Love,2005,4,Musical,Drama,No,Radhika Rao | Vinay Sapru,Salman Khan,Sneha Ullal,,9.2082,A,,,,,hitFlop=3,Missing/Partial
BOLLY_2005_2088_main_aisa_hi_hoon,Main Aisa Hi Hoon,2005,5,Musical,Drama,No,Harry Baweja,Ajay Devgn,Sushmita Sen,,6.8713,C,1.6165,D,,,hitFlop=1,Missing/Partial
BOLLY_2005_2089_main_meri_patni_aur_woh,"Main, Meri Patni... Aur Woh!",2005,10,Comedy,Drama,No,Chandan Arora,Naseeruddin Shah,Rajpal Yadav,,3.7695,D,1.0638,D,,,hitFlop=1,Missing/Partial
BOLLY_2005_2090_maine_pyaar_kyun_kiya,Maine Pyaar Kyun Kiya,2005,7,Comedy,Drama,No,David Dhawan,Salman Khan,Sushmita Sen,,9.2082,A,4.7408,D,,,hitFlop=5,Missing/Partial
BOLLY_2005_2091_mashooka,Mashooka,2005,7,Romance,Thriller,No,Afzal Ahmad,Aditya Bal,Meghna Naidu,,,,,,,,hitFlop=1,Missing/Partial
BOLLY_2005_2092_mazaa_mazaa,Mazaa Mazaa,2005,,Romance,,No,T.L.V. Prasad,Farid Amiri,Mridula Baruah,,,,,,,,hitFlop=1,Missing/Partial
BOLLY_2005_2093_meri_aashiqui,Meri Aashiqui,2005,,Romance,,No,,Rahul Roy,Himani Shivpuri,,,,,,,,hitFlop=1,Missing/Partial
BOLLY_2005_2094_mr_prime_minister,Mr Prime Minister,2005,12,Comedy,,No,Dev Anand,Dev Anand,Prem Chopra,,1.0,D,2.5388,D,,,hitFlop=1,Missing/Partial
BOLLY_2005_2095_mr_ya_miss,Mr Ya Miss,2005,12,Comedy,,No,Antara Mali | Satchit Puranik,Antara Mali,Ritesh Deshmukh,,2.6169,D,,,,,hitFlop=2,Missing/Partial
BOLLY_2005_2096_mumbai_godfather,Mumbai Godfather,2005,9,Action,Crime,No,Deepak Balraj Vij,Seema Biswas,Vikram Singh,,1.9546,D,,,,,hitFlop=1,Missing/Partial
BOLLY_2005_2097_my_wife_s_murder,My Wife's Murder,2005,8,Thriller,,No,Jijy Philip,Anil Kapoor,Suchitra Krishnamoorthi,,5.6087,C,,,,,hitFlop=2,Missing/Partial
BOLLY_2005_2098_naam_gum_jaayega,Naam Gum Jaayega,2005,4,Thriller,,No,Amol Shetge,Raqesh Vashisth,Dia Mirza,,,,1.2309,D,,,hitFlop=1,Missing/Partial
BOLLY_2005_2099_naina,Naina,2005,5,Drama,Horror,No,Shripal Morakhia,Urmila Matondkar,Anuj Sawhney,,2.6966,D,,,,,hitFlop=2,Missing/Partial
BOLLY_2005_2100_nazar,Nazar,2005,5,Thriller,,No,Soni Razdan,Meera,Ashmit Patel,,,,,,,,hitFlop=2,Missing/Partial
BOLLY_2005_2101_neal_n_nikki,Neal 'N' Nikki,2005,12,Comedy,Musical,No,Arjun Sablok,Uday Chopra,Tanisha,,4.4943,D,,,,,hitFlop=2,Missing/Partial
BOLLY_2005_2102_nigehbaan_the_third_eye,Nigehbaan: The Third Eye,2005,2,Thriller,,No,Dilip Shankar,Sameer Dharmadhikari,Sandali Sinha,,,,,,,,hitFlop=1,Missing/Partial
BOLLY_2005_2103_no_entry,No Entry,2005,8,Comedy,Drama,No,Anees Bazmee,Anil Kapoor,Salman Khan,,5.6087,C,5.6076,C,,,hitFlop=7,Missing/Partial
BOLLY_2005_2104_padmashree_laloo_prasad_yadav,Padmashree Laloo Prasad Yadav,2005,1,Comedy,,No,Mahesh Manjrekar,Sunil Shetty,Masumeh Makhija,,3.3073,D,1.4664,D,,,hitFlop=1,Missing/Partial
BOLLY_2005_2105_page_3,Page 3,2005,1,Drama,,No,Madhur Bhandarkar,Konkona Sen Sharma,Atul Kulkarni,,2.9405,D,3.2787,D,,,hitFlop=5,Missing/Partial
BOLLY_2005_2106_paheli,Paheli,2005,6,Fantasy,Romance,No,Amol Palekar,Shah Rukh Khan,Anupam Kher,,9.2267,A,,,,,hitFlop=3,Missing/Partial
BOLLY_2005_2107_parineeta,Parineeta,2005,6,Drama,Musical,No,Pradeep Sarkar,Saif Ali Khan,Vidya Balan,,5.7211,C,2.2519,D,,,hitFlop=3,Missing/Partial
BOLLY_2005_2108_pyaar_mein_twist,Pyaar Mein Twist,2005,9,Comedy,Drama,No,Hriday Shetty,Rishi Kapoor,Dimple Kapadia,,4.4084,D,1.2329,D,,,hitFlop=1,Missing/Partial
BOLLY_2005_2109_raja_bhai_lagey_raho,Raja Bhai Lagey Raho...,2005,10,Comedy,,No,Dinesh D. Awasthi,Ravi Kishan,Rajeev Awasthi,,2.1644,D,,,,,hitFlop=1,Missing/Partial
BOLLY_2005_2110_ramji_londonwaley,Ramji Londonwaley,2005,9,Comedy,Drama,No,Sanjay Dayma,Madhavan,Samita Bangargi,,5.0561,C,,,,,hitFlop=1,Missing/Partial
BOLLY_2005_2111_revati,Revati,2005,5,Drama,,No,Farogh Siddique,Kashmira Shah,Kiran Kumar,,2.3939,D,,,,,hitFlop=1,Missing/Partial
BOLLY_2005_2112_the_rising_ballad_of_mangal_pandey,The Rising: Ballad of Mangal Pandey,2005,8,Biography,Drama,No,Ketan Mehta,Aamir Khan,Rani Mukerji,,10.0,A,,,,,hitFlop=2,Missing/Partial
BOLLY_2005_2113_rog,Rog,2005,1,Mystery,Romance,No,Himanshu Brahmbhatt,Irrfan Khan,Suhel Seth,,2.9178,D,,,,,hitFlop=1,Missing/Partial
BOLLY_2005_2114_sab_kuch_hai_kuch_bhi_nahin,Sab Kuch Hai Kuch Bhi Nahin,2005,4,Drama,,No,Abhik Bhanu,Brian Dawson,Vikram Gokhale,,,,,,,,hitFlop=1,Missing/Partial
BOLLY_2005_2115_salaam_namaste,Salaam Namaste,2005,9,Comedy,Drama,No,Siddharth Anand,Saif Ali Khan,Preity Zinta,,5.7211,C,5.6148,C,,,hitFlop=6,Missing/Partial
BOLLY_2005_2116_sarkar,Sarkar,2005,7,Action,Crime,No,Ram Gopal Varma,Amitabh Bachchan,Abhishek Bachchan,,7.0113,B,3.7435,D,,,hitFlop=5,Missing/Partial
BOLLY_2005_2117_sehar,Sehar,2005,,Action,Crime,No,Kabeer Kaushik,Arshad Warsi,Pankaj Kapur,,3.5596,D,1.2309,D,,,hitFlop=2,Missing/Partial
BOLLY_2005_2118_shaadi_no_1,Shaadi No. 1,2005,11,Comedy,,No,David Dhawan,Fardeen Khan,Zayed Khan,,2.8821,D,4.7408,D,,,hitFlop=2,Missing/Partial
BOLLY_2005_2119_shabd,Shabd,2005,2,Drama,Thriller,No,Leena Yadav,Sanjay Dutt,Aishwarya Rai Bachchan,,5.0026,C,,,,,hitFlop=1,Missing/Partial
BOLLY_2005_2120_shabnam_mausi,Shabnam Mausi,2005,5,Drama,,No,Yogesh Bharadwaj,Ashutosh Rana,Sujeet Chaubey,,2.1792,D,,,,,hitFlop=1,Missing/Partial
BOLLY_2005_2121_sheesha,Sheesha,2005,2,Drama,Romance,No,Ashu Trikha,Neha Dhupia,Elidh MacQueen,,2.9213,D,1.1186,D,,,hitFlop=1,Missing/Partial
BOLLY_2005_2122_shikhar,Shikhar,2005,12,Drama,Musical,No,John Mathew Matthan,Ajay Devgn,Shahid Kapoor,,6.8713,C,,,,,hitFlop=2,Missing/Partial
BOLLY_2005_2123_silsiilay,Silsiilay,2005,6,Drama,,No,Khalid Mohamed,Tabu,Bhoomika Chawla,,5.0682,C,,,,,hitFlop=1,Missing/Partial
BOLLY_2005_2124_sins,Sins,2005,2,Drama,Romance,No,Vinod Pande,Vinod Pande,Shiney Ahuja,,,,,,,,hitFlop=2,Missing/Partial
BOLLY_2005_2125_siskiyaan,Siskiyaan,2005,9,Drama,Thriller,No,Ashwini Chaudhary,Sanjay Chauhan,Neha Dhupia,,,,1.4475,D,,,hitFlop=1,Missing/Partial
BOLLY_2005_2126_socha_na_tha,Socha Na Tha,2005,3,Romance,Comedy,No,Imtiaz Ali,Abhay Deol,Ayesha Takia,,2.5106,D,4.8838,D,,,hitFlop=2,Missing/Partial
BOLLY_2005_2127_ssukh,Ssukh,2005,6,Comedy,Family,No,Kirti Kumar,Aarti Chhabria,Jackie Shroff,,1.9615,D,,,,,hitFlop=1,Missing/Partial
BOLLY_2005_2128_a_sublime_love_story_barsaat,A Sublime Love Story: Barsaat,2005,8,Romance,Romance,No,Suneel Darshan,Bobby Deol,Bipasha Basu,,2.4272,D,1.706,D,,,hitFlop=3,Missing/Partial
BOLLY_2005_2129_taj_mahal_an_eternal_love_story,Taj Mahal: An Eternal Love Story,2005,5,Drama,Musical,No,Akbar Khan,Zulfi Sayed,Sonya Jehan,,,,,,,,hitFlop=1,Missing/Partial
BOLLY_2005_2130_tango_charlie,Tango Charlie,2005,3,Action,Drama,No,Mani Shankar,Ajay Devgn,Bobby Deol,,6.8713,C,2.3406,D,,,hitFlop=1,Missing/Partial
BOLLY_2005_2131_time_pass,Time Pass,2005,,Romance,,No,Chander Mishra,Sherlyn Chopra,Tanaaz Currim Irani,,,,,,,,hitFlop=1,Missing/Partial
BOLLY_2005_2132_u_bomsi_n_me,"U, Bomsi n Me",2005,10,Comedy,,No,Jairaj Padmanabhan,Bobby Bahal,Kenny Desai,,,,,,,,hitFlop=1,Missing/Partial
BOLLY_2005_2133_vaada,Vaada,2005,1,Romance,Mystery,No,Satish Kaushik,Arjun Rampal,Zayed Khan,,3.8011,D,2.6808,D,,,hitFlop=2,Missing/Partial
BOLLY_2005_2134_vaah_life_ho_toh_aisi,Vaah! Life Ho Toh Aisi!,2005,12,Comedy,Family,No,Mahesh Manjrekar,Shahid Kapoor,Amrita Rao,,5.7659,C,1.4664,D,,,hitFlop=2,Missing/Partial
BOLLY_2005_2135_viruddh_family_comes_first,Viruddh... Family Comes First,2005,7,Drama,Family,No,Mahesh Manjrekar,Amitabh Bachchan,Sharmila Tagore,,7.0113,B,1.4664,D,,,hitFlop=3,Missing/Partial
BOLLY_2005_2136_waqt_the_race_against_time,Waqt: The Race Against Time,2005,4,Comedy,Drama,No,Vipul Amrutlal Shah,Amitabh Bachchan,Akshay Kumar,,7.0113,B,3.229,D,,,hitFlop=4,Missing/Partial
BOLLY_2005_2137_yahaan,...Yahaan,2005,7,Romance,,No,Shoojit Sircar,Jimmy Shergill,Minissha Lamba,,2.7981,D,3.8135,D,,,hitFlop=1,Missing/Partial
BOLLY_2005_2138_yehi_hai_zindagi,Yehi Hai Zindagi,2005,1,Action,Crime,No,Ajay Phansekar | Raam Shetty,Parvin Dabas,Benjamin Gilani,,2.3191,D,,,,,hitFlop=1,Missing/Partial
BOLLY_2005_2139_zeher,Zeher,2005,3,Thriller,Drama,No,Mohit Suri,Emraan Hashmi,Shamita Shetty,,4.721,D,4.931,D,,,hitFlop=4,Missing/Partial
BOLLY_2006_2140_36_china_town,36 China Town,2006,4,Comedy,Mystery,No,Abbas Alibhai Burmawalla | Mastan Alibhai Burmawalla,Akshaye Khanna,Kareena Kapoor,,3.3625,D,3.6411,D,,,hitFlop=5,Missing/Partial
BOLLY_2006_2141_aap_ki_khatir,Aap Ki Khatir,2006,8,Romance,,No,Dharmesh Darshan,Akshaye Khanna,Priyanka Chopra,,3.3625,D,1.7248,D,,,hitFlop=1,Missing/Partial
BOLLY_2006_2142_ahista_ahista,Ahista Ahista,2006,8,Drama,Romance,No,Shivam Nair,Abhay Deol,Soha Ali Khan,,2.5106,D,,,,,hitFlop=1,Missing/Partial
BOLLY_2006_2143_aksar,Aksar,2006,2,Drama,Romance,No,Anant Mahadevan,Rajat Bedi,Till Dilumière,,2.3624,D,1.8139,D,,,hitFlop=5,Missing/Partial
BOLLY_2006_2144_ankahee,Ankahee,2006,5,Drama,Romance,No,Vikram Bhatt,Aftab Shivdasani,Ameesha Patel,,2.7284,D,2.9028,D,,,hitFlop=1,Missing/Partial
BOLLY_2006_2145_anthony_kaun_hai,Anthony Kaun Hai?,2006,8,Comedy,Thriller,No,Raj Kaushal,Sanjay Dutt,Arshad Warsi,,5.0026,C,,,,,hitFlop=1,Missing/Partial
BOLLY_2006_2146_apna_sapna_money_money,Apna Sapna Money Money,2006,11,Comedy,Musical,No,Sangeeth Sivan,Bobby Darling,Ritesh Deshmukh,,,,2.7482,D,,,hitFlop=5,Missing/Partial
BOLLY_2006_2147_aryan_unbreakable,Aryan: Unbreakable,2006,12,Drama,,No,Abhishek Kapoor,Sohail Khan,Sneha Ullal,,3.2917,D,4.0376,D,,,hitFlop=1,Missing/Partial
BOLLY_2006_2148_baabul,Baabul,2006,12,Drama,Family,No,Ravi Chopra,Amitabh Bachchan,Salman Khan,,7.0113,B,,,,,hitFlop=2,Missing/Partial
BOLLY_2006_2149_banaras,Banaras,2006,4,Musical,Drama,No,Pankaj Parashar,Urmila Matondkar,Ashmit Patel,,2.6966,D,1.2133,D,,,hitFlop=1,Missing/Partial
BOLLY_2006_2150_bhagam_bhag,Bhagam Bhag,2006,12,Comedy,Mystery,No,Priyadarshan,Akshay Kumar,Govinda,,6.3805,C,3.8472,D,,,hitFlop=6,Missing/Partial
BOLLY_2006_2151_chingaari,Chingaari,2006,2,Drama,,No,Kalpana Lajmi,Sushmita Sen,Mithun Chakraborty,,3.1708,D,1.0034,D,,,hitFlop=1,Missing/Partial
BOLLY_2006_2152_chup_chup_ke,Chup Chup Ke,2006,6,Comedy,Drama,No,Priyadarshan | Kookie V. Gulati,Kareena Kapoor,Shahid Kapoor,,8.0906,B,3.8472,D,,,hitFlop=4,Missing/Partial
BOLLY_2006_2153_corporate,Corporate,2006,7,Drama,,No,Madhur Bhandarkar,Bipasha Basu,Kay Kay Menon,,4.5712,D,3.2787,D,,,hitFlop=4,Missing/Partial
BOLLY_2006_2154_darwaza_bandh_rakho,Darwaza Bandh Rakho,2006,8,Comedy,Crime,No,J.D. Chakravarthi,Ishrat Ali,Abhay Bhargav,,1.6681,D,,,,,hitFlop=1,Missing/Partial
BOLLY_2006_2155_dhoom_2,Dhoom:2,2006,11,Action,Thriller,Yes,Sanjay Gadhvi,Abhishek Bachchan,Uday Chopra,,5.2079,C,4.3755,D,,,hitFlop=8,Missing/Partial
BOLLY_2006_2156_dil_diya_hai,Dil Diya Hai,2006,9,Drama,Romance,No,Aditya Datt,Emraan Hashmi,Ashmit Patel,,4.721,D,1.7076,D,,,hitFlop=1,Missing/Partial
BOLLY_2006_2157_don,Don,2006,10,Action,Crime,Yes,Farhan Akhtar,Shah Rukh Khan,Priyanka Chopra,,9.2267,A,5.7197,C,,,hitFlop=6,Missing/Partial
BOLLY_2006_2158_dor,Dor,2006,9,Drama,,No,Nagesh Kukunoor,Ayesha Takia,Shreyas Talpade,,2.9636,D,1.4685,D,,,hitFlop=2,Missing/Partial
BOLLY_2006_2159_family_ties_of_blood,Family: Ties of Blood,2006,1,Action,Crime,No,Rajkumar Santoshi,Amitabh Bachchan,Akshay Kumar,,7.0113,B,2.744,D,,,hitFlop=1,Missing/Partial
BOLLY_2006_2160_fanaa,Fanaa,2006,5,Drama,Musical,No,Kunal Kohli,Aamir Khan,Kajol,,10.0,A,4.0747,D,,,hitFlop=7,Missing/Partial
BOLLY_2006_2161_fight_club_members_only,Fight Club: Members Only,2006,2,Action,Comedy,No,Vikram Chopra,Sunil Shetty,Sohail Khan,,3.3073,D,,,,,hitFlop=2,Missing/Partial
BOLLY_2006_2162_gangster,Gangster,2006,4,Crime,Drama,No,Anurag Basu,Kangana Ranaut,Shiney Ahuja,,4.3605,D,5.1314,C,,,hitFlop=5,Missing/Partial
BOLLY_2006_2163_golmaal_fun_unlimited,Golmaal: Fun Unlimited,2006,7,Comedy,Comedy,No,Rohit Shetty,Ajay Devgn,Arshad Warsi,,6.8713,C,6.8376,C,,,hitFlop=6,Missing/Partial
BOLLY_2006_2164_humko_deewana_kar_gaye,Humko Deewana Kar Gaye,2006,4,Romance,Romance,No,Raj Kanwar,Akshay Kumar,Katrina Kaif,,6.3805,C,3.0499,D,,,hitFlop=2,Missing/Partial
BOLLY_2006_2165_humko_tumse_pyaar_hai,Humko Tumse Pyaar Hai,2006,2,Romance,Thriller,No,Bunty Soorma,Arjun Rampal,Ameesha Patel,,3.8011,D,,,,,hitFlop=1,Missing/Partial
BOLLY_2006_2166_i_see_you,I See You,2006,12,Comedy,Drama,No,Vivek b Agrawal,Arjun Rampal,Vipasha Agarwal,,3.8011,D,,,,,hitFlop=1,Missing/Partial
BOLLY_2006_2167_jaan_e_mann_let_s_fall_in_love_again,Jaan-E-Mann: Let's Fall in Love... Again,2006,10,Musical,Romance,No,Shirish Kunder,Salman Khan,Akshay Kumar,,9.2082,A,,,,,hitFlop=2,Missing/Partial
BOLLY_2006_2168_jawani_diwani_a_youthful_joyride,Jawani Diwani: A Youthful Joyride,2006,1,Romance,,No,Manish Sharma,Emraan Hashmi,Celina Jaitly,,4.721,D,,,,,hitFlop=2,Missing/Partial
BOLLY_2006_2169_kabhi_alvida_naa_kehna,Kabhi Alvida Naa Kehna,2006,8,Drama,Romance,No,Karan Johar,Shah Rukh Khan,Rani Mukerji,,9.2267,A,7.1046,B,,,hitFlop=5,Missing/Partial
BOLLY_2006_2170_kabul_express,Kabul Express,2006,12,Action,Comedy,No,Kabir Khan,John Abraham,Arshad Warsi,,7.1193,B,6.8237,C,,,hitFlop=2,Missing/Partial
BOLLY_2006_2171_khosla_s_nest,Khosla's Nest,2006,9,Comedy,Crime,No,Dibakar Banerjee,Anupam Kher,Boman Irani,,3.4477,D,2.863,D,,,hitFlop=4,Missing/Partial
BOLLY_2006_2172_the_killer,The Killer,2006,7,Action,Comedy,No,Hasnain Hyderabadwala | Raksha Mistry,Irrfan Khan,Emraan Hashmi,,2.9178,D,1.3466,D,,,hitFlop=2,Missing/Partial
BOLLY_2006_2173_krrish,Krrish,2006,6,Action,Adventure,Yes,Rakesh Roshan,Rekha,Hrithik Roshan,,5.1069,C,,,,,hitFlop=8,Missing/Partial
BOLLY_2006_2174_lage_raho_munna_bhai,Lage Raho Munna Bhai,2006,9,Comedy,Drama,Yes,Rajkumar Hirani,Sanjay Dutt,Arshad Warsi,,5.0026,C,10.0,A,,,hitFlop=8,Missing/Partial
BOLLY_2006_2175_malamaal_weekly,Malamaal Weekly,2006,3,Comedy,Drama,No,Priyadarshan,Paresh Rawal,Om Puri,,3.7967,D,3.8472,D,,,hitFlop=7,Missing/Partial
BOLLY_2006_2176_mere_jeevan_saathi,Mere Jeevan Saathi,2006,2,Music,Romance,No,Suneel Darshan,Akshay Kumar,Karisma Kapoor,,6.3805,C,1.706,D,,,hitFlop=1,Missing/Partial
BOLLY_2006_2177_mixed_doubles,Mixed Doubles,2006,2,Comedy,Drama,No,Rajat Kapoor,Konkona Sen Sharma,Ranvir Shorey,,2.9405,D,2.0954,D,,,hitFlop=2,Missing/Partial
BOLLY_2006_2178_naksha,Naksha,2006,9,Action,Adventure,No,Sachin Bajaj,Sunny Deol,Vivek Oberoi,,3.3809,D,,,,,hitFlop=1,Missing/Partial
BOLLY_2006_2179_omkara,Omkara,2006,7,Action,Crime,No,Vishal Bhardwaj,Ajay Devgn,Kareena Kapoor,,6.8713,C,3.6423,D,,,hitFlop=2,Missing/Partial
BOLLY_2006_2180_phir_hera_pheri,Phir Hera Pheri,2006,6,Comedy,Crime,Yes,Neeraj Vora,Akshay Kumar,Sunil Shetty,,6.3805,C,,,,,hitFlop=7,Missing/Partial
BOLLY_2006_2181_pyaar_ke_side_effects,Pyaar Ke Side Effects,2006,9,Comedy,Drama,No,Saket Chaudhary,Rahul Bose,Mallika Sherawat,,2.3217,D,,,,,hitFlop=3,Missing/Partial
BOLLY_2006_2182_pyare_mohan,Pyare Mohan,2006,4,Comedy,Drama,No,Indra Kumar | Kookie V. Gulati,Fardeen Khan,Vivek Oberoi,,2.8821,D,4.1206,D,,,hitFlop=2,Missing/Partial
BOLLY_2006_2183_rang_de_basanti,Rang De Basanti,2006,1,Drama,Crime,No,Rakeysh Omprakash Mehra,Aamir Khan,Siddharth,,10.0,A,4.5105,D,,,hitFlop=6,Missing/Partial
BOLLY_2006_2184_rocky,Rocky,2006,9,Action,Drama,No,Suresh Krishna,Zayed Khan,Isha Sharvani,,2.9243,D,,,,,hitFlop=1,Missing/Partial
BOLLY_2006_2185_saawan_the_love_season,Saawan... The Love Season,2006,4,Romance,,No,Saawan Kumar Tak,Salman Khan,Saloni Aswani,,9.2082,A,,,,,hitFlop=2,Missing/Partial
BOLLY_2006_2186_shaadi_karke_phas_gaya_yaar,Shaadi Karke Phas Gaya Yaar,2006,8,Romance,,No,K.S. Adiyaman,Salman Khan,Shilpa Shetty,,9.2082,A,,,,,hitFlop=1,Missing/Partial
BOLLY_2006_2187_shaadi_se_pehle,Shaadi Se Pehle,2006,4,Comedy,Musical,No,Satish Kaushik,Akshaye Khanna,Ayesha Takia,,3.3625,D,2.6808,D,,,hitFlop=2,Missing/Partial
BOLLY_2006_2188_shiva,Shiva,2006,9,Action,Crime,No,Ram Gopal Varma,Mohit Ahlawat,Priyanka Kothari,,,,3.7435,D,,,hitFlop=1,Missing/Partial
BOLLY_2006_2189_souten_the_other_woman,Souten: The Other Woman,2006,3,Thriller,,No,Karan Razdan,Mahima Chaudhry,Padmini Kolhapure,,2.2323,D,1.4335,D,,,hitFlop=1,Missing/Partial
BOLLY_2006_2190_tathastu,Tathastu,2006,,Drama,,No,Anubhav Sinha,Sanjay Dutt,Ameesha Patel,,5.0026,C,3.0566,D,,,hitFlop=1,Missing/Partial
BOLLY_2006_2191_taxi_no_9_2_11_nau_do_gyarah,Taxi No. 9 2 11: Nau Do Gyarah,2006,2,Comedy,Drama,No,Milan Luthria,Nana Patekar,John Abraham,,4.0525,D,3.6283,D,,,hitFlop=5,Missing/Partial
BOLLY_2006_2192_teesri_aankh_the_hidden_camera,Teesri Aankh: The Hidden Camera,2006,3,Action,Thriller,No,Harry Baweja,Sunny Deol,Ameesha Patel,,3.3809,D,1.6165,D,,,hitFlop=1,Missing/Partial
BOLLY_2006_2193_tom_dick_and_harry,"Tom, Dick, and Harry",2006,5,Comedy,Romance,No,Deepak Tijori,Rakesh Bedi,Bobby Darling,,2.0288,D,1.5883,D,,,hitFlop=4,Missing/Partial
BOLLY_2006_2194_umrao_jaan,Umrao Jaan,2006,11,Drama,Romance,No,J.P. Dutta,Aishwarya Rai Bachchan,Shabana Azmi,,6.0086,C,,,,,hitFlop=1,Missing/Partial
BOLLY_2006_2195_vivah,Vivah,2006,11,Drama,Family,No,Sooraj R. Barjatya,Shahid Kapoor,Amrita Rao,,5.7659,C,,,,,hitFlop=8,Missing/Partial
BOLLY_2006_2196_woh_lamhe,Woh Lamhe,2006,9,Biography,Drama,No,Mohit Suri,Kangana Ranaut,Shiney Ahuja,,4.3605,D,4.931,D,,,hitFlop=2,Missing/Partial
BOLLY_2006_2197_yun_hota_toh_kya_hota_what_if,Yun Hota Toh Kya Hota: What If...?,2006,7,Drama,,No,Naseeruddin Shah,Konkona Sen Sharma,Irrfan Khan,,2.9405,D,,,,,hitFlop=1,Missing/Partial
BOLLY_2006_2198_zinda,Zinda,2006,1,Action,Adventure,No,Sanjay Gupta,Sanjay Dutt,John Abraham,,5.0026,C,3.4703,D,,,hitFlop=2,Missing/Partial
BOLLY_2006_2199_zindaggi_rocks,Zindaggi Rocks,2006,10,Drama,Romance,No,Tanuja Chandra,Sushmita Sen,Shiney Ahuja,,3.1708,D,1.0907,D,,,hitFlop=1,Missing/Partial
BOLLY_2007_2200_aaja_nachle,Aaja Nachle,2007,11,Drama,Musical,No,Anil Mehta,Madhuri Dixit,Darshan Jariwala,,4.8334,D,,,,,hitFlop=2,Missing/Partial
BOLLY_2007_2201_aap_kaa_surroor_the_moviee_the_real_luv_story,Aap Kaa Surroor: The Moviee - The Real Luv Story,2007,6,Drama,Romance,No,Prashant Chadha,Himesh Reshammiya,Hansika Motwani,,1.5575,D,,,,,hitFlop=4,Missing/Partial
BOLLY_2007_2202_aggar_passion_betrayal_terror,Aggar: Passion Betrayal Terror,2007,9,Romance,Thriller,No,Anant Mahadevan,Tusshar Kapoor,Udita Goswami,,3.8353,D,1.8139,D,,,hitFlop=1,Missing/Partial
BOLLY_2007_2203_apne,Apne,2007,6,Drama,Sport,No,Anil Sharma,Dharmendra,Sunny Deol,,3.0997,D,5.7345,C,,,hitFlop=4,Missing/Partial
BOLLY_2007_2204_awarapan,Awarapan,2007,6,Action,Crime,No,Mohit Suri,Salil Acharya,Emraan Hashmi,,,,4.931,D,,,hitFlop=1,Missing/Partial
BOLLY_2007_2205_bheja_fry,Bheja Fry,2007,4,Comedy,Drama,No,Sagar Ballary,Vinay Pathak,Rajat Kapoor,,3.1247,D,2.74,D,,,hitFlop=6,Missing/Partial
BOLLY_2007_2206_bhool_bhulaiyaa,Bhool Bhulaiyaa,2007,10,Comedy,Horror,No,Priyadarshan,Akshay Kumar,Vidya Balan,,6.3805,C,3.8472,D,,,hitFlop=6,Missing/Partial
BOLLY_2007_2207_big_brother,Big Brother,2007,2,Action,Crime,No,Guddu Dhanoa,Sunny Deol,Priyanka Chopra,,3.3809,D,1.2825,D,,,hitFlop=1,Missing/Partial
BOLLY_2007_2208_buddha_mar_gaya,Buddha Mar Gaya,2007,8,Comedy,,No,Rahul Rawail,Mona Ambegaonkar,Jitender Bhargava,,,,1.4734,D,,,hitFlop=2,Missing/Partial
BOLLY_2007_2209_cash,Cash,2007,8,Action,Drama,No,Anubhav Sinha,Ajay Devgn,Sunil Shetty,,6.8713,C,3.0566,D,,,hitFlop=2,Missing/Partial
BOLLY_2007_2210_chain_kulii_ki_main_kulii,Chain Kulii Ki Main Kulii,2007,6,Comedy,Drama,No,Kittu Saluja,Anand Abhyankar,Parimal Aloke,,,,,,,,hitFlop=1,Missing/Partial
BOLLY_2007_2211_cheeni_kum,Cheeni Kum,2007,5,Comedy,Romance,No,R. Balki,Amitabh Bachchan,Tabu,,7.0113,B,,,,,hitFlop=5,Missing/Partial
BOLLY_2007_2212_delhii_heights,Delhii Heights,2007,3,Drama,Romance,No,R. Anand Kumar,Jimmy Shergill,Neha Dhupia,,2.7981,D,,,,,hitFlop=1,Missing/Partial
BOLLY_2007_2213_dhamaal,Dhamaal,2007,9,Comedy,Adventure,No,Indra Kumar,Sanjay Dutt,Ritesh Deshmukh,,5.0026,C,4.1206,D,,,hitFlop=5,Missing/Partial
BOLLY_2007_2214_dhan_dhana_dhan_goal,Dhan Dhana Dhan Goal,2007,11,Sport,Sport,No,Vivek Agnihotri,John Abraham,Arshad Warsi,,7.1193,B,,,,,hitFlop=2,Missing/Partial
BOLLY_2007_2215_dhokha,Dhokha,2007,8,Action,Drama,No,Pooja Bhatt,Muzammil Ibrahim,Tulip Joshi,,,,3.0934,D,,,hitFlop=1,Missing/Partial
BOLLY_2007_2216_dhol,Dhol,2007,9,Comedy,Crime,No,Priyadarshan,Sharman Joshi,Tusshar Kapoor,,3.6904,D,3.8472,D,,,hitFlop=4,Missing/Partial
BOLLY_2007_2217_dil_dosti_etc,Dil Dosti Etc,2007,9,Comedy,Crime,No,Manish Tiwary,Imaaduddin Shah,Shreyas Talpade,,,,,,,,hitFlop=2,Missing/Partial
BOLLY_2007_2218_dus_kahaniyaan,Dus Kahaniyaan,2007,12,Adventure,Crime,No,Jasmeet Dhodhi | Meghna Gulzar | Sanjay Gupta | Apoorva Lakhia | Hansal Mehta | Rohit Roy,Arbaaz Khan,Mandira Bedi,,2.5366,D,,,,,hitFlop=1,Missing/Partial
BOLLY_2007_2219_ek_chalis_ki_last_local,Ek Chalis Ki Last Local,2007,5,Adventure,Comedy,No,Sanjay M. Khanduri,Abhay Deol,Neha Dhupia,,2.5106,D,,,,,hitFlop=1,Missing/Partial
BOLLY_2007_2220_eklavya_the_royal_guard,Eklavya: The Royal Guard,2007,2,Action,Drama,No,Vidhu Vinod Chopra,Amitabh Bachchan,Saif Ali Khan,,7.0113,B,,,,,hitFlop=2,Missing/Partial
BOLLY_2007_2221_fool_n_final,Fool N Final,2007,6,Action,Comedy,No,Ahmed Khan,Shahid Kapoor,Ayesha Takia,,5.7659,C,,,,,hitFlop=2,Missing/Partial
BOLLY_2007_2222_gandhi_my_father,"Gandhi, My Father",2007,7,Biography,Drama,No,Feroz Abbas Khan,Akshaye Khanna,Darshan Jariwala,,3.3625,D,,,,,hitFlop=1,Missing/Partial
BOLLY_2007_2223_gauri_the_unborn,Gauri: The Unborn,2007,11,Drama,Horror,No,Aku Akbar,Mohan Azaad,Anupam Kher,,,,,,,,hitFlop=1,Missing/Partial
BOLLY_2007_2224_good_boy_bad_boy,"Good Boy, Bad Boy",2007,5,Comedy,Musical,No,Ashwini Chaudhary,Tusshar Kapoor,Emraan Hashmi,,3.8353,D,1.4475,D,,,hitFlop=2,Missing/Partial
BOLLY_2007_2225_guru,Guru,2007,1,Biography,Drama,No,Mani Ratnam,Mithun Chakraborty,Abhishek Bachchan,,2.4335,D,4.8812,D,,,hitFlop=6,Missing/Partial
BOLLY_2007_2226_hattrick,Hattrick,2007,3,Comedy,Drama,No,Milan Luthria,Nana Patekar,Danny Denzongpa,,4.0525,D,3.6283,D,,,hitFlop=2,Missing/Partial
BOLLY_2007_2227_heyy_babyy,Heyy Babyy,2007,8,Comedy,Drama,No,Sajid Khan,Akshay Kumar,Vidya Balan,,6.3805,C,6.9978,C,,,hitFlop=6,Missing/Partial
BOLLY_2007_2228_honeymoon_travels_pvt_ltd,Honeymoon Travels Pvt. Ltd.,2007,2,Comedy,Drama,No,Reema Kagti,Ranvir Shorey,Dia Mirza,,3.063,D,,,,,hitFlop=4,Missing/Partial
BOLLY_2007_2229_jab_we_met,Jab We Met,2007,10,Comedy,Romance,No,Imtiaz Ali,Shahid Kapoor,Kareena Kapoor,,5.7659,C,4.8838,D,,,hitFlop=6,Missing/Partial
BOLLY_2007_2230_jhoom_barabar_jhoom,Jhoom Barabar Jhoom,2007,6,Comedy,Drama,No,Shaad Ali,Abhishek Bachchan,Preity Zinta,,5.2079,C,5.2612,C,,,hitFlop=3,Missing/Partial
BOLLY_2007_2231_johnny_gaddaar,Johnny Gaddaar,2007,9,Crime,Drama,No,Sriram Raghavan,Dharmendra,Rimi Sen,,3.0997,D,1.8067,D,,,hitFlop=2,Missing/Partial
BOLLY_2007_2232_journey_bombay_to_goa_laughter_unlimited,Journey Bombay to Goa: Laughter Unlimited,2007,7,Comedy,Adventure,No,Raj Pendurkar,Sunil Pal,Raju Srivastava,,,,,,,,hitFlop=2,Missing/Partial
BOLLY_2007_2233_kaafila,Kaafila,2007,8,Action,,No,Ammtoje Mann,Sunny Deol,Ammtoje Mann,,3.3809,D,,,,,hitFlop=1,Missing/Partial
BOLLY_2007_2234_khoya_khoya_chand,Khoya Khoya Chand,2007,12,Drama,Romance,No,Sudhir Mishra,Shiney Ahuja,Soha Ali Khan,,2.8402,D,1.6302,D,,,hitFlop=1,Missing/Partial
BOLLY_2007_2235_kya_love_story_hai,Kya Love Story Hai,2007,4,Comedy,Drama,No,Lovely Singh,Tusshar Kapoor,Ayesha Takia,,3.8353,D,,,,,hitFlop=1,Missing/Partial
BOLLY_2007_2236_laaga_chunari_mein_daag_journey_of_a_woman,Laaga Chunari Mein Daag: Journey of a Woman,2007,10,Drama,Family,No,Pradeep Sarkar,Abhishek Bachchan,Rani Mukerji,,5.2079,C,2.2519,D,,,hitFlop=2,Missing/Partial
BOLLY_2007_2237_life_in_a_metro,Life in a Metro,2007,5,Comedy,Drama,No,Anurag Basu,Dharmendra,Irrfan Khan,,3.0997,D,5.1314,C,,,hitFlop=5,Missing/Partial
BOLLY_2007_2238_manorama_six_feet_under,Manorama Six Feet Under,2007,9,Crime,Drama,No,Navdeep Singh,Abhay Deol,Gul Panag,,2.5106,D,,,,,hitFlop=1,Missing/Partial
BOLLY_2007_2239_mp3_mera_pehla_pehla_pyaar,MP3: Mera Pehla Pehla Pyaar,2007,6,Drama,Romance,No,Robby Grewal,Menekka Arora,Sarthak Bhasin,,,,1.233,D,,,hitFlop=1,Missing/Partial
BOLLY_2007_2240_mumbai_salsa,Mumbai Salsa,2007,10,Comedy,Drama,No,Manoj Tyagi,Linda Arsenio,Shaurya Chauhan,,,,,,,,hitFlop=1,Missing/Partial
BOLLY_2007_2241_my_friend_ganesha,My Friend Ganesha,2007,7,Animation,,No,Rajiv S. Ruia,Arun Bakshi,Ahsaas Channa,,1.9253,D,1.1221,D,,,hitFlop=2,Missing/Partial
BOLLY_2007_2242_namastey_london,Namastey London,2007,3,Comedy,Drama,No,Vipul Amrutlal Shah,Akshay Kumar,Katrina Kaif,,6.3805,C,3.229,D,,,hitFlop=5,Missing/Partial
BOLLY_2007_2243_nanhe_jaisalmer_a_dream_come_true,Nanhe Jaisalmer: A Dream Come True,2007,9,Comedy,Drama,No,Samir Karnik,Dwij Yadav,Bobby Deol,,,,2.1674,D,,,hitFlop=1,Missing/Partial
BOLLY_2007_2244_naqaab,Naqaab,2007,7,Crime,Drama,No,Abbas Alibhai Burmawalla | Mastan Alibhai Burmawalla,Bobby Deol,Akshaye Khanna,,2.4272,D,3.6411,D,,,hitFlop=1,Missing/Partial
BOLLY_2007_2245_nehlle_pe_dehlla,Nehlle Pe Dehlla,2007,3,Comedy,Thriller,No,Ajay Chandhok,Saif Ali Khan,Bipasha Basu,,5.7211,C,1.0006,D,,,hitFlop=1,Missing/Partial
BOLLY_2007_2246_nishabd,Nishabd,2007,3,Drama,,No,Ram Gopal Varma,Amitabh Bachchan,Jiah Khan,,7.0113,B,3.7435,D,,,hitFlop=2,Missing/Partial
BOLLY_2007_2247_no_smoking,No Smoking,2007,10,Drama,Thriller,No,Anurag Kashyap,John Abraham,Ayesha Takia,,7.1193,B,3.0408,D,,,hitFlop=1,Missing/Partial
BOLLY_2007_2248_om_shanti_om,Om Shanti Om,2007,11,Action,Comedy,No,Farah Khan,Shah Rukh Khan,Arjun Rampal,,9.2267,A,8.7847,A,,,hitFlop=8,Missing/Partial
BOLLY_2007_2249_partner,Partner,2007,7,Comedy,Romance,No,David Dhawan,Salman Khan,Govinda,,9.2082,A,4.7408,D,,,hitFlop=7,Missing/Partial
BOLLY_2007_2250_ram_gopal_varma_s_indian_flames,Ram Gopal Varma's Indian Flames,2007,8,Action,Adventure,No,Ram Gopal Varma,Amitabh Bachchan,Mohanlal,,7.0113,B,3.7435,D,,,hitFlop=1,Missing/Partial
BOLLY_2007_2251_raqeeb,Raqeeb,2007,5,Crime,Drama,No,Anurag Singh,Rahul Khanna,Sharman Joshi,,,,,,,,hitFlop=1,Missing/Partial
BOLLY_2007_2252_red_the_dark_side,Red: The Dark Side,2007,3,Drama,Romance,No,Vikram Bhatt,Aftab Shivdasani,Celina Jaitly,,2.7284,D,2.9028,D,,,hitFlop=2,Missing/Partial
BOLLY_2007_2253_red_swastik,Red Swastik,2007,6,Crime,Drama,No,Vinod Pande,Sherlyn Chopra,Udayyan Raathore,,,,,,,,hitFlop=1,Missing/Partial
BOLLY_2007_2254_return_of_hanuman,Return of Hanuman,2007,12,Animation,Action,Yes,Anurag Kashyap,Kathleen Barr,Lillian Carlson,,,,3.0408,D,,,hitFlop=1,Missing/Partial
BOLLY_2007_2255_risk,Risk,2007,1,Action,Drama,No,Vishram Sawant,Vinod Khanna,Randeep Hooda,,4.0315,D,,,,,hitFlop=1,Missing/Partial
BOLLY_2007_2256_saawariya,Saawariya,2007,11,Drama,Musical,No,Sanjay Leela Bhansali,Ranbir Kapoor,Sonam Kapoor,,7.6986,B,4.922,D,,,hitFlop=1,Missing/Partial
BOLLY_2007_2257_salaam_e_ishq,Salaam-E-Ishq,2007,1,Comedy,Drama,No,Nikhil Advani,Salman Khan,Priyanka Chopra,,9.2082,A,2.3243,D,,,hitFlop=1,Missing/Partial
BOLLY_2007_2258_shootout_at_lokhandwala,Shootout at Lokhandwala,2007,5,Action,Crime,No,Apoorva Lakhia,Sanjay Dutt,Amitabh Bachchan,,5.0026,C,1.8339,D,,,hitFlop=5,Missing/Partial
BOLLY_2007_2259_speed,Speed,2007,10,Action,Drama,No,Vikram Bhatt,Urmila Matondkar,Sanjay Suri,,2.6966,D,2.9028,D,,,hitFlop=1,Missing/Partial
BOLLY_2007_2260_ta_ra_rum_pum,Ta Ra Rum Pum,2007,4,Comedy,Family,No,Siddharth Anand,Saif Ali Khan,Rani Mukerji,,5.7211,C,5.6148,C,,,hitFlop=5,Missing/Partial
BOLLY_2007_2261_taare_zameen_par,Taare Zameen Par,2007,12,Drama,Family,No,Aamir Khan | Amole Gupte,Darsheel Safary,Aamir Khan,,,,,,,,hitFlop=7,Missing/Partial
BOLLY_2007_2262_traffic_signal,Traffic Signal,2007,2,Drama,,No,Madhur Bhandarkar,Kunal Khemu,Neetu Chandra,,3.1566,D,3.2787,D,,,hitFlop=4,Missing/Partial
BOLLY_2007_2263_the_train_some_lines_shoulder_never_be_crossed,The Train: Some Lines Shoulder Never Be Crossed...,2007,,Thriller,,No,Hasnain Hyderabadwala | Raksha Mistry,Emraan Hashmi,Geeta Basra,,4.721,D,1.3466,D,,,hitFlop=2,Missing/Partial
BOLLY_2007_2264_victoria_no_203_diamonds_are_forever,Victoria No. 203: Diamonds Are Forever,2007,8,Comedy,Crime,No,Anant Mahadevan,Anupam Kher,Om Puri,,3.4477,D,1.8139,D,,,hitFlop=1,Missing/Partial
BOLLY_2007_2265_welcome,Welcome,2007,12,Comedy,Crime,No,Anees Bazmee,Akshay Kumar,Nana Patekar,,6.3805,C,5.6076,C,,,hitFlop=7,Missing/Partial
BOLLY_2008_2266_1920,1920,2008,9,Drama,Horror,No,Vikram Bhatt,Rajneesh Duggal,Adah Sharma,,,,2.9028,D,,,hitFlop=4,Missing/Partial
BOLLY_2008_2267_26th_july_at_barista,26th July at Barista,2008,3,Drama,,No,Mohan Sharma,Ajita,Himani Chawla,,,,,,,,hitFlop=1,Missing/Partial
BOLLY_2008_2268_aamir,Aamir,2008,6,Drama,Thriller,No,Raj Kumar Gupta,Rajeev Khandelwal,Aishwarya,,1.5575,D,4.6076,D,,,hitFlop=2,Missing/Partial
BOLLY_2008_2269_anamika_the_untold_story,Anamika: The Untold Story,2008,5,Drama,Romance,No,Anant Mahadevan,Dino Morea,Minissha Lamba,,2.098,D,1.8139,D,,,hitFlop=1,Missing/Partial
BOLLY_2008_2270_bachna_ae_haseeno,Bachna Ae Haseeno,2008,8,Comedy,Drama,No,Siddharth Anand,Ranbir Kapoor,Bipasha Basu,,7.6986,B,5.6148,C,,,hitFlop=5,Missing/Partial
BOLLY_2008_2271_bhoothnath,Bhoothnath,2008,5,Comedy,Drama,No,Vivek Sharma,Amitabh Bachchan,Juhi Chawla,,7.0113,B,,,,,hitFlop=4,Missing/Partial
BOLLY_2008_2272_bhram_an_illusion,Bhram: An Illusion,2008,4,Drama,Mystery,No,Pavan Kaul,Dino Morea,Milind Soman,,2.098,D,,,,,hitFlop=1,Missing/Partial
BOLLY_2008_2273_bombay_to_bangkok,Bombay to Bangkok,2008,1,Comedy,Drama,No,Nagesh Kukunoor,Shreyas Talpade,Lena Christensen,,2.8077,D,1.4685,D,,,hitFlop=1,Missing/Partial
BOLLY_2008_2274_c_kkompany,C Kkompany,2008,8,Comedy,Drama,No,Sachin Yardi,Tusshar Kapoor,Anupam Kher,,3.8353,D,,,,,hitFlop=1,Missing/Partial
BOLLY_2008_2275_chamku,Chamku,2008,8,Action,Crime,No,Kabeer Kaushik,Bobby Deol,Priyanka Chopra,,2.4272,D,1.2309,D,,,hitFlop=1,Missing/Partial
BOLLY_2008_2276_chanchal,Chanchal,2008,,Drama,Musical,No,Indrajit Singh,Armaan Shahabi,Gracy Singh,,,,,,,,hitFlop=1,Missing/Partial
BOLLY_2008_2277_cheenti_cheenti_bang_bang,Cheenti Cheenti Bang Bang,2008,10,Animation,Family,No,R.D. Mallik,Asrani,Mahesh Manjrekar,,2.3135,D,,,,,hitFlop=1,Missing/Partial
BOLLY_2008_2278_contract,Contract,2008,7,Action,Crime,No,Ram Gopal Varma,David Bueno,Vibha Cheebur,,,,3.7435,D,,,hitFlop=2,Missing/Partial
BOLLY_2008_2279_dasvidaniya,Dasvidaniya,2008,11,Comedy,Drama,No,Shashant Shah,Vinay Pathak,Sarita Joshi,,3.1247,D,1.6956,D,,,hitFlop=1,Missing/Partial
BOLLY_2008_2280_de_taali,De Taali,2008,6,Comedy,Drama,No,Eeshwar Nivas,Aftab Shivdasani,Ayesha Takia,,2.7284,D,1.3951,D,,,hitFlop=2,Missing/Partial
BOLLY_2008_2281_dhara,Dhara,2008,2,Drama,Romance,No,Masud Mirza,Sudhanshu Pandey,Hrishitaa Bhatt,,,,,,,,hitFlop=1,Missing/Partial
BOLLY_2008_2282_dhoom_dadakka,Dhoom Dadakka,2008,5,Comedy,Crime,No,Shashi Ranjan,Jackie Shroff,Anupam Kher,,2.6163,D,,,,,hitFlop=1,Missing/Partial
BOLLY_2008_2283_dil_kabaddi,Dil Kabaddi,2008,12,Comedy,Drama,No,Anil Senior,Irrfan Khan,Rahul Bose,,2.9178,D,,,,,hitFlop=2,Missing/Partial
BOLLY_2008_2284_don_muthu_swami,Don Muthu Swami,2008,5,Comedy,Drama,No,Ashim S. Samanta,Mithun Chakraborty,Ali Asghar,,2.4335,D,,,,,hitFlop=1,Missing/Partial
BOLLY_2008_2285_dostana,Dostana,2008,11,Comedy,Drama,No,Tarun Mansukhani,Abhishek Bachchan,John Abraham,,5.2079,C,,,,,hitFlop=4,Missing/Partial
BOLLY_2008_2286_drona,Drona,2008,10,Action,Adventure,No,Goldie Behl,Jayshree Arora,Veer Arya,,,,,,,,hitFlop=1,Missing/Partial
BOLLY_2008_2287_ek_vivaah_aisa_bhi,Ek Vivaah... Aisa Bhi,2008,11,Drama,Romance,No,Kaushik Ghatak,Isha Koppikar,Sonu Sood,,3.0271,D,,,,,hitFlop=2,Missing/Partial
BOLLY_2008_2288_emi_liya_hai_to_chukana_padega,EMI: Liya Hai To Chukana Padega,2008,11,Comedy,Crime,No,Saurabh Kabra,Malaika Arora,Arun Bakshi,,,,,,,,hitFlop=1,Missing/Partial
BOLLY_2008_2289_fashion,Fashion,2008,10,Drama,Romance,No,Madhur Bhandarkar,Priyanka Chopra,Kangana Ranaut,,8.1369,B,3.2787,D,,,hitFlop=4,Missing/Partial
BOLLY_2008_2290_ghajini,Ghajini,2008,12,Action,Drama,No,A.R. Murugadoss,Aamir Khan,Asin,,10.0,A,,,,,hitFlop=8,Missing/Partial
BOLLY_2008_2291_god_tussi_great_ho,God Tussi Great Ho,2008,8,Comedy,Drama,No,Rumi Jaffery,Amitabh Bachchan,Salman Khan,,7.0113,B,,,,,hitFlop=2,Missing/Partial
BOLLY_2008_2292_the_golden_boys,The Golden Boys,2008,11,Comedy,Romance,No,Daniel Adams,David Carradine,Rip Torn,,,,,,,,hitFlop=1,Missing/Partial
BOLLY_2008_2293_golmaal_returns,Golmaal Returns,2008,10,Comedy,Crime,Yes,Rohit Shetty,Amrita Arora,Leigh Barwell,,2.7542,D,6.8376,C,,,hitFlop=6,Missing/Partial
BOLLY_2008_2294_good_luck,Good Luck!,2008,8,Comedy,Drama,No,Aditya Datt,Aryeman Ramsay,Sayali Bhagat,,,,1.7076,D,,,hitFlop=1,Missing/Partial
BOLLY_2008_2295_gumnaam_the_mystery,Gumnaam: The Mystery,2008,12,Crime,Mystery,No,Neeraj Pathak,Dino Morea,Mahima Chaudhry,,2.098,D,,,,,hitFlop=1,Missing/Partial
BOLLY_2008_2296_haal_e_dil,Haal-e-Dil,2008,6,Drama,Romance,No,Anil Devgan,Amita Pathak,Nakuul Mehta,,,,,,,,hitFlop=1,Missing/Partial
BOLLY_2008_2297_halla_bol,Halla Bol,2008,1,Action,Crime,No,Rajkumar Santoshi,Ajay Devgn,Vidya Balan,,6.8713,C,2.744,D,,,hitFlop=2,Missing/Partial
BOLLY_2008_2298_hari_puttar_a_comedy_of_terrors,Hari Puttar: A Comedy of Terrors,2008,9,Comedy,Drama,No,Rajesh Bajaj | Lucky Kohli,Jackie Shroff,Sarika,,2.6163,D,,,,,hitFlop=1,Missing/Partial
BOLLY_2008_2299_hastey_hastey_follow_your_heart,Hastey Hastey Follow Your Heart,2008,5,Comedy,Drama,No,Ramanjit Juneja | Tony,Jimmy Shergill,Rajpal Yadav,,2.7981,D,,,,,hitFlop=1,Missing/Partial
BOLLY_2008_2300_hello,Hello,2008,10,Drama,Romance,No,Atul Agnihotri,Bharati Achrekar,Amrita Arora,,1.5575,D,,,,,hitFlop=2,Missing/Partial
BOLLY_2008_2301_heroes,Heroes,2008,10,Action,Adventure,No,Samir Karnik,Sohail Khan,Vatsal Seth,,3.2917,D,2.1674,D,,,hitFlop=2,Missing/Partial
BOLLY_2008_2302_hijack,Hijack,2008,9,Action,Drama,No,Kunal Shivdasani,Shiney Ahuja,Mona Ambegaonkar,,2.8402,D,,,,,hitFlop=1,Missing/Partial
BOLLY_2008_2303_hulla,Hulla,2008,9,Comedy,Drama,No,Jaideep Varma,Sushant Singh,Kartika Rane,,2.6322,D,,,,,hitFlop=1,Missing/Partial
BOLLY_2008_2304_jaane_tu_ya_jaane_na,Jaane Tu... Ya Jaane Na,2008,7,Comedy,Drama,No,Abbas Tyrewala,Imran Khan,Genelia D'Souza,,5.112,C,,,,,hitFlop=7,Missing/Partial
BOLLY_2008_2305_jannat_in_search_of_heaven,Jannat: In Search of Heaven...,2008,5,Crime,Drama,No,Kunal Deshmukh,Emraan Hashmi,Sonal Chauhan,,4.721,D,4.1021,D,,,hitFlop=7,Missing/Partial
BOLLY_2008_2306_jimmy,Jimmy,2008,5,Action,Crime,No,Raj N. Sippy,Mimoh Chakraborty,Rati Agnihotri,,2.1151,D,1.0402,D,,,hitFlop=1,Missing/Partial
BOLLY_2008_2307_jodhaa_akbar,Jodhaa Akbar,2008,2,Action,Adventure,No,Ashutosh Gowariker,Hrithik Roshan,Aishwarya Rai Bachchan,,8.2519,B,3.7481,D,,,hitFlop=5,Missing/Partial
BOLLY_2008_2308_jumbo,Jumbo,2008,12,Animation,Family,No,Kompin Kemgumnird,Akshay Kumar,Lara Dutta,,6.3805,C,,,,,hitFlop=1,Missing/Partial
BOLLY_2008_2309_kahaani_gudiya_ki_true_story_of_a_woman,Kahaani Gudiya Ki...: True Story of a Woman,2008,4,Drama,,No,Prabhakar Shukla,Divya Dutta,Arif Zakaria,,2.3769,D,,,,,hitFlop=1,Missing/Partial
BOLLY_2008_2310_karzzzz,Karzzzz,2008,10,Action,Drama,No,Satish Kaushik,Himesh Reshammiya,Urmila Matondkar,,1.5575,D,2.6808,D,,,hitFlop=1,Missing/Partial
BOLLY_2008_2311_khushboo_the_fragraance_of_love,Khushboo: The Fragraance of Love,2008,6,Comedy,Drama,No,Rajesh Ram Singh,Rishi Rehan,Avantika,,,,,,,,hitFlop=1,Missing/Partial
BOLLY_2008_2312_kidnap,Kidnap,2008,10,Crime,Drama,No,Sanjay Gadhvi,Sanjay Dutt,Imran Khan,,5.0026,C,4.3755,D,,,hitFlop=2,Missing/Partial
BOLLY_2008_2313_kismat_konnection,Kismat Konnection,2008,7,Comedy,Drama,No,Aziz Mirza,Shahid Kapoor,Vidya Balan,,5.7659,C,,,,,hitFlop=2,Missing/Partial
BOLLY_2008_2314_krazzy_4,Krazzy 4,2008,4,Action,Comedy,No,Jaideep Sen,Juhi Chawla,Irrfan Khan,,3.1388,D,,,,,hitFlop=4,Missing/Partial
BOLLY_2008_2315_love_story_2050,Love Story 2050,2008,7,Action,Adventure,No,Harry Baweja,Harman Baweja,Priyanka Chopra,,1.0,D,1.6165,D,,,hitFlop=1,Missing/Partial
BOLLY_2008_2316_maan_gaye_mughall_e_azam,Maan Gaye Mughall-E-Azam,2008,8,Comedy,Crime,No,Sanjay Chhel,Mallika Sherawat,Rahul Bose,,4.0848,D,,,,,hitFlop=1,Missing/Partial
BOLLY_2008_2317_maharathi,Maharathi,2008,12,Crime,Drama,No,Shivam Nair,Naseeruddin Shah,Om Puri,,3.7695,D,,,,,hitFlop=1,Missing/Partial
BOLLY_2008_2318_meerabai_not_out,Meerabai Not Out,2008,12,Comedy,Drama,No,Chandrakant Kulkarni,Anupam Kher,Mahesh Manjrekar,,3.4477,D,,,,,hitFlop=1,Missing/Partial
BOLLY_2008_2319_mehbooba,Mehbooba,2008,7,Drama,Romance,No,Tabrez Hashmi | Afzal Khan,Sanjay Dutt,Manisha Koirala,,5.0026,C,,,,,hitFlop=1,Missing/Partial
BOLLY_2008_2320_mere_baap_pehle_aap,Mere Baap Pehle Aap,2008,6,Comedy,Drama,No,Priyadarshan,Paresh Rawal,Akshaye Khanna,,3.7967,D,3.8472,D,,,hitFlop=3,Missing/Partial
BOLLY_2008_2321_mission_istaanbul_darr_ke_aagey_jeet_hai,Mission Istaanbul: Darr Ke Aagey Jeet Hai!,2008,7,Action,Adventure,No,Apoorva Lakhia,Vivek Oberoi,Zayed Khan,,3.486,D,1.8339,D,,,hitFlop=1,Missing/Partial
BOLLY_2008_2322_mithya,Mithya,2008,2,Comedy,Crime,No,Rajat Kapoor,Ranvir Shorey,Neha Dhupia,,3.063,D,2.0954,D,,,hitFlop=3,Missing/Partial
BOLLY_2008_2323_money_hai_toh_honey_hai,Money Hai Toh Honey Hai,2008,7,Comedy,Drama,No,Ganesh Acharya,Govinda,Manoj Bajpayee,,4.7856,D,,,,,hitFlop=1,Missing/Partial
BOLLY_2008_2324_mr_white_mr_black,Mr. White Mr. Black,2008,5,Action,Comedy,No,Deepak S. Shivdasani,Sunil Shetty,Arshad Warsi,,3.3073,D,2.6377,D,,,hitFlop=1,Missing/Partial
BOLLY_2008_2325_mukhbiir,Mukhbiir,2008,8,Crime,Drama,No,Mani Shankar,Sammir Dattani,Rahul Dev,,,,2.3406,D,,,hitFlop=1,Missing/Partial
BOLLY_2008_2326_mumbai_meri_jaan,Mumbai Meri Jaan,2008,8,Drama,,No,Nishikant Kamat,Paresh Rawal,Kay Kay Menon,,3.7967,D,,,,,hitFlop=2,Missing/Partial
BOLLY_2008_2327_my_friend_ganesha_2,My Friend Ganesha 2,2008,8,Animation,Family,Yes,Rajiv S. Ruia,Harsh Chhaya,Kurush Deboo,,,,1.1221,D,,,hitFlop=1,Missing/Partial
BOLLY_2008_2328_my_name_is_anthony_gonsalves,My Name Is Anthony Gonsalves,2008,1,Action,Comedy,No,Eeshwar Nivas,Nikhil Dwivedi,Amrita Rao,,,,1.3951,D,,,hitFlop=1,Missing/Partial
BOLLY_2008_2329_one_two_three,One Two Three,2008,3,Action,Comedy,No,Ashwani Dhir,Neetu Chandra,Esha Deol,,2.5075,D,4.7058,D,,,hitFlop=4,Missing/Partial
BOLLY_2008_2330_oye_lucky_lucky_oye,Oye Lucky! Lucky Oye!,2008,11,Comedy,Crime,No,Dibakar Banerjee,Abhay Deol,Paresh Rawal,,2.5106,D,2.863,D,,,hitFlop=2,Missing/Partial
BOLLY_2008_2331_pehli_nazar_ka_pyaar,Pehli Nazar Ka Pyaar,2008,11,Romance,,No,Arshad Khan | Arshad Khan,Vikas Anand,Sweety Chhabra,,1.0,D,2.1402,D,,,hitFlop=1,Missing/Partial
BOLLY_2008_2332_phir_kabhi,Phir Kabhi,2008,,Drama,Romance,No,V.K. Prakash,Mithun Chakraborty,Dimple Kapadia,,2.4335,D,,,,,hitFlop=1,Missing/Partial
BOLLY_2008_2333_phoonk,Phoonk,2008,8,Drama,Horror,No,Ram Gopal Varma,Sudeep,Amruta Khanvilkar,,,,3.7435,D,,,hitFlop=6,Missing/Partial
BOLLY_2008_2334_pranali_the_tradition,Pranali: The Tradition,2008,5,Crime,Drama,No,Hridesh Kamble,Nargis Bagheri,Upendra Limaye,,,,,,,,hitFlop=1,Missing/Partial
BOLLY_2008_2335_rab_ne_bana_di_jodi,Rab Ne Bana Di Jodi,2008,12,Comedy,Drama,No,Aditya Chopra,Shah Rukh Khan,Vinay Pathak,,9.2267,A,,,,,hitFlop=8,Missing/Partial
BOLLY_2008_2336_race,Race,2008,3,Action,Crime,No,Abbas Alibhai Burmawalla | Mastan Alibhai Burmawalla,Saif Ali Khan,Akshaye Khanna,,5.7211,C,3.6411,D,,,hitFlop=6,Missing/Partial
BOLLY_2008_2337_rafoo_chakkar_fun_on_the_run,Rafoo Chakkar: Fun on the Run,2008,9,Comedy,Crime,No,B.H. Tharun Kumar,Sadashiv Amrapurkar,Tinnu Anand,,1.7491,D,,,,,hitFlop=1,Missing/Partial
BOLLY_2008_2338_rama_rama_kya_hai_dramaaa,Rama Rama Kya Hai Dramaaa,2008,2,Comedy,Drama,No,Chandrakant Singh,Neha Dhupia,Amrita Arora,,2.9213,D,,,,,hitFlop=1,Missing/Partial
BOLLY_2008_2339_roadside_romeo,Roadside Romeo,2008,10,Animation,Comedy,No,Jugal Hansraj,Saif Ali Khan,Kareena Kapoor,,5.7211,C,,,,,hitFlop=1,Missing/Partial
BOLLY_2008_2340_rock_on,Rock On!!,2008,8,Drama,Music,No,Abhishek Kapoor,Arjun Rampal,Farhan Akhtar,,3.8011,D,4.0376,D,,,hitFlop=4,Missing/Partial
BOLLY_2008_2341_ru_ba_ru,Ru-Ba-Ru,2008,9,Drama,Romance,No,Arjun Bali,Rati Agnihotri,Shahana Goswami,,2.0101,D,,,,,hitFlop=1,Missing/Partial
BOLLY_2008_2342_saas_bahu_aur_sensex,Saas Bahu Aur Sensex,2008,9,Comedy,Drama,No,Shona Urvashi,Kiron Kher,Farooq Shaikh,,4.1138,D,,,,,hitFlop=1,Missing/Partial
BOLLY_2008_2343_sarkar_raj,Sarkar Raj,2008,6,Action,Crime,Yes,Ram Gopal Varma,Amitabh Bachchan,Abhishek Bachchan,,7.0113,B,3.7435,D,,,hitFlop=3,Missing/Partial
BOLLY_2008_2344_shaurya_it_takes_courage_to_make_right_right,Shaurya: It Takes Courage to Make Right... Right,2008,4,Crime,Drama,No,Samar Khan,Rahul Bose,Javed Jaffrey,,2.3217,D,,,,,hitFlop=2,Missing/Partial
BOLLY_2008_2345_singh_is_kinng,Singh Is Kinng,2008,8,Action,Comedy,No,Anees Bazmee,Akshay Kumar,Katrina Kaif,,6.3805,C,5.6076,C,,,hitFlop=7,Missing/Partial
BOLLY_2008_2346_sirf_life_looks_greener_on_the_other_side,Sirf....: Life Looks Greener on the Other Side,2008,4,Drama,,No,Rajatesh Nayyar,Kay Kay Menon,Manisha Koirala,,2.6256,D,,,,,hitFlop=1,Missing/Partial
BOLLY_2008_2347_sorry_bhai,Sorry Bhai!,2008,11,Comedy,Drama,No,Onir,Shabana Azmi,Boman Irani,,1.0,D,,,,,hitFlop=1,Missing/Partial
BOLLY_2008_2348_summer_2007,Summer 2007,2008,6,Crime,Drama,No,Sohail Tatari,Ahraz Ahmed,Punit Aneja,,,,,,,,hitFlop=1,Missing/Partial
BOLLY_2008_2349_sunday,Sunday,2008,1,Action,Comedy,No,Rohit Shetty,Ajay Devgn,Ayesha Takia,,6.8713,C,6.8376,C,,,hitFlop=2,Missing/Partial
BOLLY_2008_2350_superstar,Superstar,2008,2,Drama,Romance,No,Rohit Jugraj,Kunal Khemu,Tulip Joshi,,3.1566,D,,,,,hitFlop=1,Missing/Partial
BOLLY_2008_2351_tashan,Tashan,2008,4,Action,Comedy,No,Vijay Krishna Acharya,Akshay Kumar,Saif Ali Khan,,6.3805,C,,,,,hitFlop=3,Missing/Partial
BOLLY_2008_2352_thoda_pyaar_thoda_magic,Thoda Pyaar Thoda Magic,2008,6,Comedy,Drama,No,Kunal Kohli,Rishi Kapoor,Saif Ali Khan,,4.4084,D,4.0747,D,,,hitFlop=2,Missing/Partial
BOLLY_2008_2353_thodi_life_thoda_magic,Thodi Life Thoda Magic,2008,6,Drama,,No,Aanand Rai,Saahil Chadha,Arbaaz Khan,,,,4.7285,D,,,hitFlop=1,Missing/Partial
BOLLY_2008_2354_tulsi_mathrudevobhava,Tulsi: Mathrudevobhava,2008,1,Drama,,No,Ajay Kumar,Manisha Koirala,Irrfan Khan,,2.7949,D,,,,,hitFlop=1,Missing/Partial
BOLLY_2008_2355_u_me_aur_hum,U Me Aur Hum,2008,4,Comedy,Drama,No,Ajay Devgn,Ajay Devgn,Kajol,,6.8713,C,,,,,hitFlop=2,Missing/Partial
BOLLY_2008_2356_ugly_aur_pagli,Ugly Aur Pagli,2008,8,Comedy,Drama,No,Sachin Kamlakar Khot,Mallika Sherawat,Ranvir Shorey,,4.0848,D,,,,,hitFlop=2,Missing/Partial
BOLLY_2008_2357_via_darjeeling,Via Darjeeling,2008,6,Drama,Mystery,No,Arindam Nandy,Kay Kay Menon,Sonali Kulkarni,,2.6256,D,,,,,hitFlop=1,Missing/Partial
BOLLY_2008_2358_wafaa,Wafaa,2008,12,Drama,Mystery,No,Rakesh Sawant,Rajesh Khanna,Shahib Chopra,,1.1394,D,,,,,hitFlop=1,Missing/Partial
BOLLY_2008_2359_a_wednesday,A Wednesday,2008,9,Drama,Thriller,No,Neeraj Pandey,Anupam Kher,Naseeruddin Shah,,3.4477,D,,,,,hitFlop=6,Missing/Partial
BOLLY_2008_2360_welcome_to_sajjanpur,Welcome to Sajjanpur,2008,9,Comedy,Drama,No,Shyam Benegal,Shreyas Talpade,Amrita Rao,,2.8077,D,,,,,hitFlop=4,Missing/Partial
BOLLY_2008_2361_woodstock_villa,Woodstock Villa,2008,5,Drama,Mystery,No,Hansal Mehta,Sikander Kher,Neha Uberoi,,,,1.4466,D,,,hitFlop=2,Missing/Partial
BOLLY_2008_2362_yaar_meri_zindagi,Yaar Meri Zindagi,2008,4,Drama,Family,No,Ashok Gupta | Mukul Dutt,Amitabh Bachchan,Shatrughan Sinha,,7.0113,B,,,,,hitFlop=1,Missing/Partial
BOLLY_2008_2363_yuvvraaj,Yuvvraaj,2008,11,Comedy,Drama,No,Subhash Ghai,Salman Khan,Anil Kapoor,,9.2082,A,1.3105,D,,,hitFlop=1,Missing/Partial
BOLLY_2009_2364_13b_fear_has_a_new_address,13B: Fear Has a New Address,2009,3,Drama,Horror,No,Vikram K. Kumar,Madhavan,Neetu Chandra,,5.0561,C,,,,,hitFlop=2,Missing/Partial
BOLLY_2009_2365_3_idiots,3 Idiots,2009,12,Comedy,Drama,No,Rajkumar Hirani,Aamir Khan,Kareena Kapoor,,10.0,A,10.0,A,55.0,460.0,hitFlop=9,Medium
BOLLY_2009_2366_3_nights_4_days,3 Nights 4 Days,2009,10,Romance,,No,Devang Dholakia,Hrishitaa Bhatt,Anuj Sawhney,,1.7607,D,,,,,hitFlop=1,Missing/Partial
BOLLY_2009_2367_8_x_10_tasveer,8 x 10 Tasveer,2009,4,Crime,Drama,No,Nagesh Kukunoor,Akshay Kumar,Ayesha Takia,,6.3805,C,1.4685,D,,,hitFlop=1,Missing/Partial
BOLLY_2009_2368_99,99,2009,5,Comedy,Crime,No,Krishna D.K. | Raj Nidimoru,Kunal Khemu,Boman Irani,,3.1566,D,2.993,D,,,hitFlop=4,Missing/Partial
BOLLY_2009_2369_aa_dekhen_zara,Aa Dekhen Zara,2009,3,Action,Crime,No,Jehangir Surti,Neil Nitin Mukesh,Bipasha Basu,,2.7445,D,,,,,hitFlop=1,Missing/Partial
BOLLY_2009_2370_aagey_se_right,Aagey Se Right,2009,9,Comedy,Crime,No,Indrajit Nattooji,Shreyas Talpade,Bharati Achrekar,,2.8077,D,,,,,hitFlop=2,Missing/Partial
BOLLY_2009_2371_aamras_the_sweet_taste_of_friendship,Aamras: The Sweet Taste of Friendship,2009,9,Drama,,No,Rupali Guha,Vega Tamotia,Ntasha Bhardwaj,,,,,,,,hitFlop=1,Missing/Partial
BOLLY_2009_2372_aao_wish_karein,Aao Wish Karein,2009,11,Comedy,Drama,No,Glen Barreto,Aftab Shivdasani,Aamna Shariff,,2.7284,D,,,,,hitFlop=1,Missing/Partial
BOLLY_2009_2373_aasma_the_sky_is_the_limit,Aasma: The Sky Is the Limit,2009,1,Drama,,No,Rohit Nayyar,Hrishitaa Bhatt,Seema Biswas,,1.7607,D,,,,,hitFlop=1,Missing/Partial
BOLLY_2009_2374_acid_factory,Acid Factory,2009,10,Action,Crime,No,Suparn Verma,Fardeen Khan,Dia Mirza,,2.8821,D,1.4658,D,,,hitFlop=1,Missing/Partial
BOLLY_2009_2375_agyaat_the_unknown,Agyaat: The Unknown,2009,8,Drama,Horror,No,Ram Gopal Varma,Nitin,Priyanka Kothari,,,,3.7435,D,,,hitFlop=2,Missing/Partial
BOLLY_2009_2376_ajab_prem_ki_ghazab_kahani,Ajab Prem Ki Ghazab Kahani,2009,11,Comedy,Romance,No,Rajkumar Santoshi,Katrina Kaif,Ranbir Kapoor,,8.9485,A,2.744,D,,,hitFlop=7,Missing/Partial
BOLLY_2009_2377_aladin,Aladin,2009,10,Action,Adventure,No,Sujoy Ghosh,Shubhankar Atre,Amitabh Bachchan,,,,2.6445,D,,,hitFlop=1,Missing/Partial
BOLLY_2009_2378_all_the_best_fun_begins,All the Best: Fun Begins,2009,10,Action,Comedy,No,Rohit Shetty,Sanjay Dutt,Ajay Devgn,,5.0026,C,6.8376,C,,,hitFlop=4,Missing/Partial
BOLLY_2009_2379_aloo_chaat,Aloo Chaat,2009,3,Comedy,Drama,No,Robby Grewal,Aftab Shivdasani,Aamna Shariff,,2.7284,D,1.233,D,,,hitFlop=2,Missing/Partial
BOLLY_2009_2380_anubhav_an_actor_s_tale,Anubhav: An Actor's Tale,2009,6,Drama,Romance,No,Rajeev Nath,Jackie Shroff,Sanjay Suri,,2.6163,D,,,,,hitFlop=1,Missing/Partial
BOLLY_2009_2381_aseema_beyond_boundaries,Aseema: Beyond Boundaries,2009,12,Drama,Romance,No,Sisir Misra,Gracy Singh,Asseem Merchant,,3.1688,D,,,,,hitFlop=1,Missing/Partial
BOLLY_2009_2382_baabarr,Baabarr,2009,9,Action,Crime,No,Ashu Trikha,Mithun Chakraborty,Om Puri,,2.4335,D,1.1186,D,,,hitFlop=1,Missing/Partial
BOLLY_2009_2383_bachelor_party,Bachelor Party,2009,9,Comedy,Drama,No,Ishaan Trivedi,Jimmy Shergill,Arbaaz Khan,,2.7981,D,,,,,hitFlop=1,Missing/Partial
BOLLY_2009_2384_bad_luck_govind,Bad Luck Govind,2009,1,Comedy,Crime,No,Varun Khanna,Gaurav Kapoor,Hrishitaa Bhatt,,,,,,,,hitFlop=1,Missing/Partial
BOLLY_2009_2385_barah_aana,Barah Aana,2009,10,Comedy,Crime,No,Raja Menon,Naseeruddin Shah,Vijay Raaz,,3.7695,D,,,,,hitFlop=1,Missing/Partial
BOLLY_2009_2386_billu,Billu,2009,2,Comedy,Drama,No,Priyadarshan,Irrfan Khan,Shah Rukh Khan,,2.9178,D,3.8472,D,,,hitFlop=2,Missing/Partial
BOLLY_2009_2387_blue,Blue,2009,10,Action,Adventure,No,Anthony D'Souza,Akshay Kumar,Sanjay Dutt,,6.3805,C,,,,,hitFlop=2,Missing/Partial
BOLLY_2009_2388_blue_oranges,Blue Oranges,2009,9,Mystery,,No,Rajesh Ganguly,Rajit Kapoor,Aham Sharma,,1.5913,D,,,,,hitFlop=1,Missing/Partial
BOLLY_2009_2389_chal_chala_chal,Chal Chala Chal,2009,2,Action,Comedy,No,Rajeev Kumar,Asrani,Asif Basra,,2.3135,D,,,,,hitFlop=1,Missing/Partial
BOLLY_2009_2390_chal_chalein,Chal Chalein,2009,8,Drama,,No,Ujjwal Singh,Javed Abedi,Anand Abhyankar,,,,,,,,hitFlop=1,Missing/Partial
BOLLY_2009_2391_chandni_chowk_to_china,Chandni Chowk to China,2009,1,Action,Adventure,No,Nikhil Advani,Akshay Kumar,Deepika Padukone,,6.3805,C,2.3243,D,,,hitFlop=1,Missing/Partial
BOLLY_2009_2392_daddy_cool_join_the_fun,Daddy Cool: Join the Fun,2009,8,Comedy,Drama,No,K. Muralimohana Rao,Sunil Shetty,Aarti Chhabria,,3.3073,D,,,,,hitFlop=2,Missing/Partial
BOLLY_2009_2393_de_dana_dan,De Dana Dan,2009,11,Comedy,Comedy,No,Priyadarshan,Akshay Kumar,Sunil Shetty,,6.3805,C,3.8472,D,,,hitFlop=4,Missing/Partial
BOLLY_2009_2394_dekh_bhai_dekh_laughter_behind_darkness,Dekh Bhai Dekh: Laughter Behind Darkness,2009,7,Comedy,Crime,No,Rahat Kazmi,Gracy Singh,Siddharth Koirala,,3.1688,D,1.0545,D,,,hitFlop=1,Missing/Partial
BOLLY_2009_2395_delhi_6,Delhi-6,2009,2,Comedy,Drama,No,Rakeysh Omprakash Mehra,Waheeda Rehman,Abhishek Bachchan,,,,4.5105,D,,,hitFlop=2,Missing/Partial
BOLLY_2009_2396_detective_naani,Detective Naani,2009,5,Crime,Drama,No,Romilla Mukherjee,Ava Mukherjee,Zain Khan,,,,,,,,hitFlop=1,Missing/Partial
BOLLY_2009_2397_dev_d,Dev D,2009,2,Comedy,Drama,No,Anurag Kashyap,Abhay Deol,Mahie Gill,,2.5106,D,3.0408,D,,,hitFlop=4,Missing/Partial
BOLLY_2009_2398_dhoondte_reh_jaoge,Dhoondte Reh Jaoge,2009,3,Comedy,Drama,No,Umesh Shukla,Paresh Rawal,Kunal Khemu,,3.7967,D,,,,,hitFlop=2,Missing/Partial
BOLLY_2009_2399_dil_bole_hadippa,Dil Bole Hadippa!,2009,9,Comedy,Drama,No,Anurag Singh,Shahid Kapoor,Rani Mukerji,,5.7659,C,,,,,hitFlop=2,Missing/Partial
BOLLY_2009_2400_do_knot_disturb,Do Knot Disturb,2009,10,Comedy,Drama,No,David Dhawan,Govinda,Sushmita Sen,,4.7856,D,4.7408,D,,,hitFlop=2,Missing/Partial
BOLLY_2009_2401_ek_the_power_of_one,Ek: The Power of One,2009,3,Action,Drama,No,Sangeeth Sivan,Rana Jung Bahadur,Jaspal Bhatti,,2.5161,D,2.7482,D,,,hitFlop=1,Missing/Partial
BOLLY_2009_2402_ek_se_bure_do,Ek Se Bure Do,2009,4,Action,Comedy,No,Tariq Khan,Anita,Snehal Dabi,,,,,,,,hitFlop=1,Missing/Partial
BOLLY_2009_2403_fast_forward,Fast Forward,2009,9,Action,Drama,No,Zaigham Ali Syed,Vinod Khanna,Akshay Kapoor,,4.0315,D,,,,,hitFlop=1,Missing/Partial
BOLLY_2009_2404_fox,Fox,2009,9,Crime,Drama,No,Deepak Tijori,Arjun Rampal,Sunny Deol,,3.8011,D,1.5883,D,,,hitFlop=1,Missing/Partial
BOLLY_2009_2405_gulaal,Gulaal,2009,3,Crime,Drama,No,Anurag Kashyap,Kay Kay Menon,Raj Singh Chaudhary,,2.6256,D,3.0408,D,,,hitFlop=2,Missing/Partial
BOLLY_2009_2406_jai_veeru_friends_forever,Jai Veeru: Friends Forever,2009,3,Action,Crime,No,Puneet Sira,Rakesh Bedi,Mahek Chahal,,2.0288,D,1.0,D,,,hitFlop=1,Missing/Partial
BOLLY_2009_2407_jail,Jail,2009,11,Drama,,No,Madhur Bhandarkar,Neil Nitin Mukesh,Manoj Bajpayee,,2.7445,D,3.2787,D,,,hitFlop=2,Missing/Partial
BOLLY_2009_2408_jashnn_the_music_within,Jashnn: The Music Within,2009,7,Drama,Musical,No,Hasnain Hyderabadwala | Raksha Mistry,Shahana Goswami,Natasha Jain,,2.2266,D,1.3466,D,,,hitFlop=1,Missing/Partial
BOLLY_2009_2409_jugaad,Jugaad,2009,2,Comedy,Drama,No,R. Anand Kumar,Manoj Bajpayee,Hrishitaa Bhatt,,2.1847,D,,,,,hitFlop=1,Missing/Partial
BOLLY_2009_2410_kal_kissne_dekha,Kal Kissne Dekha,2009,6,Action,Crime,No,Vivek Sharma,Brahim Achabbakhe,Jacky Bhagnani,,,,,,,,hitFlop=1,Missing/Partial
BOLLY_2009_2411_kambakkht_ishq,Kambakkht Ishq,2009,7,Action,Comedy,No,Sabir Khan,Sylvester Stallone,Brandon Routh,,,,,,,,hitFlop=4,Missing/Partial
BOLLY_2009_2412_kaminey_the_scoundrels,Kaminey: The Scoundrels,2009,8,Action,Comedy,No,Vishal Bhardwaj,Shahid Kapoor,Priyanka Chopra,,5.7659,C,3.6423,D,,,hitFlop=4,Missing/Partial
BOLLY_2009_2413_kisaan,Kisaan,2009,3,Action,Crime,No,Puneet Sira,Jackie Shroff,Sohail Khan,,2.6163,D,1.0,D,,,hitFlop=1,Missing/Partial
BOLLY_2009_2414_kisse_pyaar_karo_n,Kisse Pyaar Karo?n,2009,2,Action,Comedy,No,Ajay Chandhok,Arshad Warsi,Aashish Chaudhary,,3.5596,D,1.0006,D,,,hitFlop=1,Missing/Partial
BOLLY_2009_2415_kurbaan,Kurbaan,2009,11,Action,Crime,No,Renzil D'Silva,Kareena Kapoor,Saif Ali Khan,,8.0906,B,,,,,hitFlop=2,Missing/Partial
BOLLY_2009_2416_let_s_dance,Let's Dance,2009,6,Crime,Drama,No,Aarif Sheikh,Gayatri Patel Bahl,Aqib Afzaal,,,,,,,,hitFlop=1,Missing/Partial
BOLLY_2009_2417_london_dreams,London Dreams,2009,10,Musical,Music,No,Vipul Amrutlal Shah,Salman Khan,Om Puri,,9.2082,A,3.229,D,,,hitFlop=2,Missing/Partial
BOLLY_2009_2418_lottery,Lottery,2009,3,Crime,Drama,No,Hemant Prabhu,Abhijeet,Rucha Gujrati,,,,,,,,hitFlop=1,Missing/Partial
BOLLY_2009_2419_love_aaj_kal,Love Aaj Kal,2009,7,Comedy,Drama,No,Imtiaz Ali,Saif Ali Khan,Deepika Padukone,,5.7211,C,4.8838,D,,,hitFlop=1,Missing/Partial
BOLLY_2009_2420_love_khichdi,Love Khichdi,2009,8,Comedy,Drama,No,Srinivas Bhashyam,Randeep Hooda,Rituparna Sengupta,,3.739,D,,,,,hitFlop=1,Missing/Partial
BOLLY_2009_2421_luck,Luck,2009,7,Action,Adventure,No,Soham Shah,Mithun Chakraborty,Sanjay Dutt,,2.4335,D,,,,,hitFlop=2,Missing/Partial
BOLLY_2009_2422_luck_by_chance,Luck by Chance,2009,1,Drama,,No,Zoya Akhtar,Farhan Akhtar,Konkona Sen Sharma,,6.6258,C,3.4538,D,,,hitFlop=2,Missing/Partial
BOLLY_2009_2423_main_aurr_mrs_khanna,Main Aurr Mrs Khanna,2009,10,Comedy,Drama,No,Prem Soni,Kareena Kapoor,Salman Khan,,8.0906,B,,,,,hitFlop=1,Missing/Partial
BOLLY_2009_2424_maruti_mera_dosst,Maruti Mera Dosst,2009,6,Animation,Adventure,No,Manikya Raju,Shahbaaz Khan,Sushmita Mukherjee,,,,,,,,hitFlop=1,Missing/Partial
BOLLY_2009_2425_mere_khwabon_mein_jo_aaye,Mere Khwabon Mein Jo Aaye,2009,2,Drama,Fantasy,No,Madhureeta Anand,Randeep Hooda,Raima Sen,,3.739,D,,,,,hitFlop=1,Missing/Partial
BOLLY_2009_2426_mohandas,Mohandas,2009,5,Thriller,,No,Mazhar Kamran,Sonali Kulkarni,Sharbani Mukherji,,3.1885,D,,,,,hitFlop=1,Missing/Partial
BOLLY_2009_2427_morning_walk,Morning Walk,2009,7,Drama,,No,Arup Dutta,Nargis Bagheri,Divya Dutta,,,,,,,,hitFlop=1,Missing/Partial
BOLLY_2009_2428_new_york,New York,2009,6,Crime,Drama,No,Kabir Khan,John Abraham,Neil Nitin Mukesh,,7.1193,B,6.8237,C,,,hitFlop=6,Missing/Partial
BOLLY_2009_2429_paa,Paa,2009,12,Comedy,Drama,No,R. Balki,Amitabh Bachchan,Abhishek Bachchan,,7.0113,B,,,,,hitFlop=5,Missing/Partial
BOLLY_2009_2430_paying_guests,Paying Guests,2009,6,Comedy,Drama,No,Paritosh Painter,Shreyas Talpade,Javed Jaffrey,,2.8077,D,,,,,hitFlop=2,Missing/Partial
BOLLY_2009_2431_the_president_is_coming,The President Is Coming,2009,1,Comedy,,No,Kunaal Roy Kapur,Konkona Sen Sharma,Shernaz Patel,,2.9405,D,,,,,hitFlop=1,Missing/Partial
BOLLY_2009_2432_quick_gun_murugun_misadventures_of_an_indian_cowboy,Quick Gun Murugun: Misadventures of an Indian Cowboy,2009,8,Action,Comedy,No,Shashanka Ghosh,Rajendraprasad,Nasser,,,,1.5653,D,,,hitFlop=2,Missing/Partial
BOLLY_2009_2433_raaz_the_mystery_continues,Raaz: The Mystery Continues,2009,1,Drama,Horror,Yes,Mohit Suri,Kangana Ranaut,Adhyayan Suman,,4.3605,D,4.931,D,,,hitFlop=5,Missing/Partial
BOLLY_2009_2434_rocket_singh_salesman_of_the_year,Rocket Singh: Salesman of the Year,2009,12,Comedy,Drama,No,Shimit Amin,Ranbir Kapoor,Prem Chopra,,7.6986,B,,,,,hitFlop=3,Missing/Partial
BOLLY_2009_2435_sanam_hum_aapke_hain,Sanam Hum Aapke Hain...,2009,,Drama,Romance,No,Ajay Ojha,Vikram Aditya,Narendra Bedi,,,,,,,,hitFlop=1,Missing/Partial
BOLLY_2009_2436_sankat_city,Sankat City,2009,7,Comedy,Crime,No,Pankaj Advani,Kay Kay Menon,Rimi Sen,,2.6256,D,,,,,hitFlop=1,Missing/Partial
BOLLY_2009_2437_siddharth_the_prisoner,Siddharth: The Prisoner,2009,2,Crime,Drama,No,Pryas Gupta,Rajat Kapoor,Sachin Nayak,,2.737,D,,,,,hitFlop=1,Missing/Partial
BOLLY_2009_2438_sikandar,Sikandar,2009,8,Crime,Drama,No,Piyush Jha,Parzan Dastur,Ayesha Kapoor,,,,,,,,hitFlop=1,Missing/Partial
BOLLY_2009_2439_the_stoneman_murders,The Stoneman Murders,2009,2,Crime,Drama,No,Manish Gupta,Kay Kay Menon,Arbaaz Khan,,2.6256,D,,,,,hitFlop=1,Missing/Partial
BOLLY_2009_2440_straight,Straight,2009,3,Comedy,Drama,No,Parvati Balagopalan,Vinay Pathak,Gul Panag,,3.1247,D,,,,,hitFlop=1,Missing/Partial
BOLLY_2009_2441_suno_na_ek_nanhi_aawaz,Suno Na.. Ek Nanhi Aawaz,2009,5,Drama,,No,Amy Thanawala,Tara Sharma,Makrand Shukla,,2.2266,D,,,,,hitFlop=1,Missing/Partial
BOLLY_2009_2442_team_the_force,Team: The Force,2009,6,Action,Comedy,No,Ajay Chandhok,Sohail Khan,Amrita Arora,,3.2917,D,1.0006,D,,,hitFlop=1,Missing/Partial
BOLLY_2009_2443_teree_sang_a_kidult_love_story,Teree Sang: A Kidult Love Story,2009,8,Drama,Romance,No,Satish Kaushik,Ruslaan Mumtaz,Sheena Shahabadi,,,,2.6808,D,,,hitFlop=2,Missing/Partial
BOLLY_2009_2444_three_love_lies_betrayal,Three: Love Lies Betrayal,2009,9,Drama,Mystery,No,Vishal Pandya,Aashish Chaudhary,Akshay Kapoor,,2.2919,D,,,,,hitFlop=1,Missing/Partial
BOLLY_2009_2445_toss_a_flip_of_destiny,Toss: A Flip of Destiny,2009,8,Crime,Drama,No,Ramesh Khatkar,Rannvijay Singh,Madhurima Banerjee,,,,,,,,hitFlop=1,Missing/Partial
BOLLY_2009_2446_tum_mile,Tum Mile,2009,11,Drama,Romance,No,Kunal Deshmukh,Mantra,Prerna Chawla,,,,4.1021,D,,,hitFlop=1,Missing/Partial
BOLLY_2009_2447_vaada_raha_i_promise,Vaada Raha... I Promise,2009,9,Drama,,No,Samir Karnik,Bobby Deol,Dwij Yadav,,2.4272,D,2.1674,D,,,hitFlop=1,Missing/Partial
BOLLY_2009_2448_victory,Victory,2009,1,Drama,Sport,No,Ajit Pal Mangat,Harman Baweja,Allan Border,,1.0,D,,,,,hitFlop=1,Missing/Partial
BOLLY_2009_2449_wake_up_sid,Wake Up Sid,2009,10,Comedy,Drama,No,Ayan Mukherjee,Ranbir Kapoor,Konkona Sen Sharma,,7.6986,B,,,,,hitFlop=5,Missing/Partial
BOLLY_2009_2450_wanted,Wanted,2009,9,Action,Comedy,No,Prabhudheva,Salman Khan,Ayesha Takia,,9.2082,A,5.5571,C,,,hitFlop=6,Missing/Partial
BOLLY_2009_2451_what_s_your_raashee,What's Your Raashee?,2009,10,Comedy,Drama,No,Ashutosh Gowariker,Harman Baweja,Priyanka Chopra,,1.0,D,3.7481,D,,,hitFlop=1,Missing/Partial
BOLLY_2009_2452_world_cupp_2011,World Cupp 2011,2009,12,Crime,Drama,No,Ravi Kapoor,Ravi Kapoor,Master Sagar Punjabi,,,,,,,,hitFlop=1,Missing/Partial
BOLLY_2009_2453_yeh_hai_malegaon_ka_superman,Yeh Hai Malegaon Ka Superman,2009,11,Comedy,Family,No,Nasir Shaikh,,,,,,,,,,hitFlop=1,Missing/Partial
BOLLY_2009_2454_zor_lagaa_ke_haiya,Zor Lagaa Ke... Haiya!,2009,6,Comedy,Drama,No,Girish Girija Joshi,Meghan Jadhav,Mithun Chakraborty,,,,,,,,hitFlop=1,Missing/Partial