film_id,canonical_title,display_title,release_year,release_month,release_month_num,release_date,primary_genre,secondary_genre,all_genres,sequel_flag,remake_flag,director,lead_actor_1,lead_actor_2,cast_list,writer_list,production_house,actor_rank_score,actor_tier_proxy,director_rank_score,director_tier_proxy,budget_cr,budget_usd,worldwide_gross_cr,worldwide_gross_usd,domestic_gross_cr,domestic_gross_usd,opening_day_cr,opening_weekend_cr,runtime_minutes,imdb_id,imdb_rating,content_score_clarity,content_score_novelty,content_score_execution,content_score_originality,content_score_structure,content_score_pacing,content_score_engagement,content_score_authenticity,verdict_raw,financial_data_confidence,is_synthetic,source,data_version,last_updated
BOLLY_2010_0001_dabangg,Dabangg,Dabangg,2010,September,9,2010-09-10,Action,,Action | Comedy | Crime,No,,Abhinav Kashyap,Salman Khan,Sonakshi Sinha,Salman Khan | Sonakshi Sinha | Vinod Khanna | Dimple Kapadia,Dilip Shukla | Abhinav Kashyap,"Shree Ashtavinayak Cine Vision, Arbaaz Khan Productions",,,,,41,,221.14,,,,,,,tt1620719,6.2,,,,,,,,,hitFlop=5,High,,wikipedia,2.0,2026-07-02
BOLLY_2010_0002_my_name_is_khan,My Name Is Khan,My Name Is Khan,2010,February,2,2010-02-12,Drama,,Drama | Romance | Thriller,No,,Karan Johar,Shah Rukh Khan,Kajol,Shah Rukh Khan | Kajol | Katie A. Keane | Kenton Duty,Shibani Bathija (story) | Shibani Bathija (dialogue) | Niranjan Iyengar (dialogue),"Fox Star Studios, Dharma Productions, Red Chillies Entertainment",,,,,85,,223.44,,,,,,,tt1188996,7.9,,,,,,,,,hitFlop=4,High,,wikipedia,2.0,2026-07-02
BOLLY_2010_0003_golmaal_3,Golmaal 3,Golmaal 3,2010,November,11,2010-11-05,Action,,Action | Comedy,No,,Rohit Shetty,Ajay Devgn,Kareena Kapoor,Mithun Chakraborty | Ajay Devgn | Kareena Kapoor | Tusshar Kapoor,Robin Bhatt (script consultant) | Farhad (dialogue) | Bunty Rathore (additional dialogue) | Yunus Sajawal (screenplay) | Sajid (dialogue),"Shree Ashtavinayak Cine Vision, Eros International",,,,,40,,167,,,,,,,tt1562859,5.6,,,,,,,,,hitFlop=5,High,,wikipedia,2.0,2026-07-02
BOLLY_2010_0004_raajneeti,Raajneeti,Raajneeti,2010,June,6,2010-06-04,Thriller,,Action | Crime | Drama,No,,Prakash Jha,Ranbir Kapoor,Ajay Devgn,Naseeruddin Shah | Arjun Rampal | Nana Patekar | Ranbir Kapoor,Prakash Jha | Anjum Rajabali | Sameer (lyrics),Prakash Jha Productions,,,,,45,,145.5,,,,,,,tt1291465,7.1,,,,,,,,,hitFlop=5,High,,wikipedia,2.0,2026-07-02
BOLLY_2010_0005_housefull,Housefull,Housefull,2010,April,4,2010-04-30,Comedy,,Comedy,No,,Sajid Khan,Akshay Kumar,Ritesh Deshmukh,Akshay Kumar | Arjun Rampal | Deepika Padukone | Lara Dutta,Anvita Dutt Guptan (dialogues) | Sajid Khan (screenplay) | Sajid Nadiadwala (story) | Sameer (lyrics) | Vibha Singh (screenplay) | Milap Zaveri (screenplay),Nadiadwala Grandson Entertainment,,,,,30,,124.5,,,,,,,tt1573072,5.5,,,,,,,,,hitFlop=5,High,,wikipedia,2.0,2026-07-02
BOLLY_2010_0006_tees_maar_khan,Tees Maar Khan,Tees Maar Khan,2010,December,12,2010-12-24,Comedy,,Comedy | Crime | Drama,No,,Farah Khan,Akshay Kumar,Akshaye Khanna,Katrina Kaif | Salman Khan | Akshay Kumar | Farah Khan,Vishal Dadlani (lyrics) | Anvita Dutt Guptan (lyrics) | Ashmith Kunder (screenplay) | Shirish Kunder (dialogue) | Shirish Kunder (screenplay) | Shirish Kunder (story),"UTV Motion Pictures, Hari Om Entertainment",,,,,45,,101.89,,,,,,,tt1572311,2.6,,,,,,,,,hitFlop=4,High,,wikipedia,2.0,2026-07-02
BOLLY_2010_0007_once_upon_a_time_in_mumbaai,Once Upon A Time In Mumbaai,Once Upon A Time In Mumbaai,2010,July,7,,Action,,Action,No,,Milan Luthria,Ajay Devgn,Emraan Hashmi,,,Balaji Motion Pictures,,,,,38,,85.2,,,,,,,,,,,,,,,,,hitFlop=4,High,,wikipedia,2.0,2026-07-02
BOLLY_2010_0008_i_hate_luv_storys,I Hate Luv Storys,I Hate Luv Storys,2010,July,7,2010-07-02,Comedy,,Comedy | Drama | Romance,No,,Punit Malhotra,Imran Khan,Sonam Kapoor,Imran Khan | Sonam Kapoor | Sammir Dattani | Samir Soni,Vishal Dadlani (lyrics) | Kumaar (lyrics) | Punit Malhotra (story),"UTV Motion Pictures, Dharma Productions",,,,,,,72.52,,,,,,,tt1667838,5.7,,,,,,,,,hitFlop=6,Low,,wikipedia,2.0,2026-07-02
BOLLY_2010_0009_anjaana_anjaani,Anjaana Anjaani,Anjaana Anjaani,2010,September,9,2010-10-01,Comedy,,Comedy | Drama | Musical,No,,Siddharth Anand,Ranbir Kapoor,Priyanka Chopra,Priyanka Chopra | Carl Marino | Ranbir Kapoor | Aubrey K. Miller,Mamta Anand (story) | Siddharth Anand (dialogue) | Siddharth Anand (screenplay) | Vishal Dadlani (lyrics) | Advaita Kala (screenplay) | Kumaar (lyrics) | Kausar Munir (lyrics),Nadiadwala Grandson Entertainment,,,,,38,,69.85,,,,,,,tt1499201,5.7,,,,,,,,,hitFlop=3,High,,wikipedia,2.0,2026-07-02
BOLLY_2010_0010_khatta_meetha,Khatta Meetha,Khatta Meetha,2010,July,7,2010-07-23,Comedy,Priyadarshan,Comedy | Crime | Drama,Akshay Kumar,,Priyadarshan,Akshay Kumar,Trisha,Akshay Kumar | Rajpal Yadav | Aruna Irani | Kulbhushan Kharbanda,Jay Master (dialogues) | Priyadarshan (screenplay) | Priyadarshan (story) | Nitin Raikwar (lyrics) | Shehzad Roy (lyrics),"Shree Ashtavinayak Cine Vision, Hari Om Entertainment",,,,,35,,62.79,,,,,,,tt1455811,5.9,,,,,,,,,hitFlop=3,High,,wikipedia,2.0,2026-07-02
BOLLY_2010_0011_dulha_mil_gaya,Dulha Mil Gaya,Dulha Mil Gaya,2010,January,1,2010-01-08,Comedy,,Comedy | Drama,No,,Muddassar Aziz,Shah Rukh Khan,Fardeen Khan,Sushmita Sen | Fardeen Khan | Ishita Sharma | Shah Rukh Khan,Mudassar Aziz (story) | Mudassar Aziz | Neeraj Udhwani (script associate) | Vivek Vaswani (story),,9.2267,A,,,25,,,,,,,,,tt1182884,4.3,,,,,,,,,hitFlop=1,Low,,wikipedia,2.0,2026-07-02
BOLLY_2010_0012_pyaar_impossible,Pyaar Impossible!,Pyaar Impossible!,2010,January,1,2010-01-08,Comedy,,Comedy | Romance,No,,Jugal Hansraj,Priyanka Chopra,Uday Chopra,Uday Chopra | Priyanka Chopra | Dino Morea | Rahul Vohra,Uday Chopra (story),Yash Raj Films,8.1369,B,,,14,,,,,,,,,tt1351224,4.9,,,,,,,,,hitFlop=2,Low,,wikipedia,2.0,2026-07-02
BOLLY_2010_0013_chance_pe_dance,Chance Pe Dance,Chance Pe Dance,2010,January,1,2010-01-15,Comedy,,Comedy | Drama | Romance,No,,Ken Ghosh,Shahid Kapoor,Mohnish Bahl,Shahid Kapoor | Genelia D'Souza | Mohnish Bahl | Satish Shah,Nupur Asthana (screenplay) | Manu Rishi Chadha (additional dialogue) | Ken Ghosh (screenplay) | Kiran Kotrial (dialogues) | Irfan Siddiqui (lyrics),UTV Motion Pictures,5.7659,C,2.1915,D,29,,16.3,,,,,,,tt1392744,4.8,,,,,,,,,hitFlop=1,High,,wikipedia,2.0,2026-07-02
BOLLY_2010_0014_hello_hum_lallan_bol_rahe_hain,Hello! Hum Lallan Bol Rahe Hain,Hello! Hum Lallan Bol Rahe Hain,2010,January,1,,Drama,,Drama,No,,Dileep Shukla,Rajpal Yadav,,Rajpal Yadav,,,2.3783,D,,,,,,,,,,,,,,,,,,,,,,,Missing/Partial,,wikipedia,2.0,2026-07-02
BOLLY_2010_0015_veer,Veer,Veer,2010,January,1,2010-01-22,Action,,Action | Adventure | Drama,No,,Anil Sharma,Salman Khan,Zarine Khan,Salman Khan | Mithun Chakraborty | Jackie Shroff | Sohail Khan,Shailesh Verma (screenplay) | Shaktimaan Talwar (screenplay) | Salman Khan (story),Eros International,9.2082,D,5.7345,C,,,,,,,,,,tt1185412,4.6,,,,,,,,,hitFlop=3,Missing/Partial,,wikipedia,2.0,2026-07-02
BOLLY_2010_0016_ishqiya,Ishqiya,Ishqiya,2010,January,1,2010-01-29,Comedy,,Comedy | Drama | Romance,No,,Abhishek Chaubey,Naseeruddin Shah,Vidya Balan,Naseeruddin Shah | Vidya Balan | Arshad Warsi | Salman Shahid,Vishal Bhardwaj (screenplay) | Sabrina Dhawan (screenplay) | Abhishek Chaubey (screenplay) | Vishal Bhardwaj (dialogues),Shemaroo Entertainment,3.7695,D,,,19,,31.81,,,,,,,tt1345777,6.4,,,,,,,,,hitFlop=3,High,,wikipedia,2.0,2026-07-02
BOLLY_2010_0017_rann,Rann,Rann,2010,January,1,2010-01-29,Drama,,Drama | Mystery,No,,Ram Gopal Varma,Amitabh Bachchan,Sudeep,Amitabh Bachchan | Ritesh Deshmukh | Gul Panag | Paresh Rawal,Rohit G. Banawlikar (story) | Sarim Momin (lyrics) | Prashant Pandey (lyrics) | Sandip Singh (lyrics) | Vayu (lyrics),"Vistaar Religare Film Fund, Cinergy, Friday Entertainment Venture",7.0113,B,3.7435,D,,,,,,,,,,tt1451797,6.9,,,,,,,,,hitFlop=1,Missing/Partial,,wikipedia,2.0,2026-07-02
BOLLY_2010_0018_the_hangman,The Hangman,The Hangman,2010,February,2,,Drama,,Drama,No,,Vishal Bhandari,Om Puri,Shreyas Talpade,Om Puri,,,4.1779,D,,,,,,,,,,,,,,,,,,,,,,,Missing/Partial,,wikipedia,2.0,2026-07-02
BOLLY_2010_0019_striker,Striker,Striker,2010,February,2,2010-02-05,Action,,Crime | Drama,No,,Chandan Arora,Siddharth Narayan,Aditya Pancholi,Siddharth | Ankur Vikal | Anupam Kher | Vidya Malvade,Sunita Rajwar (story) | Iqbal Merchant (story) | Chandan Arora (screenplay) | Sunita Rajwar (screenplay) | Sagar Kapoor (dialogues) | Vijay Maurya (dialogues) | Pankaj Saraswat (dialogues) | Nitin Raikwar (lyrics) | Jeetendra Joshi (lyrics) | Prashant Ingole (lyrics),"Indian Films, Studio 18",,D,1.0638,D,,,,,,,,,,tt1573482,6.5,,,,,,,,,hitFlop=1,Missing/Partial,,wikipedia,2.0,2026-07-02
BOLLY_2010_0020_aakhari_decision,Aakhari Decision,Aakhari Decision,2010,February,2,2010-02-19,Action,,Action | Drama | Thriller,No,,Deepak Bandhu,Anant Jog,Sumona Chakravarti,Paul Sidhu | Sumona Chakravarti | Anant Jog | Nagesh Bhonsle,Rohit Karn Batra (story) | Umair Muhajir (dialogue),,,,,,,,,,,,,,,tt1606162,2.0,,,,,,,,,hitFlop=1,Missing/Partial,,wikipedia,2.0,2026-07-02
BOLLY_2010_0021_click,Click,Click,2010,February,2,2010-02-19,Thriller,,Drama | Fantasy | Mystery,No,,Sangeeth Sivan,Shreyas Talpade,Sadha,Shreyas Talpade | Sada | Sneha Ullal | Rehan Khan,Sameer Arora (dialogue) | Vivek Buddhakoti (dialogue) | Harish Nayar (story),Pritish Nandy Communications,2.8077,D,2.7482,D,7.5,,1.6,,,,,,,tt1596723,3.6,,,,,,,,,hitFlop=1,High,,wikipedia,2.0,2026-07-02
BOLLY_2010_0022_toh_baat_pakki,Toh Baat Pakki!,Toh Baat Pakki!,2010,February,2,2010-02-19,Comedy,,Comedy | Drama,No,,Kedarh Shinde,Tabu,Sharman Joshi,Tabu | Sharman Joshi | Yuvika Chaudhry | Vatsal Seth,Shabbir Ahmed (lyrics) | Mayur Puri (lyrics) | Sayeed Qadri (lyrics) | Pramod Sharma (story) | Vibha Singh (screenplay),,5.0682,C,,,,,,,,,,,,tt1605778,5.8,,,,,,,,,hitFlop=1,Missing/Partial,,wikipedia,2.0,2026-07-02
BOLLY_2010_0023_karthik_calling_karthik,Karthik Calling Karthik,Karthik Calling Karthik,2010,February,2,2010-02-26,Thriller,,Drama | Romance | Thriller,No,,Vijay Lalwani,Farhan Akhtar,Deepika Padukone,Farhan Akhtar | Deepika Padukone | Ram Kapoor | Vivan Bhatena,Vijay Lalwani (story),"Eros International, Excel Entertainment",6.6258,D,,,,,,,,,,,,tt1373156,7.1,,,,,,,,,hitFlop=2,Missing/Partial,,wikipedia,2.0,2026-07-02
BOLLY_2010_0024_teen_patti,Teen Patti,Teen Patti,2010,February,2,2010-02-26,Drama,,Drama | Thriller,No,,Leena Yadav,Amitabh Bachchan,Ben Kingsley,Amitabh Bachchan | Madhavan | Shraddha Kapoor | Siddharth Kher,Shivkumar Subramaniam (story) | Leena Yadav (story) | Ben Rekhi (english dialogue),"Hinduja Ventures, Serendipity Films",7.0113,B,,,18,,7.63,,,,,,,tt1183917,4.2,,,,,,,,,hitFlop=1,High,,wikipedia,2.0,2026-07-02
BOLLY_2010_0025_atithi_tum_kab_jaoge,Atithi Tum Kab Jaoge?,Atithi Tum Kab Jaoge?,2010,March,3,2010-03-05,Comedy,,Comedy | Drama,No,,Ashwni Dhir,Ajay Devgn,Konkona Sen Sharma,Ajay Devgn | Konkona Sen Sharma | Paresh Rawal | Satish Kaushik,Robin Bhatt (screenplay) | Ashwani Dhir | Tushar Hiranandani (screenplay) | Amit Mishra (lyrics),Warner Bros. Pictures,6.8713,C,,,,,3.9,,,,,,,tt1578116,6.5,,,,,,,,,hitFlop=4,Low,,wikipedia,2.0,2026-07-02
BOLLY_2010_0026_hello_zindagi,Hello Zindagi,Hello Zindagi,2010,,,2010-03-05,Drama,,Drama | Family,No,,Raja Unnithan,Milind Gunaji,Neena Gupta,Kitu Gidwani | Milind Gunaji | Neena Gupta | Mrunmayee Lagoo,Vivek Gupta (dialogue) | Vivek Gupta (screenplay) | Raja Unnithan (story) | Raja Unnithan,,,D,,,,,,,,,,,,tt1625331,,,,,,,,,,hitFlop=1,Missing/Partial,,wikipedia,2.0,2026-07-02
BOLLY_2010_0027_road_movie,"Road, Movie","Road, Movie",2010,March,3,,Drama,,Drama,No,,Dev Benegal,Abhay Deol,Satish Kaushik,Abhay Deol,,"Indian Films, Studio 18",2.5106,D,,,8,,,,,,,,,,,,,,,,,,,,Low,,wikipedia,2.0,2026-07-02
BOLLY_2010_0028_rokkk,Rokkk,Rokkk,2010,March,3,2010-03-05,Thriller,,Drama | Horror | Mystery,No,,Rajesh Ranshinge,Udita Goswami,Shaad Randhawa,Tanushree Dutta | Udita Goswami | Shaad Randhawa | Sachin Khedekar,Rajesh Ranshinge (story) | Haroon Rashid (screenplay),,,D,,,5.25,,1.05,,,,,,,tt1612573,4.3,,,,,,,,,hitFlop=1,High,,wikipedia,2.0,2026-07-02
BOLLY_2010_0029_thanks_maa,Thanks Maa,Thanks Maa,2010,March,3,,Drama,,Drama,No,,Irfan Kamal,Ranvir Shorey,Alok Nath,Ranvir Shorey,,,3.063,D,,,,,,,,,,,,,,,,,,,,,,,Missing/Partial,,wikipedia,2.0,2026-07-02
BOLLY_2010_0030_right_yaaa_wrong,Right Yaaa Wrong,Right Yaaa Wrong,2010,March,3,,Thriller,,Thriller,No,,Neeraj Pathak,Sunny Deol,Irrfan Khan,Sunny Deol,,,3.3809,D,,,,,,,,,,,,,,,,,,,,,,,Missing/Partial,,wikipedia,2.0,2026-07-02
BOLLY_2010_0031_trump_card,Trump Card,Trump Card,2010,,,2010-03-12,Thriller,,Action | Drama | Mystery,No,,Arshad Khan,,,Vikrum Kumar | Haidar Ali | Urvashi Chaudhary | Mansi Dovhal,Arshad Khan (screenplay) | Yawer Rehman (screenplay) | Yawer Rehman (script),,,,2.1402,D,,,,,,,,,,tt1629424,,,,,,,,,,hitFlop=1,Missing/Partial,,wikipedia,2.0,2026-07-02
BOLLY_2010_0032_lahore,Lahore,Lahore,2010,March,3,2010-03-19,Action,,Action | Drama | Sport,No,,Sanjay Puran Singh Chauhan,Aanaahad,Shraddha Das,Farooq Shaikh | Nafisa Ali | Aanaahad | Sabyasachi Chakraborty,Sanjay Puran Singh Chauhan (dialogue) | Sanjay Puran Singh Chauhan (screenplay) | Sanjay Puransingh Chauhan (story) | Panchhi Jalonvi (lyrics) | Hriday Lani (collaborating writer) | Piyush Mishra (dialogue) | Piyush Mishra (screenplay) | Junaid Wasi (lyrics),Warner Bros. Pictures,,D,,,,,,,,,,,,tt1285245,6.3,,,,,,,,,hitFlop=1,Missing/Partial,,wikipedia,2.0,2026-07-02
BOLLY_2010_0033_love_sex_aur_dhokha,Love Sex Aur Dhokha,Love Sex Aur Dhokha,2010,March,3,,Drama,,Drama,No,,Dibakar Banerjee,,,,,Balaji Motion Pictures,,,2.863,D,2,,9.8,,,,,,,,,,,,,,,,,hitFlop=5,High,,wikipedia,2.0,2026-07-02
BOLLY_2010_0034_shaapit,Shaapit,Shaapit,2010,March,3,,Romance,,Romance,No,,Vikram Bhatt,Aditya Narayan,Rahul Dev,Aditya Narayan,,ASA Productions & Enterprises,,D,2.9028,D,,,,,,,,,,,,,,,,,,,,,Missing/Partial,,wikipedia,2.0,2026-07-02
BOLLY_2010_0035_hum_tum_aur_ghost,Hum Tum Aur Ghost,Hum Tum Aur Ghost,2010,March,3,2010-03-26,Drama,,Comedy | Drama | Fantasy,No,,Kabeer Kaushik,Arshad Warsi,Dia Mirza,Arshad Warsi | Dia Mirza | Boman Irani | Sandhya Mridul,Arshad Sayed (screenplay) | Soumik Sen (screenplay) | Arshad Warsi (screenplay) | Arshad Warsi (story),"Indian Films, Studio 18",3.5596,D,1.2309,D,21,,8.01,,,,,,,tt1465493,4.9,,,,,,,,,hitFlop=1,High,,wikipedia,2.0,2026-07-02
BOLLY_2010_0036_mittal_v_s_mittal,Mittal v/s Mittal,Mittal v/s Mittal,2010,March,3,2010-03-19,Drama,,Drama,No,,Karan Razdan,Rituparna Sengupta,Rohit Roy,Hazel Croney | Gulshan Grover | Iravati Harshe | Suchitra Krishnamoorthi,,,1,D,1.4335,D,,,,,,,,,,tt1607607,0.0,,,,,,,,,hitFlop=1,Missing/Partial,,wikipedia,2.0,2026-07-02
BOLLY_2010_0037_my_friend_ganesha_3,My Friend Ganesha 3,My Friend Ganesha 3,2010,July,7,2010-03-26,Action,,Animation | Comedy | Drama,No,,Rajiv S. Ruia,Baba Sehgal,Sayaji Shinde,Makarand Anaspure | Krishna Bhatt | Sonika Gill | Eva Grover,Shabbir Ahmed (lyrics) | Rajiv S. Ruia (story) | S. Sachindra,"Baba Arts, Liquid Pictures",,D,1.1221,D,,,1.59,,,,,,,tt1796564,,,,,,,,,,hitFlop=1,Low,,wikipedia,2.0,2026-07-02
BOLLY_2010_0038_prem_kaa_game,Prem Kaa Game,Prem Kaa Game,2010,February,2,2010-02-26,Comedy,,Comedy | Drama,No,,Ashok Kheny,Arbaaz Khan,Tara Sharma,Arbaaz Khan | Madhuri Bhattacharya | Tara Sharma | Johnny Lever,Javed Akhtar (lyrics) | Abbas Hirapurwala (dialogue) | B.A. Madhu (screenplay),,2.5366,D,,,,,,,,,,,,tt1610418,0.0,,,,,,,,,hitFlop=1,Missing/Partial,,wikipedia,2.0,2026-07-02
BOLLY_2010_0039_well_done_abba,Well Done Abba,Well Done Abba,2010,March,3,,Comedy,,Comedy,No,,Shyam Benegal,Boman Irani,Minissha Lamba,Boman Irani,,Reliance Big Pictures,3.6468,D,,,,,,,,,,,,,,,,,,,,,,,Missing/Partial,,wikipedia,2.0,2026-07-02
BOLLY_2010_0040_pankh,Pankh,Pankh,2010,April,4,2010-04-02,Drama,,Drama,No,,Sudipto Chattopadhyaya,Bipasha Basu,Maradona Rebello,Bipasha Basu | Lillete Dubey | Mahesh Manjrekar | Ronit Roy,Sudipto Chattopadhyay (story) | Sudipto Chattopadhyay,,4.5712,D,,,5.5,,0.20249999999999999,,,,,,,tt1124386,4.3,,,,,,,,,hitFlop=1,High,,wikipedia,2.0,2026-07-02
BOLLY_2010_0041_sadiyaan,Sadiyaan,Sadiyaan,2010,April,4,,Drama,,Drama,No,,Raj Kanwar,Luv Sinha,Ferena Wazeir,Luv Sinha,,,,,3.0499,D,,,,,,,,,,,,,,,,,,,,,Missing/Partial,,wikipedia,2.0,2026-07-02
BOLLY_2010_0042_tum_milo_toh_sahi,Tum Milo Toh Sahi,Tum Milo Toh Sahi,2010,April,4,2010-04-02,Drama,,Comedy | Drama,No,,Kabir Sadanand,Nana Patekar,Dimple Kapadia,Nana Patekar | Dimple Kapadia | Sunil Shetty | Vidya Malvade,Irshad Kamil (lyrics) | Rajen Makhijani (dialogue) | Rajen Makhijani (screenplay) | Rajen Makhijani (story) | Kabir Sadanand (story) | Sameer Siddiqui (dialogue) | Sameer Siddiqui (screenplay),,4.0525,D,1.2486,D,,,3.52,,,,,,,tt1442583,5.7,,,,,,,,,hitFlop=1,Low,,wikipedia,2.0,2026-07-02
BOLLY_2010_0043_jaane_kahan_se_aayi_hai,Jaane Kahan Se Aayi Hai,Jaane Kahan Se Aayi Hai,2010,April,4,2010-04-09,Comedy,,Comedy | Drama | Fantasy,No,,Milap Zaveri,Riteish Deshmukh,Jacqueline Fernandez,Priyanka Chopra | Akshay Kumar | Jacqueline Fernandez | Karan Johar,Sameer (lyrics) | Milap Zaveri (story),Warner Bros. Pictures,,C,,,,,,,,,,,,tt1194232,4.5,,,,,,,,,hitFlop=1,Missing/Partial,,wikipedia,2.0,2026-07-02
BOLLY_2010_0044_prince,Prince,Prince,2010,April,4,2010-04-09,Action,,Action | Crime | Drama,No,,Kookie Gulati,Vivek Oberoi,Aruna Shields,Vivek Oberoi | Isaiah | Aruna Shields | Nandana Sen,Shiraz Ahmed (story) | Mayur Puri (dialogue) | Sameer (lyrics),,3.486,D,,,,,,,,,,,,tt1455816,4.5,,,,,,,,,hitFlop=2,Missing/Partial,,wikipedia,2.0,2026-07-02
BOLLY_2010_0045_the_japanese_wife,The Japanese Wife,The Japanese Wife,2010,April,4,2010-04-09,Drama,,Drama | Romance,No,,Aparna Sen,Rahul Bose,Raima Sen,Rahul Bose | Chigusa Takaku | Raima Sen | Moushumi Chatterjee,Kunal Basu (based on the story by) | Aparna Sen,,2.3217,D,,,,,,,,,,,,tt1620620,,,,,,,,,,hitFlop=1,Missing/Partial,,wikipedia,2.0,2026-07-02
BOLLY_2010_0046_paathshaala,Paathshaala,Paathshaala,2010,April,4,,Drama,,Drama,No,,Milind Ukey,Shahid Kapoor,Nana Patekar,Shahid Kapoor,,Eros International,5.7659,C,2.6208,D,14,,17,,,,,,,,,,,,,,,,,hitFlop=2,High,,wikipedia,2.0,2026-07-02
BOLLY_2010_0047_phoonk_2,Phoonk 2,Phoonk 2,2010,April,4,2010-04-16,Horror,,Drama | Horror | Mystery,No,,Milind Gadagkar,Sudeep,Neeru Bajwa,Sudeep | Amruta Khanvilkar | Ahsaas Channa | Anu Ansari,Milind Gadagkar,,,A,,,8,,9.24,,,,,,,tt1612611,3.1,,,,,,,,,hitFlop=2,High,,wikipedia,2.0,2026-07-02
BOLLY_2010_0048_apartment,Apartment,Apartment,2010,April,4,,Drama,,Drama,No,,Jagmohan Mundhra,Rohit Roy,Tanushree Dutta,Rohit Roy,,,,D,,,,,,,,,,,,,,,,,,,,,,,Missing/Partial,,wikipedia,2.0,2026-07-02
BOLLY_2010_0049_city_of_gold,City of Gold,City of Gold,2010,April,4,,Drama,,Drama,No,,Mahesh Manjrekar,Vineet Kumar,Sameer Dharmadhikari,Vineet Kumar,,DAR Motion Pictures,,,1.4664,D,,,,,,,,,,,,,,,,,,,,,Missing/Partial,,wikipedia,2.0,2026-07-02
BOLLY_2010_0050_kuchh_kariye,Kuchh Kariye,Kuchh Kariye,2010,,,,Drama,,Drama,No,,Jagbir Dahiya,Sukhwinder Singh,,Sukhwinder Singh,,,,,,,,,,,,,,,,,,,,,,,,,,,Missing/Partial,,wikipedia,2.0,2026-07-02
BOLLY_2010_0051_muskurake_dekh_zara,Muskurake Dekh Zara,Muskurake Dekh Zara,2010,March,3,2010-03-26,Drama,,Comedy | Horror | Romance,No,,Som Shekar,Gashmeer Mahajani,Hiten Paintal,Mukesh Bhatt | Rajshree Choudhary | Arijit Sen Gupta | Om Katare,Anurag Kashyap,,,,,,,,,,,,,,,tt1607600,0.0,,,,,,,,,hitFlop=1,Missing/Partial,,wikipedia,2.0,2026-07-02
BOLLY_2010_0052_chase,Chase,Chase,2010,April,4,2010-04-30,Action,,Action | Crime | Drama,No,,Jagmohan Mundhra,Udita Goswami,Caterina Murino,Anuj Saxena | Udita Goswami | Tarina Patel | Sameer Kochhar,Abhiram Bhadkamkar (additional screenplay & dialogue) | Tanveer Khan (script),,,D,,,,,5,,,,,,,tt1594964,0.0,,,,,,,,,hitFlop=1,Low,,wikipedia,2.0,2026-07-02
BOLLY_2010_0053_badmaash_company,Badmaash Company,Badmaash Company,2010,May,5,,Comedy,,Comedy,No,,Parmeet Sethi,Shahid Kapoor,Anushka Sharma,Shahid Kapoor,,Yash Raj Films,5.7659,C,,,21,,53,,,,,,,,,,,,,,,,,hitFlop=4,High,,wikipedia,2.0,2026-07-02
BOLLY_2010_0054_bumm_bumm_bole,Bumm Bumm Bole,Bumm Bumm Bole,2010,May,5,2010-05-14,Drama,,Action | Drama | Thriller,No,,Priyadarshan,Darsheel Safary,Kaveri Jha,Atul Kulkarni | Rituparna Sengupta | Darsheel Safary | Ziyah Vastani,Manisha Korde (screenplay) | Sameer (lyrics) | Irfan Siddiqui (lyrics) | Satish Mutatkar (lyrics),Percept Pictures,,,3.8472,D,7,,1.34,,,,,,,tt1629241,6.2,,,,,,,,,hitFlop=1,High,,wikipedia,2.0,2026-07-02
BOLLY_2010_0055_kushti,Kushti,Kushti,2010,May,5,2010-05-14,Comedy,,Comedy,No,,T K Rajeev Kumar,Rajpal Yadav,Khali,Rajpal Yadav | Nargis Bagheri | Om Puri | Sharat Saxena,Manisha Korde (dialogues) | Rajeev Kumar (screenplay) | Sameer (lyrics),,2.3783,D,,,,,,,,,,,,tt1673411,3.5,,,,,,,,,hitFlop=1,Missing/Partial,,wikipedia,2.0,2026-07-02
BOLLY_2010_0056_kites,Kites,Kites,2010,May,5,2010-05-21,Action,,Action | Drama | Romance,No,,Anurag Basu,Hrithik Roshan,Barbara Mori,Hrithik Roshan | Bárbara Mori | Steven Michael Quezada | Kangana Ranaut,Anurag Basu (screenplay) | Robin Bhatt (screenplay) | Sanjeev Dutta (dialogue) | Akarsh Khurana (additional English dialogue) | Akarsh Khurana (screenplay) | Rakesh Roshan (story),Reliance Big Pictures,8.2519,D,5.1314,C,82,,65,,,,,,,tt1198101,6.0,,,,,,,,,hitFlop=1,High,,wikipedia,2.0,2026-07-02
BOLLY_2010_0057_ek_second_jo_zindagi_badal_de,Ek Second... Jo Zindagi Badal De...,Ek Second... Jo Zindagi Badal De?,2010,June,6,2010-06-11,Comedy,,Drama | Romance | Thriller,No,,Partho Ghosh,Jackie Shroff,Manisha Koirala,Bhushan Agarwal | Nikita Anand | Venita Anand | Bedi,Anand Raj Anand (lyrics) | Amit Khan,,2.6163,D,,,2.75,,0.44,,,,,,,tt1629260,0.0,,,,,,,,,hitFlop=1,High,,wikipedia,2.0,2026-07-02
BOLLY_2010_0058_raavan,Raavan,Raavan,2010,June,6,2010-06-18,Action,,Action | Adventure | Crime,No,,Mani Ratnam,Vikram,Abhishek Bachchan,Abhishek Bachchan | Aishwarya Rai Bachchan | Govinda | 'Chiyaan' Vikram,Mani Ratnam (screenplay) | Vijay Krishna Acharya (dialogue),"Reliance Big Pictures, Madras Talkies",,D,4.8812,D,55,,49.5,,,,,,,tt1334470,5.4,,,,,,,,,hitFlop=1,High,,wikipedia,2.0,2026-07-02
BOLLY_2010_0059_mr_singh_mrs_mehta,Mr. Singh/Mrs. Mehta,Mr. Singh Mrs. Mehta,2010,June,6,2010-06-25,Drama,,Drama,No,,Pravesh Raman,Aruna Shields,Prashant Narayanan,Prashant Narayanan | Aruna Shields | Naved Aslam | Lucy Hassan,Pravesh Bhardwaj (screenplay) | Amitabh Verma (lyrics),,,D,,,,,,,,,,,,tt1646217,4.1,,,,,,,,,hitFlop=1,Missing/Partial,,wikipedia,2.0,2026-07-02
BOLLY_2010_0060_milenge_milenge,Milenge Milenge,Milenge Milenge,2010,July,7,2010-07-09,Drama,,Drama | Romance,No,,Satish Kaushik,Kareena Kapoor,Shahid Kapoor,Kareena Kapoor | Shahid Kapoor | Aarti Chhabria | Delnaaz Irani,Shiraz Ahmed (dialogue) | Shiraz Ahmed (story),"Sahara One Motion Pictures, Eros International",8.0906,D,2.6808,D,,,,,,,,,,tt0443331,4.0,,,,,,,,,hitFlop=2,Missing/Partial,,wikipedia,2.0,2026-07-02
BOLLY_2010_0061_lamhaa,Lamhaa,Lamhaa,2010,July,7,,Action,,Action,No,,Rahul Dholakia,Sanjay Dutt,Bipasha Basu,Sanjay Dutt,,PVR Pictures,5.0026,C,,,,,,,,,,,,,,,,,,,,,,,Missing/Partial,,wikipedia,2.0,2026-07-02
BOLLY_2010_0062_tere_bin_laden,Tere Bin Laden,Tere Bin Laden,2010,July,7,2010-07-16,Comedy,,Comedy | Drama,No,,Abhishek Sharma,Ali Zafar,Sugandha Garg,Ali Zafar | Pradhuman Singh | Piyush Mishra | Nikhil Ratnaparkhi,Mohammad Ahmad (dialogue) | Abhishek Sharma (story),Walkwater Media,2.5332,D,,,,,,,,,,,,tt1629391,7.2,,,,,,,,,hitFlop=3,Missing/Partial,,wikipedia,2.0,2026-07-02
BOLLY_2010_0063_udaan,Udaan,Udaan,2010,July,7,2010-07-16,Drama,,Drama,No,,Vikramaditya Motwane,Ronit Roy,,Rajat Barmecha | Sanjay Gandhi | Ronit Roy | Manjot Singh,Vikramaditya Motwane | Anurag Kashyap | Satyanshu Singh (Rohan's poems and stories) | Devanshu Singh (Rohan's poems and stories),UTV Spotboy,,,,,5,,33.5,,,,,,,tt1639426,8.1,,,,,,,,,hitFlop=5,High,,wikipedia,2.0,2026-07-02
BOLLY_2010_0064_aisha,Aisha,Aisha,2010,August,8,2010-08-06,Comedy,,Comedy | Drama | Romance,No,,Rajshree Ojha,Sonam Kapoor,Abhay Deol,Sonam Kapoor | Abhay Deol | Amrita Puri | Cyrus Sahukar,Jane Austen (novel) | Devika Bhagat (screenplay) | Devika Bhagat (dialogue) | Ritu Bhatia (dialogue) | Manu Rishi Chadha (dialogue),PVR Pictures,5.488,B,,,12,,28.65,,,,,,,tt1509732,5.1,,,,,,,,,hitFlop=4,High,,wikipedia,2.0,2026-07-02
BOLLY_2010_0065_help,Help,Help,2010,August,8,2010-08-13,Horror,,Drama | Horror | Thriller,No,,Rajeev Virani,Bobby Deol,Mugdha Godse,Bobby Deol | Mugdha Godse | Shreyas Talpade | Sophie Handa,Viddesh Malandkar (dialogue) | Viddesh Malandkar (screenplay) | Manthan (lyrics) | Deepak Pawar (dialogue) | Deepak Pawar (screenplay),,2.4272,D,,,,,,,,,,,,tt1663647,4.2,,,,,,,,,hitFlop=1,Missing/Partial,,wikipedia,2.0,2026-07-02
BOLLY_2010_0066_peepli_live,Peepli (Live),Peepli Live,2010,August,8,2010-08-13,Drama,,Comedy | Drama,No,,Anusha Rizvi,Omkar Das Manikpuri,Raghubir Yadav,Omkar Das Manikpuri | Raghuvir Yadav | Shalini Vatsa | Farrukh Jaffar,Bhadwai (lyrics) | Swanand Kirkire (lyrics) | Noon Meem Rashet (lyrics) | Anusha Rizvi (screenplay) | Gangaram Sakhet (lyrics) | Sanjeev Sharma (lyrics),UTV Motion Pictures,2.1151,D,,,10,,46.85,,,,,,,tt1447508,7.4,,,,,,,,,hitFlop=5,High,,wikipedia,2.0,2026-07-02
BOLLY_2010_0067_lafangey_parindey,Lafangey Parindey,Lafangey Parindey,2010,August,8,2010-08-20,Drama,,Crime | Drama | Romance,No,,Pradeep Sarkar,Neil Nitin Mukesh,Deepika Padukone,Neil Nitin Mukesh | Deepika Padukone | Vijay Adhav | Manish Chaudhary,Swanand Kirkire (lyrics) | Gopi Puthran (story),Yash Raj Films,2.7445,D,2.2519,D,,,22.7,,,,,,,tt1606267,5.2,,,,,,,,,hitFlop=3,Low,,wikipedia,2.0,2026-07-02
BOLLY_2010_0068_and_once_again,...And Once Again,...And Once Again,2010,August,8,,Drama,,Drama,No,,Amol Palekar,Antara Mali,Rajat Kapoor,Antara Mali,,,2.6169,D,,,,,,,,,,,,,,,,,,,,,,,Missing/Partial,,wikipedia,2.0,2026-07-02
BOLLY_2010_0069_hello_darling,Hello Darling,Hello Darling,2010,August,8,2010-08-27,Comedy,,Comedy | Drama,No,,Manoj Tiwari,Celina Jaitly,Isha Koppikar,Gul Panag | Celina Jaitly | Isha Koppikar | Chunky Pandey,Shabbir Ahmed (lyrics) | Kumaar (lyrics) | Ashiesh Pandit (lyrics) | Sachin Shah | Pankaj Trivedi,Mukta Arts,,D,,,,,,,,,,,,tt1191118,,,,,,,,,,hitFlop=1,Missing/Partial,,wikipedia,2.0,2026-07-02
BOLLY_2010_0070_antardwand,Antardwand,Antardwand,2010,August,8,,Social,,Social,No,,Sushil Rajpal,Raja Chaudhary,Vinay Pathak,Raja Chaudhary,,,,D,,,1.5,,,,,,,,,,,,,,,,,,,,Low,,wikipedia,2.0,2026-07-02
BOLLY_2010_0071_aashayein,Aashayein,Aashayein,2010,August,8,2010-08-27,Drama,,Comedy | Drama,No,,Nagesh Kukunoor,John Abraham,Sonal Sehgal,John Abraham | Anaitha Nair | Girish Karnad | Farida Jalal,Nagesh Kukunoor,Percept Pictures,7.1193,D,1.4685,D,,,2.2,,,,,,,tt1227524,7.1,,,,,,,,,hitFlop=1,Low,,wikipedia,2.0,2026-07-02
BOLLY_2010_0072_soch_lo,Soch Lo,Soch Lo,2010,August,8,2010-09-27,Mystery,,Action | Crime | Drama,No,,Sartaj Singh Pannu,Bhupinder Singh,,Barkha Madan | Iris Maity | Nishan Nanaiah | Sartaj Singh Pannu,Prashant Ingole (lyrics) | Charu Moohan (lyrics) | Sartaj Singh Pannu,,,,,,,,,,,,,,,tt1630613,5.5,,,,,,,,,hitFlop=1,Missing/Partial,,wikipedia,2.0,2026-07-02
BOLLY_2010_0073_we_are_family,We Are Family,We Are Family,2010,September,9,2010-09-10,Comedy,,Drama | Family,No,,Siddharth Malhotra,Arjun Rampal,Kajol,Kareena Kapoor | Kajol | Arjun Rampal | Amrita Prakash,Niranjan Iyengar (dialogue),"UTV Motion Pictures, Columbia Pictures, Dharma Productions",3.8011,D,,,,,,,,,,,,tt1428459,5.6,,,,,,,,,hitFlop=2,Missing/Partial,,wikipedia,2.0,2026-07-02
BOLLY_2010_0074_mallika,Mallika,Mallika,2010,September,9,2010-09-03,Horror,,Drama | Horror | Mystery,No,,Wilson Louis,Sameer Dattani,Himanshu Malik,Anirudh Agarwal | Puja Ballutia | Sammir Dattani | Dunger,Alok Mishra (additional screenplay & dialogue) | A. Sammeer | B. Viveck,,,D,,,,,,,,,,,,tt1929309,4.5,,,,,,,,,hitFlop=1,Missing/Partial,,wikipedia,2.0,2026-07-02
BOLLY_2010_0075_the_film_emotional_atyachar,The Film Emotional Atyachar,The Film Emotional Atyachar,2010,September,9,2010-09-03,Comedy,,Comedy | Crime | Drama,No,,Akshay Shere,Kalki Koechlin,Vinay Pathak,Ranvir Shorey | Vinay Pathak | Ravi Kishan | Mohit Ahlawat,Amitabh Bhattacharya (lyrics) | Bhavini Bheda | Kartik Krishnan (dialogues) | Virag Mishra (lyrics),,3.9852,D,,,,,,,,,,,,tt1649760,7.0,,,,,,,,,hitFlop=1,Missing/Partial,,wikipedia,2.0,2026-07-02
BOLLY_2010_0076_benny_and_babloo,Benny and Babloo,Benny and Babloo,2010,October,10,2010-10-01,Drama,,Comedy | Drama,No,,Yunus Sajawal,Kay Kay Menon,Rajpal Yadav,Kay Kay Menon | Rajpal Yadav | Aashif Sheikh | Shweta Tiwari,Shabbir Ahmed (lyrics) | Panchhi Jalonvi (lyrics) | Yunus Sajawal | Farhad Sajid (dialogue),,2.6256,D,,,,,,,,,,,,tt1740662,6.1,,,,,,,,,hitFlop=1,Missing/Partial,,wikipedia,2.0,2026-07-02
BOLLY_2010_0077_crook,Crook,Crook,2010,October,10,,Action,,Action,No,,Mohit Suri,Emraan Hashmi,Neha Sharma,Emraan Hashmi,,Vishesh Films,4.721,D,4.931,D,17.5,,12.4,,,,,,,,,,,,,,,,,hitFlop=1,High,,wikipedia,2.0,2026-07-02
BOLLY_2010_0078_do_dooni_chaar,Do Dooni Chaar,Do Dooni Chaar,2010,October,10,2010-10-08,Comedy,,Comedy | Drama,No,,Habib Faisal,Rishi Kapoor,Neetu Singh,Rishi Kapoor | Neetu Singh | Aditi Vasudev | Archit Krishna,Habib Faisal (screenplay) | Rahil Qazi (screenplay),Walt Disney Pictures,4.4084,B,2.7399,D,,,,,,,,,,tt1714832,7.5,,,,,,,,,hitFlop=2,Missing/Partial,,wikipedia,2.0,2026-07-02
BOLLY_2010_0079_aakrosh,Aakrosh,Aakrosh,2010,October,10,2010-10-15,Action,,Action | Crime | Drama,No,,Priyadarshan,Ajay Devgn,Akshaye Khanna,Ajay Devgn | Akshaye Khanna | Bipasha Basu | Jaideep Ahlawat,Robin Bhatt (story) | Aditya Dhar (dialogues) | Irshad Kamil (lyrics) | Akash Khurana (story),"Eros International, Zee Motion Pictures",6.8713,C,3.8472,D,38,,19.4,,,,,,,tt1708453,7.0,,,,,,,,,hitFlop=1,High,,wikipedia,2.0,2026-07-02
BOLLY_2010_0080_knock_out,Knock Out,Knock Out,2010,October,10,2010-10-15,Action,,Action | Crime | Drama,No,,Mani Shankar,Sanjay Dutt,Kangana Ranaut,Sanjay Dutt | Irrfan Khan | Kangana Ranaut | Gulshan Grover,Shiraz Ahmed (dialogue) | Vishal Dadlani (lyrics) | Panchhi Jalonvi (lyrics) | Mani Shankar (story) | Shellee (lyrics),,5.0026,C,2.3406,D,,,6.2,,,,,,,tt1558578,6.1,,,,,,,,,hitFlop=1,Low,,wikipedia,2.0,2026-07-02
BOLLY_2010_0081_kajraare,Kajraare,Kajraare,2010,October,10,2010-10-15,Drama,,Crime | Drama | Romance,No,,Pooja Bhatt,Himesh Reshammiya,Sara Loren,Himesh Reshammiya | Sara Loren | Amrita Singh | Gulshan Grover,Mahesh Bhatt | Shagufta Rafique (dialogue) | Sameer (lyrics),T-Series Films,1.5575,D,3.0934,D,,,,,,,,,,tt1633212,2.6,,,,,,,,,hitFlop=1,Missing/Partial,,wikipedia,2.0,2026-07-02
BOLLY_2010_0082_hisss,Hisss,Hisss,2010,October,10,2010-10-22,Thriller,,Comedy | Drama | Horror,No,,Jennifer Lynch,Mallika Sherawat,Irrfan Khan,Mallika Sherawat | Irrfan Khan | Jeff Doucette | Divya Dutta,Jennifer Chambers Lynch | Gulfam Khan (dialogue),,4.0848,D,,,,,,,,,,,,tt1244093,2.9,,,,,,,,,hitFlop=1,Missing/Partial,,wikipedia,2.0,2026-07-02
BOLLY_2010_0083_jhootha_hi_sahi,Jhootha Hi Sahi,Jhootha Hi Sahi,2010,October,10,,Comedy,,Comedy,No,,Abbas Tyrewala,John Abraham,Pakhi Tyrewala,John Abraham,,,7.1193,D,,,35,,15.6,,,,,,,,,,,,,,,,,hitFlop=1,High,,wikipedia,2.0,2026-07-02
BOLLY_2010_0084_rakta_charitra,Rakta Charitra,Rakta Charitra,2010,October,10,,Action,,Action,No,,Ram Gopal Verma,Vivek Oberoi,Sudeep,Vivek Oberoi,,"Vistaar Religare Film Fund, Cinergy",3.486,D,,,,,,,,,,,,,,,,,,,,,,,Missing/Partial,,wikipedia,2.0,2026-07-02
BOLLY_2010_0085_maalik_ek,Maalik Ek,Maalik Ek,2010,October,10,,Historical,,Historical,No,,Deepak Balraj Vij,Jackie Shroff,Divya Dutta,Jackie Shroff,,,2.6163,D,,,,,,,,,,,,,,,,,,,,,,,Missing/Partial,,wikipedia,2.0,2026-07-02
BOLLY_2010_0086_nakshatra,Nakshatra,Nakshatra,2010,October,10,2010-10-29,Thriller,,Crime | Drama | Mystery,No,,Mohan Savalkar,Anupam Kher,,Malaika Arora | Suresh Chatwal | Gajendra Chouhan | Anant Jog,Harry Anand (lyrics) | Nawab Arzoo (lyrics) | Rani Malik (lyrics) | Mohan Savalkar,,3.4477,D,,,,,,,,,,,,tt1935184,8.0,,,,,,,,,hitFlop=1,Missing/Partial,,wikipedia,2.0,2026-07-02
BOLLY_2010_0087_action_replayy,Action Replayy,Action Replayy,2010,November,11,2010-11-05,Action,,Comedy | Drama | Romance,No,,Vipul Amrutlal Shah,Akshay Kumar,Aishwarya Rai Bachchan,Akshay Kumar | Aishwarya Rai Bachchan | Om Puri | Kiron Kher,Irshad Kamil (lyrics) | Aatish Kapadia (dialogues) | Aatish Kapadia (story) | Suresh Nair (story) | Ritesh Shah (dialogues),"PVR Pictures, Hari Om Entertainment",6.3805,C,3.229,D,60,,48,,,,,,,tt1396208,4.3,,,,,,,,,hitFlop=1,High,,wikipedia,2.0,2026-07-02
BOLLY_2010_0088_dunno_y_na_jaane_kyon,Dunno Y... Na Jaane Kyon,Dunno Y... Na Jaane Kyon,2010,September,9,,Drama,,Drama,No,,Sanjay Sharma,Aryan Vaid,Rituparna Sengupta,Aryan Vaid,,,1.2788,D,,,,,,,,,,,,,,,,,,,,,,,Missing/Partial,,wikipedia,2.0,2026-07-02
BOLLY_2010_0089_a_flat,A Flat,A Flat,2010,November,11,2010-11-12,Horror,,Drama | Horror | Romance,No,,Raaj Verma,Sanjay Suri,Jimmy Shergill,Jimmy Shergill | Sanjay Suri | Hazel Croney | Kaveri Jha,Hemant Madhukar (screenplay) | Hemant Madhukar (story) | Ajay Monga (screenplay),,1.9321,D,,,,,,,,,,,,tt0988655,2.8,,,,,,,,,hitFlop=1,Missing/Partial,,wikipedia,2.0,2026-07-02
BOLLY_2010_0090_guzaarish,Guzaarish,Guzaarish,2010,November,11,2010-11-19,Drama,,Comedy | Drama | Romance,No,,Sanjay Leela Bhansali,Hrithik Roshan,Aishwarya Rai Bachchan,Hrithik Roshan | Aishwarya Rai Bachchan | Shernaz Patel | Aditya Roy Kapoor,Sanjay Leela Bhansali (screenplay) | Bhavani Iyer (dialogue) | Bhavani Iyer (screenplay) | Vibhu Puri (dialogue) | Turaz (lyrics),UTV Motion Pictures,8.2519,D,4.922,D,75,,61.3,,,,,,,tt1438298,7.4,,,,,,,,,hitFlop=1,High,,wikipedia,2.0,2026-07-02
BOLLY_2010_0091_shahrukh_bola_khoobsurat_hai_tu,"Shahrukh Bola ""Khoobsurat Hai Tu""","Shahrukh Bola ""Khoobsurat Hai Tu""",2010,November,11,,Drama,,Drama,No,,Makrand Deshpande,Shahrukh Khan,Kay Kay Menon,Shahrukh Khan,,,,D,,,,,,,,,,,,,,,,,,,,,,,Missing/Partial,,wikipedia,2.0,2026-07-02
BOLLY_2010_0092_diwangi_ne_had_kar_di,Diwangi Ne Had Kar Di,Diwangi Ne Had Kar Di,2010,November,11,,Drama,,Drama,No,,Jiten Purohit,,,,,,,,,,,,,,,,,,,,,,,,,,,,,,Missing/Partial,,wikipedia,2.0,2026-07-02
BOLLY_2010_0093_allah_ke_banday,Allah Ke Banday,Allah Ke Banday,2010,November,11,2010-11-26,Drama,,Action | Crime | Drama,No,,Faruk Kabir,Sharman Joshi,Naseeruddin Shah,Varun Bhagwat | Vikram Gokhale | Zakir Hussain | Bharat Jha,Faruk Kabir | Sarim Momin (lyrics),,3.6904,D,,,5,,,,,,,,,tt1292642,7.0,,,,,,,,,hitFlop=1,Low,,wikipedia,2.0,2026-07-02
BOLLY_2010_0094_break_ke_baad,Break Ke Baad,Break Ke Baad,2010,November,11,2010-11-26,Comedy,,Comedy | Drama | Romance,No,,Danish Aslam,Imran Khan,Deepika Padukone,Deepika Padukone | Imran Khan | Lillete Dubey | Shahana Goswami,Danish Aslam (story) | Vishal Dadlani (lyrics) | Prasoon Joshi (lyrics) | Renuka Kunzru (story),Reliance Big Pictures,5.112,C,,,18,,,,,,,,,tt1578261,5.2,,,,,,,,,hitFlop=2,Low,,wikipedia,2.0,2026-07-02
BOLLY_2010_0095_khuda_kasam,Khuda Kasam,Khuda Kasam,2010,November,11,2010-11-26,Action,,Action | Crime | Drama,No,,K C Bokadia,Sunny Deol,Tabu,Beena Banerjee | Sunny Deol | Farida Jalal | Raza Murad,K.C. Bokadia (dialogue) | K.C. Bokadia,,3.3809,D,,,,,,,,,,,,tt1920986,3.2,,,,,,,,,hitFlop=1,Missing/Partial,,wikipedia,2.0,2026-07-02
BOLLY_2010_0096_khelein_hum_jee_jaan_sey,Khelein Hum Jee Jaan Sey,Khelein Hum Jee Jaan Sey,2010,December,12,2010-12-03,Action,,Action | Drama | History,No,,Ashutosh Gowariker,Abhishek Bachchan,Deepika Padukone,Abhishek Bachchan | Deepika Padukone | Sikander Kher | Maninder Singh,Javed Akhtar (lyrics) | Ashutosh Gowariker (screenplay) | Vijay Maurya (dialogue writer) | Raoul Randolf (screenplay),PVR Pictures,5.2079,D,3.7481,D,45,,4.91,,,,,,,tt1637691,5.8,,,,,,,,,hitFlop=1,High,,wikipedia,2.0,2026-07-02
BOLLY_2010_0097_phas_gaye_re_obama,Phas Gaye Re Obama,Phas Gaye Re Obama,2010,December,12,2010-12-03,Comedy,,Comedy | Crime,No,,Subhash Kapoor,Rajat Kapoor,Neha Dhupia,Rajat Kapoor | Neha Dhupia | Sanjay Mishra | Manu Rishi Chadha,Subhash Kapoor | Shellee (lyrics) | Gopal Tiwari (lyrics),Warner Bros. Pictures,2.737,D,,,6,,14,,,,,,,tt1773015,7.5,,,,,,,,,hitFlop=4,High,,wikipedia,2.0,2026-07-02
BOLLY_2010_0098_rakta_charitra_2,Rakta Charitra 2,Rakta Charitra 2,2010,December,12,,Action,,Action,No,,Ram Gopal Verma,Suriya,Vivek Oberoi,Suriya,,,,D,,,,,,,,,,,,,,,,,,,,,,,Missing/Partial,,wikipedia,2.0,2026-07-02
BOLLY_2010_0099_band_baaja_baaraat,Band Baaja Baaraat,Band Baaja Baaraat,2010,December,12,,Comedy,,Comedy,No,,Maneesh Sharma,Ranveer Singh,Anushka Sharma,Ranveer Singh,,Yash Raj Films,6.0024,C,,,,,96,,,,,,,,,,,,,,,,,,Low,,wikipedia,2.0,2026-07-02
BOLLY_2010_0100_no_problem,No Problem,No Problem,2010,December,12,2010-12-10,Action,,Action | Comedy | Crime,No,,Anees Bazmee,Paresh Rawal,Anil Kapoor,Anil Kapoor | Sanjay Dutt | Kangana Ranaut | Sunil Shetty,Ikram Akhtar (screenplay) | Nisar Akhtar (additional dialogue) | Anand Raj Anand (lyrics) | Anees Bazmee | Kumaar (lyrics),Eros International,3.7967,D,5.6076,C,,,,,,,,,,tt1431122,4.5,,,,,,,,,hitFlop=2,Missing/Partial,,wikipedia,2.0,2026-07-02
BOLLY_2010_0101_332_mumbai_to_india,332 Mumbai to India,332 Mumbai to India,2010,December,12,,Thriller,,Thriller,No,,Mahesh Pandey,Ali Asgar,,Ali Asgar,,,,,,,,,,,,,,,,,,,,,,,,,,,Missing/Partial,,wikipedia,2.0,2026-07-02
BOLLY_2010_0102_payback,Payback,Payback,2010,December,12,2010-11-26,Thriller,,Action | Crime | Drama,No,,Sachin P. Karande,Sara Khan,Gulshan Grover,Gulshan Grover | Munish Khan | Zakir Hussain | Mukesh Tiwari,Upendra Sidhaye | Dev Sikandar (lyrics),,,D,,,,,0.25,,,,,,,tt1740017,3.0,,,,,,,,,hitFlop=1,Low,,wikipedia,2.0,2026-07-02
BOLLY_2010_0103_kaalo,Kaalo,Kaalo,2010,December,12,2010-12-17,Horror,,Action | Drama | Horror,No,,Wilson Louis,Aditya Srivastava,Gufi Paintal,Aditya Srivastava | Swini Khara | Aditya Lakhia | Raj Arjun,Wilson Louis (screenplay) | Wilson Louis (story) | Mamta Patnaik (story),,1.1115,D,,,,,0.3,,,,,,,tt1808221,3.8,,,,,,,,,hitFlop=1,Low,,wikipedia,2.0,2026-07-02
BOLLY_2010_0104_mirch,Mirch,Mirch,2010,December,12,2010-10-22,Comedy,,Comedy | Drama | Fantasy,No,,Vinay Shukla,Konkona Sen Sharma,Raima Sen,Arunoday Singh | Boman Irani | Ila Arun | Konkona Sen Sharma,Javed Akhtar (lyrics) | Vinay Shukla (story),Reliance Big Pictures,2.9405,D,,,,,,,,,,,,tt1388903,6.5,,,,,,,,,hitFlop=1,Missing/Partial,,wikipedia,2.0,2026-07-02
BOLLY_2010_0105_isi_life_mein,Isi Life Mein...!,Isi Life Mein...!,2010,December,12,2010-12-24,Romance,,Comedy | Drama | Romance,No,,Vidhi Kasliwal,Akshay Oberoi,Sandeepa Dhar,Akshay Oberoi | Sandeepa Dhar | Mohnish Bahl | Prachi Shah,Sulekha Bajpai (screenplay) | Vidhi Kasliwal (story),,,D,,,,,,,,,,,,tt1781838,5.6,,,,,,,,,hitFlop=1,Missing/Partial,,wikipedia,2.0,2026-07-02
BOLLY_2010_0106_toonpur_ka_superrhero,Toonpur Ka Superrhero,Toonpur Ka Superrhero,2010,December,12,2010-12-24,Action,,Animation | Action | Adventure,No,,Kireet Khurana,Ajay Devgn,Kajol,Ajay Devgn | Sanjay Dutt | Delnaaz Irani | Chinky Jaiswal,Raagi Bhatnagar (story) | Bhimsain (story) | Munna Dhiman (lyrics) | Mubeen Farooqi (dialogue) | Kireet Khurana (screenplay) | Kumaar (lyrics),Eros International,6.8713,C,,,25,,7.09,,,,,,,tt1189006,4.9,,,,,,,,,hitFlop=1,High,,wikipedia,2.0,2026-07-02
BOLLY_2010_0107_tera_kya_hoga_johnny,Tera Kya Hoga Johnny,Tera Kya Hoga Johnny,2010,December,12,,Drama,,Drama,No,,Sudhir Mishra,Neil Nitin Mukesh,Soha Ali Khan,Neil Nitin Mukesh,,,2.7445,D,1.6302,D,,,,,,,,,,,,,,,,,,,,,Missing/Partial,,wikipedia,2.0,2026-07-02
BOLLY_2010_0108_ada_a_way_of_life,Ada... A Way of Life,Ada... A Way of Life,2010,December,12,,Musical,,Musical,No,,Tanvir Ahmad,Nauheed Cyrusi,Ayesha Jhulka,Nauheed Cyrusi,,,1,D,,,,,,,,,,,,,,,,,,,,,,,Missing/Partial,,wikipedia,2.0,2026-07-02
BOLLY_2011_0109_bodyguard,Bodyguard,Bodyguard,2011,August,8,2011-08-31,Action,,Romance,No,,Reliance Entertainment,,,Salman Khan | Kareena Kapoor | Raj Babbar | Asrani,J.P. Chowksey (screenplay) | Kiran Kotrial (screenplay) | Siddique,,,,,,60,,252.99,,,,,,,tt1729637,4.7,,,,,,,,,hitFlop=5,High,,wikipedia,2.0,2026-07-02
BOLLY_2011_0110_ra_one,Ra.One,Ra.One,2011,October,10,2011-10-26,Action,,Action | Adventure | Sci-Fi,No,,Red Chillies Entertainment,,,Arjun Rampal | Shah Rukh Khan | Kareena Kapoor | Shahana Goswami,David Benullo | Kanika Dhillon (dialogue) | Kanika Dhillon (screenplay) | Niranjan Iyengar (dialogue) | Shah Rukh Khan (screenplay) | Mushtaq Sheikh (screenplay) | Anubhav Sinha (story),,,,,,120,,207,,,,,,,tt1562871,4.8,,,,,,,,,hitFlop=3,High,,wikipedia,2.0,2026-07-02
BOLLY_2011_0111_don_2,Don 2,Don 2,2011,December,12,2011-12-23,Action,,Action | Crime | Drama,No,,Reliance Entertainment | Excel Entertainment,,,Shah Rukh Khan | Priyanka Chopra | Hrithik Roshan | Om Puri,Farhan Akhtar (dialogue) | Farhan Akhtar (story) | Javed Akhtar (characters) | Salim Khan (characters) | Ameet Mehta (screenplay) | Ameet Mehta (story),,,,,,76,,202.81,,,,,,,tt1285241,7.1,,,,,,,,,hitFlop=4,High,,wikipedia,2.0,2026-07-02
BOLLY_2011_0112_ready,Ready,Ready,2011,June,6,2011-06-03,Action,,Comedy | Romance,No,,T-Series Films,,,Salman Khan | Asin | Paresh Rawal | Mahesh Manjrekar,Ikram Akhtar (screenplay) | Nisar Akhtar (additional dialogue) | Farhad Bhiwandiwala (dialogue) | Gopimohan (story) | Rajeev Kaul (screenplay) | Sajid (dialogue),,,,,,,,186.02,,,,,,,tt1708532,4.8,,,,,,,,,hitFlop=8,Low,,wikipedia,2.0,2026-07-02
BOLLY_2011_0113_zindagi_na_milegi_dobara,Zindagi Na Milegi Dobara,Zindagi Na Milegi Dobara,2011,July,7,2011-07-15,Comedy,,Adventure | Comedy | Drama,No,,Eros International | Excel Entertainment,,,Katrina Kaif | Hrithik Roshan | Naseeruddin Shah | Farhan Akhtar,Farhan Akhtar (dialogue) | Zoya Akhtar (story) | Zoya Akhtar | Reema Kagti (story),,,,,,45,,153,,,,,,,tt1562872,8.2,,,,,,,,,hitFlop=5,High,,wikipedia,2.0,2026-07-02
BOLLY_2011_0114_singham,Singham,Singham,2011,July,7,2011-07-22,Action,,Action | Crime | Drama,No,,Reliance Entertainment,,,Ajay Devgn | Kajal Agarwal | Prakash Raj | Sonali Kulkarni,Farhad | Farhad | Hari (original story) | Yunus Sajawal (screenplay) | Sajid (dialogue),,,,,,41,,141.3,,,,,,,tt1948150,6.8,,,,,,,,,hitFlop=5,High,,wikipedia,2.0,2026-07-02
BOLLY_2011_0115_the_dirty_picture,The Dirty Picture,The Dirty Picture,2011,December,12,2011-12-02,Drama,,Biography | Comedy | Drama,No,,Balaji Motion Pictures | ALT Entertainment,,,Vidya Balan | Emraan Hashmi | Tusshar Kapoor | Naseeruddin Shah,Rajat Arora,,,,,,18,,117,,,,,,,tt1954206,6.6,,,,,,,,,hitFlop=5,High,,wikipedia,2.0,2026-07-02
BOLLY_2011_0116_rockstar,RockStar,Rockstar,2011,November,11,2011-11-11,Drama,,Music | Musical,No,,Shree Ashtavinayak Cine Vision | Eros International,,,Ranbir Kapoor | Nargis Fakhri | Shammi Kapoor | Kumud Mishra,Imtiaz Ali | Muazzam Beg,,,,,,,,108.7,,,,,,,tt1839596,7.7,,,,,,,,,hitFlop=5,Low,,wikipedia,2.0,2026-07-02
BOLLY_2011_0117_murder_2,Murder 2,Murder 2,2011,July,7,2011-07-08,Action,,Action | Crime | Drama,No,,Vishesh Films,,,Jacqueline Fernandez | Yana Gupta | Emraan Hashmi | Amardeep Jha,Mahesh Bhatt | Shagufta Rafique,,,,,,13,,67.84,,,,,,,tt1918965,6.3,,,,,,,,,hitFlop=5,High,,wikipedia,2.0,2026-07-02
BOLLY_2011_0118_delhi_belly,Delhi Belly,Delhi Belly,2011,July,7,2011-07-01,Action,,Comedy | Crime | Drama,No,,UTV Motion Pictures,,,Imran Khan | Vir Das | Kunaal Roy Kapur | Shenaz Treasury,Akshat Verma,,,,,,23,,87.6,,,,,,,tt1934231,7.5,,,,,,,,,hitFlop=5,High,,wikipedia,2.0,2026-07-02
BOLLY_2011_0119_no_one_killed_jessica,No One Killed Jessica,No One Killed Jessica,2011,January,1,2011-01-07,Thriller,,Crime | Drama | Thriller,No,,Raj Kumar Gupta,Rani Mukherjee,Vidya Balan,Rani Mukerji | Vidya Balan | Myra Karn | Neil Bhoopalam,Amitabh Bhattacharya (lyrics) | Raj Kumar Gupta (story),UTV Spotboy,,C,4.6076,D,9,,45.72,,,,,,,tt1734110,7.2,,,,,,,,,hitFlop=5,High,,wikipedia,2.0,2026-07-02
BOLLY_2011_0120_impatient_vivek,Impatient Vivek,Impatient Vivek,2011,January,1,2011-01-07,Comedy,,Comedy | Drama | Romance,No,,Rahat Kazmi,Sayali Bhagat,,Vivek Sudershan | Sayali Bhagat | Ronnaoq Ahuja | Chari Asopa,Rahat Kazmi (screenplay) | B.K. Tyagi (story),,,D,1.0545,D,,,,,,,,,,tt1948047,2.0,,,,,,,,,hitFlop=1,Missing/Partial,,wikipedia,2.0,2026-07-02
BOLLY_2011_0121_yamla_pagla_deewana,Yamla Pagla Deewana,Yamla Pagla Deewana,2011,January,1,2011-01-14,Comedy,,Action | Comedy | Drama,No,,Samir Karnik,Dharmendra,Sunny Deol,Nafisa Ali | Madhuri Bhattacharya | Emma Brown Garett | Mahek Chahal,Jasvinder Bath (story) | Jasvinder Bath,"One Up Entertainment, Top Angle Productions",3.0997,D,2.1674,D,13,,88,,,,,,,tt1773109,5.7,,,,,,,,,hitFlop=5,High,,wikipedia,2.0,2026-07-02
BOLLY_2011_0122_turning_30,Turning 30!!!,Turning 30!!!,2011,January,1,2011-01-14,Comedy,,Comedy | Drama | Romance,No,,Alankrita Shrivastava,Purab Kohli,Gul Panag,Gul Panag | Purab Kohli | Sid Makkar | Jeneva Talwar,Ram Goutam (lyrics) | Kumaar (lyrics) | Prashant Pandey (lyrics) | Suhas Shetty (lyrics) | Alankrita Shrivastava,,,D,,,,,,,,,,,,tt1666184,3.2,,,,,,,,,hitFlop=1,Missing/Partial,,wikipedia,2.0,2026-07-02
BOLLY_2011_0123_mumbai_mast_kallander,Mumbai Mast Kallander,Mumbai Mast Kallander,2011,January,1,2011-01-14,Drama,,Action | Comedy | Crime,No,,Aman Mihani,Shilpa Shukla,,Mohsin | Muzzi | Shilpa Shukla | Luna,Panchhi Jalonvi (lyrics) | Sanyukta Ray (screenplay) | Sanyukta Ray (story) | Raj Shekhar (screenplay),,,,,,,,,,,,,,,tt1900937,0.0,,,,,,,,,hitFlop=1,Missing/Partial,,wikipedia,2.0,2026-07-02
BOLLY_2011_0124_dhobi_ghat,Dhobi Ghat,Dhobi Ghat,2011,January,1,,Drama,,Drama,No,,Kiran Rao,Prateik Babbar,Aamir Khan,Prateik Babbar,,UTV Motion Pictures,,A,,,40,,25.6,,,,,,,,,,,,,,,,,hitFlop=1,High,,wikipedia,2.0,2026-07-02
BOLLY_2011_0125_hostel,Hostel,Hostel,2011,January,1,2011-01-21,Action,,Action | Crime | Drama,No,,Manish Gupta,Vatsal Sheth,Tulip Joshi,Vatsal Seth | Tulip Joshi | Mukesh Tiwari | Nagesh Bhonsle,Manish Gupta | Virag Mishra (lyrics),,,D,,,,,,,,,,,,tt1825801,5.3,,,,,,,,,hitFlop=1,Missing/Partial,,wikipedia,2.0,2026-07-02
BOLLY_2011_0126_dil_toh_baccha_hai_ji,Dil Toh Baccha Hai Ji,Dil Toh Baccha Hai Ji,2011,January,1,2011-01-27,Comedy,,Comedy | Drama | Romance,No,,Madhur Bhandarkar,Ajay Devgn,Emraan Hashmi,Ajay Devgn | Emraan Hashmi | Omi Vaidya | Shazahn Padamsee,Madhur Bhandarkar (story) | Sanjay Chhel (dialogue) | Kumaar (lyrics) | Neelesh Misra (lyrics) | Anil Pandey (story) | Sayeed Qadri (lyrics) | Neeraj Udhwani (screenplay) | Neeraj Udhwani (story),"Bhandarkar Entertainment, Wide Frame Pictures, Baba Arts",6.8713,C,3.2787,D,,,28.91,,,,,,,tt1727496,5.9,,,,,,,,,hitFlop=2,Low,,wikipedia,2.0,2026-07-02
BOLLY_2011_0127_yeh_saali_zindagi,Yeh Saali Zindagi,Yeh Saali Zindagi,2011,February,2,2011-02-04,Drama,,Crime | Drama | Thriller,No,,Sudhir Mishra,Arunoday Singh,Chitrangada Singh,Irrfan Khan | Chitrangda Singh | Arunoday Singh | Aditi Rao Hydari,Manu Rishi Chadha (dialogues) | Swanand Kirkire (lyrics) | Sudhir Mishra (dialogues) | Sudhir Mishra (story),"Mystic Movies, Prakash Jha Productions, Cineraas Productions",2.1151,D,1.6302,D,8,,10.75,,,,,,,tt1754920,7.4,,,,,,,,,hitFlop=2,High,,wikipedia,2.0,2026-07-02
BOLLY_2011_0128_united_six,United Six,United Six,2011,February,2,2011-02-04,Drama,,Action | Drama | Thriller,No,,Vishal Aryan Singh,Parvathy Omanakuttan,,Brahim Achabbakhe | Russell Geoffrey Banks | Leigh Barwell | Isha Batwe,Kapil Mishra | Vishal Aryan Singh,,,,,,,,,,,,,,,tt1821692,,,,,,,,,,hitFlop=1,Missing/Partial,,wikipedia,2.0,2026-07-02
BOLLY_2011_0129_utt_pataang,Utt Pataang,Utt Pataang,2011,February,2,2011-02-01,Comedy,,Comedy | Drama,No,,Srikanth V. Velagaleti,Vinay Pathak,Mahie Gill,Vinay Pathak | Saurabh Shukla | Mahie Gill | Mona Singh,Arun Kumar (lyrics) | Rohit Sharma (lyrics) | Saurabh Shukla (dialogues) | Saurabh Shukla (screenplay) | Srikanth Velagaleti (screenplay) | Srikanth Velagaleti (story),Warner Bros. Pictures,3.1247,D,,,,,,,,,,,,tt1809399,5.0,,,,,,,,,hitFlop=1,Missing/Partial,,wikipedia,2.0,2026-07-02
BOLLY_2011_0130_angel,Angel,Angel,2011,February,2,2011-02-04,Action,,Action | Drama,No,,Ganesh Acharya,Aruna Irani,,Sumit Arora | Arun | Raakesh Babu | Prem Kishen Dwivedi,Muazzam Beg,,,,,,,,,,,,,,,tt1825655,4.0,,,,,,,,,hitFlop=1,Missing/Partial,,wikipedia,2.0,2026-07-02
BOLLY_2011_0131_patiala_house,Patiala House,Patiala House,2011,February,2,2011-02-11,Drama,,Comedy | Drama | Sport,No,,Nikhil Advani,Rishi Kapoor,Dimple Kapadia,Rishi Kapoor | Dimple Kapadia | Akshay Kumar | Anushka Sharma,Nikhil Advani (story) | Earl D'Souza (lyrics) | Anvita Dutt Guptan (dialogues) | Harshdeep Kaur (lyrics),"T-Series Films, Hari Om Entertainment, Emmay Entertainment",4.4084,B,2.3243,D,26,,35.3,,,,,,,tt1535467,5.6,,,,,,,,,hitFlop=2,High,,wikipedia,2.0,2026-07-02
BOLLY_2011_0132_aashiqui_in,Aashiqui.in,Aashiqui.in,2011,February,2,2011-02-11,Comedy,,Drama | Romance,No,,Shankhadeep,,,Ishaan Manhaas | Dheeraj Miglani | Priti Gandwani | Shubhi Ahuja,Shankhadeep,,,,,,,,,,,,,,,tt1814619,10.0,,,,,,,,,hitFlop=1,Missing/Partial,,wikipedia,2.0,2026-07-02
BOLLY_2011_0133_7_khoon_maaf,7 Khoon Maaf,7 Khoon Maaf,2011,February,2,2011-02-18,Comedy,,Drama | Mystery | Thriller,No,,Vishal Bhardwaj,Priyanka Chopra,Neil Nitin Mukesh,Priyanka Chopra | Vivaan Shah | Manuj Bhaskar | Sanjay Verma,Ruskin Bond (short story) | Matthew Robbins (screenplay) | Vishal Bhardwaj (screenplay) | Gulzar (lyrics) | Ajinkya Iyer (lyrics),UTV Spotboy,8.1369,B,3.6423,D,15,,33,,,,,,,tt1629376,6.3,,,,,,,,,hitFlop=4,High,,wikipedia,2.0,2026-07-02
BOLLY_2011_0134_kaccha_limboo,Kaccha Limboo,Kaccha Limboo,2011,February,2,2011-02-18,Drama,,Comedy | Family,No,,Sagar Ballary,Vinay Pathak,Sarika,Bhairavi Goswami | Iravati Harshe | Chinmay Kambli | Rajesh Khattar,Sagar Ballary | Jyoti Kapoor (dialogue) | Manaswini Lata Ravindra,,3.1247,D,2.74,D,,,,,,,,,,tt1836015,7.3,,,,,,,,,hitFlop=1,Missing/Partial,,wikipedia,2.0,2026-07-02
BOLLY_2011_0135_masti_express,Masti Express,Masti Express,2011,February,2,2011-02-18,Comedy,,Comedy | Drama,No,,Vikram Pradhan,Rajpal Yadav,Johnny Lever,Rajpal Yadav | Johnny Lever | Divya Dutta | Jaikumar Banotia,Vikram Pradhan (screenplay) | Vikram Pradhan (story) | Bunty Rathore (dialogue) | Manoj Yadav (lyrics),,2.3783,D,,,,,,,,,,,,tt1896781,,,,,,,,,,hitFlop=1,Missing/Partial,,wikipedia,2.0,2026-07-02
BOLLY_2011_0136_tanu_weds_manu,Tanu Weds Manu,Tanu Weds Manu,2011,February,2,2011-02-25,Comedy,,Comedy | Drama | Romance,No,,Aanand L. Rai,Madhavan,Kangana Ranaut,Madhavan | Kangana Ranaut | Jimmy Shergill | Deepak Dobriyal,Himanshu Sharma (screenplay),Viacom18 Motion Pictures,5.0561,C,,,17.5,,56,,,,,,,tt1694542,6.8,,,,,,,,,hitFlop=5,High,,wikipedia,2.0,2026-07-02
BOLLY_2011_0137_satrangee_parachute,Satrangee Parachute,Satrangee Parachute,2011,February,2,2011-02-25,Drama,,Comedy | Drama | Family,No,,Vineet Khetrapal,Jackie Shroff,Kay Kay Menon,Sanjay Mishra | Zakir Hussain | Lilliput | Rupali Ganguly,Pulakesh Bhowmik (story) | Anupam Mishra (dialogues),,2.6163,D,,,,,,,,,,,,tt1886663,,,,,,,,,,hitFlop=1,Missing/Partial,,wikipedia,2.0,2026-07-02
BOLLY_2011_0138_yeh_faasley,Yeh Faasley,Yeh Faasley,2011,March,3,2011-03-04,Thriller,,Crime | Drama | Mystery,No,,Yogesh Mittal,Anupam Kher,Pavan Malhotra,Rachita Bhattacharya | Seema Biswas | Sudha Chandran | Sanjiv Chopra,Arpita Chatterjee (story) | Sameer Kohli (story) | Rajen Makhijani (screenplay) | Rajen Makhijani (story) | Yogesh Mittal (dialogue) | Yogesh Mittal (screenplay) | Yogesh Mittal (story) | Atul Tiwari (dialogue) | Atul Tiwari (screenplay) | Atul Tiwari (story),,3.4477,D,,,,,,,,,,,,tt1797548,,,,,,,,,,hitFlop=1,Missing/Partial,,wikipedia,2.0,2026-07-02
BOLLY_2011_0139_happy_husbands,Happy Husbands,Happy Husbands,2011,March,3,2011-03-25,Comedy,,Comedy | Drama,No,,Anay,Kurush Deboo,,Anay | Kurush Deboo | Mohit Ghai | Ahwaan,Jaiveer (screenplay) | Jaiveer (story) | Sarim Momin (lyrics),,,,,,,,,,,,,,,tt1465488,,,,,,,,,,hitFlop=1,Missing/Partial,,wikipedia,2.0,2026-07-02
BOLLY_2011_0140_monica,Monica,Monica,2011,,,2011-03-25,Drama,,Drama | Thriller,No,,Sushen Bhatnagar,Divya Dutta,Ashutosh Rana,Ashutosh Rana | Divya Dutta | Rajit Kapoor | Yashpal Sharma,Sushen Bhatnagar,,2.3769,D,,,,,,,,,,,,tt1887817,5.5,,,,,,,,,hitFlop=1,Missing/Partial,,wikipedia,2.0,2026-07-02
BOLLY_2011_0141_game,Game,Game,2011,April,4,2011-04-01,Action,,Action | Crime | Drama,No,,Abhinay Deo,Abhishek Bachchan,Kangana Ranaut,Abhishek Bachchan | Kangana Ranaut | Anupam Kher | Boman Irani,Farhan Akhtar (dialogue) | Javed Akhtar (lyrics),"Eros International, Excel Entertainment",5.2079,D,,,24,,12.87,,,,,,,tt1772872,5.2,,,,,,,,,hitFlop=1,High,,wikipedia,2.0,2026-07-02
BOLLY_2011_0142_f_a_l_t_u,F.A.L.T.U,F.A.L.T.U,2011,April,4,2011-04-01,Comedy,,Comedy | Drama,No,,Remo D'Souza,Jackky Bhagnani,Puja Gupta,Ritesh Deshmukh | Jacky Bhagnani | Puja Gupta | Chandan Roy Sanyal,Vipul Binjola (additional dialogue) | Tushar Hiranandani (screenplay) | Aakash Kaushik (additional dialogue) | Mayur Puri (additional dialogue) | Mayur Puri (screenplay) | Sameer (lyrics) | Sameer Sharma (additional dialogue) | Rishi Virmani (additional dialogue),Pooja Entertainment,,,,,20,,,,,,,,,tt1667076,4.8,,,,,,,,,hitFlop=4,Low,,wikipedia,2.0,2026-07-02
BOLLY_2011_0143_memories_in_march,Memories in March,Memories in March,2011,April,4,,Drama,,Drama,No,,Sanjoy Nag,Deepti Naval,Rituparno Ghosh,Deepti Naval,,,,D,,,,,,,,,,,,,,,,,,,,,,,Missing/Partial,,wikipedia,2.0,2026-07-02
BOLLY_2011_0144_thank_you,Thank You,Thank You,2011,April,4,2011-04-08,Comedy,,Comedy | Drama | Romance,No,,Anees Bazmee,Akshay Kumar,Bobby Deol,Akshay Kumar | Bobby Deol | Sonam Kapoor | Sunil Shetty,Ikram Akhtar (screen play) | Nisar Akhtar | Anees Bazmee | Amitabh Bhattacharya (lyrics) | Kumaar (lyrics) | Ashiesh Pandit (lyrics),"UTV Motion Pictures, Hari Om Entertainment",6.3805,C,5.6076,C,60,,104,,,,,,,tt1720254,4.8,,,,,,,,,hitFlop=3,High,,wikipedia,2.0,2026-07-02
BOLLY_2011_0145_teen_thay_bhai,Teen Thay Bhai,Teen Thay Bhai,2011,April,4,2011-04-15,Drama,,Comedy | Drama,No,,Mirgdeep Singh Lamba,Om Puri,Shreyas Talpade,Om Puri | Deepak Dobriyal | Ragini Khanna | Naresh Gosain,Gautam Mehra | Mehul Suri,PVR Pictures,4.1779,D,,,8,,,,,,,,,tt1867070,4.3,,,,,,,,,hitFlop=1,Low,,wikipedia,2.0,2026-07-02
BOLLY_2011_0146_dum_maaro_dum,Dum Maaro Dum,Dum Maaro Dum,2011,April,4,2011-04-22,Action,,Action | Crime | Drama,No,,Rohan Sippy,Abhishek Bachchan,Bipasha Basu,Abhishek Bachchan | Bipasha Basu | Rana Daggubati | Prateik,Charudutt Acharya (dialogue) | Purva Naresh (dialogue) | Shridhar Raghavan (dialogue) | Shridhar Raghavan,"Fox Star Studios, Cheyenne Enterprises",5.2079,D,2.7859,D,31,,51.1,,,,,,,tt1618430,6.2,,,,,,,,,hitFlop=3,High,,wikipedia,2.0,2026-07-02
BOLLY_2011_0147_zokkomon,Zokkomon,Zokkomon,2011,April,4,2011-04-22,Action,,Action | Adventure | Drama,No,,Satyajit Bhatkal,Darsheel Safary,Anupam Kher,Anupam Kher | Manjari Phadnis | Tinnu Anand | Sheeba Chaddha,Javed Akhtar (lyrics) | Satyajit Bhatkal (story) | Svati Chakravarty Bhatkal (story) | Lancy Fernandes (story) | Divy Nidhi Sharma (dialogues),Walt Disney Pictures,,D,,,,,,,,,,,,tt1605790,4.1,,,,,,,,,hitFlop=1,Missing/Partial,,wikipedia,2.0,2026-07-02
BOLLY_2011_0148_shor_in_the_city,Shor in the City,Shor in the City,2011,April,4,2011-04-28,Comedy,,Crime | Drama,No,,"Raj Nidimoru, Krishna Dk",Tusshar Kapoor,Preeti Desai,Sendhil Ramamurthy | Tusshar Kapoor | Nikhil Dwivedi | Preeti Desai,Krishna D.K. (story) | Raj Nidimoru (story) | Sita Menon (story) | Sita Menon (dialogue) | Chintan Gandhi (dialogue) | Sameer (lyrics) | Nishu (lyrics),Balaji Motion Pictures,3.8353,D,,,3,,4.39,,,,,,,tt1916728,6.2,,,,,,,,,hitFlop=2,High,,wikipedia,2.0,2026-07-02
BOLLY_2011_0149_chalo_dilli,Chalo Dilli,Chalo Dilli,2011,April,4,2011-04-29,Comedy,,Comedy | Drama,No,,Shashant Shah,Lara Dutta,Vinay Pathak,Vinay Pathak | Lara Dutta | Yana Gupta | Akshay Kumar,Shabbir Ahmed (lyrics) | Anand Raj Anand (lyrics) | Krishika Lulla (lyrics) | Manthan (lyrics) | Nisha Mascarenhas (lyrics) | Arshad Sayed,Eros International,,C,1.6956,D,,,,,,,,,,tt1884268,6.8,,,,,,,,,hitFlop=3,Missing/Partial,,wikipedia,2.0,2026-07-02
BOLLY_2011_0150_i_am,I Am,I Am,2011,April,4,2011-04-20,Drama,,Documentary | Biography | Family,No,,Onir,Sanjay Suri,Radhika Apte,Sonali Gulati,,Anticlock Films,1.9321,D,,,1.75,,0.67,,,,,,,tt1674068,6.5,,,,,,,,,hitFlop=1,High,,wikipedia,2.0,2026-07-02
BOLLY_2011_0151_naughty_40,Naughty @ 40,Naughty @ 40,2011,April,4,2011-04-29,Comedy,,Comedy | Drama,No,,Jagmohan Mundhra,Govinda,Yuvika Chaudhary,Govinda | Yuvika Chaudhry | Anupam Kher | Smita Jaykar,Salim Raza | Sameer Tandon (lyrics),,4.7856,D,,,,,,,,,,,,tt1363125,2.7,,,,,,,,,hitFlop=1,Missing/Partial,,wikipedia,2.0,2026-07-02
BOLLY_2011_0152_luv_ka_the_end,Luv Ka the End,Luv Ka The End,2011,May,5,2011-05-06,Comedy,,Comedy | Drama,No,,Bumpy,Shraddha Kapoor,Taaha Shah,Riya Bamniyal | Bumpy | Sreejita De | Shraddha Kapoor,Amitabh Bhattacharya (lyrics) | Ashish Patil (story) | Ashish Patil | Roye Segal (screenplay) | Shenaz Treasury (screenplay) | Nihkil Vyas (dialogue) | Nikhil Vyas (dialogues),Y-Films,3.3695,D,,,,,,,,,,,,tt1918927,4.9,,,,,,,,,hitFlop=2,Missing/Partial,,wikipedia,2.0,2026-07-02
BOLLY_2011_0153_haunted_3d,Haunted - 3D,Haunted – 3D,2011,May,5,2011-05-06,Thriller,,Horror | Mystery | Thriller,No,,Vikram Bhatt,Mahakshay Chakraborty,Twinkle Bajpai,Tia Bajpai | Krishna Bhatt | Mimoh Chakraborty | Nikita Janjani,Shakeel Azmi (lyrics) | Amin Hajee (screenplay) | Amin Hajee (story) | Amin Hajee,DAR Motion Pictures,,,2.9028,D,13,,36,,,,,,,tt1887763,6.3,,,,,,,,,hitFlop=4,High,,wikipedia,2.0,2026-07-02
BOLLY_2011_0154_love_u_mr_kalakaar,Love U...Mr. Kalakaar!,Love U...Mr. Kalakaar!,2011,May,5,,Comedy,,Comedy,No,,S. Manasvi,Tusshar Kapoor,Amrita Rao,Tusshar Kapoor,,Rajshri Productions,3.8353,D,,,,,,,,,,,,,,,,,,,,,,,Missing/Partial,,wikipedia,2.0,2026-07-02
BOLLY_2011_0155_ragini_mms,Ragini MMS,Ragini MMS,2011,May,5,2011-05-13,Thriller,,Drama | Horror | Mystery,No,,Pawan Kripalani,Kainaz Motivala,Rajkummar Rao,Kainaz Motivala | Rajkummar Rao | Rajat Kaul | Janice,Vaspar Dandiwala (story) | Pawan Kripalani (story) | Virag Mishra (lyrics) | Agnel Roman (lyrics) | Mayank Tewaari (dialogue) | Mayank Tewaari (screenplay),Balaji Motion Pictures,,D,,,13,,90,,,,,,,tt1890513,5.1,,,,,,,,,hitFlop=5,High,,wikipedia,2.0,2026-07-02
BOLLY_2011_0156_shagird,Shagird,Shagird,2011,May,5,2011-05-13,Action,,Action | Crime | Drama,No,,Tigmanshu Dhulia,Nana Patekar,Zakir Hussain,Nana Patekar | Mohit Ahlawat | Rimi Sen | Anurag Kashyap,Tigmanshu Dhulia (story) | Tigmanshu Dhulia | Kamal Pandey (story),Reliance Entertainment,4.0525,D,1.6059,D,,,,,,,,,,tt1828289,7.0,,,,,,,,,hitFlop=1,Missing/Partial,,wikipedia,2.0,2026-07-02
BOLLY_2011_0157_stanley_ka_dabba,Stanley Ka Dabba,Stanley Ka Dabba,2011,May,5,,Drama,,Drama,No,,Amole Gupte,Divya Dutta,,Divya Dutta,,Fox Star Studios,2.3769,D,,,4.5,,7.63,,,,,,,,,,,,,,,,,hitFlop=3,High,,wikipedia,2.0,2026-07-02
BOLLY_2011_0158_404,404,404,2011,May,5,,Drama,,Drama,No,,Prawaal Raman,Imaad Shah,Nishikant Kamat,Imaad Shah,,,,,,,,,,,,,,,,,,,,,,,,,,,Missing/Partial,,wikipedia,2.0,2026-07-02
BOLLY_2011_0159_crackers,Crackers,Crackers,2011,May,5,,Drama,,Drama,No,,Anil Goyal,Smilie Suri,,Smilie Suri,,,,,,,,,,,,,,,,,,,,,,,,,,,Missing/Partial,,wikipedia,2.0,2026-07-02
BOLLY_2011_0160_pyaar_ka_punchnama,Pyaar Ka Punchnama,Pyaar Ka Punchnama,2011,May,5,2011-05-20,Comedy,,Comedy | Drama | Romance,No,,Luv Ranjan,Kartik Aaryan,Divyendu Sharma,Raayo S. Bakhirta | Nushrat Bharucha | Padam Bhola | Sonalli Sehgal,Luv Ranjan | Sumit Saxena (additional dialogue) | Sumit Saxena (additional screenplay writer) | Vaibhav Suman (additional dialogue) | Vaibhav Suman (additional screenplay writer),Viacom18 Motion Pictures,,,,,3,,17.5,,,,,,,tt1926313,7.6,,,,,,,,,hitFlop=5,High,,wikipedia,2.0,2026-07-02
BOLLY_2011_0161_kucch_luv_jaisaa,Kucch Luv Jaisaa,Kucch Luv Jaisaa,2011,May,5,2011-05-27,Drama,,Crime | Drama | Thriller,No,,Barnali Ray Shukla,Rahul Bose,Shefali Shah,Shefali Shetty | Om Puri | Rahul Bose | Neetu Chandra,Shukla Barnali Ray,,2.3217,D,,,,,,,,,,,,tt1942905,4.9,,,,,,,,,hitFlop=1,Missing/Partial,,wikipedia,2.0,2026-07-02
BOLLY_2011_0162_shaitan,Shaitan,Shaitan,2011,June,6,2011-06-10,Comedy,,Action | Crime | Drama,No,,Bejoy Nambiar,Rajeev Khandelwal,Kalki Koechlin,Kalki Koechlin | Shiv Pandit | Gulshan Devaiah | Rajeev Khandelwal,Abhijeet Deshpande (dialogue) | K.S. Krishnan (lyrics) | Bejoy Nambiar | Megha Ramaswamy | Colin Terrence (lyrics),"Viacom18 Motion Pictures, Anurag Kashyap Films",1.5575,D,,,,,,,,,,,,tt1836912,7.2,,,,,,,,,hitFlop=2,Missing/Partial,,wikipedia,2.0,2026-07-02
BOLLY_2011_0163_bheja_fry_2,Bheja Fry 2,Bheja Fry 2,2011,June,6,2011-06-17,Comedy,,Comedy | Drama,No,,Sagar Ballary,Vinay Pathak,Minissha Lamba,Vinay Pathak | Kay Kay Menon | Minissha Lamba | Rukhsar,Sagar Ballary (screenplay) | Sharat Katariya (dialogue) | Sharat Katariya (screenplay),,3.1247,D,2.74,D,,,,,,,,,,tt1939654,4.7,,,,,,,,,hitFlop=3,Missing/Partial,,wikipedia,2.0,2026-07-02
BOLLY_2011_0164_always_kabhi_kabhi,Always Kabhi Kabhi,Always Kabhi Kabhi,2011,June,6,2011-06-17,Comedy,,Comedy | Crime | Drama,No,,Roshan Abbas,Ali Fazal,Giselli Monteiro,Lillete Dubey | Satyajeet Dubey | Ali Fazal | Manoj Joshi,Roshan Abbas (story) | Kanika Dhillon (additional screenplay) | Ishita Moitra (screenplay) | Ranjit Raina (story),"Eros International, Red Chillies Entertainment",1.9757,C,,,,,,,,,,,,tt1937092,4.2,,,,,,,,,hitFlop=1,Missing/Partial,,wikipedia,2.0,2026-07-02
BOLLY_2011_0165_bhindi_baazaar_inc,Bhindi Baazaar Inc.,Bhindi Baazaar Inc.,2011,June,6,,Thriller,,Thriller,No,,Ankush Bhatt,Kay Kay Menon,Piyush Mishra,Kay Kay Menon,,,2.6256,D,,,5,,1.19,,,,,,,,,,,,,,,,,hitFlop=1,High,,wikipedia,2.0,2026-07-02
BOLLY_2011_0166_bin_bulaye_baraati,Bin Bulaye Baraati,Bin Bulaye Baraati,2011,June,6,2011-06-17,Action,,Action | Comedy | Crime,No,,Chandrakant Singh,Mallika Sherawat,Rati Agnihotri,Rati Agnihotri | Shweta Bhardwaj | Gulshan Grover | Manoj Joshi,Praful Parekh (screenplay) | Praful Parekh (story) | Salim Sheikh (screenplay) | Salim Sheikh (story) | Dilip Shukla (dialogue),,4.0848,D,,,,,,,,,,,,tt1947973,3.8,,,,,,,,,hitFlop=1,Missing/Partial,,wikipedia,2.0,2026-07-02
BOLLY_2011_0167_double_dhamaal,Double Dhamaal,Double Dhamaal,2011,June,6,,Comedy,,Comedy,No,,Indra Kumar,Sanjay Dutt,Arshad Warsi,Sanjay Dutt,,Reliance Entertainment,5.0026,C,4.1206,D,,,70.54,,,,,,,,,,,,,,,,,,Low,,wikipedia,2.0,2026-07-02
BOLLY_2011_0168_bbuddah_hoga_terra_baap,Bbuddah Hoga Terra Baap,Bbuddah... Hoga Terra Baap,2011,July,7,2011-07-01,Action,,Action | Crime | Drama,No,,Puri Jagannadh,Amitabh Bachchan,Hema Malini,Amitabh Bachchan | Hema Malini | Sonu Sood | Sonal Chauhan,Inaamulhaq (dialogue) | Puri Jagannadh | Ajay Kumar (dialogue),Viacom18 Motion Pictures,7.0113,B,,,,,,,,,,,,tt1869296,5.6,,,,,,,,,hitFlop=2,Missing/Partial,,wikipedia,2.0,2026-07-02
BOLLY_2011_0169_chillar_party,Chillar Party,Chillar Party,2011,July,7,2011-07-08,Comedy,,Comedy | Drama | Family,No,,Vikas Bahl | Nitesh Tiwari,Irrfan Khan,Pankaj Tripathi,Aarav Khanna | Chinmai Chandranshuh | Divji Handa | Irfan Khan,Vikas Bahl (screenplay) | Vijay Maurya | Nitesh Tiwari,"UTV Spotboy, Phantom Films",2.9178,D,,,,,,,,,,,,tt1841542,6.9,,,,,,,,,hitFlop=2,Missing/Partial,,wikipedia,2.0,2026-07-02
BOLLY_2011_0170_khap,Khap,Khap,2011,July,7,2011-07-29,Drama,,Drama | Thriller,No,,Ajai Sinha,Om Puri,Govind Namdev,Rahul Jaiswal | Raj Arjun | Mohnish Bahl | Yuvika Chaudhry,Ashok Lal (script) | Vinod Ranganathan (script) | Ajai Sinha (story) | Ishaan Trivedi (additional dialogue) | Vijay Verma (dialogue),,4.1779,D,1.0186,D,,,,,,,,,,tt1801521,3.5,,,,,,,,,hitFlop=1,Missing/Partial,,wikipedia,2.0,2026-07-02
BOLLY_2011_0171_gandhi_to_hitler,Gandhi to Hitler,Gandhi to Hitler,2011,February,2,2011-07-29,Drama,,Drama | History | War,No,,Rakesh Ranjan Kumar,Neha Dhupia,Raghubir Yadav,Raghuvir Yadav | Neha Dhupia | Aman Verma | Nassar Abdulla,Rakesh Ranjan Kumar (screenplay) | Nalin Singh (story),,2.9213,B,,,,,,,,,,,,tt1980970,2.5,,,,,,,,,hitFlop=1,Missing/Partial,,wikipedia,2.0,2026-07-02
BOLLY_2011_0172_bubble_gum,Bubble Gum,Bubble Gum,2011,July,7,2011-07-29,Comedy,,Drama,No,,Sanjivan Lal,Sachin Khedekar,Tanvi Azmi,Apoorva Arora | Apporva Arora | Tanvi Azmi | Delzad Hiwale,Rohit Gahlowt (dialogue writer),,2.0741,D,,,,,,,,,,,,tt2012576,7.3,,,,,,,,,hitFlop=1,Missing/Partial,,wikipedia,2.0,2026-07-02
BOLLY_2011_0173_chala_mussaddi_office_office,Chala Mussaddi - Office Office,Chala Mussaddi... Office Office,2011,August,8,2011-08-05,Comedy,,Comedy | Drama,No,,Rajiv Mehra,Pankaj Kapur,Manoj Pahwa,Deven Bhojani | Makrand Deshpande | Vinay Jain | Farida Jalal,Ashwani Dhir,,,D,,,6.5,,1.4,,,,,,,tt1979209,5.6,,,,,,,,,hitFlop=1,High,,wikipedia,2.0,2026-07-02
BOLLY_2011_0174_i_am_kalam,I Am Kalam,I Am Kalam,2011,May,5,,Drama,,Drama,No,,Nila Madhab Panda,Gulshan Grover,,Gulshan Grover,,,2.2064,D,,,3,,6,,,,,,,,,,,,,,,,,hitFlop=4,High,,wikipedia,2.0,2026-07-02
BOLLY_2011_0175_aarakshan,Aarakshan,Aarakshan,2011,August,8,2011-08-12,Drama,,Drama | Thriller,No,,Prakash Jha,Amitabh Bachchan,Saif Ali Khan,Amitabh Bachchan | Saif Ali Khan | Manoj Bajpayee | Deepika Padukone,Prakash Jha | Anjum Rajabali,Reliance Entertainment,7.0113,B,3.6075,D,53,,64.5,,,,,,,tt1848771,6.2,,,,,,,,,hitFlop=2,High,,wikipedia,2.0,2026-07-02
BOLLY_2011_0176_phhir,Phhir,Phhir,2011,August,8,2011-08-12,Thriller,,Drama | Mystery | Romance,No,,Girish Dhamija,Adah Sharma,Roshni Chopra,Mohan Agashe | Kasturi Banerjee | Roshni Chopra | Rajneesh Duggal,Vikram Bhatt | Girish Dhamija | Dheeraj Rattan (screenplay),Reliance Entertainment,,D,,,,,,,,,,,,tt2023645,2.0,,,,,,,,,hitFlop=1,Missing/Partial,,wikipedia,2.0,2026-07-02
BOLLY_2011_0177_chatur_singh_two_star,Chatur Singh Two Star,Chatur Singh Two Star,2011,August,8,2011-08-19,Action,,Action | Adventure | Comedy,No,,Ajay Chandok,Sanjay Dutt,Ameesha Patel,Sanjay Dutt | Ameesha Patel | Anupam Kher | Satish Kaushik,Rumi Jaffery (screenplay) | Sai Kabir (dialogue),,5.0026,C,,,25,,,,,,,,,tt1363363,1.8,,,,,,,,,hitFlop=1,Low,,wikipedia,2.0,2026-07-02
BOLLY_2011_0178_not_a_love_story,Not a Love Story,Not a Love Story,2011,August,8,2011-08-19,Thriller,,Crime | Drama | Thriller,No,,Ram Gopal Varma,Mahie Gill,Deepak Dobriyal,Rohit G. Banawlikar | Deepak Dobriyal | Ajay Gehi | Mahie Gill,Rohit G. Banawlikar (screenplay),,2.448,D,3.7435,D,,,,,,,,,,tt1999935,5.2,,,,,,,,,hitFlop=2,Missing/Partial,,wikipedia,2.0,2026-07-02
BOLLY_2011_0179_sahi_dhandhe_galat_bande,Sahi Dhandhe Galat Bande,Sahi Dhandhe Galat Bande,2011,August,8,2011-08-19,Action,,Action | Comedy | Drama,No,,Parvin Dabas,Parvin Dabas,Sharat Saxena,Anupam Kher | Sharat Saxena | Parvin Dabas | Vansh Bhardwaj,Parvin Dabas,,2.3191,D,,,,,,,,,,,,tt1630282,4.0,,,,,,,,,hitFlop=1,Missing/Partial,,wikipedia,2.0,2026-07-02
BOLLY_2011_0180_shabri,Shabri,Shabri,2011,August,8,2011-08-26,Action,,Action | Crime | Drama,No,,Lalit Marathe,Isha Koppikar,,Isha Koppikar | Raj Arjun | Manish Wadhwa | Pradeep Singh Rawat,Lalit Marathe (story),,3.0271,D,,,,,,,,,,,,tt2032530,5.5,,,,,,,,,hitFlop=1,Missing/Partial,,wikipedia,2.0,2026-07-02
BOLLY_2011_0181_yeh_dooriyan,Yeh Dooriyan,Yeh Dooriyan,2011,August,8,,Comedy,,Comedy,No,,Deepshika,Deepshika,,Deepshika,,,,,,,,,,,,,,,,,,,,,,,,,,,Missing/Partial,,wikipedia,2.0,2026-07-02
BOLLY_2011_0182_mummy_punjabi,Mummy Punjabi,Mummy Punjabi,2011,August,8,,Drama,,Drama,No,,Pammi Somal,Kirron Kher,Jackie Shroff,Kirron Kher,,,,D,,,,,,,,,,,,,,,,,,,,,,,Missing/Partial,,wikipedia,2.0,2026-07-02
BOLLY_2011_0183_that_girl_in_yellow_boots,That Girl in Yellow Boots,That Girl in Yellow Boots,2011,September,9,,Thriller,,Thriller,No,,Anurag Kashyap,Kalki Koechlin,Naseeruddin Shah,Kalki Koechlin,,"Viacom18 Motion Pictures, NFDC, Sikhya Entertainment",3.9852,D,3.0408,D,,,,,,,,,,,,,,,,,,,,,Missing/Partial,,wikipedia,2.0,2026-07-02
BOLLY_2011_0184_mere_brother_ki_dulhan,Mere Brother Ki Dulhan,Mere Brother Ki Dulhan,2011,September,9,2011-09-09,Comedy,,Comedy | Drama | Romance,No,,Ali Abbas Zafar,Katrina Kaif,Imran Khan,Imran Khan | Katrina Kaif | Ali Zafar | Tara D'Souza,Ali Abbas Zafar,Yash Raj Films,8.9485,C,,,,,,,,,,,,tt1740710,5.9,,,,,,,,,hitFlop=6,Missing/Partial,,wikipedia,2.0,2026-07-02
BOLLY_2011_0185_mausam,Mausam,Mausam,2011,September,9,2011-09-23,Drama,,Drama | Romance,No,,Pankaj Kapoor,Shahid Kapoor,Sonam Kapoor,Shahid Kapoor | Sonam Kapoor | Anupam Kher | Supriya Pathak,Carl Austin (story) | Pankaj Kapur (screenplay),Eros International,5.7659,C,,,,,,,,,,,,tt1627924,4.8,,,,,,,,,hitFlop=2,Missing/Partial,,wikipedia,2.0,2026-07-02
BOLLY_2011_0186_u_r_my_jaan,U R My Jaan,U R My Jaan,2011,September,9,2011-09-23,Comedy,,Romance,No,,Aron Govil,Aman Verma,,Mikaal | Preeti | Himani Shivpuri | Anil Dhawan,Aron Govil,,,,,,,,,,,,,,,tt1847736,,,,,,,,,,hitFlop=1,Missing/Partial,,wikipedia,2.0,2026-07-02
BOLLY_2011_0187_force,Force,Force,2011,September,9,2011-09-30,Action,,Action | Crime | Drama,No,,Nishikant Kamat,John Abraham,Vidyut Jammwal,John Abraham | Genelia D'Souza | Raj Babbar | Mohnish Bahl,Gautham Menon (original story by) | Ritesh Shah,Fox Star Studios,7.1193,D,,,28,,40,,,,,,,tt1992138,6.5,,,,,,,,,hitFlop=2,High,,wikipedia,2.0,2026-07-02
BOLLY_2011_0188_hum_tum_shabana,Hum Tum Shabana,Hum Tum Shabana,2011,September,9,2011-09-30,Comedy,,Comedy | Crime | Drama,No,,Sagar Ballary,Tusshar Kapoor,Shreyas Talpade,Tusshar Kapoor | Shreyas Talpade | Minissha Lamba | Mantra,Sagar Ballary (additional screenplay) | Sharat Katariya (dialogue) | Farhajaan Sheikh (story),"Alliance Entertainment, Horseshoe Pictures",3.8353,D,2.74,D,,,,,,,,,,tt2034011,4.0,,,,,,,,,hitFlop=1,Missing/Partial,,wikipedia,2.0,2026-07-02
BOLLY_2011_0189_saheb_biwi_aur_gangster,Saheb Biwi Aur Gangster,"Saheb, Biwi Aur Gangster",2011,September,9,2011-09-23,Romance,,Action | Crime | Drama,No,,Tigmanshu Dhulia,Jimmy Sheirgill,Mahie Gill,Randeep Hooda | Mahie Gill | Jimmy Shergill | Shreya Narayan,Sanjay Chauhan | Tigmanshu Dhulia,"BrandSmith Motion Pictures, Bohra Bros, Tigmanshu Dhulia Films",,D,1.6059,D,6,,10.75,,,,,,,tt2073070,7.1,,,,,,,,,hitFlop=3,High,,wikipedia,2.0,2026-07-02
BOLLY_2011_0190_tere_mere_phere,Tere Mere Phere,Tere Mere Phere,2011,September,9,2011-09-30,Comedy,,Comedy | Drama | Romance,No,,Deepa Sahi,Vinay Pathak,Riya Sen,Vinay Pathak | Riya Sen | Jagrat Desai | Sasha Goradia,Jagrat Desai (story) | Deepa Sahi (screenplay) | Deepa Sahi (story),,3.1247,D,,,,,,,,,,,,tt1696191,8.0,,,,,,,,,hitFlop=1,Missing/Partial,,wikipedia,2.0,2026-07-02
BOLLY_2011_0191_chargesheet,Chargesheet,Chargesheet,2011,September,9,2011-09-30,Drama,,Drama | Thriller,No,,Dev Anand,Dev Anand,Jackie Shroff,Dev Anand | Divya Dutta | Devshi Khanduri | Hansal Mehta,,,1,D,2.5388,D,,,0.056999999999999995,,,,,,,tt1368453,6.3,,,,,,,,,hitFlop=1,Low,,wikipedia,2.0,2026-07-02
BOLLY_2011_0192_rascals,Rascals,Rascals,2011,October,10,2011-10-06,Action,,Action | Comedy | Crime,No,,David Dhawan,Ajay Devgn,Arjun Rampal,Ajay Devgn | Sanjay Dutt | Kangana Ranaut | Lisa Haydon,Sanjay Chhel (screenplay) | Yunus Sajawal (dialogue),"Eros International, Venus Worldwide Entertainment",6.8713,C,4.7408,D,46,,51.010000000000005,,,,,,,tt1830786,3.0,,,,,,,,,hitFlop=2,High,,wikipedia,2.0,2026-07-02
BOLLY_2011_0193_love_breakups_zindagi,Love Breakups Zindagi,Love Breakups Zindagi,2011,October,10,2011-10-07,Drama,,Comedy | Drama | Romance,No,,Sahil Sangha,Zayed Khan,Dia Mirza,Zayed Khan | Dia Mirza | Cyrus Sahukar | Tisca Chopra,Sanyukta Shaikh Chawla (additional screenplay & dialogue) | Sanyukta Shaikh Chawla (screenplay) | Sahil Sangha,Sahara Motion Pictures,2.9243,D,,,10,,2.06,,,,,,,tt1877691,6.4,,,,,,,,,hitFlop=1,High,,wikipedia,2.0,2026-07-02
BOLLY_2011_0194_my_friend_pinto,My Friend Pinto,My Friend Pinto,2011,October,10,2011-10-21,Drama,,Comedy | Crime | Drama,No,,Raghav Dar,Prateik Babbar,Kalki Koechlin,Prateik | Kalki Koechlin | Arjun Mathur | Shruti Seth,Raaghav Dar (story) | Arun Sukumar (story),UTV Motion Pictures,,D,,,9,,1.8,,,,,,,tt1512220,5.7,,,,,,,,,hitFlop=1,High,,wikipedia,2.0,2026-07-02
BOLLY_2011_0195_mujhse_fraaandship_karoge,Mujhse Fraaandship Karoge,Mujhse Fraaandship Karoge,2011,October,10,2011-10-14,Comedy,,Comedy | Drama | Romance,No,,Nupur Asthana,Saqib Saleem,Saba Azad,Saqib Saleem | Saba Azaad | Nishant Dahiya | Tara D'Souza,Pooja Desai (story) | Anvita Dutt (additional dialogue) | Anvita Dutt (screenplay) | Rajesh Narasimhan (screenplay) | Ashish Patil (story) | Ashish Patil,Y-Films,,,,,,,,,,,,,,tt2057441,6.9,,,,,,,,,hitFlop=2,Missing/Partial,,wikipedia,2.0,2026-07-02
BOLLY_2011_0196_mod,Mod,Mod,2011,October,10,2011-10-14,Drama,,Drama | Romance | Thriller,No,,Nagesh Kukunoor,Ayesha Takia,Rannvijay Singh,Ayesha Takia | Rannvijay Singh | Raghuvir Yadav | Tanvi Azmi,Nagesh Kukunoor,"Shreya Entertainment, Kukunoor Movies",2.9636,D,1.4685,D,,,0.63,,,,,,,tt2043923,,,,,,,,,,hitFlop=1,Low,,wikipedia,2.0,2026-07-02
BOLLY_2011_0197_aazaan,Aazaan,Aazaan,2011,October,10,2011-10-14,Action,,Action | Drama | Mystery,No,,Prashant Chadha,Sachiin J. Joshi,Candice Boucher,Sachiin Joshi | Candice Boucher | Arya Babbar | Samy Gharbi,Prashant Chadha (story) | Heeraz Marfatia (story) | Shubhra Swarup (story),,,,,,33,,23,,,,,,,tt2033947,4.5,,,,,,,,,hitFlop=1,High,,wikipedia,2.0,2026-07-02
BOLLY_2011_0198_tell_me_o_kkhuda,Tell Me O Kkhuda,Tell Me O Kkhuda,2011,October,10,2011-10-27,Drama,,Action | Crime | Drama,No,,Hema Malini,Esha Deol,Vinod Khanna,Dharmendra | Vinod Khanna | Rishi Kapoor | Farooq Shaikh,Hema Malini | Mayur Puri (story) | Ulka Puri (story) | Anand Sharma (story),,,D,,,,,,,,,,,,tt1961530,2.5,,,,,,,,,hitFlop=1,Missing/Partial,,wikipedia,2.0,2026-07-02
BOLLY_2011_0199_damadamm,Damadamm!,Damadamm!,2011,October,10,2011-10-27,Drama,,Comedy | Drama | Romance,No,,Swapna Waghmare,Himesh Reshammiya,Purbi Joshi,Himesh Reshammiya | Sonal Sehgal | Purbi Joshi | Rajesh Khattar,Himesh Reshammiya (story) | Subrat Sinha (screenplay),,1.5575,D,,,,,,,,,,,,tt1503640,,,,,,,,,,hitFlop=1,Missing/Partial,,wikipedia,2.0,2026-07-02
BOLLY_2011_0200_loot,Loot,Loot,2011,November,11,2011-11-04,Action,,Action | Comedy | Crime,No,,Rajneesh Thakur,Govinda,Suniel Shetty,Shweta Bhardwaj | Mimoh Chakraborty | Prem Chopra | Sudhir S. Dayma,,Viacom18 Motion Pictures,4.7856,D,,,,,,,,,,,,tt0847180,4.8,,,,,,,,,hitFlop=1,Missing/Partial,,wikipedia,2.0,2026-07-02
BOLLY_2011_0201_miley_naa_miley_hum,Miley - Naa Miley - Hum,Miley Naa Miley Hum,2011,November,11,2011-11-04,Comedy,,Comedy | Drama | Romance,No,,Tanveer Khan,Chirag Paswan,Kangana Ranaut,Chirag Paswan | Kangana Ranaut | Neeru Bajwa | Sagarika Ghatge,Tanveer Khan (screenplay) | Girish Dhamija (additional writer) | Jeet Garewal (additional screenplay & dialogue),,,D,,,,,,,,,,,,tt2104937,3.5,,,,,,,,,hitFlop=1,Missing/Partial,,wikipedia,2.0,2026-07-02
BOLLY_2011_0202_super_k_the_movie,Super K – The Movie,Super K – The Movie,2011,November,11,,Fantasy,,Fantasy,No,,Vijay S. BhanushaliSmita Maroo,,,,,,,,,,,,,,,,,,,,,,,,,,,,,,Missing/Partial,,wikipedia,2.0,2026-07-02
BOLLY_2011_0203_shakal_pe_mat_ja,Shakal Pe Mat Ja,Shakal Pe Mat Ja,2011,November,11,2011-11-18,Drama,,Comedy | Crime | Drama,No,,Shubh Mukherjee,Saurabh Shukla,Raghubir Yadav,Shubh | Pratik Katare | Harsh Parekh | Chitrak Bandyopadhyay,Shubh,,,D,,,,,,,,,,,,tt2109200,0.0,,,,,,,,,hitFlop=1,Missing/Partial,,wikipedia,2.0,2026-07-02
BOLLY_2011_0204_desi_boyz,Desi Boyz,Desi Boyz,2011,November,11,2011-11-25,Comedy,,Comedy | Drama,No,,Rohit Dhawan,Akshay Kumar,John Abraham,Bruna Abdullah | John Abraham | Shekhar Bassi | Peter Brown,Rohit Dhawan (screenplay) | Rohit Dhawan (story) | Renuka Kunzru (dialogue) | Milap Zaveri (additional screenplay),Eros International,6.3805,C,,,65,,77,,,,,,,tt1985981,5.7,,,,,,,,,hitFlop=2,High,,wikipedia,2.0,2026-07-02
BOLLY_2011_0205_i_am_singh,I Am Singh,I Am Singh,2011,December,12,,Drama,,Action | Crime | Drama,No,,Puneet Issar,Puneet Issar,Tulip Joshi,Joseph Armillas | Anto Boghokian | Elissa Brentano | Gerald Brodin,Gary Castro Churchwell (additional dialogue) | Deepali Issar (story) | Puneet Issar (story) | Puneet Issar | Satyajit Puri (story),,,D,,,,,,,,,,,,tt1504687,0.0,,,,,,,,,hitFlop=1,Missing/Partial,,wikipedia,2.0,2026-07-02
BOLLY_2011_0206_ladies_vs_ricky_bahl,Ladies vs. Ricky Bahl,Ladies vs Ricky Bahl,2011,December,12,2011-12-09,Comedy,,Comedy | Drama,No,,Maneesh Sharma,Ranveer Singh,Anushka Sharma,Ranveer Singh | Anushka Sharma | Parineeti Chopra | Dipannita Sharma,,Yash Raj Films,6.0024,C,,,,,84,,,,,,,tt1954598,6.0,,,,,,,,,hitFlop=4,Low,,wikipedia,2.0,2026-07-02
BOLLY_2011_0207_jo_hum_chahein,Jo Hum Chahein,Jo Hum Chahein,2011,December,12,2011-12-16,Romance,,Drama | Romance,No,,Pawan Gill,Sunny Gill,Simran Mundi,Sunny Gill | Simran Kaur Mundi | Alyy Khan | Achint Kaur,Pawan Gill | Rashmi Kulkarni (dialogue),,,,,,,,,,,,,,,tt2112978,2.0,,,,,,,,,hitFlop=1,Missing/Partial,,wikipedia,2.0,2026-07-02
BOLLY_2011_0208_pappu_can_t_dance_saala,Pappu Can't Dance Saala,Pappu Can't Dance Saala,2011,December,12,,Comedy,,Comedy,No,,Saurabh Shukla,Vinay Pathak,Neha Dhupia,Vinay Pathak,,,3.1247,D,,,,,,,,,,,,,,,,,,,,,,,Missing/Partial,,wikipedia,2.0,2026-07-02
BOLLY_2012_0209_ek_tha_tiger,Ek Tha Tiger,Ek Tha Tiger,2012,August,8,2012-08-15,Action,,Action | Romance | Thriller,No,,Yash Raj Films,,,Salman Khan | Katrina Kaif | Ranvir Shorey | Girish Karnad,Kabir Khan (dialogue) | Kabir Khan (screenplay) | Neelesh Misra (dialogue) | Neelesh Misra (screenplay),,,,,,75,,334.39,,,,,,,tt2016894,5.6,,,,,,,,,hitFlop=5,High,,wikipedia,2.0,2026-07-02
BOLLY_2012_0210_dabangg_2,Dabangg 2,Dabangg 2,2012,December,12,2012-12-21,Action,,Action | Comedy | Drama,No,,Eros International | Arbaaz Khan Productions,,,Salman Khan | Sonakshi Sinha | Prakash Raj | Vinod Khanna,Dilip Shukla,,,,,,50,,253.54,,,,,,,tt2112131,4.8,,,,,,,,,hitFlop=5,High,,wikipedia,2.0,2026-07-02
BOLLY_2012_0211_jab_tak_hai_jaan,Jab Tak Hai Jaan,Jab Tak Hai Jaan,2012,November,11,2012-11-13,Drama,,Drama | Romance,No,,Yash Raj Films,,,Shah Rukh Khan | Katrina Kaif | Anushka Sharma | June Smith,Aditya Chopra (story) | Aditya Chopra (screenplay) | Devika Bhagat (screenplay),,,,,,50,,235.66,,,,,,,tt2176013,6.7,,,,,,,,,hitFlop=5,High,,wikipedia,2.0,2026-07-02
BOLLY_2012_0212_rowdy_rathore,Rowdy Rathore,Rowdy Rathore,2012,June,6,2012-06-01,Action,,Action | Comedy,No,,UTV Motion Pictures | Bhansali Productions,,,Akshay Kumar | Sonakshi Sinha | Nasser | Paresh Ganatra,Shiraz Ahmed,,,,,,60,,203.39,,,,,,,tt2077833,5.8,,,,,,,,,hitFlop=5,High,,wikipedia,2.0,2026-07-02
BOLLY_2012_0213_agneepath,Agneepath,Agneepath,2012,January,1,2012-01-26,Action,,Action | Crime | Drama,No,,Eros International | Dharma Productions,,,Hrithik Roshan | Priyanka Chopra | Sanjay Dutt | Rishi Kapoor,Ila Bedi Dutta (screenplay) | Karan Malhotra (screenplay) | Piyush Mishra (dialogue),,,,,,58,,193,,,,,,,tt1849718,6.9,,,,,,,,,hitFlop=5,High,,wikipedia,2.0,2026-07-02
BOLLY_2012_0214_barfi,Barfi!,Barfi!,2012,September,9,2012-09-14,Comedy,,Adventure | Comedy | Drama,No,,UTV Motion Pictures,,,Ranbir Kapoor | Priyanka Chopra | Ileana | Saurabh Shukla,Anurag Basu (story) | Tani Basu (story) | Sanjeev Dutta (dialogue),,,,,,35,,175,,,,,,,tt2082197,8.1,,,,,,,,,hitFlop=5,High,,wikipedia,2.0,2026-07-02
BOLLY_2012_0215_housefull_2,Housefull 2,Housefull 2,2012,April,4,2012-04-05,Action,,Comedy | Romance,No,,Eros International | Nadiadwala Grandson Entertainment,,,Akshay Kumar | Asin | John Abraham | Jacqueline Fernandez,Farhad (dialogue) | Farhad (screenplay) | Tushar Hiranandani (screenplay) | Sajid Khan (screenplay) | Sajid Nadiadwala (story) | Sajid (dialogue) | Sajid (screenplay),,,,,,60,,186,,,,,,,tt1980986,5.3,,,,,,,,,hitFlop=5,High,,wikipedia,2.0,2026-07-02
BOLLY_2012_0216_bol_bachchan,Bol Bachchan,Bol Bachchan,2012,July,7,2012-07-06,Action,,Comedy,No,,Fox Star Studios | Ajay Devgn FFilms | Shree Ashtavinayak Cine Vision,,,Ajay Devgn | Asin | Abhishek Bachchan | Prachi Desai,Farhad (dialogue) | Yunus Sajawal (screenplay) | Sajid (dialogue),,,,,,50,,165,,,,,,,tt1728986,5.6,,,,,,,,,hitFlop=5,High,,wikipedia,2.0,2026-07-02
BOLLY_2012_0217_son_of_sardaar,Son of Sardaar,Son of Sardaar,2012,November,11,2012-11-13,Action,,Action | Comedy | Romance,No,,Ajay Devgn FFilms | Viacom 18 Motion Pictures | Eros International,,,Ajay Devgn | Sanjay Dutt | Sonakshi Sinha | Juhi Chawla,Robin Bhatt (screenplay) | Ashwani Dhir (screenplay) | Ashwani Dhir,,,,,,30,,161.48,,,,,,,tt2178508,4.2,,,,,,,,,hitFlop=5,High,,wikipedia,2.0,2026-07-02
BOLLY_2012_0218_players,Players,Players,2012,January,1,2012-01-06,Action,,Action | Crime | Thriller,No,,Abbas–Mustan,Vinod Khanna,Abhishek Bachchan,Luna Rioumina | Abhishek Bachchan | Bipasha Basu | Shweta Bhardwaj,Nikhat Bhatty (story) | Bhaskar Hazarika (story) | Rohit Jugraj (screenplay) | Sourabh Ratnu (story) | Sudip Sharma (screenplay),Viacom18 Motion Pictures,4.0315,D,,,55,,45.519999999999996,,,,,,,tt1784589,4.3,,,,,,,,,hitFlop=1,High,,wikipedia,2.0,2026-07-02
BOLLY_2012_0219_chaalis_chauraasi,Chaalis Chauraasi,Chaalis Chauraasi,2012,January,1,2012-01-13,Comedy,,Comedy | Crime,No,,Hriday Shetty,Naseeruddin Shah,Atul Kulkarni,Shweta Bhardwaj | Reetu Jain | Arbaaz Ali Khan | Ravi Kishan,,,3.7695,D,1.2329,D,,,,,,,,,,tt2184125,6.0,,,,,,,,,hitFlop=1,Missing/Partial,,wikipedia,2.0,2026-07-02
BOLLY_2012_0220_ghost,Ghost,Ghost,2012,January,1,2012-01-13,Horror,,Horror,No,,Puja Jatinder Bedi,Shiney Ahuja,Sayali Bhagat,Shiney Ahuja | Sayali Bhagat | Julia Bliss | Tabrez Khan,Puja Bedi (screenplay) | Puja Bedi (story),,2.8402,D,,,,,2.5,,,,,,,tt2175671,2.4,,,,,,,,,,Missing/Partial,,wikipedia,2.0,2026-07-02
BOLLY_2012_0221_sadda_adda,Sadda Adda,Sadda Adda,2012,January,1,,Comedy,,Comedy,No,,Muazzam Beg,Karanvir Sharma,Shaurya Chauhan,Karanvir Sharma,,,,,,,,,,,,,,,,,,,,,,,,,,,Missing/Partial,,wikipedia,2.0,2026-07-02
BOLLY_2012_0222_gali_gali_chor_hai,Gali Gali Chor Hai,Gali Gali Chor Hai,2012,February,2,2012-02-03,Drama,,Drama,No,,Rumi Jaffrey,Akshaye Khanna,Shriya Saran,Mohit Baghet | Sahaj Bradoria | Mugdha Godse | Shalin Gupta,Rumi Jaffery | Mumukshu Mudgal,,3.3625,C,,,13,,13.07,,,,,,,tt2188749,3.4,,,,,,,,,hitFlop=2,High,,wikipedia,2.0,2026-07-02
BOLLY_2012_0223_staying_alive,Staying Alive,Staying Alive,2012,February,2,2012-02-03,Drama,,Drama,No,,Anant Mahadevan,Anant Mahadevan,Saurabh Shukla,Khan Jahangir Khan | Anant Mahadevan | Navni Parihar | Chandan Sanyal,Sujit Sen,,,D,1.8139,D,,,,,,,,,,tt2188893,0.0,,,,,,,,,hitFlop=1,Missing/Partial,,wikipedia,2.0,2026-07-02
BOLLY_2012_0224_love_you_to_death,Love You to Death,Love You To Death,2012,February,2,2012-02-03,Comedy,,Comedy,No,,Rafeeg Ellias,Chandan Roy Sanyal,Sheeba Chaddha,Sohrab Ardeshir | Abhro Banerjee | Kallol Banerjee | Nicholas Brown,Abhro Banerjee (story) | Rafeeq Ellias | Yuki Ellias,,,,,,,,,,,,,,,tt1774473,,,,,,,,,,hitFlop=1,Missing/Partial,,wikipedia,2.0,2026-07-02
BOLLY_2012_0225_ek_main_aur_ekk_tu,Ek Main Aur Ekk Tu,Ek Main Aur Ekk Tu,2012,February,2,2012-02-10,Comedy,,Comedy | Drama | Romance,No,,Shakun Batra,Kareena Kapoor,Imran Khan,Kareena Kapoor | Boman Irani | Imran Khan | Ratna Pathak,Shakun Batra | Ayesha DeVitre,"UTV Motion Pictures, Dharma Productions",8.0906,D,,,36,,72.1,,,,,,,tt1703958,5.8,,,,,,,,,hitFlop=4,High,,wikipedia,2.0,2026-07-02
BOLLY_2012_0226_valentine_s_night,Valentine's Night,Valentine's Night,2012,February,2,,Romance,,Romance,No,,Krishan Kumar,Payal Rohatgi,Sangram Singh,Payal Rohatgi,,,,,,,,,,,,,,,,,,,,,,,,,,,Missing/Partial,,wikipedia,2.0,2026-07-02
BOLLY_2012_0227_ekk_deewana_tha,Ekk Deewana Tha,Ekk Deewana Tha,2012,February,2,2012-02-17,Drama,,Romance,No,,Gautham Vasudev Menon,Prateik Babbar,Amy Jackson,Prateik | Amy Jackson | Sachin Khedekar | Manu Rishi Chadha,Manu Rishi Chadha (dialogue) | Meghana Karthik (subtitles) | Gautham Menon (story) | Laju Nanwani,"Fox Star Studios, Photon Kathaas Productions, RS Infotainment",,D,,,14,,8.55,,,,,,,tt2126282,6.1,,,,,,,,,hitFlop=1,High,,wikipedia,2.0,2026-07-02
BOLLY_2012_0228_married_2_america,Married 2 America,Married 2 America,2012,February,2,,Drama,,Drama,No,,Dilip Shankar,Jackie Shroff,Archana Joglekar,Jackie Shroff,,,2.6163,D,,,,,,,,,,,,,,,,,,,,,,,Missing/Partial,,wikipedia,2.0,2026-07-02
BOLLY_2012_0229_jodi_breakers,Jodi Breakers,Jodi Breakers,2012,February,2,2012-03-02,Comedy,,Comedy | Musical | Romance,No,,Ashwini Chaudhary,R. Madhavan,Bipasha Basu,Bipasha Basu | Helen | Pradeep Kharab | Madhavan,Ashwini Chaudhary | Sanyukta Shaikh Chawla,,,D,1.4475,D,21,,33.4,,,,,,,tt2191721,3.7,,,,,,,,,hitFlop=3,High,,wikipedia,2.0,2026-07-02
BOLLY_2012_0230_tere_naal_love_ho_gaya,Tere Naal Love Ho Gaya,Tere Naal Love Ho Gaya,2012,February,2,2012-02-24,Comedy,,Comedy | Romance,No,,Mandeep Kumar,Riteish Deshmukh,Genelia D'Souza,Ritesh Deshmukh | Genelia D'Souza | Om Puri | Tinnu Anand,Abhijeet Sandhu,"UTV Motion Pictures, Tips Industries",,C,,,14,,32.61,,,,,,,tt2130242,5.9,,,,,,,,,hitFlop=4,High,,wikipedia,2.0,2026-07-02
BOLLY_2012_0231_london_paris_new_york,London Paris New York,"London, Paris, New York",2012,March,3,2012-03-02,Comedy,,Romance,No,,Anu Menon,Ali Zafar,Aditi Rao Hydari,Ali Zafar | Aditi Rao Hydari | Candice Pereira | Scherrikar Bell,Anu Menon (story) | Anu Menon (dialogue) | Ritu Bhatia (dialogue),Fox Star Studios,2.5332,D,,,,,,,,,,,,tt2064849,5.6,,,,,,,,,hitFlop=2,Missing/Partial,,wikipedia,2.0,2026-07-02
BOLLY_2012_0232_paan_singh_tomar,Paan Singh Tomar,Paan Singh Tomar,2012,March,3,,Action,,Action,No,,Tigmanshu Dhulia,Irrfan Khan,Mahie Gill,Irrfan Khan,,UTV Spotboy,2.9178,D,1.6059,D,7,,20.18,,,,,,,,,,,,,,,,,hitFlop=4,High,,wikipedia,2.0,2026-07-02
BOLLY_2012_0233_will_you_marry_me,Will You Marry Me?,Will You Marry Me?,2012,March,3,,Comedy,,Comedy,No,,Aditya Dutt,Shreyas Talpade,Rajeev Khandelwal,Shreyas Talpade,,,2.8077,D,,,,,,,,,,,,,,,,,,,,,,,Missing/Partial,,wikipedia,2.0,2026-07-02
BOLLY_2012_0234_kahaani,Kahaani,Kahaani,2012,March,3,2012-03-09,Thriller,,Drama | Mystery | Thriller,No,,Sujoy Ghosh,Vidya Balan,Parambrata Chatterjee,Vidya Balan | Parambrata Chatterjee | Dhritiman Chatterjee | Saswata Chatterjee,Sujoy Ghosh (screenplay) | Sujoy Ghosh (story) | Advaita Kala (story) | Suresh Nair (additional screenplay) | Ritesh Shah (dialogue) | Nikhil Vyas (additional screenplay),"Viacom18 Motion Pictures, Pen Studios",6.0471,C,2.6445,D,8,,104,,,,,,,tt1821480,8.1,,,,,,,,,hitFlop=5,High,,wikipedia,2.0,2026-07-02
BOLLY_2012_0235_chaar_din_ki_chandni,Chaar Din Ki Chandni,Chaar Din Ki Chandni,2012,March,3,2012-03-09,Comedy,,Comedy | Romance,No,,Samir Karnik,Kulraj Randhawa,Tusshar Kapoor,Rana Jung Bahadur | Mukul Dev | Harish | Farida Jalal,Nishant Hada (dialogue) | Nishant Hada (screenplay) | Amit Masurkar (dialogue) | Amit Masurkar (screenplay),Top Angle Productions,,D,2.1674,D,,,,,,,,,,tt2191641,5.7,,,,,,,,,hitFlop=1,Missing/Partial,,wikipedia,2.0,2026-07-02
BOLLY_2012_0236_say_yes_to_love,Say Yes to Love,Say Yes to Love,2012,,,2012-03-16,Romance,,Romance,No,,Mahrukh Mirza Beg,Aditya Raj Kapoor,[21],Nazia Hussain | Salim Khan | Aasad Mirza | Saira Mirza,Marukh Mirza Beig,,,,,,,,,,,,,,,tt3211170,0.0,,,,,,,,,hitFlop=1,Missing/Partial,,wikipedia,2.0,2026-07-02
BOLLY_2012_0237_zindagi_tere_naam,Zindagi Tere Naam,Zindagi Tere Naam,2012,March,3,2012-03-16,Drama,,Romance,No,,Ashu Trikha,Mithun Chakraborthy,Ranjeeta Kaur,Mithun Chakraborty | Ranjeeta Kaur | Sajid Ali | Supriya Karnik,Sanjay Masoom,,,D,1.1186,D,,,,,,,,,,tt2164702,0.0,,,,,,,,,hitFlop=1,Missing/Partial,,wikipedia,2.0,2026-07-02
BOLLY_2012_0238_agent_vinod,Agent Vinod,Agent Vinod,2012,March,3,2012-03-23,Action,,Action,No,,Sriram Raghavan,Saif Ali Khan,Kareena Kapoor,Kareena Kapoor | Saif Ali Khan | Adil Hussain | Gulshan Grover,Arijit Biswas (story) | Sriram Raghavan (story),"Eros International, Illuminati Films",5.7211,A,1.8067,D,60,,73,,,,,,,tt1395025,5.2,,,,,,,,,hitFlop=2,High,,wikipedia,2.0,2026-07-02
BOLLY_2012_0239_blood_money,Blood Money,Blood Money,2012,March,3,2012-03-30,Action,,Action | Drama | Thriller,No,,Vishal Mahadkar,Kunal Khemu,Amrita Puri,Manish Chaudhary | Kunal Khemu | Amrita Puri | Teeshay Shah,Vishal Mahadkar (story) | Sanjay Masoom (additional dialogue) | Upendra Sidhaye,"Viacom18 Motion Pictures, Vishesh Films",3.1566,D,,,9,,12,,,,,,,tt2246595,4.8,,,,,,,,,hitFlop=2,High,,wikipedia,2.0,2026-07-02
BOLLY_2012_0240_bumboo,Bumboo,Bumboo,2012,March,3,2012-03-30,Comedy,,Comedy,No,,Jagdish Rajpurohit,Sharat Saxena,Sanjay Mishra,Kavin Dave | Shailesh Hejmady | Bikramjeet Kanwarpal | Sumit Kaul,Kavin Dave | Jagdish Rajpurohit,,,D,,,,,0.39,,,,,,,tt2265191,0.0,,,,,,,,,hitFlop=1,Low,,wikipedia,2.0,2026-07-02
BOLLY_2012_0241_bittoo_boss,Bittoo Boss,Bittoo Boss,2012,April,4,2012-04-13,Comedy,,Romance,No,,Supavitra Babul,Pulkit Samrat,Amita Pathak,Pulkit Samrat | Rajesh Bakshi | Wamiqa Gabbi | Amita Pathak,Supavitra Babul | Gautam Mehra,Viacom18 Motion Pictures,,C,,,,,2,,,,,,,tt2347289,4.1,,,,,,,,,hitFlop=1,Low,,wikipedia,2.0,2026-07-02
BOLLY_2012_0242_ab_hoga_dharna_unlimited,Ab Hoga Dharna Unlimited,Ab Hoga Dharna Unlimited,2012,April,4,,Comedy,,Comedy,No,,Deepak Tanwar,Omkar Das Manikpuri,[26],Omkar Das Manikpuri,,,2.1151,D,,,,,,,,,,,,,,,,,,,,,,,Missing/Partial,,wikipedia,2.0,2026-07-02
BOLLY_2012_0243_vicky_donor,Vicky Donor,Vicky Donor,2012,April,4,2012-04-20,Comedy,,Comedy | Romance,No,,Shoojit Sircar,Ayushmann Khurrana,Yami Gautam,Ayushmann Khurrana | Yami Gautam | Annu Kapoor | Dolly Ahluwalia,Juhi Chaturvedi (dialogue) | Juhi Chaturvedi (screenplay) | Juhi Chaturvedi (story),Eros International,,D,3.8135,D,4,,68.32,,,,,,,tt2317337,7.8,,,,,,,,,hitFlop=5,High,,wikipedia,2.0,2026-07-02
BOLLY_2012_0244_hate_story,Hate Story,Hate Story,2012,April,4,2012-04-20,Thriller,,Thriller,No,,Vivek Agnihotri,Paoli Dam,Gulshan Devaiah,Paoli Dam | Nikhil Dwivedi | Gulshan Devaiah | Saurabh Dubey,Vikram Bhatt | Rohit Malhotra (dialogue),T-Series Films,,,,,9,,16.43,,,,,,,tt2309987,5.3,,,,,,,,,hitFlop=3,High,,wikipedia,2.0,2026-07-02
BOLLY_2012_0245_chhodo_kal_ki_baatein,Chhodo Kal Ki Baatein,Chhodo Kal Ki Baatein,2012,April,4,2012-04-12,Comedy,,Drama,No,,Pramod Joshi,Sachin Khedekar,Aanjjan Srivastav,Barkha Bisht | Balaji Iyer | Raghavendra Kadkol | Sachin Khedekar,Pramod Joshi (dialogue) | Pramod Joshi (screenplay) | Raz Kazi (dialogue) | Raz Kazi (screenplay),,2.0741,D,,,,,,,,,,,,tt2343417,,,,,,,,,,hitFlop=1,Missing/Partial,,wikipedia,2.0,2026-07-02
BOLLY_2012_0246_tezz,Tezz,Tezz,2012,April,4,2012-04-26,Action,,Action | Drama,No,,Priyadarshan,Ajay Devgn,Anil Kapoor,Anil Kapoor | Ajay Devgn | Mohanlal | Kangana Ranaut,Robin Bhatt | Aditya Dhar (dialogue writer),"Eros International, Venus Worldwide Entertainment",6.8713,C,3.8472,D,52,,26,,,,,,,tt1706317,4.1,,,,,,,,,hitFlop=1,High,,wikipedia,2.0,2026-07-02
BOLLY_2012_0247_life_ki_toh_lag_gayi,Life Ki Toh Lag Gayi,Life Ki Toh Lag Gayi,2012,April,4,2012-04-20,Action,,Comedy,No,,Rakesh Mehta,Ranvir Shorey,Kay Kay Menon,Kay Kay Menon | Ranvir Shorey | Pradhuman Singh | Neha Bhasin,Rakesh Mehta,,3.063,D,,,,,0.32,,,,,,,tt2327389,,,,,,,,,,hitFlop=1,Low,,wikipedia,2.0,2026-07-02
BOLLY_2012_0248_jannat_2,Jannat 2,Jannat 2,2012,May,5,2012-05-04,Action,,Crime | Drama | Thriller,No,,Kunal Deshmukh,Emraan Hashmi,Esha Gupta,Mohammed Zeeshan Ayyub | Viren Basoya | Manish Chaudhary | Esha Gupta,Kapil Chopra | Sanjay Masoom (dialogue),"Fox Star Studios, Vishesh Films",4.721,D,4.1021,D,,,63.09,,,,,,,tt2319889,6.3,,,,,,,,,hitFlop=5,Low,,wikipedia,2.0,2026-07-02
BOLLY_2012_0249_fatso,Fatso!,Fatso!,2012,May,5,,Drama,,Drama,No,,Rajat Kapoor,Ranvir Shorey,Gul Panag,Ranvir Shorey,,Pritish Nandy Communications,3.063,D,2.0954,D,9,,,,,,,,,,,,,,,,,,,,Low,,wikipedia,2.0,2026-07-02
BOLLY_2012_0250_dangerous_ishq,Dangerous Ishq,Dangerous Ishq,2012,May,5,,Thriller,,Thriller,No,,Vikram Bhatt,Karisma Kapoor,Rajneesh Duggal,Karisma Kapoor,,Reliance Entertainment,3.6993,D,2.9028,D,26,,8.687999999999999,,,,,,,,,,,,,,,,,hitFlop=1,High,,wikipedia,2.0,2026-07-02
BOLLY_2012_0251_chhota_bheem_and_the_curse_of_damyaan,Chhota Bheem and the Curse of Damyaan,Chhota Bheem and the Curse of Damyaan,2012,May,5,2012-05-18,Fantasy,,Animation | Adventure | Fantasy,No,,Rajiv Chilaka,[31],,Jigna Bhardwaj | Chutki | Kaustav Ghosh | Rajesh Kava,Rajiv Chilaka (original idea) | Richa Deo | Seeta,"PVR Pictures, Green Gold Animation",,,,,4.5,,5.51,,,,,,,tt2798620,6.3,,,,,,,,,hitFlop=2,High,,wikipedia,2.0,2026-07-02
BOLLY_2012_0252_ishaqzaade,Ishaqzaade,Ishaqzaade,2012,May,5,,Action,,Action,No,,Habib Faisal,Arjun Kapoor,Parineeti Chopra,Arjun Kapoor,,Yash Raj Films,6.5059,C,2.7399,D,,,,,,,,,,,,,,,,,,,,,Missing/Partial,,wikipedia,2.0,2026-07-02
BOLLY_2012_0253_department,Department,Department,2012,May,5,2012-05-18,Action,,Action,No,,Ram Gopal Varma,Amitabh Bachchan,Sanjay Dutt,Amitabh Bachchan | Rana Daggubati | Sanjay Dutt | Nathalia Kaur,Nilesh Girkar (story),Viacom18 Motion Pictures,7.0113,B,3.7435,D,32,,19.05,,,,,,,tt2186731,3.1,,,,,,,,,hitFlop=1,High,,wikipedia,2.0,2026-07-02
BOLLY_2012_0254_mr_bhatti_on_chutti,Mr. Bhatti on Chutti,Mr. Bhatti on Chutti,2012,May,5,,Comedy,,Comedy,No,,Karan Razdan,Anupam Kher,Abid Ali,Anupam Kher,,,3.4477,D,1.4335,D,,,,,,,,,,,,,,,,,,,,,Missing/Partial,,wikipedia,2.0,2026-07-02
BOLLY_2012_0255_rakhtbeej,Rakhtbeej,Rakhtbeej,2012,May,5,,Thriller,,Thriller,No,,Anil Balani,,,,,,,,,,,,,,,,,,,,,,,,,,,,,,Missing/Partial,,wikipedia,2.0,2026-07-02
BOLLY_2012_0256_yeh_khula_aasmaan,Yeh Khula Aasmaan,Yeh Khula Aasmaan,2012,May,5,,Drama,,Drama,No,,Gitanjali Sinha,Raghubir Yadav,Yashpal Sharma,Raghubir Yadav,,,,D,,,,,,,,,,,,,,,,,,,,,,,Missing/Partial,,wikipedia,2.0,2026-07-02
BOLLY_2012_0257_love_wrinkle_free,"Love, Wrinkle-free","Love, Wrinkle-free",2012,May,5,,Drama,,Drama,No,,Sandeep Mohan,Ash Chandler,Shernaz Patel,Ash Chandler,,,,D,,,,,,,,,,,,,,,,,,,,,,,Missing/Partial,,wikipedia,2.0,2026-07-02
BOLLY_2012_0258_shanghai,Shanghai,Shanghai,2012,June,6,2012-06-08,Drama,,Crime | Thriller,No,,Dibakar Banerjee,Emraan Hashmi,Abhay Deol,Emraan Hashmi | Abhay Deol | Prasenjit Chatterjee | Kalki Koechlin,Vasilis Vasilikos (adapted from the novel 'Z' by) | Urmi Juvekar (screenplay) | Dibakar Banerjee (screenplay),PVR Pictures,4.721,D,2.863,D,,,34.9,,,,,,,tt2072227,7.3,,,,,,,,,hitFlop=2,Low,,wikipedia,2.0,2026-07-02
BOLLY_2012_0259_ferrari_ki_sawaari,Ferrari Ki Sawaari,Ferrari Ki Sawaari,2012,June,6,2012-06-15,Comedy,,Crime | Family | Sport,No,,Rajesh Mapuskar,Sharman Joshi,Boman Irani,Sharman Joshi | Boman Irani | Ritwik Sahore | Paresh Rawal,Vidhu Vinod Chopra (original story and screenplay) | Rajesh Mapuskar (original story and screenplay) | Rajkumar Hirani (original story and dialogue) | Shekhar Dhavalikar (script associate) | Ranjeet Bahadur (dialogue associate),"Eros International, Vinod Chopra Films",3.6904,D,,,10,,45.69,,,,,,,tt2122340,6.4,,,,,,,,,hitFlop=5,High,,wikipedia,2.0,2026-07-02
BOLLY_2012_0260_teri_meri_kahaani,Teri Meri Kahaani,Teri Meri Kahaani,2012,June,6,2012-06-22,Drama,,Drama | Romance,No,,Kunal Kohli,Shahid Kapoor,Priyanka Chopra,Shahid Kapoor | Priyanka Chopra | Prachi Desai | Neha Sharma,Robin Bhatt (screenplay) | Kunal Kohli (story) | Surabhi Rumbles (screenplay),Eros International,5.7659,C,4.0747,D,30,,54,,,,,,,tt2354407,4.9,,,,,,,,,hitFlop=3,High,,wikipedia,2.0,2026-07-02
BOLLY_2012_0261_gangs_of_wasseypur_part_1,Gangs of Wasseypur – Part 1,Gangs of Wasseypur – Part 1,2012,May,5,,Action,,Action,Yes,,Anurag Kashyap,Manoj Bajpai,Nawazuddin Siddiqui,Manoj Bajpai,,"Viacom18 Motion Pictures, AKFPL, Phantom Films",,D,3.0408,D,9.2,,35.13,,,,,,,,,,,,,,,,,hitFlop=5,High,,wikipedia,2.0,2026-07-02
BOLLY_2012_0262_maximum,Maximum,Maximum,2012,June,6,2012-06-29,Thriller,,Crime | Thriller,No,,Kabeer Kaushik,Sonu Sood,Naseeruddin Shah,Mohan Agashe | Arya Babbar | Neha Dhupia | Rajendra Gupta,Kabeer Kaushik (screenplay),,,D,1.2309,D,,,,,,,,,,tt2339549,,,,,,,,,,hitFlop=1,Missing/Partial,,wikipedia,2.0,2026-07-02
BOLLY_2012_0263_3_bachelors,3 Bachelors,3 Bachelors,2012,June,6,2012-06-29,Comedy,,Comedy | Romance,No,,Ajay Sinha,Sharman Joshi,Riya Sen,Sharman Joshi | Negar Khan | Nigaar Khan | Manish Nagpal,Raghuvir Shekhawat | Ajai Sinha,,3.6904,D,,,,,,,,,,,,tt2224254,9.0,,,,,,,,,hitFlop=1,Missing/Partial,,wikipedia,2.0,2026-07-02
BOLLY_2012_0264_cocktail,Cocktail,Cocktail,2012,July,7,2012-07-13,Comedy,,Comedy | Drama | Romance,No,,Homi Adajania,Deepika Padukone,Saif Ali Khan,Deepika Padukone | Saif Ali Khan | Randeep Hooda | Boman Irani,Imtiaz Ali | Sajid Ali,"Eros International, Illuminati Films, Maddock Films",8.6272,C,,,,,122.99,,,,,,,tt2168910,6.3,,,,,,,,,hitFlop=6,Low,,wikipedia,2.0,2026-07-02
BOLLY_2012_0265_gattu,Gattu,Gattu,2012,July,7,,Drama,,Drama,No,,Rajan Khosa,Mohammad Samad,[47],Mohammad Samad,,,,,,,,,,,,,,,,,,,,,,,,,,,Missing/Partial,,wikipedia,2.0,2026-07-02
BOLLY_2012_0266_challo_driver,Challo Driver,Challo Driver,2012,,,2012-07-20,Drama,,Comedy,No,,Vickrant Mahajan,Kainaz Motivala,Prem Chopra,Vickrant Mahajan | Kainaz Motivala | Prem Chopra | Deepak Arora,Vickrant Mahajan,,,D,,,,,,,,,,,,tt2251552,3.5,,,,,,,,,hitFlop=1,Missing/Partial,,wikipedia,2.0,2026-07-02
BOLLY_2012_0267_mere_dost_picture_abhi_baki_hai,Mere Dost Picture Abhi Baki Hai,Mere Dost Picture Abhi Baki Hai,2012,July,7,,Comedy,,Comedy,No,,Rajnish Raj Thakur,Suniel Shetty,Rajpal Yadav,Suniel Shetty,,,,D,,,,,,,,,,,,,,,,,,,,,,,Missing/Partial,,wikipedia,2.0,2026-07-02
BOLLY_2012_0268_kyaa_super_kool_hain_hum,Kyaa Super Kool Hain Hum,Kyaa Super Kool Hain Hum,2012,July,7,2012-07-27,Comedy,,Comedy,No,,Sachin Yardi,Tusshar Kapoor,Riteish Deshmukh,Anupam Kher | Ritesh Deshmukh | Rohit Shetty | Tusshar Kapoor,Sukhmani Sadana (dialogue revisor) | Sachin Yardi,Balaji Motion Pictures,3.8353,D,,,19,,60.77,,,,,,,tt2027138,5.0,,,,,,,,,hitFlop=5,High,,wikipedia,2.0,2026-07-02
BOLLY_2012_0269_aalaap,Aalaap,Aalaap,2012,July,7,2012-07-27,Drama,,Sci-Fi,No,,Manish Manikpuri,Gamya Wijayadasa,Rituparna Sengupta,Omkar Das Manikpuri | Ashish Patil | Pitobash | Amit Purohit,Dilip Shukla,,,D,,,,,,,,,,,,tt2243336,0.0,,,,,,,,,hitFlop=1,Missing/Partial,,wikipedia,2.0,2026-07-02
BOLLY_2012_0270_jism_2,Jism 2,Jism 2,2012,August,8,2012-08-03,Romance,,Drama | Romance | Thriller,No,,Pooja Bhatt,Sunny Leone,Arunoday Singh,Randeep Hooda | Sunny Leone | Arunoday Singh | Junayeed Bin Fakhrul,Mahesh Bhatt (screenplay) | Mahesh Bhatt | Shagufta Rafique (dialogue),,,D,3.0934,D,,,49,,,,,,,tt2226666,3.1,,,,,,,,,hitFlop=5,Low,,wikipedia,2.0,2026-07-02
BOLLY_2012_0271_krishna_aur_kans,Krishna Aur Kans,Krishna Aur Kans,2012,August,8,2012-08-03,Fantasy,,Animation | Action | Adventure,No,,Vikram Veturi,Om Puri,Juhi Chawla,Manoj Bajpayee | Harish Bhimani | Neetu Chaudhary | Juhi Chawla,Kamlesh Pandey (screenplay) | Dhrubo Banerjee (story) | Bhaskar Mani (story),Reliance Animation,4.1779,D,,,,,,,,,,,,tt2321492,6.7,,,,,,,,,hitFlop=1,Missing/Partial,,wikipedia,2.0,2026-07-02
BOLLY_2012_0272_gangs_of_wasseypur_part_2,Gangs of Wasseypur – Part 2,Gangs of Wasseypur – Part 2,2012,May,5,,Action,,Action,Yes,,Anurag Kashyap,Nawazuddin Siddiqui,Tigmanshu Dhulia,Nawazuddin Siddiqui,,"Viacom18 Motion Pictures, AKFPL, Phantom Films",3.7877,D,3.0408,D,9.2,,22.04,,,,,,,,,,,,,,,,,hitFlop=4,High,,wikipedia,2.0,2026-07-02
BOLLY_2012_0273_paanch_ghantey_mien_paanch_crore,Paanch Ghantey Mien Paanch Crore,Paanch Ghantey Mien Paanch Crore,2012,August,8,,Thriller,,Thriller,No,,Faisal Saif,Meera,Kavita Radheshyam,Meera,,,,,,,,,,,,,,,,,,,,,,,,,,,Missing/Partial,,wikipedia,2.0,2026-07-02
BOLLY_2012_0274_shirin_farhad_ki_toh_nikal_padi,Shirin Farhad Ki Toh Nikal Padi,Shirin Farhad Ki Toh Nikal Padi,2012,August,8,2012-08-24,Comedy,,Romance,No,,Bela Sehgal,Boman Irani,Farah Khan,Kavin Dave | Kurush Deboo | Boman Irani | Daisy Irani,Sanjay Leela Bhansali | Vibhu Puri (additional screenplay),Eros International,3.6468,D,,,,,9.48,,,,,,,tt2187972,4.5,,,,,,,,,hitFlop=2,Low,,wikipedia,2.0,2026-07-02
BOLLY_2012_0275_joker,Joker,Joker,2012,August,8,2012-08-31,Comedy,,Comedy | Sci-Fi,No,,Shirish Kunder,Akshay Kumar,Sonakshi Sinha,Asrani | Avtar Gill | Gurpreet Guggi | Greg Heffernan,Shirish Kunder (dialogue) | Shirish Kunder (screenplay) | Shirish Kunder (story),"Hari Om Entertainment, UTV Motion Pictures",6.3805,C,,,47,,35.87,,,,,,,tt1918886,2.4,,,,,,,,,hitFlop=1,High,,wikipedia,2.0,2026-07-02
BOLLY_2012_0276_from_sydney_with_love,From Sydney with Love,From Sydney with Love,2012,August,8,2012-08-31,Drama,,Comedy | Romance,No,,Prateek Chakraborty,Sharad Malhotra,Evelyn Sharma,Bidita Bag | Ronjini Chakraborty | Sabyasachi Chakraborty | Prateek Chakravorty,Prateek Chakravorty (story) | Marmabanda Gavhane (additional dialogue) | Spandan Mishra (additional dialogue),,,,,,,,,,,,,,,tt2185084,0.0,,,,,,,,,hitFlop=1,Missing/Partial,,wikipedia,2.0,2026-07-02
BOLLY_2012_0277_i_m_24,I M 24,I M 24,2012,August,8,,Drama,,Drama,No,,Saurabh Shukla,Ranvir Shorey,Neha Dhupia,Ranvir Shorey,,Mirchi Movies,3.063,D,,,,,,,,,,,,,,,,,,,,,,,Missing/Partial,,wikipedia,2.0,2026-07-02
BOLLY_2012_0278_chal_pichchur_banate_hain,Chal Pichchur Banate Hain,Chal Pichchur Banate Hain,2012,September,9,2012-09-07,Comedy,,Drama,No,,Pritish Chakraborty,[61],,Sagar Bhangade | Mukesh Bhatt | Vipul Bhatt | Manmeet Dhanjal,Pritish Chakraborty,,,,,,,,,,,,,,,tt2367056,0.0,,,,,,,,,hitFlop=1,Missing/Partial,,wikipedia,2.0,2026-07-02
BOLLY_2012_0279_jeena_hai_toh_thok_daal,Jeena Hai Toh Thok Daal,Jeena Hai Toh Thok Daal,2012,September,9,2012-09-14,Action,,Drama,No,,Manish Vatsalya,Ravi Kishan,Yashpal Sharma,Ravi Kishan | Manish Vatsalya | Yashpal Sharma | Rahul Kumar,Saurabh Choudhary (screenplay),,2.1644,D,,,,,,,,,,,,tt2294685,0.0,,,,,,,,,hitFlop=1,Missing/Partial,,wikipedia,2.0,2026-07-02
BOLLY_2012_0280_heroine,Heroine,Heroine,2012,September,9,2012-09-21,Drama,,Drama,No,,Madhur Bhandarkar,Kareena Kapoor,Arjun Rampal,Kareena Kapoor | Arjun Rampal | Randeep Hooda | Shahana Goswami,Madhur Bhandarkar | Niranjan Iyengar | Anuradha Tiwari,UTV Motion Pictures,8.0906,D,3.2787,D,,,,,,,,,,tt1949548,5.0,,,,,,,,,hitFlop=3,Missing/Partial,,wikipedia,2.0,2026-07-02
BOLLY_2012_0281_kamaal_dhamaal_malamaal,Kamaal Dhamaal Malamaal,Kamaal Dhamaal Malamaal,2012,September,9,2012-09-28,Comedy,,Comedy,No,,Priyadarshan,Paresh Rawal,Om Puri,Asrani | Madhurima Banerjee | Shakti Kapoor | Pratima Kazmi,,Percept Pictures,3.7967,D,3.8472,D,,,,,,,,,,tt2278422,4.3,,,,,,,,,hitFlop=1,Missing/Partial,,wikipedia,2.0,2026-07-02
BOLLY_2012_0282_omg_oh_my_god,OMG – Oh My God!,OMG – Oh My God!,2012,September,9,,Comedy,,Comedy,No,,Umesh Shukla,Paresh Rawal,Akshay Kumar,Paresh Rawal,,"Viacom18 Motion Pictures, Grazing Goat Pictures",3.7967,D,,,19.99,,149.9,,,,,,,,,,,,,,,,,hitFlop=5,High,,wikipedia,2.0,2026-07-02
BOLLY_2012_0283_english_vinglish,English Vinglish,English Vinglish,2012,September,9,2012-10-05,Comedy,,Comedy | Drama | Family,No,,Gauri Shinde,Sridevi,Priya Anand,Sridevi | Adil Hussain | Mehdi Nebbou | Priya Anand,Gauri Shinde,Eros International,,C,,,10,,102,,,,,,,tt2181931,7.8,,,,,,,,,hitFlop=5,High,,wikipedia,2.0,2026-07-02
BOLLY_2012_0284_kismat_love_paisa_dilli,Kismat Love Paisa Dilli,Kismat Love Paisa Dilli,2012,October,10,,Comedy,,Comedy,No,,Sanjay Khanduri,Vivek Oberoi,Mallika Sherawat,Vivek Oberoi,,,3.486,D,,,16,,3.27,,,,,,,,,,,,,,,,,hitFlop=1,High,,wikipedia,2.0,2026-07-02
BOLLY_2012_0285_aiyyaa,Aiyyaa,Aiyyaa,2012,October,10,2012-10-12,Romance,,Comedy,No,,Sachin Kundalkar,Rani Mukerji,Prithviraj Sukumaran,Rani Mukerji | Prithviraj Sukumaran | Nirmiti Sawant | Subodh Bhave,,"Viacom18 Motion Pictures, AKFPL",3.932,D,,,,,9.58,,,,,,,tt2255934,4.4,,,,,,,,,hitFlop=1,Low,,wikipedia,2.0,2026-07-02
BOLLY_2012_0286_login,Login,Login,2012,October,10,2012-10-12,Crime,,Drama | Thriller,No,,Sanjeev Reddy,Rashmi Gautam,Nandini Rai,Himanshu Bhatt | Roy Radhika | Akkash Basnet | Rashmi Gautam,Sanjeev Reddy (story),Cocktail Pictures,,,,,,,,,,,,,,tt2188805,5.7,,,,,,,,,hitFlop=1,Missing/Partial,,wikipedia,2.0,2026-07-02
BOLLY_2012_0287_chittagong,Chittagong,Chittagong,2012,October,10,2012-10-12,Drama,,Action | Drama | War,No,,Bedabrata Pain,Manoj Bajpai,Vega Tamotia,Manoj Bajpayee | Barry John | Delzad Hiwale | Vega Tamotia,Bedabrata Pain | Shonali Bose,Bohra Bros,,,,,4.5,,0.31,,,,,,,tt1785333,7.3,,,,,,,,,hitFlop=1,High,,wikipedia,2.0,2026-07-02
BOLLY_2012_0288_bhoot_returns,Bhoot Returns,Bhoot Returns,2012,October,10,2012-10-12,Horror,,Horror,No,,Ram Gopal Verma,Manisha Koirala,J. D. Chakravarthy,J.D. Chakravarthi | Nitin Jadhav | Manisha Koirala | Madhu Shalini,,Eros International,2.7949,D,,,7.5,,6.39,,,,,,,tt2406636,2.6,,,,,,,,,hitFlop=1,High,,wikipedia,2.0,2026-07-02
BOLLY_2012_0289_student_of_the_year,Student of the Year,Student of the Year,2012,October,10,2012-10-19,Comedy,,Comedy | Romance,No,,Karan Johar,Sidharth Malhotra,Alia Bhatt,Sidharth Malhotra | Alia Bhatt | Varun Dhawan | Rishi Kapoor,Renzil D'Silva (screenplay) | Karan Johar,"Dharma Productions, Red Chillies Entertainment",,C,7.1046,B,59,,97,,,,,,,tt2172071,5.2,,,,,,,,,hitFlop=3,High,,wikipedia,2.0,2026-07-02
BOLLY_2012_0290_delhi_safari,Delhi Safari,Delhi Safari,2012,October,10,2012-12-07,Comedy,,Animation,No,,Nikhil Advani,Akshaye Khanna,Suniel Shetty,Cary Elwes | Christopher Lloyd | Troy Baker | Tom Kenny,Nikhil Advani (screenplay) | Nikhil Advani (story) | Rahul Awate (dialogue) | Girish Dhamija (dialogue) | Girish Dhamija (screenplay) | Suresh Nair (screenplay) | Milap Zaveri (dialogue),Emmay Entertainment,3.3625,C,2.3243,D,,,,,,,,,,tt1172587,5.5,,,,,,,,,hitFlop=1,Missing/Partial,,wikipedia,2.0,2026-07-02
BOLLY_2012_0291_chakravyuh,Chakravyuh,Chakravyuh,2012,October,10,2012-10-24,Action,,Drama | Thriller | War,No,,Prakash Jha,Arjun Rampal,Abhay Deol,Arjun Rampal | Abhay Deol | Manoj Bajpayee | Esha Gupta,Prakash Jha | Sagar Pandya | Anjum Rajabali,Eros International,3.8011,D,3.6075,D,30,,25.7,,,,,,,tt2292625,6.8,,,,,,,,,hitFlop=1,High,,wikipedia,2.0,2026-07-02
BOLLY_2012_0292_ajab_gazabb_love,Ajab Gazabb Love,Ajab Gazabb Love,2012,October,10,2012-10-24,Comedy,,Romance,No,,Sanjay Gadhvi,Jackky Bhagnani,Nidhi Subbaiah,Jacky Bhagnani | Nidhi Subbaiah | Darshan Jariwala | Kiron Kher,Anvita Dutt (additional screenplay) | Mayur Puri (screenplay) | G. Nageswara Reddy (original story),Pooja Entertainment,,D,4.3755,D,,,,,,,,,,tt2356959,4.4,,,,,,,,,hitFlop=1,Missing/Partial,,wikipedia,2.0,2026-07-02
BOLLY_2012_0293_rush,Rush,Rush,2012,October,10,2012-10-26,Thriller,,Thriller,No,,"Shamin Desai, Priyanka Desai",Emraan Hashmi,Neha Dhupia,Emraan Hashmi | Aditya Pancholi | Sagarika Ghatge | Neha Dhupia,Shamin Desai (dialogue) | Sanjay Masoom (dialogue writer),,4.721,D,,,18,,4.6,,,,,,,tt2256514,3.9,,,,,,,,,hitFlop=1,High,,wikipedia,2.0,2026-07-02
BOLLY_2012_0294_luv_shuv_tey_chicken_khurana,Luv Shuv Tey Chicken Khurana,Luv Shuv Tey Chicken Khurana,2012,November,11,2012-11-02,Comedy,,Comedy,No,,Sameer Sharma,Kunal Kapoor,Huma Qureshi,Kunal Kapoor | Huma Qureshi | Vinod Nagpal | Rajesh Sharma,Sumit Batheja | Sameer Sharma,UTV Motion Pictures,2.3939,D,,,3,,10.5,,,,,,,tt2186933,6.6,,,,,,,,,hitFlop=5,High,,wikipedia,2.0,2026-07-02
BOLLY_2012_0295_ata_pata_laapata,Ata Pata Laapata,Ata Pata Laapata,2012,November,11,,Comedy,,Comedy,No,,Rajpal Yadav,Rajpal Yadav,Ashutosh Rana,Rajpal Yadav,,,2.3783,D,,,,,,,,,,,,,,,,,,,,,,,Missing/Partial,,wikipedia,2.0,2026-07-02
BOLLY_2012_0296_sons_of_ram,Sons of Ram,Sons of Ram,2012,November,11,2012-11-02,Drama,,Animation | Drama | Musical,No,,Kushal Ruia,Sunidhi Chauhan,[81],Sunidhi Chauhan | Ettienne Couthino | Devansh Doshi | Saptharishi Ghosh,Kushal Ruia (story) | Vivek Kumar (contributing writer) | Anant Pai (comic book) | Divya Chandel (additional dialogue) | Arnab Kanti Mishra (additional dialogue),,,,,,,,,,,,,,,tt2317103,4.0,,,,,,,,,hitFlop=1,Missing/Partial,,wikipedia,2.0,2026-07-02
BOLLY_2012_0297_khiladi_786,Khiladi 786,Khiladi 786,2012,December,12,2012-12-07,Action,,Action | Comedy,No,,Ashish R Mohan,Akshay Kumar,Asin,Akshay Kumar | Asin | Raj Babbar | Vipin Bakshi,Kushal Bakshi (screenplay) | Bunty Rathore (dialogue) | Himesh Reshammiya (story),"Hari Om Entertainment, Eros International, HR Musik",6.3805,C,,,63,,107,,,,,,,tt2166214,4.3,,,,,,,,,hitFlop=3,High,,wikipedia,2.0,2026-07-02
BOLLY_2012_0298_the_last_act,The Last Act,The Last Act,2012,December,12,,Drama,,Drama,No,,12 directors,Saurabh Shukla,[87],Saurabh Shukla,,,,D,,,,,,,,,,,,,,,,,,,,,,,Missing/Partial,,wikipedia,2.0,2026-07-02
BOLLY_2012_0299_cigarette_ki_tarah,Cigarette Ki Tarah,Cigarette Ki Tarah,2012,December,12,2012-12-14,Romance,,Romance | Thriller,No,,Akashaditya Lama,Prashant Narayanan,Sudesh Berry,Ashok Banthia | Sudesh Berry | Yuvika Chaudhry | Prashant Narayanan,Pradip Atluri | Bobby Khan,,1,D,,,,,,,,,,,,tt2346744,6.5,,,,,,,,,hitFlop=1,Missing/Partial,,wikipedia,2.0,2026-07-02
BOLLY_2012_0300_mysterious_girl,Mysterious Girl,Mysterious Girl,2012,March,3,,Drama,,Drama,No,,Uday Kiran,,,,,[90],,,,,,,,,,,,,,,,,,,,,,,,,Missing/Partial,,wikipedia,2.0,2026-07-02
BOLLY_2013_0301_dhoom_3,Dhoom: 3,Dhoom 3,2013,December,12,2013-12-20,Action,,Action | Crime | Thriller,No,,Yash Raj Films,,,Aamir Khan | Katrina Kaif | Tabrett Bethell | Abhishek Bachchan,Vijay Krishna Acharya (story) | Aditya Chopra (story) | Vijay Krishna Acharya (screenplay),,,,,,100,,556.74,,,,,,,tt1833673,5.4,,,,,,,,,hitFlop=5,High,,wikipedia,2.0,2026-07-02
BOLLY_2013_0302_chennai_express,Chennai Express,Chennai Express,2013,August,8,2013-08-08,Action,,Action | Comedy | Romance,No,,UTV Motion Pictures | Red Chillies Entertainment,,,Deepika Padukone | Shah Rukh Khan | Satyaraj | Nikitin Dheer,K. Subhash (story) | Yunus Sajawal (screenplay) | Robin Bhatt (additional screenplay) | Farhad (dialogue) | Sajid (dialogue),,,,,,115,,423,,,,,,,tt2112124,6.1,,,,,,,,,hitFlop=5,High,,wikipedia,2.0,2026-07-02
BOLLY_2013_0303_krrish_3,Krrish 3,Krrish 3,2013,November,11,2013-11-01,Action,,Action | Sci-Fi,No,,Filmkraft Productions,,,Hrithik Roshan | Amitabh Bachchan | Priyanka Chopra | Naseeruddin Shah,Rakesh Roshan (story) | Robin Bhatt (screenplay) | Honey Irani (screenplay) | Irfan Kamal (screenplay) | Akarsh Khurana (screenplay) | Rakesh Roshan (screenplay) | Sanjay Masoom (dialogue) | David Benullo (story),,,,,,100,,393,,,,,,,tt1029231,5.3,,,,,,,,,hitFlop=5,High,,wikipedia,2.0,2026-07-02
BOLLY_2013_0304_yeh_jawaani_hai_deewani,Yeh Jawaani Hai Deewani,Yeh Jawaani Hai Deewani,2013,May,5,2013-05-31,Comedy,,Drama | Musical | Romance,No,,UTV Motion Pictures | Dharma Productions,,,Ranbir Kapoor | Deepika Padukone | Aditya Roy Kapoor | Kalki Koechlin,Hussain Dalal (dialogue) | Ayan Mukherjee (story),,,,,,45,,326,,,,,,,tt2178470,7.2,,,,,,,,,hitFlop=5,High,,wikipedia,2.0,2026-07-02
BOLLY_2013_0305_aashiqui_2,Aashiqui 2,Aashiqui 2,2013,April,4,2013-04-26,Drama,,Drama | Music | Musical,No,,T-Series Films | Vishesh Films,,,Aditya Roy Kapoor | Shraddha Kapoor | Shaad Randhawa | Salil Acharya,Shagufta Rafique,,,,,,15,,109,,,,,,,tt2203308,7.0,,,,,,,,,hitFlop=5,High,,wikipedia,2.0,2026-07-02
BOLLY_2013_0306_goliyon_ki_raasleela_ram_leela,Goliyon Ki Raasleela Ram-Leela,Goliyon Ki Raasleela Ram-Leela,2013,November,11,,Drama,,Drama,No,,Eros International,,,,,,,,,,88,,201.4,,,,,,,,,,,,,,,,,hitFlop=4,High,,wikipedia,2.0,2026-07-02
BOLLY_2013_0307_vishwaroopam,Vishwaroopam,Vishwaroopam,2013,January,1,,Action,,Action,No,,Raaj Kamal Films International,,,,,,,,,,,,220,,,,,,,,,,,,,,,,,,Low,,wikipedia,2.0,2026-07-02
BOLLY_2013_0308_bhaag_milkha_bhaag,Bhaag Milkha Bhaag,Bhaag Milkha Bhaag,2013,July,7,2013-07-12,Drama,,Biography | Drama | History,No,,Viacom 18 Motion Pictures,,,Farhan Akhtar | Sonam Kapoor | Pavan Malhotra | Art Malik,Prasoon Joshi,,,,,,41,,210,,,,,,,tt2356180,8.2,,,,,,,,,hitFlop=5,High,,wikipedia,2.0,2026-07-02
BOLLY_2013_0309_race_2,Race 2,Race 2,2013,January,1,2013-01-25,Action,,Action | Crime | Drama,No,,UTV Motion Pictures | Tips Industries,,,Anil Kapoor | Saif Ali Khan | John Abraham | Deepika Padukone,Shiraz Ahmed (screenplay) | Kiran Kotrial (dialogue),,,,,,,,173.36,,,,,,,tt1375789,5.3,,,,,,,,,hitFlop=5,Low,,wikipedia,2.0,2026-07-02
BOLLY_2013_0310_grand_masti,Grand Masti,Grand Masti,2013,September,9,2013-09-13,Comedy,,Comedy | Drama | Romance,No,,Eros International,,,Ritesh Deshmukh | Vivek Oberoi | Aftab Shivdasani | Suresh Menon,Tushar Hiranandani (story) | Milap Zaveri (dialogue) | Milap Zaveri (story),,,,,,34,,151.24,,,,,,,tt2476154,4.5,,,,,,,,,hitFlop=5,High,,wikipedia,2.0,2026-07-02
BOLLY_2013_0311_table_no_21,Table No. 21,Table No. 21,2013,January,1,2013-01-04,Thriller,,Adventure | Thriller,No,,Aditya Datt,Paresh Rawal,Rajeev Khandelwal,Paresh Rawal | Rajeev Khandelwal | Tina Desai | Dhruv Ganesh,Sheershak Anand (story) | Shantanu Ray Chhibber (story) | T. Rafael Cimino (novel) | Abhijeet Deshpande,Eros International,3.7967,D,1.7076,D,8.5,,17.72,,,,,,,tt2229842,7.2,,,,,,,,,hitFlop=4,High,,wikipedia,2.0,2026-07-02
BOLLY_2013_0312_dehraadun_diary,Dehraadun Diary,Dehraadun Diary,2013,January,1,2013-01-04,Drama,,Thriller,No,,Milind Ukey,Adhyayan Suman,Rohit Bakshi,Rati Agnihotri | Neelima Azim | Rohit Bakshi | Vishal Bhosle,Aseem Arora (screenplay) | Aseem Arora (script),,,D,2.6208,D,,,,,,,,,,tt2613942,5.0,,,,,,,,,hitFlop=1,Missing/Partial,,wikipedia,2.0,2026-07-02
BOLLY_2013_0313_meri_shadi_karao,Meri Shadi Karao,Meri Shadi Karao,2013,January,1,,Comedy,,Comedy,No,,Syed Noor,Gurdeep Singh Mehndi,,Gurdeep Singh Mehndi,,,,,,,,,,,,,,,,,,,,,,,,,,,Missing/Partial,,wikipedia,2.0,2026-07-02
BOLLY_2013_0314_matru_ki_bijlee_ka_mandola,Matru ki Bijlee ka Mandola,Matru Ki Bijlee Ka Mandola,2013,January,1,2013-01-11,Comedy,,Comedy | Drama,No,,Vishal Bhardwaj,Imran Khan,Anushka Sharma,Imran Khan | Anushka Sharma | Pankaj Kapur | Lekha Washington,Vishal Bhardwaj (dialogue) | Vishal Bhardwaj (screenplay) | Abhishek Chaubey (screenplay) | Sabrina Dhawan (script consultant),Fox Star Studios,5.112,C,3.6423,D,45,,31.15,,,,,,,tt2106537,5.6,,,,,,,,,hitFlop=1,High,,wikipedia,2.0,2026-07-02
BOLLY_2013_0315_pyaar_mein_aisa_hota_hai,Pyaar Mein Aisa Hota Hai,Pyaar Mein Aisa Hota Hai,2013,,,,Drama,,Drama,No,,Rajesh Kumar,Mohd Nazim,Aanamika Bawa,Mohd Nazim,,,,,,,,,,,,,,,,,,,,,,,,,,,Missing/Partial,,wikipedia,2.0,2026-07-02
BOLLY_2013_0316_gangoobai,Gangoobai,Gangoobai,2013,January,1,2013-01-11,Drama,,Drama | Family,No,,Priya Krishnaswamy,Sarita Joshi,Purab Kohli,Sarita Joshi | Purab Kohli | Mita Vasisht | Rajendranath Zutshi,Priya Krishnaswamy | Rayomand J. Patell (additional screenplay writer) | Abhay Tiwari (dialogue),,,D,,,,,,,,,,,,tt2624852,7.5,,,,,,,,,hitFlop=1,Missing/Partial,,wikipedia,2.0,2026-07-02
BOLLY_2013_0317_inkaar,Inkaar,Inkaar,2013,January,1,2013-01-18,Drama,,Drama | Romance,No,,Sudhir Mishra,Arjun Rampal,Chitrangada Singh,Arjun Rampal | Chitrangda Singh | Vipin Sharma | Mithun Rodwittiya,Sudhir Mishra,Viacom18 Motion Pictures,3.8011,D,1.6302,D,,,10.02,,,,,,,tt2094854,6.1,,,,,,,,,hitFlop=2,Low,,wikipedia,2.0,2026-07-02
BOLLY_2013_0318_mumbai_mirror,Mumbai Mirror,Mumbai Mirror,2013,January,1,,Action,,Action,No,,Ankush Bhatt,Sachiin Joshi,Gihana Khan,Sachiin Joshi,,,,,,,,,,,,,,,,,,,,,,,,,,,Missing/Partial,,wikipedia,2.0,2026-07-02
BOLLY_2013_0319_bandook,Bandook,Bandook,2013,January,1,2013-01-18,Thriller,,Crime | Thriller,No,,Aditya Om,Aditya Om,Manisha Kelkar,Manisha Kelkar | Arshad Khan | Ashish Kotwal | Aditya Om,,,,,,,,,,,,,,,,tt2318401,,,,,,,,,,hitFlop=1,Missing/Partial,,wikipedia,2.0,2026-07-02
BOLLY_2013_0320_akaash_vani,Akaash Vani,Akaash Vani,2013,January,1,2013-01-25,Drama,,Romance,No,,Luv Ranjan,Kartik Tiwari,Nushrat Bharucha,Nushrat Bharucha | Kiran Kumar | Gautam Mehra | Sunny Singh Nijjar,,Wide Frame Pictures,,D,,,10,,2.24,,,,,,,tt2423132,6.4,,,,,,,,,hitFlop=1,High,,wikipedia,2.0,2026-07-02
BOLLY_2013_0321_main_krishna_hoon,Main Krishna Hoon,Main Krishna Hoon,2013,January,1,,Action,,Action,No,,Rajiv S. Ruia,Hrithik Roshan,Juhi Chawla,Hrithik Roshan,,Eros International,8.2519,D,1.1221,D,,,,,,,,,,,,,,,,,,,,,Missing/Partial,,wikipedia,2.0,2026-07-02
BOLLY_2013_0322_deewana_main_deewana,Deewana Main Deewana,Deewana Main Deewana,2013,February,2,,Comedy,,Comedy,No,,K.C. Bokadia,Govinda,Priyanka Chopra,Govinda,,,4.7856,D,,,,,,,,,,,,,,,,,,,,,,,Missing/Partial,,wikipedia,2.0,2026-07-02
BOLLY_2013_0323_david,David,David,2013,February,2,2013-02-08,Drama,,Action | Crime | Drama,No,,Bejoy Nambiar,Vikram,Lara Dutta,'Chiyaan' Vikram | Neil Nitin Mukesh | Vinay Virmani | Tabu,Abhijeet Deshpande (dialogue & lyrics) | Bejoy Nambiar (screenplay) | Bejoy Nambiar (story) | Natasha Sahgal (screenplay),Reliance Entertainment,,C,,,,,17,,,,,,,tt2358412,6.2,,,,,,,,,hitFlop=1,Low,,wikipedia,2.0,2026-07-02
BOLLY_2013_0324_mai,Mai,Mai...,2013,,,2013-02-01,Drama,,Drama | Family,No,,Mahesh Kodiyal,Asha Bhosle,Ram Kapoor,Asha Bhosle | Kshitee Jog | Shivani Joshi | Ram Kapoor,Mahesh Kodiyal | Manoj Tapadia,,,D,,,,,,,,,,,,tt2389486,,,,,,,,,,hitFlop=1,Missing/Partial,,wikipedia,2.0,2026-07-02
BOLLY_2013_0325_listen_amaya,Listen... Amaya,Listen... Amaya,2013,February,2,2013-02-01,Drama,,Drama,No,,Avinash Kumar Singh,Farooq Sheikh,Deepti Naval,Farooq Shaikh | Deepti Naval | Swara Bhaskar | Amala Akkineni,Vikas Chandra (additional dialogue) | Avinash Kumar Singh (dialogue) | Avinash Kumar Singh | Geeta Singh (dialogue) | Geeta Singh (story),,,D,,,,,,,,,,,,tt2224313,7.0,,,,,,,,,hitFlop=1,Missing/Partial,,wikipedia,2.0,2026-07-02
BOLLY_2013_0326_special_26,Special 26,Special 26,2013,February,2,2013-02-08,Thriller,,Crime | Drama | Thriller,No,,Neeraj Pandey,Akshay Kumar,Kajal Aggarwal,Akshay Kumar | Kajal Agarwal | Manoj Bajpayee | Jimmy Shergill,Neeraj Pandey,Viacom18 Motion Pictures,6.3805,C,,,,,103,,,,,,,tt2377938,8.0,,,,,,,,,hitFlop=5,Low,,wikipedia,2.0,2026-07-02
BOLLY_2013_0327_the_unsound,The Unsound,The Unsound,2013,,,,Drama,,Drama,No,,Alok Shrivastava,Shadaab Khan,Anurita Jha,Shadaab Khan,,,,,,,,,,,,,,,,,,,,,,,,,,,Missing/Partial,,wikipedia,2.0,2026-07-02
BOLLY_2013_0328_jayantabhai_ki_luv_story,Jayantabhai Ki Luv Story,Jayantabhai Ki Luv Story,2013,February,2,2013-02-15,Comedy,,Action | Comedy | Romance,No,,Vinnil Markan,Vivek Oberoi,Neha Sharma,Zakir Hussain | Nasser | Vivek Oberoi | Neha Sharma,Kiran Kotrial,,3.486,D,,,,,,,,,,,,tt2622130,5.3,,,,,,,,,hitFlop=1,Missing/Partial,,wikipedia,2.0,2026-07-02
BOLLY_2013_0329_murder_3,Murder 3,Murder 3,2013,February,2,2013-02-15,Drama,,Thriller,No,,Vishesh Bhatt,Randeep Hooda,Aditi Rao Hydari,Randeep Hooda | Aditi Rao Hydari | Sara Loren | Rajesh Shringarpore,"Mahesh Bhatt | Hatem Khraiche (original film ""La Cara Oculta"""") | Amit Masurkar (additional screenplay)""","Fox Star Studios, Vishesh Films",3.739,D,,,15,,27.75,,,,,,,tt2429640,5.0,,,,,,,,,hitFlop=3,High,,wikipedia,2.0,2026-07-02
BOLLY_2013_0330_kai_po_che,Kai po che!,Kai Po Che!,2013,February,2,2013-02-22,Drama,,Drama | Sport,No,,Abhishek Kapoor,Sushant Singh Rajput,Rajkumar Rao,Asif Basra | Digvijay Deshmukh | Manav Kaul | Amrita Puri,Chetan Bhagat (novel) | Abhishek Kapoor (adaptation) | Supratik Sen (adaptation) | Chetan Bhagat (adaptation) | Pubali Chaudhuri (adaptation),UTV Motion Pictures,,,4.0376,D,30,,83,,,,,,,tt2213054,7.8,,,,,,,,,hitFlop=4,High,,wikipedia,2.0,2026-07-02
BOLLY_2013_0331_zila_ghaziabad,Zila Ghaziabad,Zila Ghaziabad,2013,February,2,,Action,,Action,No,,Anand Kumar,Arshad Warsi,Vivek Oberoi,Arshad Warsi,,,3.5596,D,,,,,,,,,,,,,,,,,,,,,,,Missing/Partial,,wikipedia,2.0,2026-07-02
BOLLY_2013_0332_i_me_aur_main,"I, Me aur Main","I, Me Aur Main",2013,March,3,2013-03-01,Comedy,,Drama,No,,Kapil Sharma,John Abraham,Prachi Desai,John Abraham | Chitrangda Singh | Prachi Desai | Mini Mathur,Devika Bhagat,Reliance Entertainment,7.1193,D,,,20,,13.819999999999999,,,,,,,tt2064816,4.7,,,,,,,,,hitFlop=1,High,,wikipedia,2.0,2026-07-02
BOLLY_2013_0333_bloody_isshq,Bloody Isshq,Bloody Isshq,2013,March,3,2013-03-01,Drama,,Romance,No,,Arup Dutta,Shilpa Anand,Tripta Parashar,Akash | Shilpa Anand | Karan Mehra | Tripta Parashar,Aroti Bhattacharya,,,D,,,,,,,,,,,,tt2404187,4.0,,,,,,,,,hitFlop=1,Missing/Partial,,wikipedia,2.0,2026-07-02
BOLLY_2013_0334_the_attacks_of_26_11,The Attacks of 26/11,The Attacks of 26/11,2013,February,2,2013-03-01,Action,,Drama,No,,Ram Gopal Varma,Nana Patekar,,Nana Patekar | Atul Kulkarni | Ganesh Yadav | Ferzad Jehani,Prashant Pandey (dialogue) | Rommel Rodrigues (story),Eros International,4.0525,D,3.7435,D,22,,30.9,,,,,,,tt2635622,6.9,,,,,,,,,hitFlop=2,High,,wikipedia,2.0,2026-07-02
BOLLY_2013_0335_saheb_biwi_aur_gangster_returns,Saheb Biwi Aur Gangster Returns,"Saheb, Biwi Aur Gangster Returns",2013,March,3,2013-03-08,Crime,,Action | Crime | Drama,No,,Tigmanshu Dhulia,Jimmy Sheirgill,Mahie Gill,Raj Babbar | Mahie Gill | Mugdha Godse | Rajiv Gupta,Tigmanshu Dhulia (screenplay) | Tigmanshu Dhulia (story) | Kamal Pandey (story),Viacom18 Motion Pictures,,D,1.6059,D,19,,28.8,,,,,,,tt2362778,6.7,,,,,,,,,hitFlop=3,High,,wikipedia,2.0,2026-07-02
BOLLY_2013_0336_saare_jahaan_se_mehnga,Saare Jahaan Se Mehnga...,Saare Jahaan Se Mehnga,2013,March,3,2013-03-08,Drama,,Comedy | Drama,No,,Anshul Sharma,Sanjay Mishra,Ranjan Chhabra,Sanjai Mishra | Vishwa S. Badola | Ranjan Chhabra | Zakir Hussain,Vijay Manral | Roopesh Thapliyal | Rupesh Thapliyal,,2.494,D,,,5,,0.84,,,,,,,tt2857500,7.0,,,,,,,,,hitFlop=1,High,,wikipedia,2.0,2026-07-02
BOLLY_2013_0337_3g_a_killer_connection,3G - A Killer Connection,3G - A Killer Connection,2013,March,3,2013-03-15,Thriller,,Horror | Sci-Fi | Thriller,No,,Shantanu | Sheershak Anand,Neil Nitin Mukesh,Sonal Chauhan,Neil Nitin Mukesh | Sonal Chauhan | Himani Chauhan | Devraj Das,Sheershak Anand (story) | Shantanu Ray Chhibber (story) | Sumit Saxena (dialogue),Eros International,2.7445,D,,,,,5.91,,,,,,,tt2404519,3.6,,,,,,,,,hitFlop=2,Low,,wikipedia,2.0,2026-07-02
BOLLY_2013_0338_mere_dad_ki_maruti,Mere Dad Ki Maruti,Mere Dad Ki Maruti,2013,March,3,2013-03-15,Comedy,,Comedy,No,,Ashima Chibber,Saqib Saleem,Ram Kapoor,Saqib Saleem | Rhea Chakraborty | Ram Kapoor | Prabal Panjabi,Ashima Chibber (screenplay) | Pooja Desai (screenplay) | Ishita Moitra (dialogue) | Neeraj Udhwani (screenplay) | Neeraj Udhwani (story),,,D,,,,,12.54,,,,,,,tt2323964,6.4,,,,,,,,,hitFlop=3,Low,,wikipedia,2.0,2026-07-02
BOLLY_2013_0339_jolly_llb,Jolly LLB,Jolly LLB,2013,March,3,2013-03-15,Comedy,,Comedy | Drama,No,,Subhash Kapoor,Arshad Warsi,Amrita Rao,Arshad Warsi | Amrita Rao | Boman Irani | Saurabh Shukla,Subhash Kapoor,Fox Star Studios,3.5596,D,,,10,,48.7,,,,,,,tt2621000,7.5,,,,,,,,,hitFlop=5,High,,wikipedia,2.0,2026-07-02
BOLLY_2013_0340_rangrezz,Rangrezz,Rangrezz,2013,March,3,2013-03-21,Drama,,Action | Drama | Adventure,No,,Priyadarshan,Jackky Bhagnani,Priya Anand,Jacky Bhagnani | Priya Anand | Rajpal Yadav | Amitosh Nagpal,Manisha Korde (dialogue) | Mushtaq Sheikh (screenplay),Pooja Entertainment,,D,3.8472,D,,,6.37,,,,,,,tt2706264,5.2,,,,,,,,,hitFlop=1,Low,,wikipedia,2.0,2026-07-02
BOLLY_2013_0341_the_adventures_of_sinbad,The Adventures of Sinbad,The Adventures of Sinbad,2013,,,,Action,,Action,No,,Shinjan Neogi | Abhishek Panchal,Vaibhav,,Vaibhav,,,,,,,,,,,,,,,,,,,,,,,,,,,Missing/Partial,,wikipedia,2.0,2026-07-02
BOLLY_2013_0342_sona_spa,Sona Spa,Sona Spa,2013,March,3,2013-03-22,Drama,,Drama | Mystery | Thriller,No,,,,,Nivedita Bhattacharya | Devyani | Shailesh Hejmady | Neha Iyyer,Makrand Deshpande,,,,,,10,,0.24,,,,,,,tt2609468,2.7,,,,,,,,,hitFlop=1,High,,wikipedia,2.0,2026-07-02
BOLLY_2013_0343_himmatwala,Himmatwala,Himmatwala,2013,March,3,2013-03-29,Action,,Action | Comedy,No,,Sajid Khan,Ajay Devgn,Tamannaah,Ajay Devgn | Tamannaah Bhatia | Mahesh Manjrekar | Paresh Rawal,K. Raghavendra Rao (original story) | Sajid Khan (story) | Sajid Khan (screenplay) | Farhad (screenplay) | Sajid (screenplay),"UTV Motion Pictures, Pooja Entertainment",6.8713,C,6.9978,C,68,,68.87,,,,,,,tt2344678,1.7,,,,,,,,,hitFlop=2,High,,wikipedia,2.0,2026-07-02
BOLLY_2013_0344_chashme_baddoor,Chashme Baddoor,Chashme Baddoor,2013,April,4,,Comedy,,Comedy,No,,David Dhawan,Ali Zafar,Siddharth,Ali Zafar,,Viacom18 Motion Pictures,2.5332,D,4.7408,D,20,,50,,,,,,,,,,,,,,,,,hitFlop=4,High,,wikipedia,2.0,2026-07-02
BOLLY_2013_0345_nautanki_saala,Nautanki Saala!,Nautanki Saala,2013,April,4,2013-04-12,Comedy,,Comedy,No,,Rohan Sippy,Ayushmann Khurrana,Kunaal Roy Kapur,Ayushmann Khurrana | Kunaal Roy Kapur | Pooja Salvi | Gaelyn Mendonca,Benoît Graffin (original story) | Pierre Salvadori (original story) | Nipun Dharmadhikari (screenplay) | Rohan Sippy (screenplay) | Charudutt Acharya (screenplay),T-Series Films,,D,2.7859,D,,,22.3,,,,,,,tt2341766,5.8,,,,,,,,,hitFlop=3,Low,,wikipedia,2.0,2026-07-02
BOLLY_2013_0346_ek_thi_daayan,Ek Thi Daayan,Ek Thi Daayan,2013,April,4,2013-04-18,Thriller,,Horror | Romance | Thriller,No,,Kannan Iyer,Emraan Hashmi,Huma Qureshi,Emraan Hashmi | Konkona Sen Sharma | Kalki Koechlin | Huma Qureshi,Vishal Bhardwaj (dialogue) | Vishal Bhardwaj (story) | Matthew Robbins (script collaborator) | Mukul Sharma (story),Balaji Motion Pictures,4.721,D,,,24,,40.25,,,,,,,tt2406676,5.7,,,,,,,,,hitFlop=3,High,,wikipedia,2.0,2026-07-02
BOLLY_2013_0347_shree,Shree,Shree,2013,April,4,2013-04-26,Thriller,,Sci-Fi,No,,Rajesh Bachchani,Hussain Kuwajerwala,Paresh Ganatra,Hussain Kuwajerwala | Paresh Ganatra | Rio Kapadia | Shivani Tanksale,Rajesh Bachchani,,,,,,,,,,,,,,,tt2826126,6.3,,,,,,,,,hitFlop=1,Missing/Partial,,wikipedia,2.0,2026-07-02
BOLLY_2013_0348_shootout_at_wadala,Shootout at Wadala,Shootout at Wadala,2013,May,5,2013-05-03,Action,,Action | Crime,No,,Sanjay Gupta,John Abraham,Anil Kapoor,John Abraham | Kangana Ranaut | Anil Kapoor | Vineet Sharma,Sanjay Bhatia (screenplay) | Abhijeet Deshpande (screenplay) | Sanjay Gupta (screenplay) | Sanjay Gupta (story) | Hussain Zaidi (story) | Milap Zaveri (dialogue),Balaji Motion Pictures,7.1193,D,3.4703,D,49,,82,,,,,,,tt2301155,6.0,,,,,,,,,hitFlop=3,High,,wikipedia,2.0,2026-07-02
BOLLY_2013_0349_bombay_talkies,Bombay Talkies,Bombay Talkies,2013,May,5,2013-05-03,Drama,,Drama,No,,Anurag Kashyap | Karan Johar | Zoya Akhtar | Dibakar Banerjee,Rani Mukerji,Nawazuddin Siddiqui,Rani Mukerji | Randeep Hooda | Saqib Saleem | Nawazuddin Siddiqui,,"Viacom18 Motion Pictures, Dharma Productions, Excel Entertainment, AKFPL, Sikhya Entertainment",3.932,D,3.0408,D,30,,10,,,,,,,tt2797242,6.6,,,,,,,,,hitFlop=1,High,,wikipedia,2.0,2026-07-02
BOLLY_2013_0350_chhota_bheem_and_the_throne_of_bali,Chhota Bheem and the Throne of Bali,Chhota Bheem and the Throne of Bali,2013,May,5,2013-05-03,Fantasy,,Animation,No,,Rajiv Chilaka,,,Rupa Bhimani | Vivaan Bhimani | Parignya Pandya Shah,,Green Gold Animation,,,,,5,,5.38,,,,,,,tt3324810,5.7,,,,,,,,,hitFlop=2,High,,wikipedia,2.0,2026-07-02
BOLLY_2013_0351_go_goa_gone,Go Goa Gone,Go Goa Gone,2013,May,5,2013-05-10,Action,,Action | Adventure | Comedy,No,,Raj Nidimoru | Krishna D.K.,Saif Ali Khan,Kunal Khemu,Saif Ali Khan | Kunal Khemu | Vir Das | Anand Tiwari,Krishna D.K. (story) | Kunal Khemu (dialogue) | Sita Menon (dialogue) | Sita Menon (story) | Raj Nidimoru (story) | Raja Sen (additional dialogue),"Eros International, Illuminati Films",5.7211,A,2.993,D,19,,39,,,,,,,tt2436516,6.6,,,,,,,,,hitFlop=4,High,,wikipedia,2.0,2026-07-02
BOLLY_2013_0352_gippi,Gippi,Gippi,2013,May,5,2013-05-10,Drama,,Comedy | Drama,No,,Sonam Nair,Riya Vij,Divya Dutta,Divya Dutta | Arbaz Kadwani | Taaha Shah | Doorva Tripathi,Sonam Nair (screenplay),"UTV Motion Pictures, Dharma Productions",,D,,,,,,,,,,,,tt2814372,5.6,,,,,,,,,hitFlop=2,Missing/Partial,,wikipedia,2.0,2026-07-02
BOLLY_2013_0353_aurangzeb,Aurangzeb,Aurangzeb,2013,May,5,2013-05-17,Action,,Action | Drama | Thriller,No,,Atul Sabharwal,Arjun Kapoor,Prithviraj Sukumaran,Arjun Kapoor | Prithviraj Sukumaran | Jackie Shroff | Rishi Kapoor,Atul Sabharwal (script),Yash Raj Films,6.5059,C,,,,,35.41,,,,,,,tt2804026,6.5,,,,,,,,,hitFlop=2,Low,,wikipedia,2.0,2026-07-02
BOLLY_2013_0354_i_don_t_luv_u,I Don't Luv U,I Don't Luv U,2013,May,5,,Drama,,Drama,No,,Amit Kasaria,Ruslaan Mumtaz,Chetna Pande,Ruslaan Mumtaz,,,,,,,,,,,,,,,,,,,,,,,,,,,Missing/Partial,,wikipedia,2.0,2026-07-02
BOLLY_2013_0355_beehad_the_ravines,Beehad - The Ravines,Beehad - The Ravines,2013,,,,Drama,,Drama,No,,Krishna Mishra,Vikas Shrivastav,Maan Singh Deep,Vikas Shrivastav,,,,,,,,,,,,,,,,,,,,,,,,,,,Missing/Partial,,wikipedia,2.0,2026-07-02
BOLLY_2013_0356_ishkq_in_paris,Ishkq in Paris,Ishkq in Paris,2013,May,5,2013-05-24,Drama,,Comedy | Romance,No,,Prem Raj,Preity Zinta,Rhehan Malliek,Preity Zinta | Isabelle Adjani | Gaurav Chanana | Fanny Carbonnel,Prem Soni | Preity Zinta,,4.8088,D,,,,,,,,,,,,tt1986040,3.8,,,,,,,,,hitFlop=1,Missing/Partial,,wikipedia,2.0,2026-07-02
BOLLY_2013_0357_hum_hai_raahi_car_ke,Hum Hai Raahi CAR Ke,Hum Hai Raahi Car Ke,2013,May,5,2013-05-24,Comedy,,Adventure | Romance,No,,Jyotin Goel,Adah Sharma,Dev Goel,Anupam Kher | Sanjay Dutt | Juhi Chawla | Rati Agnihotri,Jyotin Goel,,,D,,,,,,,,,,,,tt2100543,2.7,,,,,,,,,hitFlop=1,Missing/Partial,,wikipedia,2.0,2026-07-02
BOLLY_2013_0358_zindagi_50_50,Zindagi 50 50,Zindagi 50-50,2013,May,5,2013-05-24,Drama,,Drama,No,,Rajiv S. Ruia,Riya Sen,Rajan Verma,Swati Aggarwal | Arya Babbar | Kurush Deboo | Adi Irani,Bunty Rathore (dialogue) | Rajiv S. Ruia (story) | Rajiv S. Ruia | S. Sachinder (screenplay),,,D,1.1221,D,4.5,,11,,,,,,,tt2929840,2.8,,,,,,,,,hitFlop=4,High,,wikipedia,2.0,2026-07-02
BOLLY_2013_0359_yamla_pagla_deewana_2,Yamla Pagla Deewana 2,Yamla Pagla Deewana 2,2013,June,6,2013-06-07,Action,,Action | Comedy | Drama,No,,Sangeeth Sivan,Dharmendra,Sunny Deol,Dharmendra | Sunny Deol | Bobby Deol | Neha Sharma,Jasvinder Bath (screenplay) | Lynda Deol (story),"Sunny Sounds, Stellar Films",3.0997,D,2.7482,D,,,,,,,,,,tt2510874,3.4,,,,,,,,,hitFlop=2,Missing/Partial,,wikipedia,2.0,2026-07-02
BOLLY_2013_0360_mere_haule_dost,Mere Haule Dost,Mere Haule Dost,2013,,,2013-06-07,Drama,,Comedy | Drama,No,,Nitin Raghunath,,,Aadil Abedi | Catherine Fallows | Kiran Gadalay | Raghuvardhan Garlapati,Nitin Raghunath,,,,,,,,,,,,,,,tt2589600,,,,,,,,,,hitFlop=1,Missing/Partial,,wikipedia,2.0,2026-07-02
BOLLY_2013_0361_fukrey,Fukrey,Fukrey,2013,June,6,2013-06-14,Comedy,,Comedy | Drama | Romance,No,,Mrigdeep Singh Lamba,Pulkit Samrat,Manjot Singh,Priya Anand | Richa Chadda | Kapil Dubey | Ali Fazal,Mrigdeep Singh Lamba (additional dialogue) | Mrigdeep Singh Lamba (screenplay) | Vipul Vig (screenplay) | Vipul Vig (story),Excel Entertainment,,C,,,8,,53,,,,,,,tt2806788,6.9,,,,,,,,,hitFlop=5,High,,wikipedia,2.0,2026-07-02
BOLLY_2013_0362_ankur_arora_murder_case,Ankur Arora Murder Case,Ankur Arora Murder Case,2013,June,6,2013-06-14,Thriller,,Drama | Thriller,No,,Suhail Tatari,Kay Kay Menon,Paoli Dam,Tisca Chopra | Paoli Dam | Arjun Mathur | Kay Kay Menon,Vikram Bhatt | Shagufta Rafique (dialogue),,2.6256,D,,,7.5,,10,,,,,,,tt2912578,6.5,,,,,,,,,hitFlop=2,High,,wikipedia,2.0,2026-07-02
BOLLY_2013_0363_raanjhanaa,Raanjhanaa,Raanjhanaa,2013,June,6,2013-06-21,Drama,,Drama | Romance,No,,Anand L. Rai,Dhanush,Sonam Kapoor,Dhanush | Sonam Kapoor | Mohammed Zeeshan Ayyub | Swara Bhaskar,Himanshu Sharma,"Eros International, Colour Yellow Productions",,B,,,36,,105,,,,,,,tt2359810,7.6,,,,,,,,,hitFlop=4,High,,wikipedia,2.0,2026-07-02
BOLLY_2013_0364_enemmy,Enemmy,Enemmy,2013,June,6,2013-06-21,Action,,Action | Crime | Drama,No,,Ashu Trikha,Mithun Chakraborty,Sunil Shetty,Mimoh Chakraborty | Mithun Chakraborty | Yuvika Chaudhry | Zakir Hussain,Dileep Shukla (dialogue) | Ashu Trikha (script) | Ashu Trikha,,2.4335,D,1.1186,D,,,,,,,,,,tt2941856,4.9,,,,,,,,,hitFlop=1,Missing/Partial,,wikipedia,2.0,2026-07-02
BOLLY_2013_0365_shortcut_romeo,Shortcut Romeo,Shortcut Romeo,2013,June,6,2013-06-21,Thriller,,Action | Crime | Romance,No,,Susi Ganeshan,Neil Nitin Mukesh,Ameesha Patel,Neil Nitin Mukesh | Ameesha Patel | Puja Gupta | Jatin Grewal,Susi Ganesan (story) | Ilashree Goswami (dialogue),,2.7445,D,,,15,,,,,,,,,tt2066062,2.9,,,,,,,,,hitFlop=1,Low,,wikipedia,2.0,2026-07-02
BOLLY_2013_0366_hai_golmaal_in_white_house,Hai Golmaal In White House,Hai Golmaal In White House,2013,September,9,,Comedy,,Comedy,No,,Salar Sheikh,Rajpal Yadav,Govind Namdeo,Rajpal Yadav,,,2.3783,D,,,,,,,,,,,,,,,,,,,,,,,Missing/Partial,,wikipedia,2.0,2026-07-02
BOLLY_2013_0367_ghanchakkar,Ghanchakkar,Ghanchakkar,2013,June,6,2013-07-03,Comedy,,Comedy | Crime | Thriller,No,,Rajkumar Gupta,Emraan Hashmi,Vidya Balan,Vidya Balan | Emraan Hashmi | Parvin Dabas | Rajesh Sharma,Raj Kumar Gupta (screenplay) | Parveez Sheikh (screenplay) | Parveez Sheikh (story),UTV Motion Pictures,4.721,D,,,,,,,,,,,,tt2246724,5.9,,,,,,,,,hitFlop=2,Missing/Partial,,wikipedia,2.0,2026-07-02
BOLLY_2013_0368_lootera,Lootera,Lootera,2013,July,7,2013-07-05,Romance,,Drama | Romance,No,,Vikramaditya Motwane,Ranveer Singh,Sonakshi Sinha,Ranveer Singh | Sonakshi Sinha | Adil Hussain | Vikrant Massey,Bhavani Iyer (screenplay) | Anurag Kashyap (dialogue) | Vikramaditya Motwane (screenplay),"Balaji Motion Pictures, Phantom Films",6.0024,C,,,32,,46.14,,,,,,,tt2224317,6.9,,,,,,,,,hitFlop=2,High,,wikipedia,2.0,2026-07-02
BOLLY_2013_0369_policegiri,Policegiri,Policegiri,2013,July,7,2013-07-05,Action,,Action | Comedy | Drama,No,,K. S. Ravikumar,Sanjay Dutt,Prakash Raj,Sanjay Dutt | Prachi Desai | Prakash Raj | Om Puri,Farhad (dialogue) | Hari (original story) | K.S. Ravikumar (screenplay) | Sajid (dialogue),,5.0026,C,,,,,,,,,,,,tt2861320,4.2,,,,,,,,,hitFlop=2,Missing/Partial,,wikipedia,2.0,2026-07-02
BOLLY_2013_0370_sixteen,Sixteen,Sixteen,2013,July,7,2013-07-12,Drama,,Drama | Romance | Thriller,No,,Raj Purohit,Izabelle Leite,Darshan Jariwala,Wamiqa Gabbi | Izabelle Liete | Mehak Manwani | Highphill Mathew,Raj Purohit | Pawan Sony,,,D,,,,,,,,,,,,tt2976172,6.2,,,,,,,,,hitFlop=1,Missing/Partial,,wikipedia,2.0,2026-07-02
BOLLY_2013_0371_boyss_toh_boyss_hain,Boyss Toh Boyss Hain,Boyss Toh Boyss Hain,2013,July,7,,Comedy,,Comedy,No,,Amit Vats,Raj Kumar Yadav,Anshuman Jha,Raj Kumar Yadav,,,,D,,,,,,,,,,,,,,,,,,,,,,,Missing/Partial,,wikipedia,2.0,2026-07-02
BOLLY_2013_0372_shorts,Shorts,Shorts,2013,July,7,2013-07-12,Romance,,Drama,No,,Neeraj Ghaywan,Nawazuddin Siddiqui,Huma Qureshi,Satyakam Anand | Aparajit Bhattacharjee | Richa Chadda | Aditi Khanna,,"PVR Pictures, AKFPL",3.7877,D,,,,,,,,,,,,tt3257168,0.0,,,,,,,,,hitFlop=1,Missing/Partial,,wikipedia,2.0,2026-07-02
BOLLY_2013_0373_ramaiya_vastavaiya,Ramaiya Vastavaiya,Ramaiya Vastavaiya,2013,July,7,2013-07-19,Action,,Comedy | Family | Romance,No,,Prabhudeva,Girish Kumar,Shruti Haasan,Shruti K. Haasan | Girish Taurani | Randhir Kapoor | Sonu Sood,Shiraz Ahmed (screenplay) | Veeru Potla (story),Tips Industries,,C,,,,,38.34,,,,,,,tt2357926,5.7,,,,,,,,,hitFlop=2,Low,,wikipedia,2.0,2026-07-02
BOLLY_2013_0374_d_day,D Day,D Day,2013,July,7,,Action,,Action,No,,Nikhil Advani,Arjun Rampal,Rishi Kapoor,Arjun Rampal,,"Essel Vision Productions, Emmay Entertainment",3.8011,D,2.3243,D,,,24,,,,,,,,,,,,,,,,,,Low,,wikipedia,2.0,2026-07-02
BOLLY_2013_0375_ship_of_theseus,Ship of Theseus,Ship of Theseus,2013,July,7,,Drama,,Drama,No,,Anand Gandhi,Aida Al-Khashef,Niraj Kabi,Aida Al-Khashef,,UTV Motion Pictures,,,,,,,,,,,,,,,,,,,,,,,,,Missing/Partial,,wikipedia,2.0,2026-07-02
BOLLY_2013_0376_issaq,Issaq,Issaq,2013,July,7,2013-07-26,Romance,,Drama,No,,Manish Tiwary,Prateik Babbar,Amyra Dastur,Malini Awasthi | Sandeep Bose | Amyra Dastur | Makrand Deshpande,Pawan Sony | Padmaja Thakore | Manish Tiwary,Pen Studios,,D,,,25,,5.37,,,,,,,tt2215163,4.0,,,,,,,,,hitFlop=1,High,,wikipedia,2.0,2026-07-02
BOLLY_2013_0377_bajatey_raho,Bajatey Raho,Bajatey Raho,2013,July,7,2013-07-26,Comedy,,Comedy | Drama | Thriller,No,,Shashant Shah,Vinay Pathak,Ranvir Shorey,Tusshar Kapoor | Vinay Pathak | Ranvir Shorey | Vishakha Singh,Zafar Khan (story) | Akshay Verma (dialogue),Eros International,3.1247,D,1.6956,D,,,,,,,,,,tt2848824,5.8,,,,,,,,,hitFlop=2,Missing/Partial,,wikipedia,2.0,2026-07-02
BOLLY_2013_0378_luv_u_soniyo,Luv U Soniyo,Luv U Soniyo,2013,July,7,,Romance,,Romance,No,,Joe Rajan,Tanuj Virwani,Neha Hinge,Tanuj Virwani,,Viacom18 Motion Pictures,,,,,,,2.7,,,,,,,,,,,,,,,,,,Low,,wikipedia,2.0,2026-07-02
BOLLY_2013_0379_nasha,Nasha,Nasha,2013,July,7,2013-07-26,Comedy,,Drama | Romance | Thriller,No,,Amit Saxena,Poonam Pandey,Shivam,Ranbir Chakma | Nikhil Desai | Raj Kesaria | Rohan Khurana,Ajit Rajpal,,,,,,,,8,,,,,,,tt3044882,3.2,,,,,,,,,hitFlop=2,Low,,wikipedia,2.0,2026-07-02
BOLLY_2013_0380_rabba_main_kya_karoon,Rabba Main Kya Karoon,Rabba Main Kya Karoon,2013,August,8,2013-08-02,Comedy,,Comedy | Romance,No,,Amrit Sagar Chopra,Arshad Warsi,Akash Chopra,Tinnu Anand | Raj Babbar | Akash Chopra | Shakti Kapoor,Aakash Kaushik,,3.5596,D,,,,,,,,,,,,tt2416294,,,,,,,,,,hitFlop=1,Missing/Partial,,wikipedia,2.0,2026-07-02
BOLLY_2013_0381_chor_chor_super_chor,Chor chor super chor,Chor Chor Super Chor,2013,August,8,2013-08-02,Comedy,,Comedy | Drama | Thriller,No,,K. Rajesh,Deepak Dobriyal,Anshul Kataria,Deepak Dobriyal | Priya Bhatija | Anshul Kataria | Paru Uma,Rajesh. K. (story) | Ani Thomas (screenplay) | Radhakrishnan Cherpu (screenplay) | Alok Chaturvedi (dialogue writer) | Rajesh. K.,,2.3843,D,,,,,,,,,,,,tt2337292,8.0,,,,,,,,,hitFlop=1,Missing/Partial,,wikipedia,2.0,2026-07-02
BOLLY_2013_0382_b_a_pass,B.A. Pass,B.A. Pass,2013,August,8,,Thriller,,Thriller,No,,Ajay Bahl,Shilpa Shukla,Shadab Kamal,Shilpa Shukla,,,,,,,,,28.4,,,,,,,,,,,,,,,,,,Low,,wikipedia,2.0,2026-07-02
BOLLY_2013_0383_calapor,Calapor,Calapor,2013,August,8,,Drama,,Drama,No,,Dinesh P. Bhonsle,Rituparna Sengupta,Priyanshu Chatterjee,Rituparna Sengupta,,,1,D,,,,,,,,,,,,,,,,,,,,,,,Missing/Partial,,wikipedia,2.0,2026-07-02
BOLLY_2013_0384_love_in_bombay,Love in Bombay,Love in Bombay,2013,August,8,,Comedy,,Comedy,No,,Joy Mukherjee,Joy Mukherjee,Waheeda Rehman,Joy Mukherjee,,,,,,,,,,,,,,,,,,,,,,,,,,,Missing/Partial,,wikipedia,2.0,2026-07-02
BOLLY_2013_0385_once_upon_ay_time_in_mumbai_dobaara,Once Upon ay Time in Mumbai Dobaara!,Once Upon ay Time in Mumbai Dobaara!,2013,August,8,,Action,,Action,No,,Milan Luthria,Akshay Kumar,Imran Khan,Akshay Kumar,,Balaji Motion Pictures,6.3805,C,3.6283,D,85,,91.7,,,,,,,,,,,,,,,,,hitFlop=2,High,,wikipedia,2.0,2026-07-02
BOLLY_2013_0386_madras_cafe,Madras Cafe,Madras Cafe,2013,August,8,2013-08-23,Action,,Action | Drama | History,No,,Shoojit Sircar,John Abraham,Nargis Fakhri,John Abraham | Nargis Fakhri | Rashi Khanna | Avijit Dutt,Shubhendu Bhattacharya (story) | Juhi Chaturvedi (dialogue) | Somnath Dey (story) | Dusan Tolmac (additional screenplay) | Dusan Tolmac (script consultant),Viacom18 Motion Pictures,7.1193,D,3.8135,D,35,,67,,,,,,,tt2855648,7.6,,,,,,,,,hitFlop=3,High,,wikipedia,2.0,2026-07-02
BOLLY_2013_0387_satyagraha,Satyagraha,Satyagraha,2013,August,8,2013-08-30,Drama,,Drama,No,,Prakash Jha,Amitabh Bachchan,Ajay Devgn,Kareena Kapoor | Amitabh Bachchan | Ajay Devgn | Arjun Rampal,Prakash Jha | Anjum Rajabali,UTV Motion Pictures,7.0113,B,3.6075,D,,,,,,,,,,tt2275802,5.9,,,,,,,,,hitFlop=2,Missing/Partial,,wikipedia,2.0,2026-07-02
BOLLY_2013_0388_zanjeer,Zanjeer,Zanjeer,2013,September,9,2013-09-06,Action,,Action,No,,Apoorva Lakhia,Ram Charan,Priyanka Chopra,Ram Charan | Priyanka Chopra | Sanjay Dutt | Prakash Raj,Salim Khan (original story) | Javed Akhtar (original story) | Apoorva Lakhia (story) | Chintan Gandhi (dialogue) | Suresh Nair (screenplay),Reliance Entertainment,,B,1.8339,D,,,,,,,,,,tt2357489,3.4,,,,,,,,,hitFlop=1,Missing/Partial,,wikipedia,2.0,2026-07-02
BOLLY_2013_0389_shuddh_desi_romance,Shuddh Desi Romance,Shuddh Desi Romance,2013,September,9,2013-09-06,Comedy,,Comedy | Drama | Romance,No,,Maneesh Sharma,Sushant Singh Rajput,Parineeti Chopra,Sushant Singh Rajput | Parineeti Chopra | Vaani Kapoor | Rishi Kapoor,Jaideep Sahni,Yash Raj Films,,C,,,22,,76,,,,,,,tt2988272,5.8,,,,,,,,,hitFlop=5,High,,wikipedia,2.0,2026-07-02
BOLLY_2013_0390_siddharth,Siddharth,Siddharth,2013,September,9,,Drama,,Drama,No,,Richie Mehta,Rajesh Tailang,,Rajesh Tailang,,Zeitgeist Films,,D,,,,,,,,,,,,,,,,,,,,,,,Missing/Partial,,wikipedia,2.0,2026-07-02
BOLLY_2013_0391_john_day,John Day,John Day,2013,September,9,2013-09-13,Action,,Drama,No,,Ahishor Solomon,Naseeruddin Shah,Randeep Hooda,Naseeruddin Shah | Randeep Hooda | Taran Bajaj | Harsh Chhaya,Kartik Krishnan (dialogue) | Ahishor Solomon,,3.7695,D,,,,,,,,,,,,tt2699840,5.6,,,,,,,,,hitFlop=1,Missing/Partial,,wikipedia,2.0,2026-07-02
BOLLY_2013_0392_horror_story,Horror Story,Horror Story,2013,September,9,2014-05-02,Drama,,Horror,No,,Ayush Raina,Karan Kundra,Nishant Singh Malkani,Aparna Bajpai | Ravish Desai | Karan Kundra | Nandini Vaid,Mohan Azaad | Vikram Bhatt | Sukhmani Sadana (dialogue writer),,,,,,6,,7,,,,,,,tt3177332,4.5,,,,,,,,,hitFlop=2,High,,wikipedia,2.0,2026-07-02
BOLLY_2013_0393_phata_poster_nikhla_hero,Phata Poster Nikhla Hero,Phata Poster Nikhla Hero,2013,September,9,2013-09-20,Action,,Action | Comedy,No,,Rajkumar Santoshi,Shahid Kapoor,Ileana D'Cruz,Shahid Kapoor | Ileana | Padmini Kolhapure | Mukesh Tiwari,Rajkumar Santoshi,Tips Industries,5.7659,C,2.744,D,54,,72,,,,,,,tt2615584,4.9,,,,,,,,,hitFlop=2,High,,wikipedia,2.0,2026-07-02
BOLLY_2013_0394_the_lunchbox,The Lunchbox,The Lunchbox,2013,May,5,2013-09-20,Drama,,Drama | Romance,No,,Ritesh Batra,Irrfan Khan,Nawazuddin Siddiqui,Irrfan Khan | Nimrat Kaur | Nawazuddin Siddiqui | Lillete Dubey,Ritesh Batra (screenplay) | Vasan Bala (hindi dialogue writer),"Sony Pictures Classics, UTV Motion Pictures, Dharma Productions, DAR Motion Pictures, NFDC, Essel Vision Productions, Sikhya Entertainment, AKFPL",2.9178,D,,,22,,,,,,,,,tt2350496,7.8,,,,,,,,,hitFlop=4,Low,,wikipedia,2.0,2026-07-02
BOLLY_2013_0395_warning,Warning,Warning,2013,September,9,2013-09-27,Thriller,,Adventure | Thriller,No,,Gurmmeet Singh,Santosh Barmola,Suzana Rodrigues,Santosh Barmola | Jitin Gulati | Manjari Phadnis | Suzana Rodrigues,Rajesh Chawla | Tejpal Singh Rawat,Eros International,,,,,,,,,,,,,,tt3138602,4.7,,,,,,,,,hitFlop=1,Missing/Partial,,wikipedia,2.0,2026-07-02
BOLLY_2013_0396_maazii,Maazii,Maazii,2013,September,9,2013-09-27,Drama,,Thriller,No,,Jaideep Chopra,Sumeet Nijhawan,Mona Wasu,Mohammed Zeeshan Ayyub | Ashok Banthia | Devender Chaudhary | Manish Chaudhary,Sumit Nijhawan | Shirish Sharma,,,,,,,,,,,,,,,tt2554042,0.0,,,,,,,,,hitFlop=1,Missing/Partial,,wikipedia,2.0,2026-07-02
BOLLY_2013_0397_prague,Prague,Prague,2013,,,2013-09-27,Drama,,Mystery | Romance | Thriller,No,,Ashish R Shukla,Chandan Roy Sanyal,Elena Kazan,Chandan Roy Sanyal | Arfi Lamba | Kumar Mayank | Sonia Bindra,Rohit Khaitan (conceived by) | Akshendra Mishra (additional screenplay) | Sumit Saxena (screenplay) | Ashish R. Shukla (screenplay) | Ashish R. Shukla (story) | Vijay Verma (additional screenplay),,,,,,,,,,,,,,,tt2401719,,,,,,,,,,hitFlop=1,Missing/Partial,,wikipedia,2.0,2026-07-02
BOLLY_2013_0398_super_model,Super Model,Super Model,2013,,,,Drama,,Drama,No,,Navin Batra,Veena Malik,Ashmit Patel,Veena Malik,,,,D,,,,,,,,,,,,,,,,,,,,,,,Missing/Partial,,wikipedia,2.0,2026-07-02
BOLLY_2013_0399_besharam,Besharam,Besharam,2013,October,10,2013-10-02,Action,,Comedy | Romance,No,,Abhinav Kashyap,Ranbir Kapoor,Pallavi Sharda,Ranbir Kapoor | Pallavi Sharda | Rishi Kapoor | Neetu Singh,Rajeev Barnwal | Abhinav Kashyap,Reliance Entertainment,7.6986,B,,,83,,102.85,,,,,,,tt2576450,3.5,,,,,,,,,hitFlop=2,High,,wikipedia,2.0,2026-07-02
BOLLY_2013_0400_war_chhod_na_yaar,War Chhod Na Yaar,War Chhod Na Yaar,2013,October,10,,Comedy,,Comedy,No,,Faraz Haider,Sharman Joshi,Jaaved Jaaferi,Sharman Joshi,,,3.6904,D,,,14,,,,,,,,,,,,,,,,,,,,Low,,wikipedia,2.0,2026-07-02
BOLLY_2013_0401_baat_bann_gayi,Baat Bann Gayi,Baat Bann Gayi,2013,October,10,2013-10-11,Comedy,,Comedy | Romance,No,,Shuja Ali,Ali Fazal,Gulshan Grover,Anisa Butt | Ali Fazal | Gulshan Grover | Razzak Khan,Shuja Ali | Akshay Singh,,1.9757,C,,,,,,,,,,,,tt2222716,,,,,,,,,,hitFlop=1,Missing/Partial,,wikipedia,2.0,2026-07-02
BOLLY_2013_0402_ekk_thee_sanam,Ekk Thee Sanam,Ekk Thee Sanam,2013,October,10,,Drama,,Drama,No,,Monish Kaushal,[95],,[95],,,,,,,,,,,,,,,,,,,,,,,,,,,Missing/Partial,,wikipedia,2.0,2026-07-02
BOLLY_2013_0403_boss,Boss,Boss,2013,October,10,2013-10-16,Action,,Action | Comedy | Drama,No,,Anthony D'Souza,Akshay Kumar,Mithun Chakraborty,Akshay Kumar | Shiv Pandit | Mithun Chakraborty | Ronit Roy,Siby K. Thomas (original story) | Udaykrishnan (original story) | Farhad | Sajid,"Viacom18 Motion Pictures, Cape of Good Films",6.3805,C,,,70,,102.82,,,,,,,tt2571140,5.1,,,,,,,,,hitFlop=2,High,,wikipedia,2.0,2026-07-02
BOLLY_2013_0404_shahid,Shahid,Shahid,2013,September,9,,Drama,,Drama,No,,Hansal Mehta,Rajkummar Rao,Tigmanshu Dhulia,Rajkummar Rao,,"UTV Spotboy, AKFPL",3.9271,D,1.4466,D,0.65,,3.7,,,,,,,,,,,,,,,,,hitFlop=5,High,,wikipedia,2.0,2026-07-02
BOLLY_2013_0405_wake_up_india,Wake Up India,Wake Up India,2013,October,10,,Drama,,Drama,No,,Babloo Seshadri,Sai Tamhankar,Manoj Joshi,Sai Tamhankar,,,,D,,,,,,,,,,,,,,,,,,,,,,,Missing/Partial,,wikipedia,2.0,2026-07-02
BOLLY_2013_0406_dilli_gang,Dilli Gang,Dilli Gang,2013,October,10,,Thriller,,Thriller,No,,Ashish Tyagi,Darshan Jariwala,Neena Kulkarni,Darshan Jariwala,,,2.6244,D,,,,,,,,,,,,,,,,,,,,,,,Missing/Partial,,wikipedia,2.0,2026-07-02
BOLLY_2013_0407_mickey_virus,Mickey Virus,Mickey Virus,2013,October,10,2013-10-25,Comedy,,Comedy | Thriller,No,,Saurabh Varma,Manish Paul,Varun Badola,Manish Paul | Dean Alexandrou | Elli Avram | Varun Badola,Elvin Raja (script co-writer) | Kuldeep Ruhil (script consultant & dialogue) | Saurabh Varma (screenplay),"DAR Motion Pictures, Awesome Films, Trilogic Media",,D,,,11,,,,,,,,,tt2796318,6.1,,,,,,,,,hitFlop=2,Low,,wikipedia,2.0,2026-07-02
BOLLY_2013_0408_sooper_se_ooper,Sooper Se Ooper,Sooper Se Ooper,2013,October,10,2013-10-25,Drama,,Comedy,No,,Shekhar Ghosh,Vir Das,Kirti Kulhari,Tinnu Anand | Mahesh Balraj | Mithilesh Chaturvedi | Vir Das,Shekhar Ghosh,Reliance Entertainment,5.9509,C,,,,,,,,,,,,tt3005850,,,,,,,,,,hitFlop=1,Missing/Partial,,wikipedia,2.0,2026-07-02
BOLLY_2013_0409_satya_2,Satya 2,Satya 2,2013,October,10,2013-11-08,Crime,,Crime,No,,Ram Gopal Varma,Anaika Soti,[106],Puneet Singh Ratn | Sharvanand | Anaika Soti | Mahesh Thakur,Radhika Anand | Kary Arora (lyrics) | Meeraqh (Telugu Dialogue Writer),"Mammoth Media & Entertainment, Sreshth Media, LR Media",,,3.7435,D,15,,,,,,,,,tt3059106,5.8,,,,,,,,,hitFlop=1,Low,,wikipedia,2.0,2026-07-02
BOLLY_2013_0410_rajjo,Rajjo,Rajjo,2013,November,11,2013-11-15,Romance,,Drama | Romance,No,,Vishwas Patil,Kangana Ranaut,Paras Arora,Kangana Ranaut | Prakash Raj | Mahesh Manjrekar | Paras Arora,Vishwas Patil,,4.3605,D,,,,,,,,,,,,tt2438764,2.8,,,,,,,,,hitFlop=1,Missing/Partial,,wikipedia,2.0,2026-07-02
BOLLY_2013_0411_gori_tere_pyaar_mein,Gori Tere Pyaar Mein,Gori Tere Pyaar Mein,2013,November,11,2013-11-22,Comedy,,Comedy | Romance,No,,Punit Malhotra,Imran Khan,Kareena Kapoor,Imran Khan | Kareena Kapoor | Nizhalgal Ravi | Anupam Kher,Punit Malhotra | Arshad Sayed,"Reliance Entertainment, Dharma Productions",5.112,C,,,30,,20.8,,,,,,,tt2275794,4.9,,,,,,,,,hitFlop=1,High,,wikipedia,2.0,2026-07-02
BOLLY_2013_0412_singh_saab_the_great,Singh Saab the Great,Singh Saab The Great,2013,November,11,2013-11-22,Action,,Action | Drama,No,,Anil Sharma,Sunny Deol,Amrita Rao,Sunny Deol | Amrita Rao | Urvashi Rautela | Prakash Raj,Shaktimaan Talwar,Pen Studios,3.3809,D,5.7345,C,25,,40.67,,,,,,,tt2437954,5.7,,,,,,,,,hitFlop=3,High,,wikipedia,2.0,2026-07-02
BOLLY_2013_0413_bullett_raja,Bullett Raja,Bullett Raja,2013,November,11,,Action,,Action,No,,Tigmanshu Dhulia,Saif Ali Khan,Sonakshi Sinha,Saif Ali Khan,,Fox Star Studios,5.7211,A,1.6059,D,51,,53.6,,,,,,,,,,,,,,,,,hitFlop=2,High,,wikipedia,2.0,2026-07-02
BOLLY_2013_0414_r_rajkumar,R... Rajkumar,R... Rajkumar,2013,December,12,2013-12-06,Action,,Action | Comedy | Romance,No,,Prabhudeva,Shahid Kapoor,Sonakshi Sinha,Shahid Kapoor | Sonakshi Sinha | Sonu Sood | Ashish Vidyarthi,Prabhudheva (story) | Prabhudheva (screenplay) | Sunil Kumar Agrawal (screenplay) | Ravi S. Sundaram (screenplay) | Shiraz Ahmed (dialogue),"Eros International, Next Gen Films",5.7659,C,,,,,101.21,,,,,,,tt2369154,5.3,,,,,,,,,hitFlop=4,Low,,wikipedia,2.0,2026-07-02
BOLLY_2013_0415_jackpot,Jackpot,Jackpot,2013,December,12,2013-12-13,Comedy,,Comedy | Thriller,No,,Kaizad Gustad,Sachiin J Joshi,Naseeruddin Shah,Naseeruddin Shah | Sunny Leone | Sachiin Joshi | Bharath Niwas,,Viking Media & Entertainment,,D,,,,,5,,,,,,,tt3309662,2.0,,,,,,,,,hitFlop=1,Low,,wikipedia,2.0,2026-07-02
BOLLY_2013_0416_what_the_fish,What the Fish,What the Fish,2013,December,12,2013-12-13,Drama,,Adventure | Comedy | Drama,No,,Gurmmet Singh,Dimple Kapadia,Manu Rishi,Manu Rishi Chadha | Naresh Gosain | Dimple Kapadia | Deepti Pujari,,Viacom18 Motion Pictures,,B,,,,,,,,,,,,tt3357416,5.5,,,,,,,,,hitFlop=1,Missing/Partial,,wikipedia,2.0,2026-07-02
BOLLY_2014_0417_mr_joe_b_carvalho,Mr Joe B. Carvalho,Mr Joe B. Carvalho,2014,January,1,2014-01-03,Comedy,,Comedy,No,,Samir Tiwari,Arshad Warsi,Soha Ali Khan,Arshad Warsi | Soha Ali Khan | Rajesh Balwani | Geeta Basra,Arshad Sayyad,,3.5596,D,,,,,,,,,,,,tt2876408,3.1,,,,,,,,,hitFlop=1,Missing/Partial,,wikipedia,2.0,2026-07-02
BOLLY_2014_0418_19th_january,19th January,19th January,2014,,,,Drama,,Drama,No,,Sanjay Amar,Deepti Naval,K. K. Raina,Deepti Naval,,,,D,,,,,,,,,,,,,,,,,,,,,,,Missing/Partial,,wikipedia,2.0,2026-07-02
BOLLY_2014_0419_sholay_3d,Sholay 3D,Sholay 3D,2014,August,8,,Action,,Action,No,,Ramesh Sippy,Dharmendra,Amitabh Bachchan,Dharmendra,,"UTV Motion Pictures, Pen Studios",3.0997,D,,,3.5,,35,,,,,,,,,,,,,,,,,hitFlop=5,High,,wikipedia,2.0,2026-07-02
BOLLY_2014_0420_dedh_ishqiya,Dedh Ishqiya,Dedh Ishqiya,2014,January,1,2014-01-10,Comedy,,Comedy | Drama | Romance,No,,Abhishek Chaubey,Naseeruddin Shah,Arshad Warsi,Naseeruddin Shah | Madhuri Dixit | Arshad Warsi | Huma Qureshi,Vishal Bhardwaj (dialogue) | Vishal Bhardwaj (screenplay) | Abhishek Chaubey (screenplay) | Darab Farooqui (story),Shemaroo Entertainment,3.7695,D,,,37,,40.8,,,,,,,tt2675978,7.0,,,,,,,,,hitFlop=2,High,,wikipedia,2.0,2026-07-02
BOLLY_2014_0421_yaariyan,Yaariyan,Yaariyan,2014,January,1,2014-01-10,Comedy,,Drama | Romance,No,,Divya Khosla Kumar,Himansh Kohli,Nicole Faria,Himansh Kohli | Vivek Bhatnagar | Nicole Faria | Gulshan Grover,,T-Series Films,,,,,10,,55,,,,,,,tt3382148,2.7,,,,,,,,,hitFlop=5,High,,wikipedia,2.0,2026-07-02
BOLLY_2014_0422_karle_pyaar_karle,Karle Pyaar Karle,Karle Pyaar Karle,2014,January,1,2014-01-17,Comedy,,Action | Romance,No,,Rajesh Pandey,Hasleen Kaur,,Shiv Darshan | Hasleen Kaur | Aham Sharma | Tanya Malik,Suneel Darshan,,,,,,,,,,,,,,,tt3465488,0.0,,,,,,,,,hitFlop=1,Missing/Partial,,wikipedia,2.0,2026-07-02
BOLLY_2014_0423_miss_lovely,Miss Lovely,Miss Lovely,2014,January,1,,Drama,,Drama,No,,Ashim Ahluwalia,Nawazuddin Siddiqui,Niharika Singh,Nawazuddin Siddiqui,,,3.7877,D,,,,,,,,,,,,,,,,,,,,,,,Missing/Partial,,wikipedia,2.0,2026-07-02
BOLLY_2014_0424_om_dar_b_dar,Om-Dar-B-Dar,Om-Dar-B-Dar,2014,January,1,,Drama,,Drama,No,,Kamal Swaroop,Aditya Lakhia,Anita Kanwar,Aditya Lakhia,,,,,,,0.1,,,,,,,,,,,,,,,,,,,,Low,,wikipedia,2.0,2026-07-02
BOLLY_2014_0425_paranthe_wali_gali,Paranthe Wali Gali,Paranthe Wali Gali,2014,,,2014-01-17,Drama,,Drama | Romance,No,,Sachin Gupta,Anuj Saxena,,Mohinder Gujral | Yuvraj Haral | Vijayant Kohli | Neha Pawar,Sachin Gupta,,,,,,,,,,,,,,,tt2907156,,,,,,,,,,hitFlop=1,Missing/Partial,,wikipedia,2.0,2026-07-02
BOLLY_2014_0426_strings_of_passion,Strings of Passion,Strings of Passion,2014,January,1,,Drama,,Drama,No,,Sanghamitra Chaudhari,Zeenat Aman,Indrani Haldar,Zeenat Aman,,,,,,,,,,,,,,,,,,,,,,,,,,,Missing/Partial,,wikipedia,2.0,2026-07-02
BOLLY_2014_0427_jai_ho,Jai Ho,Jai Ho,2014,January,1,2014-01-24,Action,,Action | Drama,No,,Sohail Khan,Salman Khan,Daisy Shah,Salman Khan | Tabu | Sunil Shetty | Genelia D'Souza,A.R. Murugadoss (story) | Dilip Shukla (screenplay),Eros International,9.2082,D,,,50,,195.04,,,,,,,tt1188982,5.0,,,,,,,,,hitFlop=5,High,,wikipedia,2.0,2026-07-02
BOLLY_2014_0428_one_by_two,One by Two,One by Two,2014,January,1,2014-01-31,Comedy,,Comedy | Drama | Romance,No,,Devika Bhagat,Abhay Deol,Preeti Desai,Abhay Deol | Preeti Desai | Lillete Dubey | Rati Agnihotri,Devika Bhagat (dialogue) | Devika Bhagat (story) | Manoj Tapadia (dialogue),Viacom18 Motion Pictures,2.5106,D,,,21,,3.7700000000000005,,,,,,,tt2951576,3.9,,,,,,,,,hitFlop=1,High,,wikipedia,2.0,2026-07-02
BOLLY_2014_0429_babloo_happy_hai,Babloo Happy Hai,Babloo Happy Hai,2014,February,2,2014-02-07,Drama,,Comedy | Drama | Romance,No,,Nila Madhab Panda,Erica Fernandes,Parvin Dabas,Sahil Anand | Parvin Dabas | Erica Fernandes | Preet Kamal,Sanjay Chauhan | Deepak Venkatesha (additional screenplay & dialogue),,,D,,,,,,,,,,,,tt3426144,5.5,,,,,,,,,hitFlop=1,Missing/Partial,,wikipedia,2.0,2026-07-02
BOLLY_2014_0430_hasee_toh_phasee,Hasee Toh Phasee,Hasee Toh Phasee,2014,February,2,2014-02-07,Comedy,,Comedy | Romance,No,,Vinil Mathew,Sidharth Malhotra,Parineeti Chopra,Sidharth Malhotra | Parineeti Chopra | Adah Sharma | Manoj Joshi,Harshavardhan Kulkarni (story) | Harshavardhan Kulkarni (dialogue) | Anurag Kashyap (dialogue) | Purva Naresh (dialogue) | Vinil Matthew (dialogue),"Reliance Entertainment, Dharma Productions, Phantom Films",,C,,,20,,63.38,,,,,,,tt3173910,6.8,,,,,,,,,hitFlop=5,High,,wikipedia,2.0,2026-07-02
BOLLY_2014_0431_heartless,Heartless,Heartless,2014,February,2,2014-02-07,Romance,,Drama | Family | Romance,No,,Shekhar Suman,Adhyayan Suman,Om Puri,Adhyayan Suman | Ariana Ayam | Deepti Naval | Om Puri,Nina Arora (screenplay) | Niranjan Iyengar (dialogue) | Arafat Mehmood (lyrics) | Seema Saini (lyrics) | Shekhar Suman (lyrics) | Shekhar Suman (story),,,D,,,1.1,,1.18,,,,,,,tt3334348,5.2,,,,,,,,,hitFlop=2,High,,wikipedia,2.0,2026-07-02
BOLLY_2014_0432_ya_rab,Ya Rab,Ya Rab,2014,February,2,2014-02-07,Thriller,,Drama,No,,Hasnain Hyderabadwala,Manzar Sehbai,Ajaz Khan,Indrapal Ahuja | Neha Baam | Vikram Dahiya | Rakesh Deewana,,,,D,1.3466,D,2.5,,,,,,,,,tt3303416,4.0,,,,,,,,,hitFlop=1,Low,,wikipedia,2.0,2026-07-02
BOLLY_2014_0433_gunday,Gunday,Gunday,2014,February,2,2014-02-14,Action,,Action | Crime | Drama,No,,Ali Abbas Zafar,Ranveer Singh,Arjun Kapoor,Ranveer Singh | Arjun Kapoor | Priyanka Chopra | Irrfan Khan,Ali Abbas Zafar | Sanjay Masoom (additional dialogue),Yash Raj Films,6.0024,C,,,51,,130.91,,,,,,,tt2574698,2.7,,,,,,,,,hitFlop=4,High,,wikipedia,2.0,2026-07-02
BOLLY_2014_0434_darr_the_mall,Darr @ the Mall,Darr @ the Mall,2014,February,2,2014-02-21,Horror,,Horror | Thriller,No,,Pawan Kripalani,Jimmy Sheirgill,Nushrat Bharucha,Jimmy Shergill | Nushrat Bharucha | Arif Zakaria | Asif Basra,Agrim Joshi (screen play and dialogue) | Pawan Kripalani (screen play and dialogue) | Vinod Rawat (screen play and dialogue) | Abhimanyu Singh,Contiloe Entertainment,,D,,,16,,7.8,,,,,,,tt3449320,4.9,,,,,,,,,hitFlop=1,High,,wikipedia,2.0,2026-07-02
BOLLY_2014_0435_dee_saturday_night,Dee Saturday Night,Dee Saturday Night,2014,February,2,,Drama,,Drama,No,,Jay Prakash,Prashant Narayanan,Arif Zakaria,Prashant Narayanan,,,1,D,,,,,,,,,,,,,,,,,,,,,,,Missing/Partial,,wikipedia,2.0,2026-07-02
BOLLY_2014_0436_gulabi_gang,Gulabi Gang,Gulabi Gang,2014,February,2,,Drama,,Drama,No,,Nishtha Jain,Sampat Pal Devi,,Sampat Pal Devi,,,,,,,,,,,,,,,,,,,,,,,,,,,Missing/Partial,,wikipedia,2.0,2026-07-02
BOLLY_2014_0437_highway,Highway,Highway,2014,February,2,2014-02-21,Drama,,Drama | Romance,No,,Imtiaz Ali,Randeep Hooda,Alia Bhatt,Alia Bhatt | Randeep Hooda | Durgesh Kumar | Arjun Malhotra,Imtiaz Ali,"UTV Motion Pictures, Nadiadwala Grandson Entertainment",3.739,D,4.8838,D,25,,47.7,,,,,,,tt2980794,7.6,,,,,,,,,hitFlop=3,High,,wikipedia,2.0,2026-07-02
BOLLY_2014_0438_pyar_ka_live_show,Pyar Ka Live Show,Pyar Ka Live Show,2014,February,2,,Drama,,Drama,No,,Shailendra Singh Rajput,Upasana Singh,Mushtaq Khan,Upasana Singh,,,,,,,,,,,,,,,,,,,,,,,,,,,Missing/Partial,,wikipedia,2.0,2026-07-02
BOLLY_2014_0439_anuradha,Anuradha,Anuradha,2014,February,2,,Drama,,Drama,No,,Raju Mavani,Sachin Khedekar,Smita Jaykar,Sachin Khedekar,,,2.0741,D,,,,,,,,,,,,,,,,,,,,,,,Missing/Partial,,wikipedia,2.0,2026-07-02
BOLLY_2014_0440_shaadi_ke_side_effects,Shaadi Ke Side Effects,Shaadi Ke Side Effects,2014,February,2,2014-02-28,Comedy,,Comedy | Romance,No,,Saket Chaudhary,Farhan Akhtar,Vidya Balan,Farhan Akhtar | Vidya Balan | Vir Das | Ram Kapoor,Saket Chaudhary (screenplay) | Saket Chaudhary (story) | Zeenat Lakhani (screenplay) | Zeenat Lakhani (story) | Arshad Sayed (dialogue) | Arshad Sayed (screenplay),Balaji Motion Pictures,6.6258,D,,,43,,69.6,,,,,,,tt3302962,5.6,,,,,,,,,hitFlop=3,High,,wikipedia,2.0,2026-07-02
BOLLY_2014_0441_gulaab_gang,Gulaab Gang,Gulaab Gang,2014,March,3,2014-03-07,Action,,Action | Drama,No,,Soumik Sen,Madhuri Dixit,Juhi Chawla,Madhuri Dixit | Juhi Chawla | Divya Jagdale | Priyanka Bose,Soumik Sen (story) | Amitosh Nagpal (dialogue) | Soumik Sen (dialogue),,4.8334,C,,,29,,22.7,,,,,,,tt2573750,6.0,,,,,,,,,hitFlop=1,High,,wikipedia,2.0,2026-07-02
BOLLY_2014_0442_queen,Queen,Queen,2014,March,3,2014-03-07,Comedy,,Adventure | Comedy | Drama,No,,Vikas Bahl,Kangana Ranaut,Rajkummar Rao,Kangana Ranaut | Rajkummar Rao | Lisa Haydon | Mish Boyko,Vikas Bahl (story) | Chaitally Parmar (story) | Parveez Sheikh (story) | Anvita Dutt (dialogue) | Kangana Ranaut (dialogue),"Viacom18 Motion Pictures, Phantom Films",4.3605,D,,,20,,95.04,,,,,,,tt3322420,7.4,,,,,,,,,hitFlop=5,High,,wikipedia,2.0,2026-07-02
BOLLY_2014_0443_total_siyapaa,Total Siyapaa,Total Siyapaa,2014,March,3,,Comedy,,Comedy,No,,E Niwas,Ali Zafar,Yami Gautam,Ali Zafar,,Reliance Entertainment,2.5332,D,,,10,,13.1,,,,,,,,,,,,,,,,,hitFlop=2,High,,wikipedia,2.0,2026-07-02
BOLLY_2014_0444_bewakoofiyaan,Bewakoofiyaan,Bewakoofiyaan,2014,March,3,2014-03-14,Comedy,,Comedy | Drama | Romance,No,,Nupur Asthana,Ayushmann Khurrana,Sonam Kapoor,Ayushmann Khurrana | Sonam Kapoor | Rishi Kapoor | Swedha Singh,Habib Faisal,Yash Raj Films,,D,,,22,,22.2,,,,,,,tt3483646,5.5,,,,,,,,,hitFlop=2,High,,wikipedia,2.0,2026-07-02
BOLLY_2014_0445_neighbours,Neighbours,Neighbours,2014,March,3,2014-03-14,Horror,,Horror,No,,Shyam Ramsay,Shakti Kapoor,Gavie Chahal,Hritu | Sunny Singh | Gavie Chahal | Arbaaz Ali Khan,Shyam Ramsay,,,D,1.0115,D,,,,,,,,,,tt3592020,,,,,,,,,,hitFlop=1,Missing/Partial,,wikipedia,2.0,2026-07-02
BOLLY_2014_0446_ankhon_dekhi,Ankhon Dekhi,Ankhon Dekhi,2014,March,3,,Drama,,Drama,No,,Rajat Kapoor,Sanjay Mishra,Rajat Kapoor,Sanjay Mishra,,Drishyam Films,2.494,D,2.0954,D,,,,,,,,,,,,,,,,,,,,,Missing/Partial,,wikipedia,2.0,2026-07-02
BOLLY_2014_0447_gang_of_ghosts,Gang of Ghosts,Gang of Ghosts,2014,March,3,2014-03-21,Action,,Comedy | Drama,No,,Satish Kaushik,Parambrata Chatterjee,Sharman Joshi,Sharman Joshi | Mahie Gill | Asrani | Parambrata Chatterjee,,,,C,2.6808,D,,,,,,,,,,tt3531604,4.0,,,,,,,,,hitFlop=1,Missing/Partial,,wikipedia,2.0,2026-07-02
BOLLY_2014_0448_lakshmi,Lakshmi,Lakshmi,2014,January,1,2014-03-21,Drama,,Drama,No,,Nagesh Kukunoor,Monali Thakur,Satish Kaushik,Vibha Chhibber | Ram Kapoor | Satish Kaushik | Gulfam Khan,Nagesh Kukunoor,Pen Studios,,D,1.4685,D,,,,,,,,,,tt2976176,7.9,,,,,,,,,hitFlop=1,Missing/Partial,,wikipedia,2.0,2026-07-02
BOLLY_2014_0449_ragini_mms_2,Ragini MMS 2,Ragini MMS 2,2014,March,3,2014-03-21,Thriller,,Horror | Romance | Thriller,No,,Bhushan Patel,Sunny Leone,Parvin Dabas,Sunny Leone | Saahil Prem | Parvin Dabas | Sandhya Mridul,Tanveer Bookwala (story) | Ishita Moitra (dialogue),Balaji Motion Pictures,,D,,,19,,63.29,,,,,,,tt2609218,3.9,,,,,,,,,hitFlop=5,High,,wikipedia,2.0,2026-07-02
BOLLY_2014_0450_dishkiyaoon,Dishkiyaoon,Dishkiyaoon,2014,March,3,2014-03-28,Action,,Action | Thriller,No,,Sanamjit Talwar,Sunny Deol,Harman Baweja,Harman Baweja | Harsh Chhaya | Sunny Deol | Rajit Kapoor,Sanamjit Singh Talwar,Eros International,3.3809,D,,,3.9,,6.88,,,,,,,tt3539966,5.2,,,,,,,,,hitFlop=3,High,,wikipedia,2.0,2026-07-02
BOLLY_2014_0451_o_teri,O Teri,O Teri,2014,March,3,2014-03-28,Comedy,,Comedy | Drama,No,,Umesh Bist,Pulkit Samrat,Sarah-Jane Dias,Pulkit Samrat | Bilal Amrohi | Sarah-Jane Dias | Mandira Bedi,Umesh Bist | Neeti Palta,Reel Life Productions,,C,,,15,,3.6,,,,,,,tt3483596,3.4,,,,,,,,,hitFlop=1,High,,wikipedia,2.0,2026-07-02
BOLLY_2014_0452_station,Station,Station,2014,March,3,2014-03-28,Thriller,,Crime | Drama | Thriller,No,,Saad Khan,,,Kanika Batra | Gulshan Grover | Rohiet Nair | Sameer Kevin Roy,Saad Khan (story) | Saad Khan | Saad Khan,,,,,,,,,,,,,,,tt2191164,0.0,,,,,,,,,hitFlop=1,Missing/Partial,,wikipedia,2.0,2026-07-02
BOLLY_2014_0453_youngistaan,Youngistaan,Youngistaan,2014,March,3,2014-03-28,Drama,,Drama,No,,Syed Ahmad Afzal,Jackky Bhagnani,Neha Sharma,Jacky Bhagnani | Neha Sharma | Farooq Shaikh | Boman Irani,Ramiz Ilham Khan (story) | Syed Ahmed Afzal (story) | Maitrey Bajpai (story),"Pooja Entertainment, PVR Pictures",,D,,,,,9.45,,,,,,,tt3514330,5.2,,,,,,,,,hitFlop=1,Low,,wikipedia,2.0,2026-07-02
BOLLY_2014_0454_honour_killing,Honour Killing,Honour Killing,2014,February,2,,Drama,,Drama,No,,Avtar Bhogal,Zara Sheikh,Tom Alter,Zara Sheikh,,,,,,,,,,,,,,,,,,,,,,,,,,,Missing/Partial,,wikipedia,2.0,2026-07-02
BOLLY_2014_0455_jal,Jal,Jal,2014,April,4,,Drama,,Drama,No,,Girish Malik,Purab Kohli,Tannishtha Chatterjee,Purab Kohli,,,,D,,,,,,,,,,,,,,,,,,,,,,,Missing/Partial,,wikipedia,2.0,2026-07-02
BOLLY_2014_0456_main_tera_hero,Main Tera Hero,Main Tera Hero,2014,April,4,2014-04-04,Drama,,Action | Comedy | Romance,No,,David Dhawan,Varun Dhawan,Ileana D'Cruz,Salman Khan | Ileana | Anupam Kher | Varun Dhawan,Tushar Hiranandani (story) | Milap Zaveri (dialogue),Balaji Motion Pictures,4.74,D,4.7408,D,,,78,,,,,,,tt2762334,5.1,,,,,,,,,hitFlop=5,Low,,wikipedia,2.0,2026-07-02
BOLLY_2014_0457_bhoothnath_returns,Bhoothnath Returns,Bhoothnath Returns,2014,April,4,2014-04-11,Comedy,,Comedy | Drama | Fantasy,No,,Nitesh Tiwari,Amitabh Bachchan,Parth Bhalerao,Amitabh Bachchan | Boman Irani | Parth Bhalerao | Sanjay Mishra,Piyush Gupta | Shreyas Jain (additional script writer) | Nikhil Mehrotra (additional script writer) | Nitesh Tiwari,T-Series Films,7.0113,B,,,40,,53,,,,,,,tt3531852,6.5,,,,,,,,,hitFlop=2,High,,wikipedia,2.0,2026-07-02
BOLLY_2014_0458_2_states,2 States,2 States,2014,April,4,2014-04-18,Comedy,,Drama | Romance,No,,Abhishek Varman,Arjun Kapoor,Alia Bhatt,Arjun Kapoor | Alia Bhatt | Amrita Singh | Revathy,Chetan Bhagat (story) | Abhishek Varman (screenplay) | Hussain Dalal (dialogue),"UTV Motion Pictures, Dharma Productions, Nadiadwala Grandson Entertainment",6.5059,C,,,,,175,,,,,,,tt2372678,6.9,,,,,,,,,hitFlop=7,Low,,wikipedia,2.0,2026-07-02
BOLLY_2014_0459_dekh_tamasha_dekh,Dekh Tamasha Dekh,Dekh Tamasha Dekh,2014,April,4,2014-04-18,Comedy,,Comedy,No,,Feroz Abbas Khan,Satish Kaushik,,Satish Kaushik | Tanvi Azmi | Vinay Jain | Sharad Ponkshe,Shafaat Khan,Eros International,1.961,D,,,,,,,,,,,,tt3672618,6.1,,,,,,,,,hitFlop=1,Missing/Partial,,wikipedia,2.0,2026-07-02
BOLLY_2014_0460_lucky_kabootar,Lucky Kabootar,Lucky Kabootar,2014,April,4,2014-04-18,Comedy,,Comedy,No,,Shammi Chhabra,Ravi Kishan,Eijaz Khan,Shradha Das | Eijaz Khan | Ravi Kishan | Atul Mathur,Shammi Chhabra | Shyam Goel,,2.1644,D,,,,,,,,,,,,tt2612924,5.0,,,,,,,,,hitFlop=1,Missing/Partial,,wikipedia,2.0,2026-07-02
BOLLY_2014_0461_revolver_rani,Revolver Rani,Revolver Rani,2014,April,4,2014-04-25,Action,,Action | Comedy | Crime,No,,Sai Kabir,Kangana Ranaut,Vir Das,Kangana Ranaut | Vir Das | Zakir Hussain | Jami Jafry,Sai Kabir,"Wave Cinemas, Moving Pictures, Crouching Tiger Motion Pictures",4.3605,D,,,10,,9,,,,,,,tt3290688,4.6,,,,,,,,,hitFlop=1,High,,wikipedia,2.0,2026-07-02
BOLLY_2014_0462_samrat_co,Samrat & Co.,Samrat & Co.,2014,April,4,2014-04-25,Thriller,,Mystery,No,,Kaushik Ghatak,Rajeev Khandelwal,,Ramgopal Bajaj | Ajay Bhandari | Barkha Bisht | Priyanshu Chatterjee,,,1.5575,D,,,,,,,,,,,,tt3636776,6.2,,,,,,,,,hitFlop=1,Missing/Partial,,wikipedia,2.0,2026-07-02
BOLLY_2014_0463_purani_jeans,Purani Jeans,Purani Jeans,2014,May,5,2014-05-02,Comedy,,Drama,No,,Tanushri Chattrji Bassu,Tanuj Virwani,Izabelle Leite,Rati Agnihotri | Param Baidwaan | Kashika Chopra | Sammy Durrani,Tanushri Chattrji Bassu,Eros International,,,,,,,,,,,,,,tt3681414,6.2,,,,,,,,,hitFlop=1,Missing/Partial,,wikipedia,2.0,2026-07-02
BOLLY_2014_0464_kya_dilli_kya_lahore,Kya Dilli Kya Lahore,Kya Dilli Kya Lahore,2014,May,5,2014-05-02,Comedy,,Drama | History | War,No,,Vijay Raaz,Vijay Raaz,Manu Rishi,Vijay Raaz | Manu Rishi Chadha | Rajendranath Zutshi | Vishwajeet Pradhan,Aseem Arora (story) | Manu Rishi Chadha (dialogue) | Manu Rishi Chadha | Gulzar (lyrics) | Pratham Jolly | Sandeep Sinha (additional screenplay),,1.7737,D,,,,,,,,,,,,tt2063745,7.3,,,,,,,,,hitFlop=1,Missing/Partial,,wikipedia,2.0,2026-07-02
BOLLY_2014_0465_kahin_hai_mera_pyar,Kahin Hai Mera Pyar,Kahin Hai Mera Pyar,2014,May,5,2014-05-01,Romance,,Drama | Musical | Romance,No,,Mahesh Vaijnath Doijode,Sanjay Kapoor,Jackie Shroff,Gajendra Chouhan | Shroff Jackie | Sanjay Kapoor | Sonia Mann,Mahesh Vaijnath Doijode (story) | Mahesh Vaijnath Doijode | Mahesh Vaijnath Doijode,,5.4625,C,,,,,,,,,,,,tt3585758,0.0,,,,,,,,,hitFlop=1,Missing/Partial,,wikipedia,2.0,2026-07-02
BOLLY_2014_0466_hawaa_hawaai,Hawaa Hawaai,Hawaa Hawaai,2014,May,5,2014-05-09,Drama,,Drama | Family | Sport,No,,Amole Gupte,Partho Gupte,Saqib Saleem,Mahesh Balraj | Bugs Bhargava | Hardik Bothra | Makrand Deshpande,Amole Gupte,Fox Star Studios,,,,,11,,11.36,,,,,,,tt3501994,7.3,,,,,,,,,hitFlop=2,High,,wikipedia,2.0,2026-07-02
BOLLY_2014_0467_khwaabb,Khwaabb,Khwaabb,2014,May,5,2014-05-09,Drama,,Drama | Romance | Sport,No,,Zaid Ali Khan,Nafisa Ali,,Nafisa Ali | Simer Motiani | Bajrangbali Singh | Navdip Singh,Moraad Ali Khan (story) | Arnab Mukherjee,,2.1151,D,,,,,,,,,,,,tt2429930,7.0,,,,,,,,,hitFlop=1,Missing/Partial,,wikipedia,2.0,2026-07-02
BOLLY_2014_0468_koyelaanchal,Koyelaanchal,Koyelaanchal,2014,May,5,2014-05-09,Action,,Action | Drama,No,,Ashu Trikha,Vinod Khanna,Suniel Shetty,Kannan Arunachalam | Vinod Khanna | Roopali Krishnarao | Sunil Shetty,Vishal Vijay Kumar | Sanjay Masoom,,4.0315,D,1.1186,D,,,,,,,,,,tt3640942,5.4,,,,,,,,,hitFlop=1,Missing/Partial,,wikipedia,2.0,2026-07-02
BOLLY_2014_0469_manjunath,Manjunath,Manjunath,2014,May,5,2014-05-09,Drama,,Drama,No,,Sandeep A. Varma,Divya Dutta,Seema Biswas,Anjori Alagh | Karan Ashar | Asif Basra | Seema Biswas,,"Viacom18 Motion Pictures, NFDC",2.3769,D,,,3,,30,,,,,,,tt3056632,7.1,,,,,,,,,hitFlop=5,High,,wikipedia,2.0,2026-07-02
BOLLY_2014_0470_mastram,Mastram,Mastram,2014,May,5,,Drama,,Drama,No,,Akhilesh Jaiswal,Tara Alisha Berry,,Tara Alisha Berry,,Jar Pictures,,,,,6,,4.5,,,,,,,,,,,,,,,,,hitFlop=1,High,,wikipedia,2.0,2026-07-02
BOLLY_2014_0471_yeh_hai_bakrapur,Yeh Hai Bakrapur,Yeh Hai Bakrapur,2014,May,5,2014-05-09,Drama,,Comedy | Drama,No,,Janaki Vishwanathan,Anshuman Jha,Asif Basra,Asif Basra | Anshuman Jha | Yoshika Verma | Amit Sial,Azad Alam (additional screenplay & dialogue) | Janaki Vishwanathan (screenplay) | Janaki Vishwanathan,,,D,,,,,,,,,,,,tt3524410,3.5,,,,,,,,,hitFlop=1,Missing/Partial,,wikipedia,2.0,2026-07-02
BOLLY_2014_0472_the_xpos,The Xposé,The Xposé,2014,May,5,,Drama,,Drama,No,,Ananth Narayan Mahadevan,Himesh Reshammiya,Sonali Raut,Himesh Reshammiya,,HR Musik,1.5575,D,,,15,,20,,,,,,,,,,,,,,,,,hitFlop=2,High,,wikipedia,2.0,2026-07-02
BOLLY_2014_0473_children_of_war,Children of War,Children of War,2014,May,5,2014-05-16,Drama,,Drama | History | War,No,,Mrityunjay Devvrat,Farooq Shaikh,Victor Banerjee,Farooq Shaikh | Victor Banerjee | Pavan Malhotra | Indraneil Sengupta,Mrityunjay Devvrat | Asad Hussain,,1.7062,D,,,,,,,,,,,,tt3369670,6.6,,,,,,,,,hitFlop=1,Missing/Partial,,wikipedia,2.0,2026-07-02
BOLLY_2014_0474_m3_midsummer_midnight_mumbai,M3 - Midsummer Midnight Mumbai,M3 - Midsummer Midnight Mumbai,2014,,,,Drama,,Drama,No,,Braj Bhushan,Sara Khan,,Sara Khan,,,,,,,,,,,,,,,,,,,,,,,,,,,Missing/Partial,,wikipedia,2.0,2026-07-02
BOLLY_2014_0475_heropanti,Heropanti,Heropanti,2014,May,5,2014-05-23,Action,,Action | Romance,No,,Sabbir Khan,Tiger Shroff,Kriti Sanon,Tiger Shroff | Kriti Sanon | Parth Akerkar | Anuradha Chandan,Sanjeev Dutta,"UTV Motion Pictures, Nadiadwala Grandson Entertainment",,B,,,25,,82,,,,,,,tt3142232,5.2,,,,,,,,,hitFlop=5,High,,wikipedia,2.0,2026-07-02
BOLLY_2014_0476_citylights,CityLights,CityLights,2014,May,5,2014-05-30,Drama,,Drama | Thriller,No,,Hansal Mehta,Rajkummar Rao,Patralekha,Rajkummar Rao | Mallhar Goenka | Manav Kaul | Patralekhaa,Sean Ellis (original story) | Ritesh Shah (adapted by),"Fox Star Studios, Vishesh Films",3.9271,D,1.4466,D,,,,,,,,,,tt3709344,7.3,,,,,,,,,hitFlop=2,Missing/Partial,,wikipedia,2.0,2026-07-02
BOLLY_2014_0477_kuku_mathur_ki_jhand_ho_gayi,Kuku Mathur Ki Jhand Ho Gayi,Kuku Mathur Ki Jhand Ho Gayi,2014,May,5,2014-05-30,Drama,,Comedy | Romance,No,,Aman Sachdeva,Simran Kaur Mundi,,Siddharth Gupta | Simran Kaur Mundi | Pallavi Batra | Roopa Ganguly,,Balaji Motion Pictures,,,,,,,,,,,,,,tt2998196,5.3,,,,,,,,,hitFlop=1,Missing/Partial,,wikipedia,2.0,2026-07-02
BOLLY_2014_0478_filmistaan,Filmistaan,Filmistaan,2014,June,6,,Comedy,,Comedy,No,,Nitin Kakkar,Inaamulhaq,,Inaamulhaq,,UTV Spotboy,,,,,7.5,,9.99,,,,,,,,,,,,,,,,,hitFlop=2,High,,wikipedia,2.0,2026-07-02
BOLLY_2014_0479_fugly,Fugly,Fugly,2014,June,6,2014-06-13,Comedy,,Drama | Thriller,No,,Kabir Sadanand,Jimmy Sheirgill,Kiara Advani,Jimmy Shergill | Mohit Marwah | Kiara Advani | Vijender Singh,Rahul Handa (story),Grazing Goat Pictures,,D,1.2486,D,10,,13.6,,,,,,,tt3683702,4.7,,,,,,,,,hitFlop=2,High,,wikipedia,2.0,2026-07-02
BOLLY_2014_0480_machhli_jal_ki_rani_hai,Machhli Jal Ki Rani Hai,Machhli Jal Ki Rani Hai,2014,June,6,2014-06-13,Horror,,Horror,No,,Debaloy Dey,Bhanu Uday,Swara Bhaskar,Swara Bhaskar | Reema Debnath | Saurabh Dubey | Hritu,,,,,,,,,,,,,,,,tt2208248,4.5,,,,,,,,,hitFlop=1,Missing/Partial,,wikipedia,2.0,2026-07-02
BOLLY_2014_0481_humshakals,Humshakals,Humshakals,2014,June,6,2014-06-20,Comedy,,Comedy,No,,Sajid Khan,Saif Ali Khan,Esha Gupta,Saif Ali Khan | Ritesh Deshmukh | Ram Kapoor | Bipasha Basu,Sajid Khan (story) | Robin Bhatt (screenplay) | Sajid Khan (screenplay) | Akarsh Khurana (screenplay) | Adhir Bhatt (additional dialogue),"Fox Star Studios, Pooja Entertainment",5.7211,A,6.9978,C,64,,105.28,,,,,,,tt3036740,1.7,,,,,,,,,hitFlop=3,High,,wikipedia,2.0,2026-07-02
BOLLY_2014_0482_ek_villain,Ek Villain,Ek Villain,2014,June,6,,Action,,Action,No,,Mohit Suri,Sidharth Malhotra,Riteish Deshmukh,Sidharth Malhotra,,Balaji Motion Pictures,,C,4.931,D,39,,169.62,,,,,,,,,,,,,,,,,hitFlop=5,High,,wikipedia,2.0,2026-07-02
BOLLY_2014_0483_bobby_jasoos,Bobby Jasoos,Bobby Jasoos,2014,July,7,2014-07-04,Action,,Comedy | Drama | Thriller,No,,Samar Shaikh,Vidya Balan,Ali Fazal,Vidya Balan | Ali Fazal | Mahima A | Abhishek C,Sanyukta Shaikh Chawla (screen play & dialogue by),Reliance Entertainment,6.0471,C,,,26,,20.38,,,,,,,tt3359290,5.5,,,,,,,,,hitFlop=1,High,,wikipedia,2.0,2026-07-02
BOLLY_2014_0484_lekar_hum_deewana_dil,Lekar Hum Deewana Dil,Lekar Hum Deewana Dil,2014,July,7,2014-07-04,Drama,,Comedy | Romance,No,,Arif Ali,Armaan Jain,Deeksha Seth,Armaan Jain | Deeksha Seth | Nikita Dutta | Rohini Hattangadi,Arif Ali,"Eros International, Illuminati Films, Maddock Films",,,,,16,,,,,,,,,tt3716142,7.3,,,,,,,,,hitFlop=1,Low,,wikipedia,2.0,2026-07-02
BOLLY_2014_0485_humpty_sharma_ki_dulhania,Humpty Sharma Ki Dulhania,Humpty Sharma Ki Dulhania,2014,July,7,2014-07-11,Comedy,,Comedy | Drama | Romance,No,,Shashank Khaitan,Varun Dhawan,Alia Bhatt,Varun Dhawan | Alia Bhatt | Sidharth Shukla | Ashutosh Rana,Shashank Khaitan,"Reliance Entertainment, Dharma Productions",4.74,D,,,33,,119.58,,,,,,,tt3678938,6.0,,,,,,,,,hitFlop=5,High,,wikipedia,2.0,2026-07-02
BOLLY_2014_0486_munna_mange_memsaab,Munna Mange Memsaab,Munna Mange Memsaab,2014,July,7,,Drama,,Drama,No,,Shareeph Mansuri Saranawala,Omkar Das Manikpuri,Razak Khan,Omkar Das Manikpuri,,,2.1151,D,,,,,,,,,,,,,,,,,,,,,,,Missing/Partial,,wikipedia,2.0,2026-07-02
BOLLY_2014_0487_hate_story_2,Hate Story 2,Hate Story 2,2014,July,7,2014-07-18,Thriller,,Drama | Romance | Thriller,No,,Vishal Pandya,Surveen Chawla,Sushant Singh,Sushant Singh | Surveen Chawla | Jay Bhanushali | Siddharth Kher,Madhuri Banerjee (screenplay) | Girish Dhamija (dialogue),T-Series Films,,D,,,15,,31.07,,,,,,,tt3619772,4.4,,,,,,,,,hitFlop=4,High,,wikipedia,2.0,2026-07-02
BOLLY_2014_0488_bazaar_e_husn,Bazaar-E-Husn,Bazaar-E-Husn,2014,July,7,,Drama,,Drama,No,,Ajay Mehra,Om Puri,Reshmi Ghosh,Om Puri,,,4.1779,D,,,,,,,,,,,,,,,,,,,,,,,Missing/Partial,,wikipedia,2.0,2026-07-02
BOLLY_2014_0489_riyasat,Riyasat,Riyasat,2014,July,7,2014-07-18,Crime,,Crime,No,,Ashok Tyagi,Rajesh Khanna,,Rajesh Khanna | Aryeman Ramsay | Raza Murad | Aryan Vaid,,,1.1394,D,1.0715,D,,,,,,,,,,tt2283894,0.0,,,,,,,,,hitFlop=1,Missing/Partial,,wikipedia,2.0,2026-07-02
BOLLY_2014_0490_amit_sahni_ki_list,Amit Sahni Ki List,Amit Sahni Ki List,2014,July,7,2014-07-18,Comedy,,Comedy | Romance,No,,Ajay Bhuyan,Vir Das,Vega Tamotia,Vir Das | Anindita Nayar | Natasha Rastogi | Kavi Shastri,Rohit G. Banawlikar (screenplay) | Shiv Singh (screenplay),,5.9509,C,,,,,,,,,,,,tt3822600,6.0,,,,,,,,,hitFlop=1,Missing/Partial,,wikipedia,2.0,2026-07-02
BOLLY_2014_0491_pizza,Pizza,Pizza,2014,July,7,2014-07-18,Thriller,,Horror | Thriller,No,,Akshay Akkineni,Akshay Oberoi,Parvathy Omanakuttan,Akshay Oberoi | Parvathy Omanakuttan | Dipannita Sharma | Arunoday Singh,Akshay Akkineni (screenplay) | Karthik Subbaraj (story),UTV Spotboy,,D,,,,,4.035,,,,,,,tt3794302,6.2,,,,,,,,,hitFlop=1,Low,,wikipedia,2.0,2026-07-02
BOLLY_2014_0492_kick,Kick,Kick,2014,July,7,2014-07-25,Action,,Action | Comedy | Romance,No,,Sajid Nadiadwala,Salman Khan,Jacqueline Fernandez,Salman Khan | Jacqueline Fernandez | Nawazuddin Siddiqui | Randeep Hooda,Vakkantham Vamsi (story) | Rajat Arora (screenplay) | Keith Gomes (screenplay) | Sajid Nadiadwala (screenplay) | Chetan Bhagat (additional screenplay) | Rajat Arora (dialogue),"UTV Motion Pictures, Nadiadwala Grandson Entertainment",9.2082,D,,,140,,402,,,,,,,tt2372222,6.0,,,,,,,,,hitFlop=4,High,,wikipedia,2.0,2026-07-02
BOLLY_2014_0493_entertainment,Entertainment,Entertainment,2014,August,8,2014-08-08,Action,,Comedy,No,,Sajid-Farhad,Akshay Kumar,Tamannaah Bhatia,Akshay Kumar | Tamannaah Bhatia | Johnny Lever | Prakash Raj,Farhad (screenplay) | Sajid (screenplay) | K. Subhash (story),"Pen Studios, Tips Industries",6.3805,C,,,81,,115.93,,,,,,,tt2978626,4.9,,,,,,,,,hitFlop=2,High,,wikipedia,2.0,2026-07-02
BOLLY_2014_0494_singham_returns,Singham Returns,Singham Returns,2014,August,8,2014-08-15,Action,,Action,No,,Rohit Shetty,Ajay Devgn,Kareena Kapoor,Kareena Kapoor | Ajay Devgn | Anupam Kher | Yo Yo Honey Singh,Rohit Shetty (story) | Yunus Sajawal (screenplay) | Farhad (dialogue) | Sajid (dialogue),"Reliance Entertainment, Ajay Devgn FFilms",6.8713,C,6.8376,C,100,,220.5,,,,,,,tt2309764,5.7,,,,,,,,,hitFlop=4,High,,wikipedia,2.0,2026-07-02
BOLLY_2014_0495_life_is_beautiful,Life Is Beautiful,Life is Beautiful!,2014,August,8,2014-08-22,Drama,,Comedy | Romance,No,,Manoj Amarnani,,,Manoj Amarnani | Nancy Brunetta | Anokhi Dalvi | Parth Naik,Manoj Amarnani | Sanjay Sankla,,,,,,,,,,,,,,,tt3881136,,,,,,,,,,hitFlop=1,Missing/Partial,,wikipedia,2.0,2026-07-02
BOLLY_2014_0496_mad_about_dance,Mad About Dance,Mad About Dance,2014,August,8,,Drama,,Drama,No,,Saahil Prem,,,,,,,,,,,,,,,,,,,,,,,,,,,,,,Missing/Partial,,wikipedia,2.0,2026-07-02
BOLLY_2014_0497_mardaani,Mardaani,Mardaani,2014,August,8,2014-08-22,Action,,Action | Drama | Thriller,No,,Pradeep Sarkar,Rani Mukerji,Tahir Raj Bhasin,Rani Mukerji | Tahir Raj Bhasin | Gautam Babbar | Probir Dutt,Gopi Puthran,Yash Raj Films,3.932,D,2.2519,D,21,,59.55,,,,,,,tt3495000,7.3,,,,,,,,,hitFlop=4,High,,wikipedia,2.0,2026-07-02
BOLLY_2014_0498_mumbhai_connection,Mumbhai Connection,Mumbhai Connection,2014,August,8,,Drama,,Drama,No,,Atlanta Nagendra,,,,,,,,,,,,,,,,,,,,,,,,,,,,,,Missing/Partial,,wikipedia,2.0,2026-07-02
BOLLY_2014_0499_raja_natwarlal,Raja Natwarlal,Raja Natwarlal,2014,August,8,2014-08-29,Thriller,,Drama | Thriller,No,,Kunal Deshmukh,Emraan Hashmi,Humaima Malick,Mohammed Zeeshan Ayyub | Tarun Dudeja | Emraan Hashmi | Narendra Jetley,Parveez Sheikh (story) | Sanjay Masoom (dialogue),UTV Motion Pictures,4.721,D,4.1021,D,47,,26.8,,,,,,,tt3483712,6.2,,,,,,,,,hitFlop=1,High,,wikipedia,2.0,2026-07-02
BOLLY_2014_0500_mary_kom,Mary Kom,Mary Kom,2014,September,9,2014-09-05,Drama,,Biography | Drama | Sport,No,,Omung Kumar,Priyanka Chopra,Zachary Coffin,Priyanka Chopra | Zachary Coffin | Darshan Kumaar | Darshan Kumar,Saiwyn Qadras (story) | Ramendra Vasishth (dialogue) | Karan Singh Rathore (dialogue),Viacom18 Motion Pictures,8.1369,B,,,38,,86.19,,,,,,,tt3001638,6.8,,,,,,,,,hitFlop=4,High,,wikipedia,2.0,2026-07-02
BOLLY_2014_0501_creature,Creature,Creature,2014,September,9,2014-09-12,Horror,,Horror | Sci-Fi,No,,Vikram Bhatt,Bipasha Basu,Imran Abbas,Bipasha Basu | Imran Abbas | Mukul Dev | Deepraj Rana,Vikram Bhatt (story) | Vikram Bhatt (screenplay) | Sukhmani Sadana (screenplay) | Girish Dhamija (dialogue),T-Series Films,4.5712,D,2.9028,D,25,,20.6,,,,,,,tt3619854,3.2,,,,,,,,,hitFlop=1,High,,wikipedia,2.0,2026-07-02
BOLLY_2014_0502_daawat_e_ishq,Daawat-e-Ishq,Daawat-e-Ishq,2014,September,9,2014-09-19,Comedy,,Comedy | Drama | Romance,No,,Habib Faisal,Aditya Roy Kapur,Parineeti Chopra,Aditya Roy Kapoor | Parineeti Chopra | Anupam Kher,Habib Faisal | Jyoti Kapoor,Yash Raj Films,,C,2.7399,D,32,,35.58,,,,,,,tt3398052,6.1,,,,,,,,,hitFlop=2,High,,wikipedia,2.0,2026-07-02
BOLLY_2014_0503_khoobsurat,Khoobsurat,Khoobsurat,2014,September,9,2014-09-19,Comedy,,Comedy | Romance,No,,Shashanka Ghosh,Sonam Kapoor,Fawad Khan,Ashok Banthia | Rishabh Chaddha | Badrul Islam | Simran Jehani,D.N. Mukherjee (original story) | Indira Bisht (screenplay) | Juhi Chaturvedi (dialogue),"Walt Disney Pictures, UTV Motion Pictures",5.488,B,1.5653,D,23,,79.43,,,,,,,tt3554418,6.4,,,,,,,,,hitFlop=5,High,,wikipedia,2.0,2026-07-02
BOLLY_2014_0504_3_a_m,3 A.M.,3 A.M.,2014,September,9,,Horror,,Horror,No,,Vishal Mahadkar,Rannvijay Singh,Salil Acharya,Rannvijay Singh,,,,D,,,,,,,,,,,,,,,,,,,,,,,Missing/Partial,,wikipedia,2.0,2026-07-02
BOLLY_2014_0505_chaarfutiya_chhokare,Chaarfutiya Chhokare,Chaarfutiya Chhokare,2014,September,9,2014-09-26,Thriller,,Drama | Thriller,No,,Manish Harishankar,Soha Ali Khan,Seema Biswas,Soha Ali Khan | Zakir Hussain | Seema Biswas | Mukesh Tiwari,Manish Harishankar,,3.0133,D,,,,,,,,,,,,tt3021244,0.0,,,,,,,,,hitFlop=1,Missing/Partial,,wikipedia,2.0,2026-07-02
BOLLY_2014_0506_desi_kattey,Desi Kattey,Desi Kattey,2014,September,9,2014-09-12,Action,,Action,No,,Anand Kumar,Suniel Shetty,Akhil Kapur,Rajesh Bakshi | Jay Bhanushali | Claudia Ciesla | Akhil Kapur,Aaryaan Saxena (screenplay),,,,,,,,,,,,,,,tt3877652,6.0,,,,,,,,,hitFlop=1,Missing/Partial,,wikipedia,2.0,2026-07-02
BOLLY_2014_0507_meinu_ek_ladki_chaahiye,Meinu Ek Ladki Chaahiye,Meinu Ek Ladki Chaahiye,2014,September,9,2014-09-26,Comedy,,Drama,No,,Abhishek Bindal,Raghuvir Yadav,Zakir Hussain,Raghuvir Yadav | Zakir Hussain | Yatin Karyekar | Irfan Raza Khan,Abhishek | Sekhar Kochgaven,,2.3103,C,,,,,,,,,,,,tt3169676,0.0,,,,,,,,,hitFlop=1,Missing/Partial,,wikipedia,2.0,2026-07-02
BOLLY_2014_0508_balwinder_singh_famous_ho_gaya,Balwinder Singh Famous Ho Gaya,Balwinder Singh Famous Ho Gaya,2014,September,9,,Comedy,,Comedy,No,,Sunil Agnihotri,Mika Singh,Shaan,Mika Singh,,,,,,,,,,,,,,,,,,,,,,,,,,,Missing/Partial,,wikipedia,2.0,2026-07-02
BOLLY_2014_0509_bang_bang,Bang Bang,Bang Bang!,2014,October,10,2014-10-02,Action,,Action | Adventure | Comedy,No,,Siddharth Anand,Hrithik Roshan,Katrina Kaif,Hrithik Roshan | Katrina Kaif | Pavan Malhotra | Danny Denzongpa,Sujoy Ghosh (screenplay) | Suresh Nair (screenplay) | Patrick O'Neill (original story) | Abbas Tyrewala (dialogue),Fox Star Studios,8.2519,D,5.6148,C,140,,332.43,,,,,,,tt2905838,5.6,,,,,,,,,hitFlop=4,High,,wikipedia,2.0,2026-07-02
BOLLY_2014_0510_haider,Haider,Haider,2014,October,10,2014-10-02,Action,,Crime | Drama | Romance,No,,Vishal Bhardwaj,Shahid Kapoor,Tabu,Tabu | Shahid Kapoor | Shraddha Kapoor | Kay Kay Menon,"William Shakespeare (based on the play ""Hamlet"""" by) | Basharat Peer (screenplay) | Vishal Bhardwaj (screenplay) | Vishal Bhardwaj (dialogue)""",UTV Motion Pictures,5.7659,C,3.6423,D,35,,85,,,,,,,tt3390572,8.0,,,,,,,,,hitFlop=4,High,,wikipedia,2.0,2026-07-02
BOLLY_2014_0511_spark,Spark,Spark,2014,October,10,2014-10-10,Drama,,Action,No,,V. K. Singh,Rajniesh Duggal,Subhashree Ganguly,Rati Agnihotri | Mansha Bahl | Rajneesh Duggal | Shubhashree Ganguli,V.K. Singh (story),,,,,,,,,,,,,,,tt3893476,0.0,,,,,,,,,hitFlop=1,Missing/Partial,,wikipedia,2.0,2026-07-02
BOLLY_2014_0512_jigariyaa,Jigariyaa,Jigariyaa,2014,October,10,2014-10-10,Drama,,Drama,No,,Raj Purohit,Cherry Mardia,Virendra Saxena,Deepak Chadha | Harshvardhan Deo | Sneha Deori | Vineeta Malik,Vinod Bachchan | Apratim Khare | Raj Purohit,,,,,,,,,,,,,,,tt4010306,,,,,,,,,,hitFlop=1,Missing/Partial,,wikipedia,2.0,2026-07-02
BOLLY_2014_0513_ekkees_toppon_ki_salaami,Ekkees Toppon Ki Salaami,Ekkees Toppon Ki Salaami,2014,October,10,2014-10-10,Comedy,,Comedy,No,,Ravindra Gautam,Anupam Kher,Neha Dhupia,Anupam Kher | Neha Dhupia | Divyendu Sharma | Manu Rishi Chadha,Rahil Qazi (screenplay) | Rahil Qazi (story) | Rahil Qazi,,3.4477,D,,,,,1.58,,,,,,,tt3847072,6.1,,,,,,,,,hitFlop=1,Low,,wikipedia,2.0,2026-07-02
BOLLY_2014_0514_tamanchey,Tamanchey,Tamanchey,2014,October,10,2014-10-10,Romance,,Crime | Romance,No,,Navneet Behal,Nikhil Dwivedi,Richa Chadda,Nikhil Dwivedi | Richa Chadda | Mahesh Balraj | Kislaya Dwivedi,,,,D,,,,,,,,,,,,tt2317135,3.5,,,,,,,,,hitFlop=1,Missing/Partial,,wikipedia,2.0,2026-07-02
BOLLY_2014_0515_mumbai_125_km,Mumbai 125 KM,Mumbai 125 KM,2014,October,10,,Thriller,,Thriller,No,,Hemant Madhukar,Veena Malik,Karanvir Bohra,Veena Malik,,,,,,,,,14.65,,,,,,,,,,,,,,,,,,Low,,wikipedia,2.0,2026-07-02
BOLLY_2014_0516_sonali_cable,Sonali Cable,Sonali Cable,2014,October,10,2014-10-17,Drama,,Drama,No,,Charudutt Acharya,Rhea Chakraborty,Ali Fazal,Rhea Chakraborty | Ali Fazal | Smita Jaykar | Raghav Juyal,Charudutt Acharya,,,C,,,,,,,,,,,,tt2871010,5.3,,,,,,,,,hitFlop=1,Missing/Partial,,wikipedia,2.0,2026-07-02
BOLLY_2014_0517_happy_new_year,Happy New Year,Happy New Year,2014,January,1,2014-10-24,Action,,Action | Comedy | Crime,No,,Farah Khan,Shah Rukh Khan,Deepika Padukone,Shah Rukh Khan | Deepika Padukone | Vivaan Shah | Kareena Kapoor,Althea Kaushal | Farah Khan | Mayur Puri,"Yash Raj Films, Red Chillies Entertainment",9.2267,A,8.7847,A,150,,342,,,,,,,tt2461132,4.9,,,,,,,,,hitFlop=4,High,,wikipedia,2.0,2026-07-02
BOLLY_2014_0518_fireflies,Fireflies,Fireflies,2014,October,10,,Drama,,Drama,No,,Sabal Singh Sheikhawat,Rahul Khanna,Monica Dogra,Rahul Khanna,,,,D,,,,,,,,,,,,,,,,,,,,,,,Missing/Partial,,wikipedia,2.0,2026-07-02
BOLLY_2014_0519_super_nani,Super Nani,Super Nani,2014,October,10,2014-10-31,Comedy,,Drama,No,,Indra Kumar,Rekha,Sharman Joshi,Rekha | Sharman Joshi | Randhir Kapoor | Anupam Kher,,Maruti International,5.1069,C,4.1206,D,,,,,,,,,,tt2630076,4.7,,,,,,,,,hitFlop=1,Missing/Partial,,wikipedia,2.0,2026-07-02
BOLLY_2014_0520_rang_rasiya,Rang Rasiya,Rang Rasiya,2014,November,11,,Drama,,Drama,No,,Ketan Mehta,Randeep Hooda,Nandana Sen,Randeep Hooda,,,3.739,D,,,12,,,,,,,,,,,,,,,,,,,,Low,,wikipedia,2.0,2026-07-02
BOLLY_2014_0521_a_decent_arrangement,A Decent Arrangement,A Decent Arrangement,2014,March,3,,Drama,,Drama,No,,Sarovar Banka,Shabana Azmi,,Shabana Azmi,,,1,D,,,,,,,,,,,,,,,,,,,,,,,Missing/Partial,,wikipedia,2.0,2026-07-02
BOLLY_2014_0522_the_shaukeens,The Shaukeens,The Shaukeens,2014,November,11,2014-11-07,Comedy,,Comedy,No,,Abhishek Sharma,Akshay Kumar,Anupam Kher,Akshay Kumar | Lisa Haydon | Rati Agnihotri | Cyrus Broacha,Sai Kabir | Tigmanshu Dhulia (dialogue) | Tigmanshu Dhulia (screenplay) | Tigmanshu Dhulia (story),Cape of Good Films,6.3805,C,,,46.3,,46.3,,,,,,,tt3848888,4.8,,,,,,,,,hitFlop=2,High,,wikipedia,2.0,2026-07-02
BOLLY_2014_0523_6_5_2,6 – 5 = 2,6 – 5 = 2,2014,November,11,,Horror,,Horror,No,,Bharat Jain,Niharica Raizada,,Niharica Raizada,,,,,,,,,,,,,,,,,,,,,,,,,,,Missing/Partial,,wikipedia,2.0,2026-07-02
BOLLY_2014_0524_kill_dil,Kill Dil,Kill Dil,2014,November,11,2014-11-14,Action,,Action | Crime | Drama,No,,Shaad Ali,Ranveer Singh,Parineeti Chopra,Ranveer Singh | Ali Zafar | Parineeti Chopra | Govinda,Nitesh Tiwari (screenplay) | Shreyas Jain (screenplay) | Nikhil Mehrotra (screenplay),Yash Raj Films,6.0024,C,5.2612,C,40,,52.1,,,,,,,tt3380264,4.5,,,,,,,,,hitFlop=2,High,,wikipedia,2.0,2026-07-02
BOLLY_2014_0525_gollu_aur_pappu,Gollu aur Pappu,Gollu Aur Pappu,2014,November,11,2014-11-21,Comedy,,Comedy,No,,Kabir Sadanand,Vir Das,Kunaal Roy Kapur,Vir Das | Sandeepa Dhar | Rahul Handa | Dimple Kapadia,,Viacom18 Motion Pictures,5.9509,C,1.2486,D,,,,,,,,,,tt4219300,4.7,,,,,,,,,hitFlop=1,Missing/Partial,,wikipedia,2.0,2026-07-02
BOLLY_2014_0526_happy_ending,Happy Ending,Happy Ending,2014,November,11,2014-11-21,Comedy,,Comedy | Romance,No,,Raj Nidimoru and Krishna DK,Saif Ali Khan,Ileana D'Cruz,Saif Ali Khan | Ileana | Kalki Koechlin | Ranvir Shorey,Raj Nidimoru (story) | Krishna D.K. (story) | Sita Menon (story) | Raj Nidimoru (screenplay) | Krishna D.K. (screenplay) | Sita Menon (screenplay) | Hussain Dalal (dialogue),"Eros International, Illuminati Films",5.7211,A,,,57,,38,,,,,,,tt3017412,5.3,,,,,,,,,hitFlop=1,High,,wikipedia,2.0,2026-07-02
BOLLY_2014_0527_titoo_mba,Titoo MBA,Titoo MBA,2014,November,11,2014-11-21,Comedy,,Comedy,No,,Amit Vats,,,Nishant Dahiya | Pragya Jaiswal,Puja Ballutia (story) | Puja Ballutia (script),,,,,,,,,,,,,,,tt3309844,5.7,,,,,,,,,hitFlop=1,Missing/Partial,,wikipedia,2.0,2026-07-02
BOLLY_2014_0528_hum_hai_teen_khurafaati,Hum Hai Teen Khurafaati (हम हैं तीन खुराफाती),Hum Hai Teen Khurafaati (हम हैं तीन खुराफाती),2014,,,,Drama,,Drama,No,,Rajeshwar Chauhan,Heena Panchal,Vrajesh Hirjee,Heena Panchal,,,,,,,,,,,,,,,,,,,,,,,,,,,Missing/Partial,,wikipedia,2.0,2026-07-02
BOLLY_2014_0529_ungli,Ungli,Ungli,2014,November,11,2014-12-05,Comedy,,Comedy | Drama | Thriller,No,,Rensil D'Silva,Sanjay Dutt,Emraan Hashmi,Emraan Hashmi | Kangana Ranaut | Sanjay Dutt | Randeep Hooda,Renzil D'Silva (story) | Milap Zaveri (dialogue),"Reliance Entertainment, Dharma Productions",5.0026,C,,,39,,50,,,,,,,tt3362728,5.8,,,,,,,,,hitFlop=2,High,,wikipedia,2.0,2026-07-02
BOLLY_2014_0530_zed_plus,Zed Plus,Zed Plus,2014,December,12,2014-11-28,Comedy,,Comedy,No,,Chandraprakash Dwivedi,Adil Hussain,Mona Singh,Adil Hussain | Ekavali Khanna | Kulbhushan Kharbanda | Sanjay Mishra,Chandra Prakash Dwivedi (screen play and dialogue by) | Ramkumar Singh (screen play and dialogue by) | Ramkumar Singh (story),,,,,,,,,,,,,,,tt4190220,6.3,,,,,,,,,hitFlop=1,Missing/Partial,,wikipedia,2.0,2026-07-02
BOLLY_2014_0531_zid,Zid,Zid,2014,November,11,2014-11-28,Thriller,,Thriller,No,,Vivek Agnihotri,Karanvir Sharma,Mannara Chopra,Shradha Das | Mohan Kapoor | Mannara | Karanvir Sharma,Vivek Agnihotri | Rohit Malhotra,,,,,,8.3,,14.15,,,,,,,tt4228746,4.5,,,,,,,,,hitFlop=3,High,,wikipedia,2.0,2026-07-02
BOLLY_2014_0532_action_jackson,Action Jackson,Action Jackson,2014,December,12,2014-12-05,Action,,Action | Drama | Romance,No,,Prabhu Deva,Ajay Devgn,Sonakshi Sinha,Sonakshi Sinha | Shahid Kapoor | Ajay Devgn | Sunil Shetty,A.C. Mughil | Prabhudheva | Shiraz Ahmed (dialogue),Eros International,6.8713,C,,,93,,88.87,,,,,,,tt0403935,3.4,,,,,,,,,hitFlop=1,High,,wikipedia,2.0,2026-07-02
BOLLY_2014_0533_mumbai_delhi_mumbai,Mumbai Delhi Mumbai,Mumbai Delhi Mumbai,2014,December,12,2014-12-05,Comedy,,Comedy | Romance,No,,Satish Rajwade,Shiv Panditt,Piaa Bajpai,Shiv Pandit | Piaa Bajpai,Manu Rishi Chadda (dialogue) | Satish Rajwade,Viacom18 Motion Pictures,,,,,,,,,,,,,,tt4045666,5.7,,,,,,,,,hitFlop=1,Missing/Partial,,wikipedia,2.0,2026-07-02
BOLLY_2014_0534_sulemani_keeda,Sulemani Keeda,Sulemani Keeda,2014,August,8,2014-11-28,Comedy,,Comedy | Romance,No,,Amit Masurkar,,,Naveen Kasturia | Mayank Tewari | Aditi Vasudev | Karan Mirchandani,Amit Masurkar,,,,,,,,,,,,,,,tt2679480,7.0,,,,,,,,,hitFlop=1,Missing/Partial,,wikipedia,2.0,2026-07-02
BOLLY_2014_0535_badlapur_boys,Badlapur Boys,Badlapur Boys,2014,December,12,2014-12-12,Drama,,Drama,No,,Shailesh Verma,Annu Kapoor,Kishori Shahane,Annu Kapoor | Anupam Maanav | Saranya Mohan | Nishan,Shailesh Verma,,,C,,,,,,,,,,,,tt2767712,,,,,,,,,,hitFlop=1,Missing/Partial,,wikipedia,2.0,2026-07-02
BOLLY_2014_0536_life_mein_twist_hai,Life Mein Twist Hai,Life Mein Twist Hai,2014,December,12,,Mystery,,Mystery,No,,Dinesh Soni,,,,,,,,,,,,,,,,,,,,,,,,,,,,,,Missing/Partial,,wikipedia,2.0,2026-07-02
BOLLY_2014_0537_main_aur_mr_riight,Main Aur Mr. Riight,Main Aur Mr. Riight,2014,December,12,2014-12-12,Comedy,,Comedy | Romance,No,,Adeeb Rais,Varun Khandelwal,Barun Sobti,Barun Sobti | Shenaz Treasury | Kavi Shastri | Danny Sura,,,,,,,,,,,,,,,,tt2216852,4.7,,,,,,,,,hitFlop=1,Missing/Partial,,wikipedia,2.0,2026-07-02
BOLLY_2014_0538_objection_my_god,Objection My God,Objection My God,2014,,,,Drama,,Drama,No,,Amit Khan,Makrand Deshpande,Sanjay Mishra,Makrand Deshpande,,,1.1115,D,,,,,,,,,,,,,,,,,,,,,,,Missing/Partial,,wikipedia,2.0,2026-07-02
BOLLY_2014_0539_pk,PK,PK,2014,December,12,2014-12-19,Comedy,,Comedy | Drama | Fantasy,No,,Rajkumar Hirani,Aamir Khan,Anushka Sharma,Aamir Khan | Anushka Sharma | Sanjay Dutt | Boman Irani,Rajkumar Hirani | Abhijit Joshi | Sreerag Nambiar,"UTV Motion Pictures, Vinod Chopra Films",10,A,10,A,122,,769.89,,,,,,,tt2338151,8.1,,,,,,,,,hitFlop=5,High,,wikipedia,2.0,2026-07-02
BOLLY_2014_0540_ugly,Ugly,Ugly,2014,May,5,,Thriller,,Thriller,No,,Anurag Kashyap,Abir Goswami,Girish Kulkarni,Abir Goswami,,"DAR Motion Pictures, Phantom Films",,,3.0408,D,4.5,,6.24,,,,,,,,,,,,,,,,,hitFlop=2,High,,wikipedia,2.0,2026-07-02
BOLLY_2015_0541_bajrangi_bhaijaan,Bajrangi Bhaijaan,Bajrangi Bhaijaan,2015,July,7,,Comedy,,Action | Drama,No,,₹920.9 crore (US$141 million),[a],,Salman Khan | Harshaali Malhotra | Nawazuddin Siddiqui | Kareena Kapoor,,,,,,,75,,918,,,,,,,tt3863552,8.1,,,,,,,,,hitFlop=5,High,,wikipedia,2.0,2026-07-02
BOLLY_2015_0542_prem_ratan_dhan_payo,Prem Ratan Dhan Payo,Prem Ratan Dhan Payo,2015,November,11,,Drama,,Drama,No,,₹432 crore (US$64 million),[b],,Salman Khan | Sonam Kapoor | Neil Nitin Mukesh | Deepak Dobriyal,,,,,,,60,,432,,,,,,,tt3595298,4.5,,,,,,,,,hitFlop=5,High,,wikipedia,2.0,2026-07-02
BOLLY_2015_0543_dilwale,Dilwale,Dilwale,2015,December,12,,Action,,Action | Romance,No,,₹376 crore (US$67 million),[9],,Shah Rukh Khan | Kajol | Varun Dhawan | Kriti Sanon,,,,,,,165,,376.85,,,,,,,tt4535650,5.1,,,,,,,,,hitFlop=4,High,,wikipedia,2.0,2026-07-02
BOLLY_2015_0544_bajirao_mastani,Bajirao Mastani,Bajirao Mastani,2015,December,12,,Drama,,Drama,No,,₹356.2 crore (US$56 million),[10],,Ranveer Singh | Deepika Padukone | Priyanka Chopra Jonas | Tanvi Azmi,,,,,,,145,,356.2,,,,,,,tt3735246,7.3,,,,,,,,,hitFlop=4,High,,wikipedia,2.0,2026-07-02
BOLLY_2015_0545_welcome_back,Welcome Back,Welcome Back,2015,September,9,,Action,,Comedy,No,,₹168.76 crore (US$26 million),[10],,John Abraham | Anil Kapoor | Nana Patekar | Paresh Rawal,,,,,,,48,,167.37,,,,,,,tt3159708,4.2,,,,,,,,,hitFlop=5,High,,wikipedia,2.0,2026-07-02
BOLLY_2015_0546_abcd_2,ABCD 2,ABCD 2,2015,June,6,,Drama,,Drama,No,,₹158.31 crore (US$25 million),[10],,[10],,,,,,,50,,161.49,,,,,,,,,,,,,,,,,hitFlop=5,High,,wikipedia,2.0,2026-07-02
BOLLY_2015_0547_dil_dhadakne_do,Dil Dhadakne Do,Dil Dhadakne Do,2015,June,6,,Comedy,,Romance,No,,₹145 crore (US$23 million),[10],,Anil Kapoor | Shefali Shah | Priyanka Chopra Jonas | Ranveer Singh,,,,,,,55,,144,,,,,,,tt4110568,7.0,,,,,,,,,hitFlop=4,High,,wikipedia,2.0,2026-07-02
BOLLY_2015_0548_baby,Baby,Baby,2015,January,1,,Action,,Action | Thriller,No,,₹142.98 crore (US$22 million),[10],,Akshay Kumar | Danny Denzongpa | Rana Daggubati | Taapsee Pannu,,,,,,,25,,143,,,,,,,tt3848892,8.0,,,,,,,,,hitFlop=5,High,,wikipedia,2.0,2026-07-02
BOLLY_2015_0549_international_hero,International Hero,International Hero,2015,March,3,,Action,,Action,No,,Sanjay Niranjan,Nakul Vaid,Jatin Grewal,Nakul Vaid,,,,,,,,,,,,,,,,,,,,,,,,,,,Missing/Partial,,wikipedia,2.0,2026-07-02
BOLLY_2015_0550_mumbai_can_dance_saala,Mumbai Can Dance Saala,Mumbai Can Dance Saala,2015,January,1,,Drama,,Drama,No,,Sachindra Sharma,Prashant Narayanan,Aditya Pancholi,Prashant Narayanan,,,1,D,,,,,,,,,,,,,,,,,,,,,,,Missing/Partial,,wikipedia,2.0,2026-07-02
BOLLY_2015_0551_take_it_easy,Take It Easy,Take It Easy,2015,,,,Drama,,Drama,No,,Sunil Prem Vyas,Vikram Gokhale,Dipannita Sharma,Vikram Gokhale,,,1.6945,D,,,,,,,,,,,,,,,,,,,,,,,Missing/Partial,,wikipedia,2.0,2026-07-02
BOLLY_2015_0552_tevar,Tevar,Tevar,2015,January,1,,Action,,Action | Drama,No,,Amit Sharma,Arjun Kapoor,Sonakshi Sinha,Arjun Kapoor | Sonakshi Sinha | Manoj Bajpayee | Deepti Naval,,Eros International,6.5059,C,,,54,,56,,,,,,,tt3398048,4.2,,,,,,,,,hitFlop=2,High,,wikipedia,2.0,2026-07-02
BOLLY_2015_0553_alone,Alone,Alone,2015,January,1,,Romance,,Horror | Romance,No,,Bhushan Patel,Bipasha Basu,Karan Singh Grover,Bipasha Basu,,Panorama Studios,4.5712,D,,,19,,25.84,,,,,,,,3.7,,,,,,,,,hitFlop=2,High,,wikipedia,2.0,2026-07-02
BOLLY_2015_0554_crazy_cukkad_family,Crazy Cukkad Family,Crazy Cukkad Family,2015,January,1,,Comedy,,Comedy,No,,Ritesh Menon,Swanand Kirkire,Shilpa Shukla,Swanand Kirkire,,,,,,,,,,,,,,,,,,,,,,,,,,,Missing/Partial,,wikipedia,2.0,2026-07-02
BOLLY_2015_0555_sharafat_gayi_tel_lene,Sharafat Gayi Tel Lene,Sharafat Gayi Tel Lene,2015,January,1,,Comedy,,Comedy,No,,Gurmmeet Singh,Zayed Khan,Tina Desai,Zayed Khan,,,2.9243,D,,,7.0,,0.57,,,,,,,,5.0,,,,,,,,,hitFlop=1,High,,wikipedia,2.0,2026-07-02
BOLLY_2015_0556_dolly_ki_doli,Dolly Ki Doli,Dolly Ki Doli,2015,January,1,,Comedy,,Comedy,No,,Abhishek Dogra,Sonam Kapoor,Pulkit Samrat,Sonam Kapoor,,"Kinesis Films, Arbaaz Khan Production",5.488,B,,,21.0,,19.21,,,,,,,,4.5,,,,,,,,,hitFlop=1,High,,wikipedia,2.0,2026-07-02
BOLLY_2015_0557_chal_guru_ho_ja_shuru,Chal Guru Ho Ja Shuru,Chal Guru Ho Ja Shuru,2015,January,1,,Comedy,,Comedy,No,,Manoj Sharma,Hemant Pandey,Chandrachur Singh,Hemant Pandey,,,,,,,,,,,,,,,,,,,,,,,,,,,Missing/Partial,,wikipedia,2.0,2026-07-02
BOLLY_2015_0558_hawaizaada,Hawaizaada,Hawaizaada,2015,January,1,,Drama,,Biography,No,,Vibhu Puri,Ayushmann Khurrana,Pallavi Sharda,Naman Jain | Mithun Chakraborty | Samir Chandra | Kanishka Singh Deo,,Reliance Entertainment,,D,,,25,,5.84,,,,,,,tt4338154,5.5,,,,,,,,,hitFlop=1,High,,wikipedia,2.0,2026-07-02
BOLLY_2015_0559_khamoshiyan,Khamoshiyan,Khamoshiyan,2015,January,1,,Romance,,Drama,No,,Karan Dara,Gurmeet Choudhary,Ali Fazal,Gurmeet Choudhary,,"Fox Star Studios, Vishesh Films",,C,,,10.0,,19.5,,,,,,,,4.0,,,,,,,,,hitFlop=3,High,,wikipedia,2.0,2026-07-02
BOLLY_2015_0560_rahasya,Rahasya,Rahasya,2015,January,1,,Thriller,,Social,No,,Manish Gupta,Tisca Chopra,Ashish Vidyarthi,Kay Kay Menon | Ashish Vidyarthi | Tisca Chopra | Mita Vashisht,,Viacom18 Motion Pictures,,D,,,6.0,,2.8,,,,,,,tt3337550,7.6,,,,,,,,,hitFlop=1,High,,wikipedia,2.0,2026-07-02
BOLLY_2015_0561_jai_jawaan_jai_kisaan,Jai Jawaan Jai Kisaan,Jai Jawaan Jai Kisaan,2015,,,,Drama,,Drama,No,,Milan Ajmera,Jatin Khurana,Om Puri,Jatin Khurana,,,,D,,,,,,,,,,,,,,,,,,,,,,,Missing/Partial,,wikipedia,2.0,2026-07-02
BOLLY_2015_0562_shamitabh,Shamitabh,Shamitabh,2015,February,2,,Drama,,Drama,No,,R. Balki,Amitabh Bachchan,Dhanush,Amitabh Bachchan | Dhanush | Akshara Haasan | Abhinaya,,Eros International,7.0113,B,,,45,,37,,,,,,,tt3836958,6.7,,,,,,,,,hitFlop=1,High,,wikipedia,2.0,2026-07-02
BOLLY_2015_0563_roy,Roy,Roy,2015,February,2,,Drama,,Romance | Thriller,No,,Vikramjit Singh,Ranbir Kapoor,Jacqueline Fernandez,Ranbir Kapoor,,T-Series Films,7.6986,B,,,50,,56,,,,,,,,3.2,,,,,,,,,hitFlop=2,High,,wikipedia,2.0,2026-07-02
BOLLY_2015_0564_badlapur,Badlapur,Badlapur,2015,February,2,,Action,,Action | Drama,No,,Sriram Raghavan,Varun Dhawan,Nawazuddin Siddiqui,Varun Dhawan | Nawazuddin Siddiqui | Yami Gautam | Huma Qureshi,,"Eros International, Maddock Films",4.74,D,1.8067,D,16,,103,,,,,,,tt3678782,7.4,,,,,,,,,hitFlop=5,High,,wikipedia,2.0,2026-07-02
BOLLY_2015_0565_qissa,Qissa,Qissa,2015,February,2,,Drama,,Drama,No,,Anup Singh,Irrfan Khan,Tillotama Shome,Irrfan Khan,,,2.9178,D,,,,,,,,,,,,,,,,,,,,,,,Missing/Partial,,wikipedia,2.0,2026-07-02
BOLLY_2015_0566_ab_tak_chhappan_2,Ab Tak Chhappan 2,Ab Tak Chhappan 2,2015,February,2,,Action,,Crime,No,,Aejaz Gulab,Nana Patekar,Ashutosh Rana,Nana Patekar,,,4.0525,D,,,18.0,,6.64,,,,,,,,5.7,,,,,,,,,hitFlop=1,High,,wikipedia,2.0,2026-07-02
BOLLY_2015_0567_dum_laga_ke_haisha,Dum Laga Ke Haisha,Dum Laga Ke Haisha,2015,February,2,,Comedy,,Drama,No,,Sharat Katariya,Ayushmann Khurrana,Bhumi Pednekar,Bhumi Pednekar | Ayushmann Khurrana | Sanjay Mishra | Sheeba Chaddha,,Yash Raj Films,,D,,,14,,41.45,,,,,,,tt3495030,7.5,,,,,,,,,hitFlop=4,High,,wikipedia,2.0,2026-07-02
BOLLY_2015_0568_badmashiyaan,Badmashiyaan,Badmashiyaan,2015,March,3,,Comedy,,Comedy,No,,Amit Khanna,Suzzanna Mukherjee,Sidhant Gupta,Suzzanna Mukherjee,,,,,,,,,,,,,,,,,,,,,,,,,,,Missing/Partial,,wikipedia,2.0,2026-07-02
BOLLY_2015_0569_coffee_bloom,Coffee Bloom,Coffee Bloom,2015,March,3,,Drama,,Drama,No,,Manu Warrier,Arjun Mathur,Sugandha Garg,Arjun Mathur,,,,,,,,,,,,,,,,,,,,,,,,,,,Missing/Partial,,wikipedia,2.0,2026-07-02
BOLLY_2015_0570_dirty_politics,Dirty Politics,Dirty Politics,2015,,,,Drama,,Crime,No,,K. C. Bokadia,Mallika Sherawat,Naseeruddin Shah,Mallika Sherawat,,,4.0848,D,,,11.0,,8.48,,,,,,,,2.6,,,,,,,,,hitFlop=1,High,,wikipedia,2.0,2026-07-02
BOLLY_2015_0571_hey_bro,Hey Bro,Hey Bro,2015,March,3,,Action,,Drama,No,,Ajay Chandhok,Ganesh Acharya,Nupur Sharma,Ganesh Acharya,,,,,1.0006,D,6.0,,2.0,,,,,,,,2.8,,,,,,,,,hitFlop=1,High,,wikipedia,2.0,2026-07-02
BOLLY_2015_0572_nh10,NH10,NH10,2015,March,3,,Drama,,Romance | Thriller,No,,Navdeep Singh,Anushka Sharma,Neil Bhoopalam,Anushka Sharma | Neil Bhoopalam | Darshan Kumaar | Deepti Naval,,"Eros International, Clean Slate Filmz, Phantom Films",6.3761,C,,,18,,49,,,,,,,tt3742284,7.2,,,,,,,,,hitFlop=4,High,,wikipedia,2.0,2026-07-02
BOLLY_2015_0573_dilliwali_zaalim_girlfriend,Dilliwali Zaalim Girlfriend,Dilliwali Zaalim Girlfriend,2015,March,3,,Comedy,,Comedy,No,,Japinder Kaur,Divyendu Sharma,Jackie Shroff,Divyendu Sharma,,,,D,,,,,,,,,,,,,,,,,,,,,,,Missing/Partial,,wikipedia,2.0,2026-07-02
BOLLY_2015_0574_hunterrr,Hunterrr,Hunterrr,2015,March,3,,Comedy,,Drama,No,,Harshavardhan Kulkarni,Gulshan Devaiah,Radhika Apte,Gulshan Devaiah | Radhika Apte | Sai Tamhankar | Veera Saxena,,"Shemaroo Entertainment, Phantom Films",,D,,,3,,11.2,,,,,,,tt4333674,7.0,,,,,,,,,hitFlop=5,High,,wikipedia,2.0,2026-07-02
BOLLY_2015_0575_barkhaa,Barkhaa,Barkhaa,2015,March,3,,Drama,,Drama,No,,Shadaab Mirza,Sara Loren,Taaha Shah,Sara Loren,,,,D,,,,,1.33,,,,,,,,,,,,,,,,,,Low,,wikipedia,2.0,2026-07-02
BOLLY_2015_0576_yahaan_sabki_lagi_hai,Yahaan Sabki Lagi Hai,Yahaan Sabki Lagi Hai,2015,March,3,,Drama,,Drama,No,,"Satavisha Bose, Cyrus R. khambhata",Teeshay Shah,,Teeshay Shah,,,,,,,,,,,,,,,,,,,,,,,,,,,Missing/Partial,,wikipedia,2.0,2026-07-02
BOLLY_2015_0577_detective_byomkesh_bakshy,Detective Byomkesh Bakshy,Detective Byomkesh Bakshy!,2015,April,4,,Thriller,,Thriller,No,,Dibakar Banerjee,Sushant Singh Rajput,Anand Tiwari,Sushant Singh Rajput | Anand Tiwari | Neeraj Kabi | Divya Menon,,Yash Raj Films,,D,2.863,D,35,,46.8,,,,,,,tt3447364,7.7,,,,,,,,,hitFlop=2,High,,wikipedia,2.0,2026-07-02
BOLLY_2015_0578_luckhnowi_ishq,Luckhnowi Ishq,Luckhnowi Ishq,2015,April,4,,Drama,,Drama,No,,Aanand Raut,Adhyayan Suman,Karishma Kotak,Adhyayan Suman,,,,D,,,,,,,,,,,,,,,,,,,,,,,Missing/Partial,,wikipedia,2.0,2026-07-02
BOLLY_2015_0579_dharam_sankat_mein,Dharam Sankat Mein,Dharam Sankat Mein,2015,April,4,,Comedy,,Drama,No,,Fuwad Khan,Naseeruddin Shah,Paresh Rawal,Naseeruddin Shah | Paresh Rawal | Annu Kapoor | Gagan Gupta,,Viacom18 Motion Pictures,3.7695,D,,,14.0,,12.1,,,,,,,tt4354740,6.3,,,,,,,,,hitFlop=1,High,,wikipedia,2.0,2026-07-02
BOLLY_2015_0580_ek_paheli_leela,Ek Paheli Leela,Ek Paheli Leela,2015,April,4,,Drama,,Musical,No,,Bobby Khan,Sunny Leone,Jay Bhanushali,Sunny Leone | Rahul Dev | Mohit Ahlawat | Jay Bhanushali,,T-Series Films,,D,,,15,,27.47,,,,,,,tt4500734,3.8,,,,,,,,,hitFlop=3,High,,wikipedia,2.0,2026-07-02
BOLLY_2015_0581_court,Court,Court,2015,April,4,,Comedy,,Comedy,No,,Chaitanya Tamhane,,,,,Zoo Entertainment,,,,,3.5,,,,,,,,,,,,,,,,,,,,Low,,wikipedia,2.0,2026-07-02
BOLLY_2015_0582_margarita_with_a_straw,Margarita With A Straw,Margarita with a Straw,2015,April,4,,Drama,,Social,No,,Shonali Bose,Kalki Koechlin,Revathi,Kalki Koechlin,,Viacom18 Motion Pictures,3.9852,D,,,6.5,,7.4,,,,,,,,7.2,,,,,,,,,hitFlop=2,High,,wikipedia,2.0,2026-07-02
BOLLY_2015_0583_mr_x,Mr. X,Mr. X,2015,April,4,,Action,,Horror,No,,Vikram Bhatt,Emraan Hashmi,Amyra Dastur,Emraan Hashmi | Amyra Dastur | Tanmay Bhat | Sushil Pandey,,"Fox Star Studios, Vishesh Films",4.721,D,2.9028,D,37,,30,,,,,,,tt3848938,3.8,,,,,,,,,hitFlop=1,High,,wikipedia,2.0,2026-07-02
BOLLY_2015_0584_nh_8_road_to_nidhivan,NH-8 Road to Nidhivan,NH-8 Road to Nidhivan,2015,April,4,,Thriller,,Thriller,No,,Munindra Gupta,,,,,,,,,,,,,,,,,,,,,,,,,,,,,,Missing/Partial,,wikipedia,2.0,2026-07-02
BOLLY_2015_0585_ishq_ke_parindey,Ishq Ke Parindey,Ishq Ke Parindey,2015,April,4,,Drama,,Drama,No,,Shakir Khan,,,,,,,,,,,,,,,,,,,,,,,,,,,,,,Missing/Partial,,wikipedia,2.0,2026-07-02
BOLLY_2015_0586_kaagaz_ke_fools,Kaagaz Ke Fools,Kaagaz Ke Fools,2015,April,4,,Comedy,,Comedy,No,,Anil Kumar Chaudhary,Vinay Pathak,Mugdha Godse,Vinay Pathak,,,3.1247,D,,,,,,,,,,,,,,,,,,,,,,,Missing/Partial,,wikipedia,2.0,2026-07-02
BOLLY_2015_0587_gabbar_is_back,Gabbar Is Back,Gabbar Is Back,2015,May,5,,Action,,Social,No,,Krish,Akshay Kumar,Shruti Haasan,Akshay Kumar | Shruti Haasan | Kareena Kapoor | Suman,,Viacom18 Motion Pictures,6.3805,C,,,79,,135.81,,,,,,,tt2424988,7.1,,,,,,,,,hitFlop=3,High,,wikipedia,2.0,2026-07-02
BOLLY_2015_0588_sabki_bajegi_band,Sabki Bajegi Band,Sabki Bajegi Band,2015,May,5,,Drama,,Drama,No,,Anirudh Chawla,Sumeet Vyas,Swara Bhaskar,Sumeet Vyas,,Percept Pictures,,D,,,,,,,,,,,,,,,,,,,,,,,Missing/Partial,,wikipedia,2.0,2026-07-02
BOLLY_2015_0589_kuch_kuch_locha_hai,Kuch Kuch Locha Hai,Kuch Kuch Locha Hai,2015,May,5,,Comedy,,Comedy | Romance,No,,Devang Dholakia,Ram Kapoor,Sunny Leone,Ram Kapoor,,,,D,,,15,,3.2600000000000002,,,,,,,,2.6,,,,,,,,,hitFlop=1,High,,wikipedia,2.0,2026-07-02
BOLLY_2015_0590_piku,Piku,Piku,2015,May,5,,Comedy,,Drama,No,,Shoojit Sircar,Amitabh Bachchan,Deepika Padukone,Deepika Padukone | Amitabh Bachchan | Irrfan Khan | Moushumi Chatterjee,,"MSM Motion Pictures, Saraswati Entertainment, Rising Sun Films",7.0113,B,3.8135,D,42,,141,,,,,,,tt3767372,7.6,,,,,,,,,hitFlop=5,High,,wikipedia,2.0,2026-07-02
BOLLY_2015_0591_bombay_velvet,Bombay Velvet,Bombay Velvet,2015,May,5,,Drama,,Thriller,No,,Anurag Kashyap,Ranbir Kapoor,Anushka Sharma,Ranbir Kapoor | Anushka Sharma | Karan Johar | Satyadeep Misra,,"Fox Star Studios, Phantom Films",7.6986,B,3.0408,D,118,,43.13,,,,,,,tt2979920,5.5,,,,,,,,,hitFlop=1,High,,wikipedia,2.0,2026-07-02
BOLLY_2015_0592_main_hoon_part_time_killer,Main Hoon Part-Time Killer,Main Hoon Part-Time Killer,2015,May,5,,Comedy,,Comedy,No,,Faisal Saif,Adithya Menon,Kavita Radheshyam,Adithya Menon,,,,,,,0.8,,,,,,,,,,,,,,,,,,,,Low,,wikipedia,2.0,2026-07-02
BOLLY_2015_0593_waiting,Waiting,Waiting,2015,May,5,,Drama,,Drama,No,,Anu Menon,Naseeruddin Shah,Kalki Koechlin,Naseeruddin Shah,,Drishyam Films,3.7695,D,,,,,3.5,,,,,,,,,,,,,,,,,,Low,,wikipedia,2.0,2026-07-02
BOLLY_2015_0594_i_love_desi,I Love Desi,I Love Desi,2015,May,5,,Comedy,,Comedy,No,,Pankaj Batra,Priyanka Shah,Gulshan Grover,Priyanka Shah,,,,D,,,,,,,,,,,,,,,,,,,,,,,Missing/Partial,,wikipedia,2.0,2026-07-02
BOLLY_2015_0595_ishqedarriyaan,Ishqedarriyaan,Ishqedarriyaan,2015,May,5,,Romance,,Romance,No,,V. K. Prakash,Mahaakshay Chakraborty,Evelyn Sharma,Mahaakshay Chakraborty,,,,,,,,,,,,,,,,,,,,,,,,,,,Missing/Partial,,wikipedia,2.0,2026-07-02
BOLLY_2015_0596_p_se_pm_tak,P Se PM Tak,P Se PM Tak,2015,April,4,,Comedy,,Comedy,No,,Kundan Shah,Meenakshi Dixit,Bharat Jadhav,Meenakshi Dixit,,,,,1.5991,D,,,,,,,,,,,,,,,,,,,,,Missing/Partial,,wikipedia,2.0,2026-07-02
BOLLY_2015_0597_welcome_2_karachi,Welcome 2 Karachi,Welcome 2 Karachi,2015,May,5,,Action,,Action,No,,Ashish R Mohan,Arshad Warsi,Jackky Bhagnani,Arshad Warsi,,Pooja Entertainment,3.5596,D,,,,,,,,,,,,,,,,,,,,,,,Missing/Partial,,wikipedia,2.0,2026-07-02
BOLLY_2015_0598_mere_genie_uncle,Mere Genie Uncle,Mere Genie Uncle,2015,June,6,,Fantasy,,Fantasy,No,,Ashish Bhavsar,Tiku Talsania,Shakti Kapoor,Tiku Talsania,,,,D,,,,,0.0175,,,,,,,,,,,,,,,,,,Low,,wikipedia,2.0,2026-07-02
BOLLY_2015_0599_hamari_adhuri_kahani,Hamari Adhuri Kahani,Hamari Adhuri Kahani,2015,June,6,,Drama,,Drama,No,,Mohit Suri,Emraan Hashmi,Vidya Balan,Emraan Hashmi,,"Fox Star Studios, Vishesh Films",4.721,D,4.931,D,35,,58,,,,,,,,,,,,,,,,,hitFlop=3,High,,wikipedia,2.0,2026-07-02
BOLLY_2015_0600_miss_tanakpur_haazir_ho,Miss Tanakpur Haazir Ho,Miss Tanakpur Haazir Ho,2015,June,6,,Comedy,,Comedy,No,,Vinod Kapri,Annu Kapoor,Om Puri,Annu Kapoor,,Fox Star Studios,,C,,,6.0,,1.54,,,,,,,,5.4,,,,,,,,,hitFlop=1,High,,wikipedia,2.0,2026-07-02
BOLLY_2015_0601_uvaa,Uvaa,Uvaa,2015,June,6,,Comedy,,Comedy,No,,Jasbir Bhaati,Om Puri,Jimmy Sheirgill,Om Puri,,,4.1779,D,,,,,,,,,,,,,,,,,,,,,,,Missing/Partial,,wikipedia,2.0,2026-07-02
BOLLY_2015_0602_lion_of_gujarat,Lion of Gujarat,Lion of Gujarat,2015,June,6,,Action,,Action,No,,Dinesh Lamba,,,,,,,,,,,,,,,,,,,,,,,,,,,,,,Missing/Partial,,wikipedia,2.0,2026-07-02
BOLLY_2015_0603_bezubaan_ishq,Bezubaan Ishq,Bezubaan Ishq,2015,July,7,,Drama,,Drama,No,,Jashwant Gangani,Nishant Singh Malkani,Mugdha Godse,Nishant Singh Malkani,,,,D,,,,,,,,,,,,,,,,,,,,,,,Missing/Partial,,wikipedia,2.0,2026-07-02
BOLLY_2015_0604_guddu_rangeela,Guddu Rangeela,Guddu Rangeela,2015,July,7,,Comedy,,Comedy,No,,Subhash Kapoor,Arshad Warsi,Aditi Rao Hydari,Arshad Warsi,,Fox Star Studios,3.5596,D,,,15,,9.6,,,,,,,,5.3,,,,,,,,,hitFlop=1,High,,wikipedia,2.0,2026-07-02
BOLLY_2015_0605_second_hand_husband,Second Hand Husband,Second Hand Husband,2015,July,7,,Comedy,,Comedy,No,,Smeep Kang,Gippy Grewal,Tina Ahuja,Gippy Grewal,,,,,,,,,,,,,,,,,,,,,,,,,,,Missing/Partial,,wikipedia,2.0,2026-07-02
BOLLY_2015_0606_i_love_ny,I Love NY,I Love NY,2015,July,7,,Comedy,,Comedy,No,,Radhika Rao,Sunny Deol,Kangana Ranaut,Sunny Deol,,T-Series Films,3.3809,D,,,,,,,,,,,,,,,,,,,,,,,Missing/Partial,,wikipedia,2.0,2026-07-02
BOLLY_2015_0607_thoda_lutf_thoda_ishq,Thoda Lutf Thoda Ishq,Thoda Lutf Thoda Ishq,2015,July,7,,Comedy,,Comedy,No,,Sachin Gupta,Hiten Tejwani,Sanjay Mishra,Hiten Tejwani,,,,D,,,,,,,,,,,,,,,,,,,,,,,Missing/Partial,,wikipedia,2.0,2026-07-02
BOLLY_2015_0608_aisa_yeh_jahaan,Aisa Yeh Jahaan,Aisa Yeh Jahaan,2015,April,4,,Drama,,Drama,No,,Biswajeet Bora,Palash Sen,Ira Dubey,Palash Sen,,,,,,,,,,,,,,,,,,,,,,,,,,,Missing/Partial,,wikipedia,2.0,2026-07-02
BOLLY_2015_0609_masaan,Masaan,Masaan,2015,May,5,,Drama,,Drama,No,,Neeraj Ghaywan,Richa Chadha,Sanjay Mishra,Richa Chadha,,"Drishyam Films, Phantom Films, Sikhya Entertainment, Pathé, Arte France Cinéma",,D,,,,,,,,,,,,,,,,,,,,,,,Missing/Partial,,wikipedia,2.0,2026-07-02
BOLLY_2015_0610_drishyam,Drishyam,Drishyam,2015,July,7,,Drama,,Thriller,No,,Nishikant Kamat,Ajay Devgn,Tabu,Ajay Devgn | Shriya Saran | Tabu | Rajat Kapoor,,"Viacom18 Motion Pictures, Panorama Studios",6.8713,C,,,38,,107.87,,,,,,,tt4430212,8.2,,,,,,,,,hitFlop=4,High,,wikipedia,2.0,2026-07-02
BOLLY_2015_0611_bangistan,Bangistan,Bangistan,2015,August,8,,Comedy,,Action | Comedy,No,,Karan Anshuman,Riteish Deshmukh,Pulkit Samrat,Jacqueline Fernandez | Michalina Olszanska | Pulkit Samrat | Riteish Deshmukh,,"Junglee Pictures, Excel Entertainment",,C,,,29.0,,8.3,,,,,,,tt3422462,4.5,,,,,,,,,hitFlop=1,High,,wikipedia,2.0,2026-07-02
BOLLY_2015_0612_brothers,Brothers,Brothers,2015,August,8,,Action,,Drama,No,,Karan Malhotra,Akshay Kumar,Sidharth Malhotra,Akshay Kumar | Sidharth Malhotra | Jackie Shroff | Jacqueline Fernandez,,"Fox Star Studios, Lionsgate, Dharma Productions, Endemol India",6.3805,C,,,112.0,,140.3,,,,,,,tt3802576,6.5,,,,,,,,,hitFlop=2,High,,wikipedia,2.0,2026-07-02
BOLLY_2015_0613_gour_hari_dastaan,Gour Hari Dastaan,Gour Hari Dastaan,2015,August,8,,Drama,,Drama,No,,Ananth Narayan Mahadevan,Vinay Pathak,Konkona Sen Sharma,Vinay Pathak,,,3.1247,D,,,,,,,,,,,,,,,,,,,,,,,Missing/Partial,,wikipedia,2.0,2026-07-02
BOLLY_2015_0614_all_is_well,All Is Well,All Is Well,2015,August,8,,Comedy,,Drama,No,,Umesh Shukla,Abhishek Bachchan,Asin Thottumkal,Rishi Kapoor | Abhishek Bachchan | Asin Thottumkal | Supriya Pathak,,T-Series Films,5.2079,D,,,34.0,,18.02,,,,,,,tt3547616,3.6,,,,,,,,,hitFlop=1,High,,wikipedia,2.0,2026-07-02
BOLLY_2015_0615_manjhi_the_mountain_man,Manjhi The Mountain Man,Manjhi – The Mountain Man,2015,August,8,,Drama,,Biography,No,,Ketan Mehta,Nawazuddin Siddiqui,Radhika Apte,Nawazuddin Siddiqui | Radhika Apte | Ashutosh Acharya | Shahzad Ahmed,,"Viacom 18 Motion Pictures, NFDC",3.7877,D,,,8.5,,18,,,,,,,tt3449292,8.0,,,,,,,,,hitFlop=4,High,,wikipedia,2.0,2026-07-02
BOLLY_2015_0616_kaun_kitney_paani_mein,Kaun Kitney Paani Mein,Kaun Kitney Paani Mein,2015,August,8,,Comedy,,Drama,No,,Nila Madhab Panda,Saurabh Shukla,Radhika Apte,Kunal Kapoor | Radhika Apte | Saurabh Shukla | Gulshan Grover,,,,D,,,1.0,,0.29,,,,,,,tt3477214,6.0,,,,,,,,,hitFlop=1,High,,wikipedia,2.0,2026-07-02
BOLLY_2015_0617_phantom,Phantom,Phantom,2015,August,8,,Action,,Action | Thriller,No,,Kabir Khan,Saif Ali Khan,Katrina Kaif,Saif Ali Khan | Katrina Kaif | Sabyasachi Chakrabarty | Rajesh Tailang,,"UTV Motion Pictures, Nadiadwala Grandson Entertainment",5.7211,A,6.8237,C,72,,84,,,,,,,tt3469244,5.9,,,,,,,,,hitFlop=2,High,,wikipedia,2.0,2026-07-02
BOLLY_2015_0618_lakhon_hain_yahan_dilwale,Lakhon Hain Yahan Dilwale,Lakhon Hain Yahan Dilwale,2015,September,9,,Drama,,Drama,No,,Munnawar Bhagat,Aditya Pancholi,Arun Bakshi,Aditya Pancholi,,,,D,,,,,,,,,,,,,,,,,,,,,,,Missing/Partial,,wikipedia,2.0,2026-07-02
BOLLY_2015_0619_hero,Hero,Hero,2015,September,9,,Action,,Action | Drama,No,,Nikhil Advani,Sooraj Pancholi,Athiya Shetty,Sooraj Pancholi,,"Eros International, Salman Khan Films, Mukta Arts, Emmay Entertainment",,D,2.3243,D,36,,34.82,,,,,,,,3.6,,,,,,,,,hitFlop=1,High,,wikipedia,2.0,2026-07-02
BOLLY_2015_0620_sorry_daddy,Sorry Daddy,Sorry Daddy,2015,December,12,,Action,,Action,No,,Vijay Pal and Shakur,Mukesh Tiwari,Tinu Verma,Mukesh Tiwari,,,2.2331,D,,,3,,,,,,,,,,,,,,,,,,,,Low,,wikipedia,2.0,2026-07-02
BOLLY_2015_0621_katti_batti,Katti Batti,Katti Batti,2015,September,9,,Comedy,,Drama,No,,Nikhil Advani,Imran Khan,Kangana Ranaut,Imran Khan | Kangana Ranaut | Abhishek Saha | Suhaas Ahuja,,"UTV Motion Pictures, Emmay Entertainment",5.112,C,2.3243,D,34,,42.64,,,,,,,tt4467262,4.7,,,,,,,,,hitFlop=2,High,,wikipedia,2.0,2026-07-02
BOLLY_2015_0622_meeruthiya_gangster,Meeruthiya Gangster,Meeruthiya Gangster,2015,September,9,,Comedy,,Comedy,No,,Zeishan Quadri,Jaideep Ahlawat,Shadab Kamal,Jaideep Ahlawat,,,,,,,,,,,,,,,,,,,,,,,,,,,Missing/Partial,,wikipedia,2.0,2026-07-02
BOLLY_2015_0623_kis_kisko_pyaar_karoon,Kis Kisko Pyaar Karoon,Kis Kisko Pyaar Karoon,2015,September,9,,Comedy,,Comedy,No,,Abbas–Mustan,Kapil Sharma,Manjari Phadnis,Kapil Sharma | Simran Kaur Mundi | Manjari Fadnnis | Sai Lokur,,Venus Worldwide Entertainment,,D,,,16,,71.6,,,,,,,tt4302956,5.7,,,,,,,,,hitFlop=5,High,,wikipedia,2.0,2026-07-02
BOLLY_2015_0624_bhaag_johnny,Bhaag Johnny,Bhaag Johnny,2015,September,9,,Action,,Thriller,No,,Shivam Nair,Kunal Khemu,Zoa Morani,Kunal Khemu,,T-Series Films,3.1566,D,,,15.0,,8.0,,,,,,,,5.1,,,,,,,,,hitFlop=1,High,,wikipedia,2.0,2026-07-02
BOLLY_2015_0625_singh_is_bliing,Singh Is Bliing,Singh Is Bliing,2015,October,10,,Action,,Action,No,,Prabhu Deva,Akshay Kumar,Amy Jackson,Akshay Kumar,,"Pen Studios, Grazing Goat Pictures",6.3805,C,,,70,,149.1,,,,,,,,,,,,,,,,,hitFlop=4,High,,wikipedia,2.0,2026-07-02
BOLLY_2015_0626_talvar,Talvar,Talvar,2015,September,9,,Thriller,,Drama,No,,Meghna Gulzar,Irrfan Khan,Konkona Sen Sharma,Irrfan Khan | Konkona Sen Sharma | Neeraj Kabi | Sohum Shah,,Junglee Pictures,2.9178,D,,,15,,45.9,,,,,,,tt4934950,8.1,,,,,,,,,hitFlop=5,High,,wikipedia,2.0,2026-07-02
BOLLY_2015_0627_jazbaa,Jazbaa,Jazbaa,2015,October,10,,Drama,,Action | Thriller,No,,Sanjay Gupta,Aishwarya Rai Bachchan,Irrfan Khan,Aishwarya Rai Bachchan | Irrfan Khan | Shabana Azmi | Jackie Shroff,,Essel Vision Productions,6.0086,D,3.4703,D,28,,42.67,,,,,,,tt4323504,5.7,,,,,,,,,hitFlop=3,High,,wikipedia,2.0,2026-07-02
BOLLY_2015_0628_bumper_draw,Bumper Draw,Bumper Draw,2015,October,10,,Comedy,,Comedy,No,,Irshad Khan,Rajpal Yadav,Zakir Hussain,Rajpal Yadav,,,2.3783,D,,,,,,,,,,,,,,,,,,,,,,,Missing/Partial,,wikipedia,2.0,2026-07-02
BOLLY_2015_0629_chinar_daastaan_e_ishq,Chinar Daastaan-E-Ishq,Chinar Daastaan-E-Ishq,2015,October,10,,Romance,,Romance,No,,Sharique Minhaj,Faisal Khan,Dalip Tahil,Faisal Khan,,,,,,,,,,,,,,,,,,,,,,,,,,,Missing/Partial,,wikipedia,2.0,2026-07-02
BOLLY_2015_0630_pyaar_ka_punchnama_2,Pyaar Ka Punchnama 2,Pyaar Ka Punchnama 2,2015,October,10,,Comedy,,Comedy | Romance,No,,Luv Ranjan,Kartik Aaryan,Nushrat Bharucha,Kartik Aaryan | Omkar Kapoor | Sunny Singh | Nushrratt Bharuccha,,"Viacom18 Motion Pictures, Panorama Studios",,D,,,22.0,,88.17,,,,,,,tt4430136,7.3,,,,,,,,,hitFlop=5,High,,wikipedia,2.0,2026-07-02
BOLLY_2015_0631_wedding_pullav,Wedding Pullav,Wedding Pullav,2015,October,10,,Comedy,,Comedy,No,,Binod Pradhan,Anushka Ranjan,Diganth Manchale,Anushka Ranjan,,,,,,,,,,,,,,,,,,,,,,,,,,,Missing/Partial,,wikipedia,2.0,2026-07-02
BOLLY_2015_0632_shaandaar,Shaandaar,Shaandaar,2015,October,10,,Action,,Drama,No,,Vikas Bahl,Shahid Kapoor,Alia Bhatt,Shahid Kapoor | Alia Bhatt | Pankaj Kapur | Sanjay Kapoor,,"Fox Star Studios, Dharma Productions, Phantom Films",5.7659,C,,,60,,75.7,,,,,,,tt4007558,3.6,,,,,,,,,hitFlop=2,High,,wikipedia,2.0,2026-07-02
BOLLY_2015_0633_titli,Titli,Titli,2015,May,5,,Drama,,Drama,No,,Kanu Behl,Shashank Arora,Ranvir Shorey,Shashank Arora,,Yash Raj Films,,D,,,,,,,,,,,,,,,,,,,,,,,Missing/Partial,,wikipedia,2.0,2026-07-02
BOLLY_2015_0634_main_aur_charles,Main Aur Charles,Main Aur Charles,2015,October,10,,Drama,,Thriller,No,,Prawaal Raman,Randeep Hooda,Richa Chadha,Adil Hussain | Alexx O'Nell | Anastasia Fullfina | Dijana Dejanovic,,,3.739,D,,,10,,8,,,,,,,tt4024944,6.2,,,,,,,,,hitFlop=1,High,,wikipedia,2.0,2026-07-02
BOLLY_2015_0635_once_upon_a_time_in_bihar,Once Upon A Time In Bihar,Once Upon a Time in Bihar,2015,October,10,,Drama,,Social,No,,Nitin Chandra,Ashish Vidyarthi,Arti Puri,Ashish Vidyarthi,,,,D,,,,,0.08,,,,,,,,7.4,,,,,,,,,,Missing/Partial,,wikipedia,2.0,2026-07-02
BOLLY_2015_0636_guddu_ki_gun,Guddu Ki Gun,Guddu Ki Gun,2015,October,10,,Comedy,,Drama,No,,Sheershak Anand,Kunal Khemu,Payel Sarkar,Kunal Khemu,,"Trigger Edge, Emenox Media",3.1566,D,,,,,2.12,,,,,,,,4.7,,,,,,,,,,Missing/Partial,,wikipedia,2.0,2026-07-02
BOLLY_2015_0637_love_exchange,Love Exchange,Love Exchange,2015,October,10,,Comedy,,Comedy,No,,Raj V Shetty,,,,,,,,,,,,,,,,,,,,,,,,,,,,,,Missing/Partial,,wikipedia,2.0,2026-07-02
BOLLY_2015_0638_four_pillars_of_basement,Four Pillars of Basement,Four Pillars of Basement,2015,November,11,,Thriller,,Thriller,No,,Giresh Naik K,Bruna Abdullah,,Bruna Abdullah,,,,,,,,,0.15,,,,,,,,,,,,,,,,,,Low,,wikipedia,2.0,2026-07-02
BOLLY_2015_0639_charlie_kay_chakkar_mein,Charlie Kay Chakkar Mein,Charlie Kay Chakkar Mein,2015,November,11,,Thriller,,Drama,No,,Manish Srivasta,Naseeruddin Shah,,Naseeruddin Shah,,,3.7695,D,,,6.0,,1.02,,,,,,,,4.6,,,,,,,,,hitFlop=1,High,,wikipedia,2.0,2026-07-02
BOLLY_2015_0640_yaara_silly_silly,Yaara Silly Silly,Yaara Silly Silly,2015,November,11,,Romance,,Romance,No,,Subhash Sehgal,Paoli Dam,Parambrata Chatterjee,Paoli Dam,,,,C,,,,,0.26,,,,,,,,5.6,,,,,,,,,,Low,,wikipedia,2.0,2026-07-02
BOLLY_2015_0641_ranbanka,Ranbanka,Ranbanka,2015,November,11,,Action,,Action,No,,Aryeman Ramsay,Ravi Kishan,,Ravi Kishan,,,2.1644,D,,,,,,,,,,,,,,,,,,,,,,,Missing/Partial,,wikipedia,2.0,2026-07-02
BOLLY_2015_0642_angry_indian_goddesses,Angry Indian Goddesses,Angry Indian Goddesses,2015,September,9,,Comedy,,Drama,No,,Pan Nalin,Sarah-Jane Dias,Tannishtha Chatterjee,Sarah-Jane Dias,,,,,,,9.0,,2.92,,,,,,,,6.9,,,,,,,,,hitFlop=1,High,,wikipedia,2.0,2026-07-02
BOLLY_2015_0643_tamasha,Tamasha,Tamasha,2015,November,11,,Comedy,,Adventure,No,,Imtiaz Ali,Deepika Padukone,Ranbir Kapoor,Deepika Padukone | Ranbir Kapoor | Ishwak Singh | Arushi Sharma,,"UTV Motion Pictures, Nadiadwala Grandson Entertainment",8.6272,C,4.8838,D,87.0,,136.63,,,,,,,tt3148502,7.3,,,,,,,,,hitFlop=3,High,,wikipedia,2.0,2026-07-02
BOLLY_2015_0644_hate_story_3,Hate Story 3,Hate Story 3,2015,December,12,,Thriller,,Romance | Thriller,No,,Vishal Pandya,Zarine Khan,Daisy Shah,Sharman Joshi | Karan Singh Grover | Zareen Khan | Daisy Shah,,T-Series Films,,,,,20,,62.21,,,,,,,tt4865436,4.6,,,,,,,,,hitFlop=5,High,,wikipedia,2.0,2026-07-02
BOLLY_2015_0645_kajarya,Kajarya,Kajarya,2015,December,12,,Drama,,Drama,No,,Madhureeta Anand,,,,,,,,,,,,,,,,,,,,,,,,,,,,,,Missing/Partial,,wikipedia,2.0,2026-07-02
BOLLY_2015_0646_the_silent_heroes,The Silent Heroes,The Silent Heroes,2015,December,12,,Drama,,Drama,No,,Mahesh Bhatt,,,,,,,,,,,,,,,,,,,,,,,,,,,,,,Missing/Partial,,wikipedia,2.0,2026-07-02
BOLLY_2016_0647_wazir,Wazir,Wazir,2016,January,1,,Action,,Drama,No,,Bejoy Nambiar,Amitabh Bachchan,Farhan Akhtar,Amitabh Bachchan | Farhan Akhtar | Aditi Rao Hydari | John Abraham,,"Reliance Entertainment, Vinod Chopra Films",7.0113,B,,,35,,78.69,,,,,,,tt0315642,7.1,,,,,,,,,hitFlop=4,High,,wikipedia,2.0,2026-07-02
BOLLY_2016_0648_chalk_n_duster,Chalk N Duster,Chalk n Duster,2016,January,1,,Drama,,Drama,No,,Jayant Gilatar,Shabana Azmi,Juhi Chawla,Richa Chadha | Shabana Azmi | Arya Babbar | Gavie Chahal,,Sony Pictures India,1,D,,,12.0,,2.22,,,,,,,tt4600778,6.6,,,,,,,,,hitFlop=1,High,,wikipedia,2.0,2026-07-02
BOLLY_2016_0649_rebellious_flower,Rebellious Flower,Rebellious Flower,2016,January,1,,Drama,,Drama,No,,Krishan Hooda,,,,,Zenin Multimedia Productions,,,,,,,,,,,,,,,,,,,,,,,,,Missing/Partial,,wikipedia,2.0,2026-07-02
BOLLY_2016_0650_airlift,Airlift,Airlift,2016,January,1,,Drama,,Action,No,,Raja Krishna Menon,Akshay Kumar,Nimrat Kaur,Akshay Kumar | Nimrat Kaur | Kumud Mishra | Prakash Belawadi,,"T-Series Films, Cape of Good Films, Viacom18 Motion Pictures",6.3805,C,,,30,,221.67,,,,,,,tt4387040,8.0,,,,,,,,,hitFlop=5,High,,wikipedia,2.0,2026-07-02
BOLLY_2016_0651_jugni,Jugni,Jugni,2016,January,1,,Romance,,Romance,No,,Shefali Bhushan,Sugandha Garg,,Sugandha Garg,,PVR Pictures,,,,,,,,,,,,,,,,,,,,,,,,,Missing/Partial,,wikipedia,2.0,2026-07-02
BOLLY_2016_0652_kyaa_kool_hain_hum_3,Kyaa Kool Hain Hum 3,Kyaa Kool Hain Hum 3,2016,January,1,,Action,,Comedy | Romance,No,,Umesh Ghadge,Tushar Kapoor,Aftab Shivdasani,Tushar Kapoor,,Balaji Motion Pictures,,D,,,26,,33.14,,,,,,,,1.9,,,,,,,,,hitFlop=2,High,,wikipedia,2.0,2026-07-02
BOLLY_2016_0653_saala_khadoos,Saala Khadoos,Saala Khadoos,2016,January,1,,Drama,,Sports,No,,Sudha Kongara Prasad,R. Madhavan,Ritika Singh,R. Madhavan,,UTV Motion Pictures,,C,,,20.0,,14.95,,,,,,,,7.6,,,,,,,,,hitFlop=1,High,,wikipedia,2.0,2026-07-02
BOLLY_2016_0654_mastizaade,Mastizaade,Mastizaade,2016,January,1,,Comedy,,Comedy,No,,Milap Milan Zaveri,Tushar Kapoor,Vir Das,Tusshar Kapoor | Vir Das | Sunny Leone | Govardhan Asrani,,"Pen Studios, Panorama Studios",,C,,,30,,36.44,,,,,,,tt3726012,2.4,,,,,,,,,hitFlop=2,High,,wikipedia,2.0,2026-07-02
BOLLY_2016_0655_sanam_teri_kasam,Sanam Teri Kasam,Sanam Teri Kasam,2016,February,2,,Drama,,Romance,No,,Radhika Rao,Mawra Hocane,Harshvardhan Rane,Harshvardhan Rane | Mawra Hocane | Vijay Raaz | Murli Sharma,,Eros International,,,,,14,,16.03,,,,,,,tt5255710,7.6,,,,,,,,,hitFlop=2,High,,wikipedia,2.0,2026-07-02
BOLLY_2016_0656_fitoor,Fitoor,Fitoor,2016,February,2,,Drama,,Drama,No,,Abhishek Kapoor,Aditya Roy Kapoor,Katrina Kaif,Aditya Roy Kapoor | Katrina Kaif | Tabu | Rahul Bhat,,UTV Motion Pictures,4.4846,D,4.0376,D,35,,42.38,,,,,,,tt4399594,5.4,,,,,,,,,hitFlop=2,High,,wikipedia,2.0,2026-07-02
BOLLY_2016_0657_sanam_re,Sanam Re,Sanam Re,2016,February,2,,Drama,,Comedy,No,,Divya Khosla Kumar,Pulkit Samrat,Yami Gautam,Pulkit Samrat,,T-Series Films,,C,,,25,,31.46,,,,,,,,3.2,,,,,,,,,hitFlop=2,High,,wikipedia,2.0,2026-07-02
BOLLY_2016_0658_direct_ishq,Direct Ishq,Direct Ishq,2016,February,2,,Drama,,Action | Romance,No,,Rajiv S. Ruia,Rajneesh Duggal,Nidhi Subbaiah,Rajneesh Duggal,,Baba Motion Pictures,,D,1.1221,D,22,,0.56,,,,,,,,4.4,,,,,,,,,hitFlop=1,High,,wikipedia,2.0,2026-07-02
BOLLY_2016_0659_ishq_forever,Ishq Forever,Ishq Forever,2016,February,2,,Drama,,Drama,No,,Sameer Sippy,Ruhi Singh,Javed Jaffrey,Ruhi Singh,,Friday Cine Entertainment,,D,,,,,0.28,,,,,,,,4.2,,,,,,,,,,Missing/Partial,,wikipedia,2.0,2026-07-02
BOLLY_2016_0660_loveshhuda,LoveShhuda,LoveShhuda,2016,February,2,,Drama,,Comedy | Romance,No,,Vaibhav Mishra,Girish Kumar,Navneet Kaur Dhillon,Girish Kumar,,Galani Entertainments,,,,,20,,3.02,,,,,,,,4.8,,,,,,,,,hitFlop=1,High,,wikipedia,2.0,2026-07-02
BOLLY_2016_0661_neerja,Neerja,Neerja,2016,February,2,,Action,,Biography,No,,Ram Madhvani,Sonam Kapoor,Shabana Azmi,Sonam Kapoor | Shabana Azmi | Yogendra Tikku | Abrar Zahoor,,Fox Star Studios,5.488,B,,,20,,135.52,,,,,,,tt5286444,7.6,,,,,,,,,hitFlop=5,High,,wikipedia,2.0,2026-07-02
BOLLY_2016_0662_aligarh,Aligarh,Aligarh,2016,February,2,,Drama,,Social,No,,Hansal Mehta,Manoj Bajpayee,Rajkummar Rao,Manoj Bajpayee,,Eros International,2.1847,D,1.4466,D,11.0,,3.74,,,,,,,,7.8,,,,,,,,,hitFlop=1,High,,wikipedia,2.0,2026-07-02
BOLLY_2016_0663_bollywood_diaries,Bollywood Diaries,Bollywood Diaries,2016,February,2,,Drama,,Drama,No,,K.D. Satyam,Raima Sen,Ashish Vidyarthi,Raima Sen,,Zee Studios,,D,,,,,0.47,,,,,,,,6.0,,,,,,,,,,Missing/Partial,,wikipedia,2.0,2026-07-02
BOLLY_2016_0664_love_shagun,Love Shagun,Love Shagun,2016,February,2,,Comedy,,Comedy | Romance,No,,Sandesh Nayak,Anuj Sachdeva,Nidhi Subbaiah,Anuj Sachdeva,,Saanvi Nayak Films,,D,,,,,0.12,,,,,,,,4.5,,,,,,,,,,Missing/Partial,,wikipedia,2.0,2026-07-02
BOLLY_2016_0665_zubaan,Zubaan,Zubaan,2016,March,3,,Drama,,Drama,No,,Mozez Singh,Vicky Kaushal,Sarah Jane Dias,Vicky Kaushal,,Sikhya Entertainment,,D,,,8.0,,0.52,,,,,,,,6.1,,,,,,,,,hitFlop=1,High,,wikipedia,2.0,2026-07-02
BOLLY_2016_0666_jai_gangaajal,Jai Gangaajal,Jai Gangaajal,2016,March,3,,Drama,,Drama,No,,Prakash Jha,Priyanka Chopra,Prakash Jha,Priyanka Chopra Jonas | Prakash Jha | Manav Kaul | Ninad Kamat,,"Prakash Jha Productions, Play Entertainments",8.1369,B,3.6075,D,33,,49.589999999999996,,,,,,,tt4979082,5.8,,,,,,,,,hitFlop=3,High,,wikipedia,2.0,2026-07-02
BOLLY_2016_0667_global_baba,Global Baba,Global Baba,2016,March,3,,Drama,,Drama,No,,Manoj Sidheshwari Tewari,Abhimanyu Singh,Sandeepa Dhar,Abhimanyu Singh,,,,C,,,,,,,,,,,,,,,,,,,,,,,Missing/Partial,,wikipedia,2.0,2026-07-02
BOLLY_2016_0668_teraa_surroor,Teraa Surroor,Teraa Surroor,2016,March,3,,Action,,Action | Drama,No,,Shawn Arranha,Himesh Reshammiya,Farah Karimi,Himesh Reshammiya | Farah Karimaee | Naseeruddin Shah | Shekhar Kapur,,T-Series Films,1.5575,D,,,15.0,,20.21,,,,,,,tt5056470,2.8,,,,,,,,,hitFlop=2,High,,wikipedia,2.0,2026-07-02
BOLLY_2016_0669_ok_mein_dhokhe,OK Mein Dhokhe,OK Mein Dhokhe,2016,March,3,,Drama,,Drama,No,,Utpal S. Chaudhary,Milan Singh,,Milan Singh,,Lotus Media & Films,,,,,,,,,,,,,,,,,,,,,,,,,Missing/Partial,,wikipedia,2.0,2026-07-02
BOLLY_2016_0670_darling_don_t_cheat,Darling Don't Cheat,Darling Don't Cheat,2016,March,3,,Drama,,Drama,No,,Rajkumar Hindusthani,,,,,,,,,,,,,,,,,,,,,,,,,,,,,,Missing/Partial,,wikipedia,2.0,2026-07-02
BOLLY_2016_0671_kapoor_sons,Kapoor & Sons,Kapoor & Sons,2016,March,3,,Comedy,,Drama,No,,Shakun Batra,Sidharth Malhotra,Alia Bhatt,Rishi Kapoor | Rajat Kapoor | Ratna Pathak Shah | Fawad Khan,,"Fox Star Studios, Dharma Productions",,C,,,28,,148,,,,,,,tt4900716,7.7,,,,,,,,,hitFlop=5,High,,wikipedia,2.0,2026-07-02
BOLLY_2016_0672_rocky_handsome,Rocky Handsome,Rocky Handsome,2016,March,3,,Action,,Action,No,,Nishikant Kamat,John Abraham,Shruti Haasan,John Abraham | Nishikant Kamat | Sharad Kelkar | Teddy Maurya,,Reliance Entertainment,7.1193,D,,,20,,35,,,,,,,tt3410408,6.8,,,,,,,,,hitFlop=3,High,,wikipedia,2.0,2026-07-02
BOLLY_2016_0673_ki_ka,Ki & Ka,Ki & Ka,2016,April,4,,Comedy,,Comedy,No,,R. Balki,Kareena Kapoor Khan,Arjun Kapoor,Kareena Kapoor Khan,,Eros International,,C,,,,,100.33,,,,,,,,,,,,,,,,,,Low,,wikipedia,2.0,2026-07-02
BOLLY_2016_0674_love_games,Love Games,Love Games,2016,April,4,,Thriller,,Thriller,No,,Vikram Bhatt,Patralekha,Tara Alisha Berry,Patralekha,,"T-Series Films, Vishesh Films",,D,2.9028,D,10,,4.04,,,,,,,,4.2,,,,,,,,,hitFlop=1,High,,wikipedia,2.0,2026-07-02
BOLLY_2016_0675_the_blueberry_hunt,The Blueberry Hunt,The Blueberry Hunt,2016,April,4,,Thriller,,Action | Thriller,No,,Anup Kurien,Naseeruddin Shah,Vipin Sharma,Naseeruddin Shah,,"Springboard Films, Divine Thought Productions, Visual Possibility, Brand Stand",3.7695,D,,,,,,,,,,,,,5.4,,,,,,,,,,Missing/Partial,,wikipedia,2.0,2026-07-02
BOLLY_2016_0676_kaafiron_ki_namaaz,Kaafiron Ki Namaaz,Kaafiron Ki Namaaz,2016,April,4,,Drama,,Drama,No,,Ram Ramesh Sharma,,,,,,,,,,,,,,,,,,,,,,,,,,,,,,Missing/Partial,,wikipedia,2.0,2026-07-02
BOLLY_2016_0677_fan,Fan,Fan,2016,April,4,,Action,,Drama,No,,Maneesh Sharma,Shah Rukh Khan,Waluscha de Sousa,Shah Rukh Khan | Shriya Pilgaonkar | Sayani Gupta | Waluscha D'Souza,,Yash Raj Films,9.2267,A,,,105,,182.33,,,,,,,tt3495026,7.0,,,,,,,,,hitFlop=3,High,,wikipedia,2.0,2026-07-02
BOLLY_2016_0678_nil_battey_sannata,Nil Battey Sannata,Nil Battey Sannata,2016,April,4,,Comedy,,Drama,No,,Ashwini Iyer Tiwari,Swara Bhaskar,Ratna Pathak,Swara Bhaskar,,"Eros International, Colour Yellow Productions, JAR Pictures",,,,,8.0,,6.9,,,,,,,,8.3,,,,,,,,,hitFlop=1,High,,wikipedia,2.0,2026-07-02
BOLLY_2016_0679_laal_rang,Laal Rang,Laal Rang,2016,April,4,,Comedy,,Drama,No,,Syed Ahmad Afzal,Randeep Hooda,Akshay Oberoi,Randeep Hooda | Akshay Oberoi | Rajneesh Duggal | Piaa Bajpai,,Krian Pictures,3.739,D,,,10,,2.26,,,,,,,tt5600714,8.0,,,,,,,,,hitFlop=1,High,,wikipedia,2.0,2026-07-02
BOLLY_2016_0680_santa_banta_pvt_ltd,Santa Banta Pvt. Ltd,Santa Banta Pvt Ltd,2016,April,4,,Comedy,,Comedy,No,,Akashdeep Sabir,Vir Das,Boman Irani,Vir Das,,Viacom 18 Motion Pictures,5.9509,C,,,9.5,,1.25,,,,,,,,2.8,,,,,,,,,hitFlop=1,High,,wikipedia,2.0,2026-07-02
BOLLY_2016_0681_baaghi,Baaghi,Baaghi,2016,April,4,,Action,,Romance,No,,Sabbir Khan,Tiger Shroff,Shraddha Kapoor,Tiger Shroff | Shraddha Kapoor | Sudheer Babu Posani | Shifuji Shaurya Bharadwaj,,"UTV Motion Pictures, Nadiadwala Grandson Entertainment",,B,,,35,,129,,,,,,,tt4864932,5.3,,,,,,,,,hitFlop=5,High,,wikipedia,2.0,2026-07-02
BOLLY_2016_0682_shortcut_safari,Shortcut Safari,Shortcut Safari,2016,April,4,,Drama,,Drama,No,,Amitabha Singh,Jimmy Shergill,,Jimmy Shergill,,Xebec Films,2.7981,D,,,,,,,,,,,,,,,,,,,,,,,Missing/Partial,,wikipedia,2.0,2026-07-02
BOLLY_2016_0683_one_night_stand,One Night Stand,One Night Stand,2016,May,5,,Drama,,Drama,No,,Jasmine Moses D'Souza,Sunny Leone,Tanuj Virwani,Tanuj Virwani | Sunny Leone | Narendra Jetley | Aamir Ahmed,,Swiss Entertainment,,D,,,17.0,,4.1899999999999995,,,,,,,tt5358948,3.2,,,,,,,,,hitFlop=1,High,,wikipedia,2.0,2026-07-02
BOLLY_2016_0684_traffic,Traffic,Traffic,2016,May,5,,Thriller,,Thriller,No,,Rajesh Pillai,Manoj Bajpayee,Jimmy Sheirgill,Manoj Bajpayee,,"Fox Star Studios, Endemol Shine India",2.1847,D,,,9,,11.65,,,,,,,,6.7,,,,,,,,,hitFlop=2,High,,wikipedia,2.0,2026-07-02
BOLLY_2016_0685_murari_the_mad_gentleman,Murari the Mad Gentleman,Murari the Mad Gentleman,2016,May,5,,Comedy,,Comedy,No,,,,,,,,,,,,,,,,,,,,,,,,,,,,,,,,Missing/Partial,,wikipedia,2.0,2026-07-02
BOLLY_2016_0686_azhar,Azhar,Azhar,2016,May,5,,Drama,,Biography,No,,Tony D'Souza,Emraan Hashmi,Nargis Fakhri,Emraan Hashmi | Nargis Fakhri | Prachi Desai | Lara Dutta,,"Balaji Motion Pictures, Sony Pictures Networks",4.721,D,,,35,,56.69,,,,,,,tt4906984,5.8,,,,,,,,,hitFlop=3,High,,wikipedia,2.0,2026-07-02
BOLLY_2016_0687_buddha_in_a_traffic_jam,Buddha In A Traffic Jam,Buddha in a Traffic Jam,2016,May,5,,Drama,,Thriller,No,,Vivek Agnihotri,Arunoday Singh,Mahie Gill,Anupam Kher | Anchal Dwivedi | Mahie Gill | Pallavi Joshi,,,2.1151,D,,,5.0,,0.4,,,,,,,tt1890363,7.5,,,,,,,,,hitFlop=1,High,,wikipedia,2.0,2026-07-02
BOLLY_2016_0688_khel_toh_ab_shuru_hoga,Khel Toh Ab Shuru Hoga,Khel Toh Ab Shuru Hoga,2016,May,5,,Action,,Action,No,,Kunal V Singh,Ruslaan Mumtaz,,Ruslaan Mumtaz,,GMD Films,,,,,,,,,,,,,,,,,,,,,,,,,Missing/Partial,,wikipedia,2.0,2026-07-02
BOLLY_2016_0689_dear_dad,Dear Dad,Dear Dad,2016,May,5,,Comedy,,Drama,No,,Tanuj Bhramar,Arvind Swamy,Ekavali Khanna,Arvind Swamy,,Peppermint Studios,,,,,,,0.22,,,,,,,,6.3,,,,,,,,,,Missing/Partial,,wikipedia,2.0,2026-07-02
BOLLY_2016_0690_sarbjit,Sarbjit,Sarbjit,2016,May,5,,Drama,,Drama,No,,Omung Kumar,Aishwarya Rai,Randeep Hooda,Aishwarya Rai,,T-Series Films,,D,,,15,,43.8,,,,,,,,,,,,,,,,,hitFlop=4,High,,wikipedia,2.0,2026-07-02
BOLLY_2016_0691_phobia,Phobia,Phobia,2016,May,5,,Thriller,,Thriller,No,,Pawan Kripalani,Radhika Apte,Satyadeep Misra,Radhika Apte | Amrita Bagchi | Nivedita Bhattacharya | Yashaswini Dayama,,"Eros International, Next Gen Films",,D,,,8.5,,3.25,,,,,,,tt5743656,6.8,,,,,,,,,hitFlop=1,High,,wikipedia,2.0,2026-07-02
BOLLY_2016_0692_veerappan,Veerappan,Veerappan,2016,May,5,,Action,,Action | Thriller,No,,Ram Gopal Varma,Lisa Ray,Sachiin Joshi,Sachiin Joshi | Sandeep Bharadwaj | Usha Jadhav | Nissar Khan,,Viking Media & Entertainment,,,3.7435,D,14.0,,9.03,,,,,,,tt5632164,5.2,,,,,,,,,hitFlop=1,High,,wikipedia,2.0,2026-07-02
BOLLY_2016_0693_fredrick,Fredrick,Fredrick,2016,May,5,,Thriller,,Thriller,No,,Rajesh Butalia,Prashant Narayanan,Avinash Dhyani,Prashant Narayanan,,,1,D,,,,,,,,,,,,,5.2,,,,,,,,,,Missing/Partial,,wikipedia,2.0,2026-07-02
BOLLY_2016_0694_housefull_3,Housefull 3,Housefull 3,2016,June,6,,Action,,Comedy,No,,Sajid-Farhad,Akshay Kumar,Abhishek Bachchan,Akshay Kumar | Abhishek Bachchan | Riteish Deshmukh | Jackie Shroff,,"Eros International, Nadiadwala Grandson Entertainment",6.3805,C,,,97.0,,195,,,,,,,tt4559046,4.9,,,,,,,,,hitFlop=4,High,,wikipedia,2.0,2026-07-02
BOLLY_2016_0695_project_marathwada,Project Marathwada,Project Marathwada,2016,June,6,,Drama,,Drama,No,,"Prakash Patel, Bhavin Wadia",Om Puri,Dalip Tahil,Om Puri,,,4.1779,D,,,,,,,,,,,,,,,,,,,,,,,Missing/Partial,,wikipedia,2.0,2026-07-02
BOLLY_2016_0696_do_lafzon_ki_kahani,Do Lafzon Ki Kahani,Do Lafzon Ki Kahani,2016,June,6,,Action,,Drama,No,,Deepak Tijori,Randeep Hooda,Kajal Aggarwal,Kajal Aggarwal | Anil George | Randeep Hooda | Snehal Kulshreshtha,,Pen Studios,3.739,D,1.5883,D,11,,4,,,,,,,tt4857886,6.6,,,,,,,,,hitFlop=1,High,,wikipedia,2.0,2026-07-02
BOLLY_2016_0697_dhanak,Dhanak,Dhanak,2016,February,2,,Drama,,Drama,No,,Nagesh Kukunoor,Vipin Sharma,Vibha Chibber,Vipin Sharma,,Drishyam Films,,D,1.4685,D,2.0,,3.0,,,,,,,,7.9,,,,,,,,,hitFlop=3,High,,wikipedia,2.0,2026-07-02
BOLLY_2016_0698_te3n,Te3n,Te3n,2016,June,6,,Drama,,Drama,No,,Ribhu Dasgupta,Amitabh Bachchan,Vidya Balan,Amitabh Bachchan | Nawazuddin Siddiqui | Vidya Balan | Tota Roy Chowdhury,,"Endemol Shine India, Reliance Entertainment, Kross Pictures",7.0113,B,,,34,,32.31,,,,,,,tt4814290,7.2,,,,,,,,,hitFlop=1,High,,wikipedia,2.0,2026-07-02
BOLLY_2016_0699_udta_punjab,Udta Punjab,Udta Punjab,2016,June,6,,Drama,,Thriller,No,,Abhishek Chaubey,Shahid Kapoor,Alia Bhatt,Shahid Kapoor | Alia Bhatt | Kareena Kapoor | Diljit Dosanjh,,"Reliance Entertainment, Balaji Motion Pictures, Phantom Films",5.7659,C,,,34,,96.1,,,,,,,tt4434004,7.8,,,,,,,,,hitFlop=4,High,,wikipedia,2.0,2026-07-02
BOLLY_2016_0700_raman_raghav_2_0,Raman Raghav 2.0,Raman Raghav 2.0,2016,May,5,,Thriller,,Crime,No,,Anurag Kashyap,Nawazuddin Siddiqui,Vicky Kaushal,Nawazuddin Siddiqui | Vicky Kaushal | Sobhita Dhulipala | Mukesh Chhabra,,"Reliance Entertainment, Phantom Films",3.7877,D,3.0408,D,3.5,,7,,,,,,,tt5662932,7.3,,,,,,,,,hitFlop=4,High,,wikipedia,2.0,2026-07-02
BOLLY_2016_0701_junooniyat,Junooniyat,Junooniyat,2016,June,6,,Drama,,Drama,No,,Vivek Agnihotri,Pulkit Samrat,Yami Gautam,Pulkit Samrat,,T-Series Films,,C,,,12.0,,4.1,,,,,,,,4.1,,,,,,,,,hitFlop=1,High,,wikipedia,2.0,2026-07-02
BOLLY_2016_0702_7_hours_to_go,7 Hours To Go,7 Hours To Go,2016,June,6,,Thriller,,Action | Thriller,No,,Saurabh Varma,Shiv Panditt,Sandeepa Dhar,Shiv Panditt,,"Krian Pictures, Saurabh Varma Pictures",,C,,,,,0.86,,,,,,,,5.6,,,,,,,,,,Missing/Partial,,wikipedia,2.0,2026-07-02
BOLLY_2016_0703_a_scandall,A Scandall,A Scandall,2016,June,6,,Thriller,,Thriller,No,,Ishaan Shrivedi,Manav Kaul,Tanvi Vyas,Manav Kaul,,,,D,,,,,,,,,,,,,,,,,,,,,,,Missing/Partial,,wikipedia,2.0,2026-07-02
BOLLY_2016_0704_rough_book,Rough Book,Rough Book,2016,,,,Drama,,Drama,No,,Ananth Narayan Mahadevan,Amaan Khan,Tannishtha Chatterjee,Amaan Khan,,Aerika Cineworks,,,,,,,,,,,,,,,,,,,,,,,,,Missing/Partial,,wikipedia,2.0,2026-07-02
BOLLY_2016_0705_shorgul,Shorgul,Shorgul,2016,July,7,,Thriller,,Drama,No,,Pranav Kumar Singh,Jimmy Sheirgill,Ashutosh Rana,Jimmy Sheirgill,,24 FPS Films,,D,,,,,1.24,,,,,,,,5.6,,,,,,,,,,Missing/Partial,,wikipedia,2.0,2026-07-02
BOLLY_2016_0706_dil_toh_deewana_hai,Dil Toh Deewana Hai,Dil Toh Deewana Hai,2016,July,7,,Comedy,,Comedy,No,,Raja Bundela,Sadha,Raj Babbar,Sadha,,DSA Group,,D,,,,,,,,,,,,,,,,,,,,,,,Missing/Partial,,wikipedia,2.0,2026-07-02
BOLLY_2016_0707_sultan,Sultan,Sultan,2016,July,7,,Action,,Sports,No,,Ali Abbas Zafar,Salman Khan,Anushka Sharma,Salman Khan | Anushka Sharma | Randeep Hooda | Amit Sadh,,Yash Raj Films,9.2082,D,,,90,,623.33,,,,,,,tt4832640,7.1,,,,,,,,,hitFlop=5,High,,wikipedia,2.0,2026-07-02
BOLLY_2016_0708_brahman_naman,Brahman Naman,Brahman Naman,2016,January,1,,Comedy,,Comedy,No,,Qaushiq Mukherjee,Shashank Arora,Sid Mallya,Shashank Arora,,Netflix,,,,,,,,,,,,,,,,,,,,,,,,,Missing/Partial,,wikipedia,2.0,2026-07-02
BOLLY_2016_0709_great_grand_masti,Great Grand Masti,Great Grand Masti,2016,July,7,,Comedy,,Comedy,No,,Indra Kumar,Vivek Oberoi,Riteish Deshmukh,Urvashi Rautela | Riteish Deshmukh | Vivek Oberoi | Aftab Shivdasani,,"ALT Entertainment, Sri Adhikari Brothers, Anand Pandit Motion Pictures, Maruti International",3.486,D,4.1206,D,19,,20,,,,,,,tt4675030,3.7,,,,,,,,,hitFlop=2,High,,wikipedia,2.0,2026-07-02
BOLLY_2016_0710_madaari,Madaari,Madaari,2016,July,7,,Thriller,,Thriller,No,,Nishikant Kamat,Irrfan Khan,Jimmy Sheirgill,Irrfan Khan | Jimmy Shergill | Vishesh Bansal | Tushar Dalvi,,"Pooja Entertainment, EaseMyTrip",2.9178,D,,,20.0,,28.7,,,,,,,tt5713232,7.6,,,,,,,,,hitFlop=2,High,,wikipedia,2.0,2026-07-02
BOLLY_2016_0711_ishq_click,Ishq Click,Ishq Click,2016,July,7,,Drama,,Drama,No,,Anil Ballani,Adhyayan Suman,Sara Loren,Adhyayan Suman,,Algol Films,,D,,,,,,,,,,,,,4.3,,,,,,,,,,Missing/Partial,,wikipedia,2.0,2026-07-02
BOLLY_2016_0712_m_cream,M Cream,M Cream,2016,July,7,,Adventure,,Adventure,No,,Agneya Singh,Imaad Shah,Ira Dubey,Imaad Shah,,Agniputra Films,,,,,,,,,,,,,,,,,,,,,,,,,Missing/Partial,,wikipedia,2.0,2026-07-02
BOLLY_2016_0713_dishoom,Dishoom,Dishoom,2016,July,7,,Action,,Action | Thriller,No,,Rohit Dhawan,John Abraham,Varun Dhawan,John Abraham | Varun Dhawan | Jacqueline Fernandez | Akshaye Khanna,,"Eros International, Nadiadwala Grandson Entertainment",7.1193,D,,,55,,119.58,,,,,,,tt3679060,5.1,,,,,,,,,hitFlop=4,High,,wikipedia,2.0,2026-07-02
BOLLY_2016_0714_mission_tiger,Mission Tiger,Mission Tiger,2016,July,7,,Drama,,Drama,No,,Dipu Karunakaran,,,,,,,,,,,,,,,,,,,,,,,,,,,,,,Missing/Partial,,wikipedia,2.0,2026-07-02
BOLLY_2016_0715_the_legend_of_michael_mishra,The Legend Of Michael Mishra,The Legend of Michael Mishra,2016,August,8,,Comedy,,Comedy,No,,Manish Jha,Arshad Warsi,Aditi Rao Hydari,Arshad Warsi,,"Wave Cinemas, Eye Candy Films",3.5596,D,,,10.0,,1.3,,,,,,,,4.3,,,,,,,,,hitFlop=1,High,,wikipedia,2.0,2026-07-02
BOLLY_2016_0716_fever,Fever,Fever,2016,August,8,,Thriller,,Romance,No,,Rajeev Jhaveri,Rajeev Khandelwal,Gauahar Khan,Rajeev Khandelwal | Gauahar Khan | Gemma Atkinson | Ankita Makwana,,"Niche Film Farm, Jaya Sapthagiris Productions, Indian Celebrity Management Entertainment, Plus Entertainment",1.5575,D,,,,,1.53,,,,,,,tt4022278,4.7,,,,,,,,,,Missing/Partial,,wikipedia,2.0,2026-07-02
BOLLY_2016_0717_hai_apna_dil_toh_awara,Hai Apna Dil Toh Awara,Hai Apna Dil Toh Awara,2016,,,,Comedy,,Comedy,No,,Monjoy Mukerji,Sahil Anand,,Sahil Anand,,,,,,,,,,,,,,,,,,,,,,,,,,,Missing/Partial,,wikipedia,2.0,2026-07-02
BOLLY_2016_0718_budhia_singh_born_to_run,Budhia Singh Born To Run,Budhia Singh – Born to Run,2016,August,8,,Drama,,Biography,No,,Soumendra Padhi,,,Manoj Bajpayee | Mayur Mahendra Patole | Gajraj Rao | Tillotama Shome,,Viacom18 Motion Pictures,,,,,,,2.68,,,,,,,tt5805252,7.6,,,,,,,,,,Missing/Partial,,wikipedia,2.0,2026-07-02
BOLLY_2016_0719_mohenjo_daro,Mohenjo Daro,Mohenjo Daro,2016,August,8,,Action,,Drama,No,,Ashutosh Gowariker,Hrithik Roshan,Pooja Hegde,Hrithik Roshan | Pooja Hegde | Kabir Bedi | Arunoday Singh,,UTV Motion Pictures,8.2519,D,3.7481,D,100,,107.8,,,,,,,tt3859980,5.7,,,,,,,,,hitFlop=2,High,,wikipedia,2.0,2026-07-02
BOLLY_2016_0720_rustom,Rustom,Rustom,2016,August,8,,Drama,,Action | Romance,No,,Tinu Suresh Desai,Akshay Kumar,Ileana D'Cruz,Akshay Kumar | Ileana D'Cruz | Arjan Bajwa | Esha Gupta,,"Zee Studios, KriArj Entertainment, Cape of Good Films, Plan C Studios",6.3805,C,,,50.28,,218.12,,,,,,,tt5165344,7.0,,,,,,,,,hitFlop=5,High,,wikipedia,2.0,2026-07-02
BOLLY_2016_0721_happy_bhag_jayegi,Happy Bhag Jayegi,Happy Bhag Jayegi,2016,August,8,,Comedy,,Comedy | Romance,No,,Mudassar Aziz,Abhay Deol,Diana Penty,Diana Penty | Abhay Deol | Jimmy Shergill | Ali Fazal,,"Eros International, Colour Yellow Productions",2.5106,D,,,20,,46.5,,,,,,,tt5472758,6.4,,,,,,,,,hitFlop=4,High,,wikipedia,2.0,2026-07-02
BOLLY_2016_0722_waarrior_savitri,Waarrior Savitri,Waarrior Savitri,2016,August,8,,Action,,Action,No,,Param Gill,Niharica Raizada,Lucy Pinder,Niharica Raizada,,Dr. Bob's Productions,,,,,,,,,,,,,,,,,,,,,,,,,Missing/Partial,,wikipedia,2.0,2026-07-02
BOLLY_2016_0723_a_flying_jatt,A Flying Jatt,A Flying Jatt,2016,August,8,,Action,,Action,No,,Remo D'Souza,Tiger Shroff,Jacqueline Fernandez,Tiger Shroff | Jacqueline Fernandez | Nathan Jones | Kay Kay Menon,,Balaji Motion Pictures,,B,,,55.0,,56.13,,,,,,,tt5235880,3.2,,,,,,,,,hitFlop=2,High,,wikipedia,2.0,2026-07-02
BOLLY_2016_0724_akira,Akira,Akira,2016,September,9,,Action,,Action | Drama,No,,A.R. Murugadoss,Sonakshi Sinha,Konkona Sen Sharma,Sonakshi Sinha | Anurag Kashyap | Konkona Sen Sharma | Nandu Madhav,,Fox Star Studios,6.9519,A,,,3.6,,15.06,,,,,,,tt5465370,5.9,,,,,,,,,hitFlop=5,High,,wikipedia,2.0,2026-07-02
BOLLY_2016_0725_yea_toh_two_much_ho_gayaa,Yea Toh Two Much Ho Gayaa,Yea Toh Two Much Ho Gayaa,2016,September,9,,Action,,Action,No,,Anwer Khan,Arbaaz Khan,Jimmy Sheirgill,Arbaaz Khan,,,2.5366,D,,,,,,,,,,,,,,,,,,,,,,,Missing/Partial,,wikipedia,2.0,2026-07-02
BOLLY_2016_0726_island_city,Island City,Island City,2016,September,9,,Drama,,Drama,No,,Ruchika Oberoi,Tannishtha Chatterjee,Ashwin Mushran,Tannishtha Chatterjee,,NFDC,,,,,,,0.2,,,,,,,,6.7,,,,,,,,,,Missing/Partial,,wikipedia,2.0,2026-07-02
BOLLY_2016_0727_baar_baar_dekho,Baar Baar Dekho,Baar Baar Dekho,2016,September,9,,Drama,,Romance,No,,Nitya Mehra,Katrina Kaif,Sidharth Malhotra,Sidharth Malhotra | Katrina Kaif | Sayani Gupta | Kirti Adarkar,,"Eros International, Dharma Productions, Excel Entertainment",8.9485,C,,,53.0,,62.67,,,,,,,tt5197544,5.4,,,,,,,,,hitFlop=2,High,,wikipedia,2.0,2026-07-02
BOLLY_2016_0728_freaky_ali,Freaky Ali,Freaky Ali,2016,September,9,,Comedy,,Sports,No,,Sohail Khan,Nawazuddin Siddiqui,Arbaaz Khan,Nawazuddin Siddiqui | Arbaaz Khan | Amy Jackson | Asif Basra,,Sohail Khan Productionz,3.7877,D,,,50,,21.32,,,,,,,tt5943306,5.0,,,,,,,,,hitFlop=1,High,,wikipedia,2.0,2026-07-02
BOLLY_2016_0729_ek_kahani_julie_ki,Ek Kahani Julie Ki,Ek Kahani Julie Ki,2016,September,9,,Thriller,,Thriller,No,,Aziz Zee,Rakhi Sawant,,Rakhi Sawant,,Chetna Entertainment,,,,,,,,,,,,,,,,,,,,,,,,,Missing/Partial,,wikipedia,2.0,2026-07-02
BOLLY_2016_0730_pink,Pink,Pink,2016,September,9,,Drama,,Drama,No,,Aniruddha Roy Chowdhury,Amitabh Bachchan,Taapsee Pannu,Amitabh Bachchan | Taapsee Pannu | Kirti Kulhari | Andrea Tariang,,"Rashmi Sharma Films, Rising Sun Films",7.0113,B,,,30,,157.32,,,,,,,tt5571734,8.1,,,,,,,,,hitFlop=5,High,,wikipedia,2.0,2026-07-02
BOLLY_2016_0731_parched,Parched,Parched,2016,September,9,,Drama,,Drama,No,,Leena Yadav,Tannishtha Chatterjee,Radhika Apte,Tannishtha Chatterjee,,"Seville International, Reliance Entertainment, Ajay Devgn FFilms",,D,,,22.500000000000004,,12.03,,,,,,,,7.5,,,,,,,,,hitFlop=1,High,,wikipedia,2.0,2026-07-02
BOLLY_2016_0732_banjo,Banjo,Banjo,2016,September,9,,Action,,Action | Musical,No,,Ravi Jadhav,Riteish Deshmukh,Nargis Fakhri,Riteish Deshmukh,,Eros International,,B,,,20.0,,13.24,,,,,,,,5.0,,,,,,,,,hitFlop=1,High,,wikipedia,2.0,2026-07-02
BOLLY_2016_0733_days_of_tafree,Days Of Tafree,Days of Tafree,2016,September,9,,Drama,,Drama,No,,Krishnadev Yagnik,,,,,"Anand Pandit Motion Pictures, Rashmi Sharma Films",,,,,15.0,,3.33,,,,,,,,7.4,,,,,,,,,hitFlop=1,High,,wikipedia,2.0,2026-07-02
BOLLY_2016_0734_wah_taj,Wah Taj,Wah Taj,2016,September,9,,Comedy,,Drama,No,,Ajit Sinha,Shreyas Talpade,Manjari Phadnis,Shreyas Talpade,,Pen Studios,2.8077,D,,,15.0,,0.19,,,,,,,,5.3,,,,,,,,,hitFlop=1,High,,wikipedia,2.0,2026-07-02
BOLLY_2016_0735_mirzya,Mirzya,Mirzya,2016,October,10,,Romance,,Romance,No,,Rakeysh Omprakash Mehra,Harshvardhan Kapoor,Saiyami Kher,Harshvardhan Kapoor,,"Cinestaan Film Company, ROMP Pictures",,,4.5105,D,45,,13.5,,,,,,,,,,,,,,,,,hitFlop=1,High,,wikipedia,2.0,2026-07-02
BOLLY_2016_0736_tutak_tutak_tutiya,Tutak Tutak Tutiya,Tutak Tutak Tutiya,2016,October,10,,Comedy,,Horror,No,,A. L. Vijay,Prabhu Deva,Tamannaah,Sonu Sood | Rajiv Thakur | Rj Ajay | RJ Balaji,,"Prabhu Deva Studios, Pooja Entertainment, Skakti Sagar Productions",,,,,11,,6.94,,,,,,,tt6041458,5.5,,,,,,,,,hitFlop=1,High,,wikipedia,2.0,2026-07-02
BOLLY_2016_0737_anna,Anna,Anna,2016,October,10,,Drama,,Biography,No,,Shashank Udapurkar,Tanishaa Mukerji,Govind Namdeo,Tanishaa Mukerji,,,,D,,,,,,,,,,,,,5.2,,,,,,,,,,Missing/Partial,,wikipedia,2.0,2026-07-02
BOLLY_2016_0738_beiimaan_love,Beiimaan Love,Beiimaan Love,2016,October,10,,Thriller,,Drama,No,,Rajeev Chaudhary,Sunny Leone,Rajneesh Duggal,Sunny Leone,,,,D,,,,,3.11,,,,,,,,2.9,,,,,,,,,,Missing/Partial,,wikipedia,2.0,2026-07-02
BOLLY_2016_0739_saat_uchakkey,Saat Uchakkey,Saat Uchakkey,2016,October,10,,Comedy,,Drama,No,,Sanjeev Sharma,Manoj Bajpayee,Anupam Kher,Manoj Bajpayee | Vijay Raaz | Aditi Sharma | Annu Kapoor,,"Wave Cinemas, Crouching Tiger Motion Pictures, Friday Filmworks",2.1847,D,,,,,3.35,,,,,,,tt5637188,5.6,,,,,,,,,,Missing/Partial,,wikipedia,2.0,2026-07-02
BOLLY_2016_0740_fuddu,Fuddu,Fuddu,2016,October,10,,Comedy,,Comedy,No,,Sunil Subramani,Pawan Kumar Sharma,Anurag Basu,Pawan Kumar Sharma,,,,,,,0.8,,0.25,,,,,,,,4.8,,,,,,,,,hitFlop=1,High,,wikipedia,2.0,2026-07-02
BOLLY_2016_0741_final_cut_of_director,Final Cut of Director,Final Cut of Director,2016,October,10,,Thriller,,Thriller,No,,Bharathiraja,Nana Patekar,Arjun Sarja,Nana Patekar,,,4.0525,D,,,,,,,,,,,,,,,,,,,,,,,Missing/Partial,,wikipedia,2.0,2026-07-02
BOLLY_2016_0742_love_day_pyaar_ka_din,Love Day - Pyaar Ka Din,Love Day - Pyaar Ka Din,2016,October,10,,Drama,,Drama,No,,"Sandeep Choudhary, Harish Kotian",Ajaz Khan,Sahil Anand,Ajaz Khan,,,,D,,,,,,,,,,,,,,,,,,,,,,,Missing/Partial,,wikipedia,2.0,2026-07-02
BOLLY_2016_0743_umrika,Umrika,Umrika,2016,January,1,,Comedy,,Comedy,No,,Prashant Nair,Prateik Babbar,Suraj Sharma,Prateik Babbar,,Drishyam Films,,,,,,,,,,,,,,,,,,,,,,,,,Missing/Partial,,wikipedia,2.0,2026-07-02
BOLLY_2016_0744_31st_october,31st October,31st October,2016,September,9,,Action,,Social,No,,Shivaji Lotan Patil,Vir Das,Soha Ali Khan,Vir Das,,,5.9509,C,,,7.0,,1.38,,,,,,,,5.7,,,,,,,,,hitFlop=1,High,,wikipedia,2.0,2026-07-02
BOLLY_2016_0745_my_father_iqbal,My Father Iqbal,My Father Iqbal,2016,October,10,,Drama,,Thriller,No,,Suzad Iqbal Khan,Narendra Jha,Komal Thacker,Narendra Jha,,,,,,,,,0.03,,,,,,,,6.9,,,,,,,,,,Missing/Partial,,wikipedia,2.0,2026-07-02
BOLLY_2016_0746_shivaay,Shivaay,Shivaay,2016,October,10,,Action,,Action | Drama,No,,Ajay Devgn,Ajay Devgn,Sayyeshaa,Ajay Devgn | Abigail Eames | Erika Kaar | Sayyeshaa Saigal,,"Reliance Entertainment, Pen Studios, Ajay Devgn FFilms",6.8713,C,,,100,,170.95,,,,,,,tt3771536,6.2,,,,,,,,,hitFlop=3,High,,wikipedia,2.0,2026-07-02
BOLLY_2016_0747_ae_dil_hai_mushkil,Ae Dil Hai Mushkil,Ae Dil Hai Mushkil,2016,October,10,,Drama,,Romance | Drama,No,,Karan Johar,Ranbir Kapoor,Aishwarya Rai,Ranbir Kapoor | Aishwarya Rai Bachchan | Anushka Sharma | Fawad Khan,,"Fox Star Studios, Dharma Productions",7.6986,B,7.1046,B,50,,239.67,,,,,,,tt4559006,5.8,,,,,,,,,hitFlop=5,High,,wikipedia,2.0,2026-07-02
BOLLY_2016_0748_dongri_ka_raja,Dongri Ka Raja,Dongri Ka Raja,2016,November,11,,Action,,Romance,No,,Hadi Ali Abrar,Gashmeer Mahajani,Reecha Sinha,Gashmeer Mahajani,,,,,,,,,0.73,,,,,,,,4.3,,,,,,,,,,Missing/Partial,,wikipedia,2.0,2026-07-02
BOLLY_2016_0749_ishq_junoon,Ishq Junoon,Ishq Junoon,2016,November,11,,Romance,,Romance | Thriller,No,,Sanjay Sharma,Rajbeer Singh,,Rajbeer Singh,,,,,,,,,0.99,,,,,,,,2.6,,,,,,,,,,Missing/Partial,,wikipedia,2.0,2026-07-02
BOLLY_2016_0750_rock_on_2,Rock On 2,Rock On 2,2016,November,11,,Drama,,Drama,No,,Sujaat Saudagar,Farhan Akhtar,Arjun Rampal,Farhan Akhtar | Shraddha Kapoor | Arjun Rampal | Purab Kohli,,"Eros International, Excel Entertainment",6.6258,D,,,45,,15.7,,,,,,,tt2137241,5.0,,,,,,,,,hitFlop=1,High,,wikipedia,2.0,2026-07-02
BOLLY_2016_0751_tum_bin_ii,Tum Bin II,Tum Bin II,2016,November,11,,Drama,,Drama,No,,Anubhav Sinha,Neha Sharma,Aditya Seal,Neha Sharma,,T-Series Films,1.3345,D,3.0566,D,12,,6.45,,,,,,,,,,,,,,,,,hitFlop=1,High,,wikipedia,2.0,2026-07-02
BOLLY_2016_0752_force_2,Force 2,Force 2,2016,November,11,,Action,,Action | Thriller,No,,Abhinay Deo,John Abraham,Sonakshi Sinha,John Abraham | Sonakshi Sinha | Tahir Raj Bhasin | Adil Hussain,,"Viacom 18 Motion Pictures, JA Entertainment, Cinema Capital Venture Fund, Sunshine Pictures",7.1193,D,,,41,,58.8,,,,,,,tt5156746,6.2,,,,,,,,,hitFlop=2,High,,wikipedia,2.0,2026-07-02
BOLLY_2016_0753_dear_zindagi,Dear Zindagi,Dear Zindagi,2016,November,11,,Drama,,Drama,No,,Gauri Shinde,Alia Bhatt,Shah Rukh Khan,Alia Bhatt | Shah Rukh Khan | Kunal Kapoor | Priyanka Moodley,,"Reliance Entertainment, Red Chillies Entertainment, Dharma Productions",6.9416,C,,,22,,138.91,,,,,,,tt5946128,7.5,,,,,,,,,hitFlop=5,High,,wikipedia,2.0,2026-07-02
BOLLY_2016_0754_saansein,Saansein,Saansein,2016,November,11,,Romance,,Romance,No,,Rajiv S. Ruia,Rajneesh Duggal,Sonarika Bhadoria,Rajneesh Duggal,,GPA Productions,,D,1.1221,D,,,,,,,,,,,,,,,,,,,,,Missing/Partial,,wikipedia,2.0,2026-07-02
BOLLY_2016_0755_moh_maya_money,Moh Maya Money,Moh Maya Money,2016,November,11,,Drama,,Crime,No,,Munish Bharadwaj,Ranvir Shorey,Neha Dhupia,Ranvir Shorey,,Delhi Talkies,3.063,D,,,,,0.26,,,,,,,,5.7,,,,,,,,,,Missing/Partial,,wikipedia,2.0,2026-07-02
BOLLY_2016_0756_befikre,Befikre,Befikre,2016,December,12,,Comedy,,Drama,No,,Aditya Chopra,Ranveer Singh,Vaani Kapoor,Ranveer Singh | Vaani Kapoor | Ayesha Raza Mishra | Akarsh Khurana,,Yash Raj Films,6.0024,C,,,70,,103,,,,,,,tt5108476,4.0,,,,,,,,,hitFlop=2,High,,wikipedia,2.0,2026-07-02
BOLLY_2016_0757_wajah_tum_ho,Wajah Tum Ho,Wajah Tum Ho,2016,December,12,,Thriller,,Thriller,No,,Vishal Pandya,Sana Khan,Sharman Joshi,Sharman Joshi | Sana Khan | Gurmeet Choudhary | Rajneesh Duggal,,T-Series Films,,D,,,14,,24.4,,,,,,,tt5638474,4.4,,,,,,,,,hitFlop=3,High,,wikipedia,2.0,2026-07-02
BOLLY_2016_0758_dangal,Dangal,Dangal,2016,December,12,,Action,,Biography,No,,Nitesh Tiwari,Aamir Khan,Sakshi Tanwar,Aamir Khan | Sakshi Tanwar | Fatima Sana Shaikh | Sanya Malhotra,,"Walt Disney Pictures, UTV Motion Pictures",10,A,,,70,,1968,,,,,,,tt5074352,8.4,,,,,,,,,hitFlop=5,High,,wikipedia,2.0,2026-07-02
BOLLY_2017_0759_secret_superstar,Secret Superstar,Secret Superstar,2017,October,10,,Drama,,Drama,No,,Aamir Khan Productions,₹,crore,Zaira Wasim | Meher Vij | Raj Arjun | Aamir Khan,,[a],,,,,15,,858.43,,,,,,,tt6108090,7.8,,,,,,,,,hitFlop=5,High,,wikipedia,2.0,2026-07-02
BOLLY_2017_0760_tiger_zinda_hai,Tiger Zinda Hai,Tiger Zinda Hai,2017,December,12,,Action,,Action,No,,Yash Raj Films,,,Salman Khan | Katrina Kaif | Nawab Shah | Anupriya Goenka,,"[5], [3]",,,,,130,,564.2,,,,,,,tt5956100,5.9,,,,,,,,,hitFlop=5,High,,wikipedia,2.0,2026-07-02
BOLLY_2017_0761_hindi_medium,Hindi Medium,Hindi Medium,2017,May,5,,Comedy,,Drama,No,,T-Series Films,,,Irrfan Khan | Saba Qamar | Dishita Sehgal | Deepak Dobriyal,,[b],,,,,14,,322.4,,,,,,,tt5764096,7.8,,,,,,,,,hitFlop=5,High,,wikipedia,2.0,2026-07-02
BOLLY_2017_0762_golmaal_again,Golmaal Again,Golmaal Again,2017,October,10,,Action,,Comedy,No,,Reliance Entertainment,,,Ajay Devgn | Arshad Warsi | Tabu | Shreyas Talpade,,[10],,,,,142,,310.98,,,,,,,tt1806913,4.9,,,,,,,,,hitFlop=4,High,,wikipedia,2.0,2026-07-02
BOLLY_2017_0763_raees,Raees,Raees,2017,January,1,,Action,,Drama,No,,Red Chillies Entertainment,,,Shah Rukh Khan | Jaideep Ahlawat | Sunny Leone | Nawazuddin Siddiqui,,[c],,,,,87,,281,,,,,,,tt3405236,6.8,,,,,,,,,hitFlop=5,High,,wikipedia,2.0,2026-07-02
BOLLY_2017_0764_judwaa_2,Judwaa 2,Judwaa 2,2017,September,9,,Action,,Comedy,No,,Fox Star Studios,,,Varun Dhawan | Jacqueline Fernandez | Taapsee Pannu | Anupam Kher,,[12],,,,,60,,227.59,,,,,,,tt5456546,3.6,,,,,,,,,hitFlop=5,High,,wikipedia,2.0,2026-07-02
BOLLY_2017_0765_tubelight,Tubelight,Tubelight,2017,June,6,,Drama,,Drama | War,No,,Salman Khan Films,,,Salman Khan | Sohail Khan | Om Puri | Mohd. Zeeshan Ayyub,,[13],,,,,100,,211.14,,,,,,,tt5882970,4.1,,,,,,,,,hitFlop=4,High,,wikipedia,2.0,2026-07-02
BOLLY_2017_0766_kaabil,Kaabil,Kaabil,2017,January,1,,Action,,Drama,No,,Filmkraft Productions,,,Hrithik Roshan | Yami Gautam | Ronit Roy | Rohit Roy,,[14],,,,,35,,208.14,,,,,,,tt5460276,7.2,,,,,,,,,hitFlop=5,High,,wikipedia,2.0,2026-07-02
BOLLY_2017_0767_badrinath_ki_dulhania,Badrinath Ki Dulhania,Badrinath Ki Dulhania,2017,March,3,,Comedy,,Comedy | Romance,No,,Dharma Productions,,,Varun Dhawan | Alia Bhatt | Sahil Vaid | Swanand Kirkire,,[15],,,,,39,,200.45,,,,,,,tt6277440,6.1,,,,,,,,,hitFlop=5,High,,wikipedia,2.0,2026-07-02
BOLLY_2017_0768_prakash_electronic,Prakash Electronic,Prakash Electronic,2017,January,1,,Comedy,,Comedy,No,,Manoj Sharma,Hemant Pandey,Hrishitaa Bhatt,Hemant Pandey,,"Shri Wardhman Movie Ventures, Himalayan Dreams, Prachi Movies India",,D,,,,,,,,,,,,,,,,,,,,,,,Missing/Partial,,wikipedia,2.0,2026-07-02
BOLLY_2017_0769_haraamkhor,Haraamkhor,Haraamkhor,2017,January,1,,Drama,,Drama,No,,Shlok Sharma,Nawazuddin Siddiqui,Shweta Tripathi,Nawazuddin Siddiqui,,"Sikhya Entertainment, Khusro Films",3.7877,D,,,2.25,,2.27,,,,,,,,6.4,,,,,,,,,hitFlop=2,High,,wikipedia,2.0,2026-07-02
BOLLY_2017_0770_ok_jaanu,Ok Jaanu,Ok Jaanu,2017,January,1,,Action,,Romance,No,,Shaad Ali,Aditya Roy Kapur,Shraddha Kapoor,Aditya Roy Kapoor | Shraddha Kapoor | Naseeruddin Shah | Nikita Grover,,"Fox Star Studios, Madras Talkies, Dharma Productions",,C,5.2612,C,27,,39.23,,,,,,,tt5764024,5.2,,,,,,,,,hitFlop=2,High,,wikipedia,2.0,2026-07-02
BOLLY_2017_0771_coffee_with_d,Coffee With D,Coffee with D,2017,January,1,,Drama,,Comedy,No,,Vishal Mishra,Sunil Grover,Anjana Sukhani,Sunil Grover,,Apex Entertainment,,,,,8.0,,0.72,,,,,,,,4.2,,,,,,,,,hitFlop=1,High,,wikipedia,2.0,2026-07-02
BOLLY_2017_0772_jolly_llb_2,Jolly LLB 2,Jolly LLB 2,2017,February,2,,Comedy,,Comedy,No,,Subhash Kapoor,Akshay Kumar,Huma Qureshi,Akshay Kumar | Huma Qureshi | Saurabh Shukla | Annu Kapoor,,Fox Star Studios,6.3805,C,,,80,,197.33,,,,,,,tt5982852,7.2,,,,,,,,,hitFlop=4,High,,wikipedia,2.0,2026-07-02
BOLLY_2017_0773_u_me_aur_ghar,"U, Me Aur Ghar","U, Me Aur Ghar",2017,February,2,,Drama,,Drama,No,,Abhay Chhabra,Omkar Kapoor,Simran Kaur Mundi,Omkar Kapoor,,Web Talkies,,D,,,,,,,,,,,,,,,,,,,,,,,Missing/Partial,,wikipedia,2.0,2026-07-02
BOLLY_2017_0774_running_shaadi,Running shaadi,Running Shaadi,2017,February,2,,Comedy,,Comedy | Romance,No,,Amit Roy,Taapsee Pannu,Amit Sadh,Taapsee Pannu,,Rising Sun Films,,B,,,8.5,,1.34,,,,,,,,6.8,,,,,,,,,hitFlop=1,High,,wikipedia,2.0,2026-07-02
BOLLY_2017_0775_the_ghazi_attack,The Ghazi Attack,The Ghazi Attack,2017,February,2,,Action,,Thriller,No,,Sankalp Reddy,Rana Daggubati,Taapsee Pannu,Rana Daggubati | Kay Kay Menon | Atul Kulkarni | Om Puri,,"Dharma Productions, PVP Cinema",,B,,,15,,34.53,,,,,,,tt6299040,7.5,,,,,,,,,hitFlop=4,High,,wikipedia,2.0,2026-07-02
BOLLY_2017_0776_irada,Irada,Irada,2017,February,2,,Thriller,,Thriller,No,,Aparnaa Singh,Naseeruddin Shah,Arshad Warsi,Naseeruddin Shah | Arshad Warsi | Divya Dutta | Sharad Kelkar,,Irada Entertainment,3.7695,D,,,7.5,,1.1,,,,,,,tt6467738,6.3,,,,,,,,,hitFlop=1,High,,wikipedia,2.0,2026-07-02
BOLLY_2017_0777_rangoon,Rangoon,Rangoon,2017,February,2,,Drama,,Action | War,No,,Vishal Bhardwaj,Kangana Ranaut,Shahid Kapoor,Kangana Ranaut | Shahid Kapoor | Saif Ali Khan | Manav Vij,,"Viacom 18 Motion Pictures, Nadiadwala Grandson Entertainment",4.3605,D,3.6423,D,80,,41.04,,,,,,,tt4909752,5.6,,,,,,,,,hitFlop=1,High,,wikipedia,2.0,2026-07-02
BOLLY_2017_0778_wedding_anniversary,Wedding Anniversary,Wedding Anniversary,2017,February,2,,Drama,,Drama,No,,Shekhar S Jha,Nana Patekar,Mahie Gill,Nana Patekar,,V K Productions,4.0525,D,,,,,0.24,,,,,,,,4.9,,,,,,,,,,Low,,wikipedia,2.0,2026-07-02
BOLLY_2017_0779_mona_darling,Mona Darling,Mona Darling,2017,February,2,,Thriller,,Thriller,No,,Shashi Sudigala,Anshuman Jha,Divya Menon,Anshuman Jha,,First Ray Films,,D,,,,,0.13,,,,,,,,4.7,,,,,,,,,,Missing/Partial,,wikipedia,2.0,2026-07-02
BOLLY_2017_0780_commando_2,Commando 2,Commando 2,2017,March,3,,Action,,Action | Thriller,No,,Deven Bhojani,Vidyut Jammwal,Adah Sharma,Vidyut Jammwal | Adah Sharma | Esha Gupta | Freddy Daruwala,,Pen Studios,,D,,,26,,39.04,,,,,,,tt5954088,5.4,,,,,,,,,hitFlop=3,High,,wikipedia,2.0,2026-07-02
BOLLY_2017_0781_jeena_isi_ka_naam_hai,Jeena Isi Ka Naam Hai,Jeena Isi Ka Naam Hai,2017,March,3,,Drama,,Drama,No,,Keshhav Panneriy,Arbaaz Khan,Ashutosh Rana,Arbaaz Khan,,Bibia Films Pvt. Ltd.,2.5366,D,,,,,,,,,,,,,3.3,,,,,,,,,,Missing/Partial,,wikipedia,2.0,2026-07-02
BOLLY_2017_0782_aa_gaya_hero,Aa Gaya Hero,Aa Gaya Hero,2017,March,3,,Action,,Comedy,No,,Dipankar Senapati,Govinda,Ashutosh Rana,Govinda,,Mangal Tara T.V & Films,4.7856,D,,,8.5,,1.39,,,,,,,,2.9,,,,,,,,,hitFlop=1,High,,wikipedia,2.0,2026-07-02
BOLLY_2017_0783_trapped,Trapped,Trapped,2017,March,3,,Drama,,Drama | Thriller,No,,Vikramaditya Motwane,Rajkummar Rao,Geetanjali Thapa,Rajkummar Rao,,Phantom Films,3.9271,D,,,5,,3.53,,,,,,,,7.5,,,,,,,,,hitFlop=1,High,,wikipedia,2.0,2026-07-02
BOLLY_2017_0784_mantra,Mantra,Mantra,2017,March,3,,Drama,,Drama,No,,Nicholas Kharkongor,Rajat Kapoor,Lushin Dubey,Rajat Kapoor,,"Nikhil Chaudhary, Filmart Productions, North East Films, Shri Production, Zenyth Media House",2.737,D,,,,,,,,,,,,,5.2,,,,,,,,,,Missing/Partial,,wikipedia,2.0,2026-07-02
BOLLY_2017_0785_machine,Machine,Machine,2017,March,3,,Romance,,Drama,No,,Abbas–Mustan,Mustafa Burmawalla,Kiara Advani,Kiara Advani | Rishabh Arora | Mustafa Burmawala | Shabbir Burmawala,,Pen India Limited,,C,,,30,,3.48,,,,,,,tt5785200,2.7,,,,,,,,,hitFlop=1,High,,wikipedia,2.0,2026-07-02
BOLLY_2017_0786_phillauri,Phillauri,Phillauri,2017,March,3,,Comedy,,Drama,No,,Anshai Lal,Anushka Sharma,Diljit Dosanjh,Anushka Sharma | Diljit Dosanjh | Suraj Sharma | Mehreen Pirzada,,"Fox Star Studios, Clean Slate Films",6.3761,C,,,29,,46.6,,,,,,,tt5502766,6.0,,,,,,,,,hitFlop=3,High,,wikipedia,2.0,2026-07-02
BOLLY_2017_0787_anaarkali_of_aarah,Anaarkali of Aarah,Anaarkali of Aarah,2017,March,3,,Comedy,,Comedy,No,,Avinash Das,Swara Bhaskar,,Swara Bhaskar,,Promodome Motion Pictures,,,,,5.75,,1.48,,,,,,,,,,,,,,,,,hitFlop=1,High,,wikipedia,2.0,2026-07-02
BOLLY_2017_0788_naam_shabana,Naam Shabana,Naam Shabana,2017,March,3,,Action,,Drama,No,,Shivam Nair,Taapsee Pannu,Prithviraj Sukumaran,Taapsee Pannu | Akshay Kumar | Manoj Bajpayee | Taher Shabbir,,"T-Series Films, Reliance Entertainment",,B,,,25,,56.09,,,,,,,tt6170954,6.2,,,,,,,,,hitFlop=4,High,,wikipedia,2.0,2026-07-02
BOLLY_2017_0789_laali_ki_shaadi_mein_laaddoo_deewana,Laali Ki Shaadi Mein Laaddoo Deewana,Laali Ki Shaadi Mein Laaddoo Deewana,2017,April,4,,Comedy,,Comedy,No,,Manish Harishankar,Vivaan Shah,Akshara Haasan,Vivaan Shah,,Star Entertainment Worldwide,,B,,,20,,0.8099999999999999,,,,,,,,3.3,,,,,,,,,hitFlop=1,High,,wikipedia,2.0,2026-07-02
BOLLY_2017_0790_mirza_juuliet,Mirza Juuliet,Mirza Juuliet,2017,April,4,,Drama,,Drama,No,,Rajesh Ram Singh,Darshan Kumar,Pia Bajpai,Darshan Kumar,,Shemaroo Entertainment,,D,,,,,0.95,,,,,,,,4.1,,,,,,,,,,Low,,wikipedia,2.0,2026-07-02
BOLLY_2017_0791_mukti_bhawan,Mukti Bhawan,Mukti Bhawan,2017,April,4,,Drama,,Drama,No,,Shubhashish Bhutiani,Adil Hussain,Lalit Behl,Adil Hussain,,Red Carpet Moving Pictures,,,,,,,,,,,,,,,,,,,,,,,,,Missing/Partial,,wikipedia,2.0,2026-07-02
BOLLY_2017_0792_saanjh,Saanjh,Saanjh,2017,April,4,,Drama,,Drama,No,,Ajay Saklani,,,,,Silent Hills Studio,,,,,,,,,,,,,,,,,,,,,,,,,Missing/Partial,,wikipedia,2.0,2026-07-02
BOLLY_2017_0793_begum_jaan,Begum Jaan,Begum Jaan,2017,April,4,,Drama,,Drama,No,,Srijit Mukherji,Vidya Balan,Ila Arun,Amitabh Bachchan | Pallavi Sharda | Vidya Balan | Naseeruddin Shah,,"Vishesh Films, Shree Venkatesh Films",6.0471,C,,,19,,30.6,,,,,,,tt5785116,5.6,,,,,,,,,hitFlop=3,High,,wikipedia,2.0,2026-07-02
BOLLY_2017_0794_noor,Noor,Noor,2017,April,4,,Comedy,,Drama,No,,Sunhil Sippy,Sonakshi Sinha,Purab Kohli,Sonakshi Sinha,,T-Series Films,6.9519,A,,,24,,11.64,,,,,,,,4.0,,,,,,,,,hitFlop=1,High,,wikipedia,2.0,2026-07-02
BOLLY_2017_0795_ek_thi_rani_aisi_bhi,Ek Thi Rani Aisi Bhi,Ek Thi Rani Aisi Bhi,2017,April,4,,Drama,,Drama,No,,Gulbahar Singh,Hema Malini,Vinod Khanna,Hema Malini,,Rajmata Vijayaraje Scindia Smirit Trust,,D,,,,,,,,,,,,,,,,,,,,,,,Missing/Partial,,wikipedia,2.0,2026-07-02
BOLLY_2017_0796_maatr,Maatr,Maatr,2017,April,4,,Thriller,,Thriller,No,,Ashtar Sayed,Raveena Tandon,,Raveena Tandon | Siddharth Bhardwaj | Madhur Mittal | Piyush Kaushik,,CDB Musical Production,2.465,B,,,21,,93.9,,,,,,,tt5543746,4.6,,,,,,,,,hitFlop=5,High,,wikipedia,2.0,2026-07-02
BOLLY_2017_0797_mantostaan,Mantostaan,Mantostaan,2017,May,5,,Drama,,Drama,No,,Rahat Kazmi,Raghubir Yadav,Virendra Saxena,Raghubir Yadav,,"Rahat Kazmi Films, Tariq Kan Productions, Aaditya Pratap Singh Entertainments",,,1.0545,D,,,,,,,,,,,,,,,,,,,,,Missing/Partial,,wikipedia,2.0,2026-07-02
BOLLY_2017_0798_meri_pyaari_bindu,Meri Pyaari Bindu,Meri Pyaari Bindu,2017,May,5,,Comedy,,Comedy | Romance,No,,Akshay Roy,Ayushmann Khurrana,Parineeti Chopra,Ayushmann Khurrana | Parineeti Chopra | Nishant Dahiya | Prakash Belawadi,,Yash Raj Films,,D,,,22,,17.79,,,,,,,tt5472374,6.0,,,,,,,,,hitFlop=1,High,,wikipedia,2.0,2026-07-02
BOLLY_2017_0799_sarkar_3,Sarkar 3,Sarkar 3,2017,May,5,,Drama,,Thriller,No,,Ram Gopal Varma,Amitabh Bachchan,Jackie Shroff,Amitabh Bachchan | Yami Gautam | Manoj Bajpayee | Abhishek Bachchan,,Amitabh Bachchan Corporation,7.0113,B,3.7435,D,36.0,,20.54,,,,,,,tt5742874,4.9,,,,,,,,,hitFlop=1,High,,wikipedia,2.0,2026-07-02
BOLLY_2017_0800_half_girlfriend,Half Girlfriend,Half Girlfriend,2017,May,5,,Drama,,Drama | Romance,No,,Mohit Suri,Arjun Kapoor,Shraddha Kapoor,Shraddha Kapoor | Vikrant Massey | Arjun Kapoor | Shriidhar Dubey,,"Balaji Motion Pictures, ALT Entertainment",6.5059,C,4.931,D,58,,97.7,,,,,,,tt5474042,4.6,,,,,,,,,hitFlop=3,High,,wikipedia,2.0,2026-07-02
BOLLY_2017_0801_jattu_engineer,Jattu Engineer,Jattu Engineer,2017,May,5,,Comedy,,Comedy,No,,Gurmeet Ram Rahim Singh,Gurmeet Ram Rahim Singh,,Gurmeet Ram Rahim Singh,,Hakikat Entertainment Pvt. Ltd.,,,,,9,,7.2,,,,,,,,6.7,,,,,,,,,hitFlop=1,High,,wikipedia,2.0,2026-07-02
BOLLY_2017_0802_thodi_thodi_si_manmaaniyan,Thodi Thodi Si Manmaaniyan,Thodi Thodi Si Manmaaniyan,2017,May,5,,Drama,,Drama,No,,Aditya Sarpotdar,Shrenu Parikh,Shilpa Tulaskar,Shrenu Parikh,,"NH 8 Production, Jumping Tomato & Marketing Pvt Ltd",,,,,,,,,,,,,,,5.9,,,,,,,,,,Missing/Partial,,wikipedia,2.0,2026-07-02
BOLLY_2017_0803_a_death_in_the_gunj,A Death in the Gunj,A Death in the Gunj,2017,June,6,,Drama,,Drama,No,,Konkona Sen Sharma,Vikrant Massey,Ranvir Shorey,Vikrant Massey,,PVR Pictures,,A,,,,,1.3699999999999999,,,,,,,,,,,,,,,,,,Low,,wikipedia,2.0,2026-07-02
BOLLY_2017_0804_sweetiee_weds_nri,Sweetiee Weds NRI,Sweetiee Weds NRI,2017,June,6,,Comedy,,Comedy,No,,Hasnain Hyderabadwala,Himansh Kohli,Zoya Afroz,Himansh Kohli,,"Asmiy Entertainment, Grand Motion Picture",,,1.3466,D,,,,,,,,,,,,,,,,,,,,,Missing/Partial,,wikipedia,2.0,2026-07-02
BOLLY_2017_0805_flat_211,Flat 211,Flat 211,2017,June,6,,Drama,,Drama,No,,Sunil Sanjan,,,,,Ajha Global Entertainment,,,,,,,,,,,,,,,,,,,,,,,,,Missing/Partial,,wikipedia,2.0,2026-07-02
BOLLY_2017_0806_dear_maya,Dear Maya,Dear Maya,2017,June,6,,Comedy,,Drama,No,,Sunaina Bhatnagar,Manisha Koirala,,Manisha Koirala,,"Wave Cinemas, Bake My Cake Films",2.7949,D,,,,,0.22,,,,,,,,6.0,,,,,,,,,,Missing/Partial,,wikipedia,2.0,2026-07-02
BOLLY_2017_0807_raabta,Raabta,Raabta,2017,June,6,,Action,,Comedy | Romance,No,,Dinesh Vijan,Sushant Singh Rajput,Kriti Sanon,Deepika Padukone | Kriti Sanon | Rajkummar Rao | Sushant Singh Rajput,,"T-Series Films, Maddock Films",,C,,,47.0,,33.7,,,,,,,tt5542802,4.8,,,,,,,,,hitFlop=1,High,,wikipedia,2.0,2026-07-02
BOLLY_2017_0808_behen_hogi_teri,Behen Hogi Teri,Behen Hogi Teri,2017,June,6,,Comedy,,Drama,No,,Ajay K Pannalal,Rajkummar Rao,Shruti Haasan,Rajkummar Rao | Shruti Haasan | Gautam Gulati | Darshan Jariwala,,OddBall Motion Pictures,3.9271,D,,,13.0,,2.76,,,,,,,tt6537508,5.6,,,,,,,,,hitFlop=1,High,,wikipedia,2.0,2026-07-02
BOLLY_2017_0809_bachche_kachche_sachche,Bachche Kachche Sachche,Bachche Kachche Sachche,2017,June,6,,Drama,,Drama,No,,Ravi Sadasiv,Ashish Vidyarthi,Mukesh Tiwari,Ashish Vidyarthi,,,,D,,,,,,,,,,,,,,,,,,,,,,,Missing/Partial,,wikipedia,2.0,2026-07-02
BOLLY_2017_0810_love_you_family,Love You Family,Love You Family,2017,June,6,,Drama,,Drama,No,,Sachindra Sharma,Salman Yusuff Khan,Aksha Pardasany,Salman Yusuff Khan,,Khushi Motion Pictures,,,,,,,,,,,,,,,,,,,,,,,,,Missing/Partial,,wikipedia,2.0,2026-07-02
BOLLY_2017_0811_g_kutta_se,G Kutta Se,G Kutta Se,2017,June,6,,Drama,,Drama,No,,Rahul Dahiya,Rajbeer Singh,Neha Chauhan,Rajbeer Singh,,SFE International Full Frame Entertainment Pvt. Ltd.,,,,,,,0.9,,,,,,,,,,,,,,,,,,Low,,wikipedia,2.0,2026-07-02
BOLLY_2017_0812_bank_chor,Bank Chor,Bank Chor,2017,June,6,,Action,,Comedy,No,,Bumpy,Riteish Deshmukh,Vivek Oberoi,Riteish Deshmukh | Vivek Oberoi | Rhea Chakraborty | Sahil Vaid,,Y-Films,,D,,,15,,9.85,,,,,,,tt3611266,6.0,,,,,,,,,hitFlop=1,High,,wikipedia,2.0,2026-07-02
BOLLY_2017_0813_ek_haseena_thi_ek_deewana_tha,Ek Haseena Thi Ek Deewana Tha,Ek Haseena Thi Ek Deewana Tha,2017,June,6,,Romance,,Romance,No,,Suneel Darshan,Upen Patel,,Upen Patel,,Shree Krishna International,,,1.706,D,,,,,,,,,,,,,,,,,,,,,Missing/Partial,,wikipedia,2.0,2026-07-02
BOLLY_2017_0814_mom,Mom,Mom,2017,July,7,,Drama,,Drama | Thriller,No,,Ravi Udyawar,Sridevi,Akshaye Khanna,Sridevi | Sajal Ali | Akshaye Khanna | Adnan Siddiqui,,Zee Studios,,C,,,30,,175.7,,,,,,,tt5690142,7.2,,,,,,,,,hitFlop=5,High,,wikipedia,2.0,2026-07-02
BOLLY_2017_0815_guest_iin_london,Guest iin London,Guest iin London,2017,July,7,,Comedy,,Comedy,No,,Ashwni Dhir,Kartik Aaryan,Kriti Kharbanda,Kartik Aaryan,,Panorama Studios,,D,,,,,10.64,,,,,,,,,,,,,,,,,,Low,,wikipedia,2.0,2026-07-02
BOLLY_2017_0816_jagga_jasoos,Jagga Jasoos,Jagga Jasoos,2017,July,7,,Comedy,,Action,No,,Anurag Basu,Ranbir Kapoor,Katrina Kaif,Ranbir Kapoor | Katrina Kaif | Saswata Chatterjee | Chitrak Bandyopadhyay,,"Walt Disney Pictures, UTV Motion Pictures",7.6986,B,5.1314,C,131,,86.85,,,,,,,tt4129428,6.4,,,,,,,,,hitFlop=1,High,,wikipedia,2.0,2026-07-02
BOLLY_2017_0817_shab,Shab,Shab,2017,May,5,,Drama,,Thriller,No,,Onir,Raveena Tandon,Sanjay Suri,Raveena Tandon,,"WSG Pictures, Anticlock Films",2.465,B,,,10.0,,32,,,,,,,,4.3,,,,,,,,,hitFlop=5,High,,wikipedia,2.0,2026-07-02
BOLLY_2017_0818_lipstick_under_my_burkha,Lipstick Under My Burkha,Lipstick Under My Burkha,2017,July,7,,Comedy,,Drama,No,,Alankrita Shrivastava,Konkona Sen Sharma,Ratna Pathak Shah,Konkona Sen Sharma,,"ALT Entertainment, Balaji Motion Pictures",2.9405,D,,,6,,26.68,,,,,,,,6.8,,,,,,,,,hitFlop=5,High,,wikipedia,2.0,2026-07-02
BOLLY_2017_0819_munna_michael,Munna Michael,Munna Michael,2017,July,7,,Action,,Action | Romance,No,,Sabbir Khan,Tiger Shroff,Nawazuddin Siddiqui,Tiger Shroff,,"Eros International, Next Gen Films",,B,,,41,,47.2,,,,,,,,3.4,,,,,,,,,hitFlop=2,High,,wikipedia,2.0,2026-07-02
BOLLY_2017_0820_raag_desh,Raag Desh,Raag Desh,2017,July,7,,Action,,Action | Drama,No,,Tigmanshu Dhulia,Kunal Kapoor,Amit Sadh,Kunal Kapoor | Amit Sadh | Mohit Marwah | Kenneth Desai,,Rajya Sabha TV,2.3939,D,1.6059,D,0.95,,0.33,,,,,,,tt6080746,8.2,,,,,,,,,hitFlop=1,High,,wikipedia,2.0,2026-07-02
BOLLY_2017_0821_indu_sarkar,Indu Sarkar,Indu Sarkar,2017,July,7,,Thriller,,Drama,No,,Madhur Bhandarkar,Anupam Kher,Neil Nitin Mukesh,Anupam Kher,,"Bhandarkar Entertainment, Mega Bollywood",3.4477,D,3.2787,D,12,,6.07,,,,,,,,6.1,,,,,,,,,hitFlop=1,High,,wikipedia,2.0,2026-07-02
BOLLY_2017_0822_mubarakan,Mubarakan,Mubarakan,2017,July,7,,Drama,,Comedy,No,,Anees Bazmee,Anil Kapoor,Arjun Kapoor,Anil Kapoor | Arjun Kapoor | Ileana D'Cruz | Athiya Shetty,,Sony Pictures Networks Productions,5.6087,C,5.6076,C,65,,93.24,,,,,,,tt6272828,5.6,,,,,,,,,hitFlop=2,High,,wikipedia,2.0,2026-07-02
BOLLY_2017_0823_gurgaon,Gurgaon,Gurgaon,2017,August,8,,Thriller,,Thriller,No,,Shanker Raman,Akshay Oberoi,Ragini Khanna,Akshay Oberoi,,JAR Pictures,,D,,,,,6.7,,,,,,,,,,,,,,,,,,Low,,wikipedia,2.0,2026-07-02
BOLLY_2017_0824_jab_harry_met_sejal,Jab Harry Met Sejal,Jab Harry Met Sejal,2017,August,8,,Comedy,,Comedy | Romance,No,,Imtiaz Ali,Shah Rukh Khan,Anushka Sharma,Shah Rukh Khan | Anushka Sharma | Björn Freiberg | Bruce Huther,,Red Chillies Entertainment,9.2267,A,4.8838,D,90,,153.43,,,,,,,tt5997666,5.0,,,,,,,,,hitFlop=3,High,,wikipedia,2.0,2026-07-02
BOLLY_2017_0825_bareilly_ki_barfi,Bareilly Ki Barfi,Bareilly Ki Barfi,2017,August,8,,Comedy,,Comedy,No,,Ashwini Iyer Tiwari,Ayushmann Khurrana,Rajkummar Rao,Ayushmann Khurrana | Kriti Sanon | Rajkummar Rao | Pankaj Tripathi,,Junglee Pictures,,D,,,20,,58.75,,,,,,,tt6967980,7.5,,,,,,,,,hitFlop=4,High,,wikipedia,2.0,2026-07-02
BOLLY_2017_0826_shreelancer,Shreelancer,Shreelancer,2017,August,8,,Drama,,Drama,No,,Sandeep Mohan,Arjun Radhakrishnan,,Arjun Radhakrishnan,,"Tiranga Pictures, The Great Indian Travelling Cinema",,,,,,,,,,,,,,,,,,,,,,,,,Missing/Partial,,wikipedia,2.0,2026-07-02
BOLLY_2017_0827_a_gentleman,A Gentleman,A Gentleman,2017,August,8,,Action,,Action,No,,Raj and D.K.,Sidharth Malhotra,Jacqueline Fernandez,Sidharth Malhotra,,Fox Star Studios,,C,,,70,,38.3,,,,,,,,,,,,,,,,,hitFlop=1,High,,wikipedia,2.0,2026-07-02
BOLLY_2017_0828_babumoshai_bandookbaaz,Babumoshai Bandookbaaz,Babumoshai Bandookbaaz,2017,August,8,,Action,,Drama,No,,Kushan Nandy,Nawazuddin Siddiqui,Bidita Bag,Nawazuddin Siddiqui | Bidita Bag | Jatin Goswami | Shraddha Das,,Movies By The Mob & KNKSPL,3.7877,D,,,10,,12.6,,,,,,,tt6711660,6.9,,,,,,,,,hitFlop=2,High,,wikipedia,2.0,2026-07-02
BOLLY_2017_0829_yadvi_the_dignified_princess,Yadvi – The Dignified Princess,Yadvi – The Dignified Princess,2017,August,8,,Drama,,Drama,No,,Jyoti Singh,Chandrachur Singh,,Chandrachur Singh,,RVP Productions,,,,,,,,,,,,,,,,,,,,,,,,,Missing/Partial,,wikipedia,2.0,2026-07-02
BOLLY_2017_0830_qaidi_band,Qaidi Band,Qaidi Band,2017,August,8,,Drama,,Drama,No,,Habib Faisal,Aadar Jain,Sachin,Aadar Jain,,Yash Raj Films,,D,2.7399,D,,,,,,,,,,,,,,,,,,,,,Missing/Partial,,wikipedia,2.0,2026-07-02
BOLLY_2017_0831_sniff,Sniff,Sniff,2017,August,8,,Action,,Sci - Fi,No,,Amole Gupte,Monica Sehgal,Vijay Patkar,Monica Sehgal,,Eros International,,,,,5.0,,0.95,,,,,,,,5.5,,,,,,,,,hitFlop=1,High,,wikipedia,2.0,2026-07-02
BOLLY_2017_0832_baadshaho,Baadshaho,Baadshaho,2017,September,9,,Action,,Action | Thriller,No,,Milan Luthria,Ajay Devgn,Emraan Hashmi,Ajay Devgn | Ileana D'Cruz | Emraan Hashmi | Esha Gupta,,T-Series Films,6.8713,C,3.6283,D,90,,123.5,,,,,,,tt4906960,4.9,,,,,,,,,hitFlop=2,High,,wikipedia,2.0,2026-07-02
BOLLY_2017_0833_shubh_mangal_saavdhan,Shubh Mangal Saavdhan,Shubh Mangal Saavdhan,2017,September,9,,Comedy,,Romance,No,,R. S. Prasanna,Ayushmann Khurrana,Bhumi Pednekar,Ayushmann Khurrana | Bhumi Pednekar | Seema Pahwa | Anshul Chauhan,,"Eros International, Colour Yellow Productions",,D,,,25,,64.54,,,,,,,tt6971752,6.9,,,,,,,,,hitFlop=4,High,,wikipedia,2.0,2026-07-02
BOLLY_2017_0834_poster_boys,Poster Boys,Poster Boys,2017,September,9,,Comedy,,Comedy,No,,Shreyas Talpade,Sunny Deol,Shreyas Talpade,Sunny Deol,,Sony Pictures Networks Productions,3.3809,D,,,15,,30,,,,,,,,,,,,,,,,,hitFlop=4,High,,wikipedia,2.0,2026-07-02
BOLLY_2017_0835_daddy,Daddy,Daddy,2017,September,9,,Action,,Drama,No,,Ashim Ahluwalia,Arjun Rampal,Aishwarya Rajesh,Arjun Rampal | Aishwarya Rajesh | Nishikant Kamat | Rajesh Shringarpure,,Kundalini Entertainment,3.8011,D,,,21.0,,15.5,,,,,,,tt6926486,6.4,,,,,,,,,hitFlop=1,High,,wikipedia,2.0,2026-07-02
BOLLY_2017_0836_simran,Simran,Simran,2017,September,9,,Drama,,Drama,No,,Hansal Mehta,Kangana Ranaut,Sohum Shah,Kangana Ranaut | Sohum Shah | Esha Tewari | Jason Louder,,T-Series Films,4.3605,D,1.4466,D,28,,27.25,,,,,,,tt6405126,5.2,,,,,,,,,hitFlop=1,High,,wikipedia,2.0,2026-07-02
BOLLY_2017_0837_lucknow_central,Lucknow Central,Lucknow Central,2017,September,9,,Action,,Drama,No,,Ranjit Tiwari,Farhan Akhtar,Diana Penty,Farhan Akhtar | Diana Penty | Ronit Roy | Gippy Grewal,,Viacom 18 Motion Pictures,6.6258,D,,,30,,16.95,,,,,,,tt5697870,6.2,,,,,,,,,hitFlop=1,High,,wikipedia,2.0,2026-07-02
BOLLY_2017_0838_patel_ki_punjabi_shaadi,Patel Ki Punjabi Shaadi,Patel Ki Punjabi Shaadi,2017,September,9,,Comedy,,Comedy,No,,Sanjay Chhel,Rishi Kapoor,Paresh Rawal,Rishi Kapoor,,"Bholenath Movies, Cinekorn Entertainment",4.4084,B,,,11.0,,2.54,,,,,,,,4.0,,,,,,,,,hitFlop=1,High,,wikipedia,2.0,2026-07-02
BOLLY_2017_0839_newton,Newton,Newton,2017,February,2,,Comedy,,Comedy,No,,Amit Masurkar,Rajkummar Rao,Pankaj Tripathi,Rajkummar Rao,,"Eros International, Colour Yellow Productions",3.9271,D,,,10,,15,,,,,,,,,,,,,,,,,hitFlop=3,High,,wikipedia,2.0,2026-07-02
BOLLY_2017_0840_bhoomi,Bhoomi,Bhoomi,2017,September,9,,Action,,Drama,No,,Omung Kumar,Sanjay Dutt,Aditi Rao Hydari,Sanjay Dutt,,T-Series Films,5.0026,C,,,31.0,,14.76,,,,,,,,5.3,,,,,,,,,hitFlop=1,High,,wikipedia,2.0,2026-07-02
BOLLY_2017_0841_the_final_exit,The Final Exit,The Final Exit,2017,September,9,,Horror,,Horror,No,,Dhwanil Mehta,Kunaal Roy Kapur,Archana Shastry,Kunaal Roy Kapur | Mukesh Hariawala | Elena Kazan | Reyhna Malhotra,,Mars Entertainment,,,,,,,,,,,,,,tt7340684,6.5,,,,,,,,,,Missing/Partial,,wikipedia,2.0,2026-07-02
BOLLY_2017_0842_jd,JD,JD,2017,September,9,,Drama,,Drama,No,,Shailendra Pandey,Govind Namdev,Aman Verma,Govind Namdev,,Shailendra Pandey Films,,,,,,,,,,,,,,,,,,,,,,,,,Missing/Partial,,wikipedia,2.0,2026-07-02
BOLLY_2017_0843_haseena_parkar,Haseena Parkar,Haseena Parkar,2017,September,9,,Drama,,Drama,No,,Apoorva Lakhia,Shraddha Kapoor,Sharman Joshi,Shraddha Kapoor,,Swiss Entertainment,3.3695,D,1.8339,D,18,,9,,,,,,,,,,,,,,,,,hitFlop=1,High,,wikipedia,2.0,2026-07-02
BOLLY_2017_0844_chef,Chef,Chef,2017,October,10,,Comedy,,Drama,No,,Raja Krishna Menon,Saif Ali Khan,Padmapriya Janakiraman,Saif Ali Khan | Padmapriya | Svar Kamble | Chandan Roy Sanyal,,T-Series Films,5.7211,A,,,14.7,,10.6,,,,,,,tt5745450,5.6,,,,,,,,,hitFlop=1,High,,wikipedia,2.0,2026-07-02
BOLLY_2017_0845_babuji_ek_ticket_bambai,Babuji Ek Ticket Bambai,Babuji Ek Ticket Bambai,2017,October,10,,Drama,,Drama,No,,Arvind Tripathi,Rajpal Yadav,Sudha Chandran,Rajpal Yadav,,Harikripa Films,2.3783,D,,,,,,,,,,,,,,,,,,,,,,,Missing/Partial,,wikipedia,2.0,2026-07-02
BOLLY_2017_0846_ranchi_diaries,Ranchi Diaries,Ranchi Diaries,2017,October,10,,Drama,,Drama,No,,Sattwik Mohanty,Jimmy Sheirgill,Taaha Shah,Jimmy Sheirgill,,Coconut Motion Pictures,,D,,,,,,,,,,,,,,,,,,,,,,,Missing/Partial,,wikipedia,2.0,2026-07-02
BOLLY_2017_0847_jia_aur_jia,Jia Aur Jia,Jia aur Jia,2017,October,10,,Comedy,,Social,No,,Howard Rosemeyer,Kalki Koechlin,Richa Chaddha,Kalki Koechlin,,Bluefox Motion Pictures Pvt Ltd.,3.9852,D,,,10.0,,0.87,,,,,,,,4.5,,,,,,,,,hitFlop=1,High,,wikipedia,2.0,2026-07-02
BOLLY_2017_0848_rukh,Rukh,Rukh,2017,October,10,,Drama,,Drama,No,,Atanu Mukherjee,Manoj Bajpayee,Smita Tambe,Manoj Bajpayee,,"Eros International, Drishyam Films",2.1847,D,,,,,,,,,,,,,,,,,,,,,,,Missing/Partial,,wikipedia,2.0,2026-07-02
BOLLY_2017_0849_ittefaq,Ittefaq,Ittefaq,2017,November,11,,Drama,,Thriller | Romance,No,,Abhay Chopra,Sidharth Malhotra,Sonakshi Sinha,Sidharth Malhotra | Sonakshi Sinha | Akshaye Khanna | Mandira Bedi,,"Red Chillies Entertainment, Dharma Productions",,C,,,30,,56.26,,,,,,,tt6692354,7.2,,,,,,,,,hitFlop=3,High,,wikipedia,2.0,2026-07-02
BOLLY_2017_0850_the_house_next_door,The House Next Door,The House Next Door,2017,November,11,,Horror,,Horror,No,,Milind Rau,Siddharth,Andrea Jeremiah,Siddharth,,Viacom 18 Motion Pictures,,A,,,15.0,,2.31,,,,,,,,6.7,,,,,,,,,hitFlop=1,High,,wikipedia,2.0,2026-07-02
BOLLY_2017_0851_ribbon,Ribbon,Ribbon,2017,November,11,,Drama,,Drama,No,,Rakhee Sandilya,Kalki Koechlin,Sumeet Vyas,Kalki Koechlin,,Red Cart Films,3.9852,D,,,8.0,,0.53,,,,,,,,6.8,,,,,,,,,hitFlop=1,High,,wikipedia,2.0,2026-07-02
BOLLY_2017_0852_shaadi_mein_zaroor_aana,Shaadi Mein Zaroor Aana,Shaadi Mein Zaroor Aana,2017,November,11,,Comedy,,Romance | Drama,No,,Ratnaa Sinha,Rajkummar Rao,Kriti Kharbanda,"run away from their marriage. What life waits for them ahead?""",,Vikrant Studios,3.9271,D,,,13.0,,19.4,,,,,,,tt7469726,7.5,,,,,,,,,hitFlop=2,High,,wikipedia,2.0,2026-07-02
BOLLY_2017_0853_qarib_qarib_singlle,Qarib Qarib Singlle,Qarib Qarib Singlle,2017,November,11,,Comedy,,Comedy,No,,Tanuja Chandra,Irrfan Khan,Parvathy,Irrfan Khan,,"Zee Studios, Jar Pictures",2.9178,D,1.0907,D,,,2.411,,,,,,,,,,,,,,,,,,Low,,wikipedia,2.0,2026-07-02
BOLLY_2017_0854_aksar_2,Aksar 2,Aksar 2,2017,November,11,,Thriller,,Action,No,,Ananth Narayan Mahadevan,Zareen Khan,Gautam Rode,Zareen Khan | Gautam Rode | Lillete Dubey | Mukesh Hariawala,,Siddhi Vinayak Creations,,,,,9.0,,7.18,,,,,,,tt5784860,3.5,,,,,,,,,hitFlop=1,High,,wikipedia,2.0,2026-07-02
BOLLY_2017_0855_panchlait,Panchlait,Panchlait,2017,November,11,,Drama,,Drama,No,,Prem Prakash Modi,Amitosh Nagpal,Yashpal Sharma,Amitosh Nagpal,,Funtime Entertainment,,D,,,,,0.05,,,,,,,,6.7,,,,,,,,,,Missing/Partial,,wikipedia,2.0,2026-07-02
BOLLY_2017_0856_tumhari_sulu,Tumhari Sulu,Tumhari Sulu,2017,November,11,,Comedy,,Comedy | Drama,No,,Suresh Triveni,Vidya Balan,Manav Kaul,Vidya Balan | Manav Kaul | Neha Dhupia | Vijay Maurya,,T-Series Films,6.0471,C,,,20,,51.39,,,,,,,tt6791730,7.0,,,,,,,,,hitFlop=4,High,,wikipedia,2.0,2026-07-02
BOLLY_2017_0857_dil_jo_na_keh_saka,Dil Jo Na Keh Saka,Dil Jo Na Keh Saka,2017,November,11,,Drama,,Romance,No,,Naresh Lalwani,Himansh Kohli,Priya Banerjee,Himansh Kohli,,Diyas Productions,,,,,10.0,,0.17,,,,,,,,5.4,,,,,,,,,hitFlop=1,High,,wikipedia,2.0,2026-07-02
BOLLY_2017_0858_a_daughter_s_tale_pankh,A Daughter's Tale Pankh,A Daughter's Tale Pankh,2017,November,11,,Action,,Action,No,,Premraaj,Nishigandha Wad,Mehul Buch,Nishigandha Wad,,,,,,,,,,,,,,,,,,,,,,,,,,,Missing/Partial,,wikipedia,2.0,2026-07-02
BOLLY_2017_0859_julie_2,Julie 2,Julie 2,2017,November,11,,Romance,,Romance | Thriller,No,,Deepak Shivdasani,Raai Laxmi,Ravi Kishan,Nishikant Kamat | Raai Laxmi | Rati Agnihotri | Ravi Kishan,,Triumph Talkies,,D,,,8.5,,3.31,,,,,,,tt5743888,2.2,,,,,,,,,hitFlop=1,High,,wikipedia,2.0,2026-07-02
BOLLY_2017_0860_ajji,Ajji,Ajji,2017,November,11,,Drama,,Drama,No,,Devashish Makhija,Sudhir Pandey,,Sushama Deshpande | Smita Tambe | Sharvani Suryavanshi | Abhishek Banerjee,,Yoodlee Films,,,,,3.5,,8.5,,,,,,,tt6471054,7.0,,,,,,,,,hitFlop=4,High,,wikipedia,2.0,2026-07-02
BOLLY_2017_0861_kadvi_hawa,Kadvi Hawa,Kadvi Hawa,2017,November,11,,Drama,,Drama,No,,Nila Madhab Panda,Sanjay Mishra,Ranvir Shorey,Sanjay Mishra | Ranvir Shorey | Tillotama Shome | Bhupesh Singh,,Drishyam Films,2.494,D,,,6.0,,8.7,,,,,,,tt6143422,7.9,,,,,,,,,hitFlop=2,High,,wikipedia,2.0,2026-07-02
BOLLY_2017_0862_saankal,Saankal,Saankal,2017,August,8,,Drama,,Drama,No,,Dedipya Joshii,Tanima Bhattacharya,Chetan Sharma,Tanima Bhattacharya,,Pisceann Pictures,,,,,,,,,,,,,,,,,,,,,,,,,Missing/Partial,,wikipedia,2.0,2026-07-02
BOLLY_2017_0863_tera_intezaar,Tera Intezaar,Tera Intezaar,2017,December,12,,Drama,,Romance,No,,Raajeev Waalia,Arbaaz Khan,Sunny Leone,Arbaaz Khan | Sunny Leone | Bhani Singh | Salil Ankola,,Bageshree Films,2.5366,D,,,11.0,,0.95,,,,,,,tt5784852,1.7,,,,,,,,,hitFlop=1,High,,wikipedia,2.0,2026-07-02
BOLLY_2017_0864_firangi,Firangi,Firangi,2017,December,12,,Comedy,,History,No,,Rajiv Dhingra,Kapil Sharma,Varun Badola,Kapil Sharma | Ishita Dutta | Monica Gill | Edward Sonnenblick,,K9 Films,,,,,25,,10,,,,,,,tt7549484,4.3,,,,,,,,,hitFlop=1,High,,wikipedia,2.0,2026-07-02
BOLLY_2017_0865_fukrey_returns,Fukrey Returns,Fukrey Returns,2017,December,12,,Comedy,,Comedy,No,,Mrighdeep Singh Lamba,Pulkit Samrat,Priya Anand,Pulkit Samrat | Varun Sharma | Ali Fazal | Manjot Singh,,Excel Entertainment,,C,,,22,,112.3,,,,,,,tt6712014,6.5,,,,,,,,,hitFlop=5,High,,wikipedia,2.0,2026-07-02
BOLLY_2017_0866_sallu_ki_shaadi,Sallu Ki Shaadi,Sallu Ki Shaadi,2017,December,12,,Action,,Comedy,No,,Mohammad Israr Ansari,,,,,"Aman Film Production, Angel's Production, Brosis Production House, Worldwide Records",,,,,,,,,,,,,,,3.6,,,,,,,,,,Missing/Partial,,wikipedia,2.0,2026-07-02
BOLLY_2017_0867_monsoon_shootout,Monsoon Shootout,Monsoon Shootout,2017,May,5,,Action,,Drama,No,,Amit Kumar,Nawazuddin Siddiqui,Vijay Varma,Nawazuddin Siddiqui,,"Sikhya Entertainment, AKFPL, DAR Motion Pictures, Arte",3.7877,D,,,12.0,,0.9,,,,,,,,6.6,,,,,,,,,hitFlop=1,High,,wikipedia,2.0,2026-07-02
BOLLY_2018_0868_1921,1921,1921,2018,January,1,,Horror,,Horror,No,,Vikram Bhatt,Zareen Khan,Karan Kundra,Zareen Khan,,Reliance Entertainment,,,2.9028,D,15,,22.8,,,,,,,,,,,,,,,,,hitFlop=3,High,,wikipedia,2.0,2026-07-02
BOLLY_2018_0869_kaalakaandi,Kaalakaandi,Kaalakaandi,2018,January,1,,Comedy,,Comedy,No,,Akshat Verma,Saif Ali Khan,Isha Talwar,Saif Ali Khan | Asif Basra | Neil Bhoopalam | Ankit Bisht,,"Cinestaan Film Company, Flying Unicorn Entertainment, Immoral Police",5.7211,A,,,18.0,,6.15,,,,,,,tt6102396,6.2,,,,,,,,,hitFlop=1,High,,wikipedia,2.0,2026-07-02
BOLLY_2018_0870_mukkabaaz,Mukkabaaz,Mukkabaaz,2018,January,1,,Drama,,Drama,No,,Anurag Kashyap,Vineet Kumar Singh,Ravi Kishan,Vineet Kumar Singh,,"Eros International, Colour Yellow Productions",,D,3.0408,D,12.0,,10.51,,,,,,,,8.0,,,,,,,,,hitFlop=1,High,,wikipedia,2.0,2026-07-02
BOLLY_2018_0871_phir_se,Phir Se...,Phir Se...,2018,January,1,,Comedy,,Comedy,No,,Kunal Kohli,Jennifer Winget,Rajit Kapur,Jennifer Winget,,Bombay Film Company,,,4.0747,D,,,,,,,,,,,,,,,,,,,,,Missing/Partial,,wikipedia,2.0,2026-07-02
BOLLY_2018_0872_my_birthday_song,My Birthday Song,My Birthday Song,2018,January,1,,Thriller,,Mystery | Thriller,No,,Samir Soni,Sanjay Suri,Nora Fatehi,Sanjay Suri,,Kahwa entertainment,1.9321,D,,,3.0,,0.07,,,,,,,,5.5,,,,,,,,,hitFlop=1,High,,wikipedia,2.0,2026-07-02
BOLLY_2018_0873_vodka_diaries,Vodka Diaries,Vodka Diaries,2018,January,1,,Thriller,,Thriller,No,,Kushal Srivastava,Kay Kay Menon,Mandira Bedi,Kay Kay Menon | Raima Sen | Mandira Bedi | Sharib Hashmi,,K'Scope Entertainment Pvt Ltd & Vishalraj Films & Production Pvt Ltd,2.6256,D,,,7.0,,1.26,,,,,,,tt6275262,5.5,,,,,,,,,hitFlop=1,High,,wikipedia,2.0,2026-07-02
BOLLY_2018_0874_nirdosh,Nirdosh,Nirdosh,2018,January,1,,Thriller,,Thriller,No,,Pradeep Rangwani,Arbaaz Khan,Manjari Fadnis,Arbaaz Khan,,UV Films,2.5366,D,,,8.0,,1.53,,,,,,,,4.0,,,,,,,,,hitFlop=1,High,,wikipedia,2.0,2026-07-02
BOLLY_2018_0875_union_leader,Union Leader,Union Leader,2018,January,1,,Drama,,Drama,No,,Sanjay Patel,Rahul Bhat,Tillotama Shome,Rahul Bhat,,Dim Light Pictures,,D,,,,,,,,,,,,,7.2,,,,,,,,,,Missing/Partial,,wikipedia,2.0,2026-07-02
BOLLY_2018_0876_padmaavat,Padmaavat,Padmaavat,2018,January,1,,Action,,Drama,No,,Sanjay Leela Bhansali,Shahid Kapoor,Deepika Padukone,Deepika Padukone | Ranveer Singh | Shahid Kapoor | Aditi Rao Hydari,,"Paramount Pictures, Viacom 18 Motion Pictures, Bhansali Productions",5.7659,C,4.922,D,180,,572,,,,,,,tt5935704,7.0,,,,,,,,,hitFlop=5,High,,wikipedia,2.0,2026-07-02
BOLLY_2018_0877_pad_man,Pad Man,Pad Man,2018,February,2,,Comedy,,Biography | Drama,No,,R. Balki,Akshay Kumar,Sonam Kapoor,Akshay Kumar,,"Columbia Pictures, KriArj Entertainment, Cape of Good Films",6.3805,C,,,76.0,,207.73,,,,,,,,7.9,,,,,,,,,hitFlop=4,High,,wikipedia,2.0,2026-07-02
BOLLY_2018_0878_love_per_square_foot,Love Per Square Foot,Love per Square Foot,2018,February,2,,Comedy,,Action | Drama,No,,Anand Tiwari,Vicky Kaushal,Angira Dhar,Vicky Kaushal | Angira Dhar | Alankrita Sahai | Raghubir Yadav,,"RSVP Movies, Netflix",,D,,,5.0,,,,,,,,,tt7853242,7.2,,,,,,,,,,Missing/Partial,,wikipedia,2.0,2026-07-02
BOLLY_2018_0879_aiyaary,Aiyaary,Aiyaary,2018,February,2,,Drama,,Crime | Thriller,No,,Neeraj Pandey,Sidharth Malhotra,Manoj Bajpayee,Sidharth Malhotra | Manoj Bajpayee | Rakul Preet Singh | Pooja Chopra,,"Plan C Studios, Reliance Entertainment, Pen Studios",,C,,,65,,34.07,,,,,,,tt6774212,5.3,,,,,,,,,hitFlop=1,High,,wikipedia,2.0,2026-07-02
BOLLY_2018_0880_kuchh_bheege_alfaaz,Kuchh Bheege Alfaaz,Kuchh Bheege Alfaaz,2018,February,2,,Drama,,Drama | Romance,No,,Onir,Geetanjali Thapa,,Geetanjali Thapa,,Yoodlee Films,,D,,,2.0,,0.09,,,,,,,,7.4,,,,,,,,,hitFlop=1,High,,wikipedia,2.0,2026-07-02
BOLLY_2018_0881_sonu_ke_titu_ki_sweety,Sonu Ke Titu Ki Sweety,Sonu Ke Titu Ki Sweety,2018,February,2,,Comedy,,Comedy | Romance,No,,Luv Ranjan,Kartik Aaryan,Nushrat Bharucha,Kartik Aaryan | Nushrratt Bharuccha | Sunny Singh | Alok Nath,,"T-Series Films, Luv Films",,D,,,25,,152,,,,,,,tt7581902,7.1,,,,,,,,,hitFlop=5,High,,wikipedia,2.0,2026-07-02
BOLLY_2018_0882_pari,Pari,Pari,2018,March,3,,Horror,,Horror | Mystery,No,,Prosit Roy,Anushka Sharma,Parambrata Chatterjee,Anushka Sharma | Parambrata Chattopadhyay | Rajat Kapoor | Ritabhari Chakraborty,,"Clean Slate Films, KriArj Entertainment",6.3761,C,,,30,,41.4,,,,,,,tt7329858,6.5,,,,,,,,,hitFlop=2,High,,wikipedia,2.0,2026-07-02
BOLLY_2018_0883_veerey_ki_wedding,Veerey Ki Wedding,Veerey Ki Wedding,2018,March,3,,Comedy,,Comedy,No,,Ashu Trikha,Pulkit Samrat,Jimmy Sheirgill,Pulkit Samrat,,Panorama Studios,,C,1.1186,D,16.0,,5.1,,,,,,,,2.8,,,,,,,,,hitFlop=1,High,,wikipedia,2.0,2026-07-02
BOLLY_2018_0884_hate_story_iv,Hate Story IV,Hate Story IV,2018,March,3,,Thriller,,Thriller,No,,Vishal Pandya,Urvashi Rautela,Vivan Bhatena,Urvashi Rautela,,T-Series Films,,,,,21,,26.6,,,,,,,,,,,,,,,,,hitFlop=2,High,,wikipedia,2.0,2026-07-02
BOLLY_2018_0885_dil_juunglee,Dil Juunglee,Dil Juunglee,2018,March,3,,Comedy,,Drama | Romance,No,,Aleya Sen,Saqib Saleem,Tapsee Pannu,Saqib Saleem,,Pooja Entertainment,,,,,1.0,,1.3,,,,,,,,3.6,,,,,,,,,hitFlop=2,High,,wikipedia,2.0,2026-07-02
BOLLY_2018_0886_3_storeys,3 Storeys,3 Storeys,2018,March,3,,Drama,,Drama,No,,Arjun Mukerjee,Richa Chaddha,Pulkit Samrat,Richa Chaddha,,Excel Entertainment,,C,,,11.0,,3.19,,,,,,,,7.0,,,,,,,,,hitFlop=1,High,,wikipedia,2.0,2026-07-02
BOLLY_2018_0887_raid,Raid,Raid,2018,March,3,,Action,,Action | Thriller,No,,Raj Kumar Gupta,Ajay Devgn,Ileana D'Cruz,Ajay Devgn | Ileana D'Cruz | Saurabh Shukla | Amit Sial,,"T-Series Films, Panorama Studios",6.8713,C,4.6076,D,40,,153.62,,,,,,,tt7363076,7.4,,,,,,,,,hitFlop=5,High,,wikipedia,2.0,2026-07-02
BOLLY_2018_0888_hichki,Hichki,Hichki,2018,March,3,,Comedy,,Drama,No,,Siddharth P Malhotra,Rani Mukerji,,Rani Mukerji | Naisha Khanna | Neeraj Kabi | Rohit Saraf,,Yash Raj Films,3.932,D,,,20,,209.72,,,,,,,tt6588966,7.5,,,,,,,,,hitFlop=5,High,,wikipedia,2.0,2026-07-02
BOLLY_2018_0889_baaghi_2,Baaghi 2,Baaghi 2,2018,March,3,,Action,,Action | Romance,No,,Ahmed Khan,Tiger Shroff,Disha Patani,Disha Patani | Tiger Shroff | Jacqueline Fernandez | Randeep Hooda,,"Fox Star Studios, Nadiadwala Grandson Entertainment",,B,,,59,,258,,,,,,,tt6843812,4.8,,,,,,,,,hitFlop=5,High,,wikipedia,2.0,2026-07-02
BOLLY_2018_0890_blackmail,Blackmail,Blackmail,2018,April,4,,Comedy,,Comedy | Drama,No,,Abhinay Deo,Irrfan Khan,Kirti Kulhari,Irrfan Khan | Urmila Matondkar | Divya Dutta | Kirti Kulhari,,T-Series Films,2.9178,D,,,18,,28.81,,,,,,,tt6972140,7.1,,,,,,,,,hitFlop=3,High,,wikipedia,2.0,2026-07-02
BOLLY_2018_0891_missing,Missing,Missing,2018,April,4,,Thriller,,Thriller,No,,Mukul Abhyankar,Tabu,Manoj Bajpayee,Manoj Bajpayee | Tabu | Annu Kapoor | Rajesh Jais,,"Anand Pandit Motion Pictures, Sri Adhikari Brothers, Friday Filmworks, Abundantia Entertainment",5.0682,C,,,,,0.85,,,,,,,tt7384848,5.8,,,,,,,,,,Low,,wikipedia,2.0,2026-07-02
BOLLY_2018_0892_october,October,October,2018,April,4,,Drama,,Drama | Romance,No,,Shoojit Sircar,Varun Dhawan,Banita Sandhu,Varun Dhawan | Banita Sandhu | Gitanjali Rao | Sahil Vedoliyaa,,Rising Sun Films,4.74,D,3.8135,D,33,,58.41,,,,,,,tt7700730,7.5,,,,,,,,,hitFlop=3,High,,wikipedia,2.0,2026-07-02
BOLLY_2018_0893_mercury,Mercury,Mercury,2018,April,4,,Thriller,,Thriller,No,,Karthik Subbaraj,Prabhu Deva,Sananth Reddy,Prabhu Deva,,"Pen Studios, Stone Bench Films",,,,,,,,,,,,,,,,,,,,,,,,,Missing/Partial,,wikipedia,2.0,2026-07-02
BOLLY_2018_0894_beyond_the_clouds,Beyond The Clouds,Beyond the Clouds,2018,April,4,,Drama,,Drama,No,,Majid Majidi,Ishaan Khatter,Malavika Mohanan,Ishaan Khatter,,Zee Studios,,,,,6.0,,2.87,,,,,,,,6.9,,,,,,,,,hitFlop=1,High,,wikipedia,2.0,2026-07-02
BOLLY_2018_0895_nanu_ki_jaanu,Nanu Ki Jaanu,Nanu Ki Jaanu,2018,April,4,,Comedy,,Comedy,No,,Faraz Haider,Patralekhaa,Abhay Deol,Patralekhaa,,Inbox Pictures,,D,,,15,,4.12,,,,,,,,5.8,,,,,,,,,hitFlop=1,High,,wikipedia,2.0,2026-07-02
BOLLY_2018_0896_daas_dev,Daas Dev,Daas Dev,2018,April,4,,Thriller,,Drama,No,,Sudhir Mishra,Richa Chaddha,Aditi Rao Hydari,Richa Chaddha,,"Saptrishi Cinevision, Storm Motion Pictures",,D,1.6302,D,20.0,,1.52,,,,,,,,5.1,,,,,,,,,hitFlop=1,High,,wikipedia,2.0,2026-07-02
BOLLY_2018_0897_meri_nimmo,Meri Nimmo,Meri Nimmo,2018,April,4,,Drama,,Drama,No,,M.M Shanklya,Anjali Patil,,Anjali Patil,,"Eros International, Colour Yellow Productions",,,,,,,,,,,,,,,,,,,,,,,,,Missing/Partial,,wikipedia,2.0,2026-07-02
BOLLY_2018_0898_102_not_out,102 Not Out,102 Not Out,2018,May,5,,Comedy,,Comedy | Drama,No,,Umesh Shukla,Amitabh Bachchan,Rishi Kapoor,Amitabh Bachchan | Rishi Kapoor | Vijay Raaz | Ashok Pathak,,Sony Pictures India,7.0113,B,,,35,,115.3,,,,,,,tt6580564,7.4,,,,,,,,,hitFlop=5,High,,wikipedia,2.0,2026-07-02
BOLLY_2018_0899_omerta,Omerta,Omerta,2018,May,5,,Drama,,Drama,No,,Hansal Mehta,Rajkummar Rao,,Rajkummar Rao,,"Swiss Entertainment, Karma Features",3.9271,D,1.4466,D,18,,4.49,,,,,,,,7.1,,,,,,,,,hitFlop=1,High,,wikipedia,2.0,2026-07-02
BOLLY_2018_0900_raazi,Raazi,Raazi,2018,May,5,,Romance,,Drama | War,No,,Meghna Gulzar,Vicky Kaushal,Alia Bhatt,Alia Bhatt | Vicky Kaushal | Rajit Kapoor | Shishir Sharma,,"Junglee Pictures, Dharma Productions",,D,,,35,,190,,,,,,,tt7098658,7.7,,,,,,,,,hitFlop=5,High,,wikipedia,2.0,2026-07-02
BOLLY_2018_0901_hope_aur_hum,Hope Aur Hum,Hope Aur Hum,2018,May,5,,Drama,,Comedy,No,,Sudip Bandyopadhyay,Naseeruddin Shah,Sonali Kulkarni,Naseeruddin Shah,,PVR Pictures,3.7695,D,,,12.0,,2.0,,,,,,,,6.3,,,,,,,,,hitFlop=1,High,,wikipedia,2.0,2026-07-02
BOLLY_2018_0902_high_jack,High Jack,High Jack,2018,May,5,,Comedy,,Comedy,No,,Akash Khurana,Sumeet Vyas,Sonnalli Seygall,Sumeet Vyas | Mantra Mugdh | Sonnalli Seygall | Boloram Das,,"Phantom Films, Viu",,D,,,7.0,,0.34,,,,,,,tt8175968,5.2,,,,,,,,,hitFlop=1,High,,wikipedia,2.0,2026-07-02
BOLLY_2018_0903_khajoor_pe_atke,Khajoor Pe Atke,Khajoor Pe Atke,2018,May,5,,Comedy,,Comedy | Drama,No,,Harsh Chhaya,Vinay Pathak,Manoj Pahwa,Vinay Pathak,,Welcome Friends Production,3.1247,D,,,,,0.71,,,,,,,,5.6,,,,,,,,,,Missing/Partial,,wikipedia,2.0,2026-07-02
BOLLY_2018_0904_bioscopewala,Bioscopewala,Bioscopewala,2018,May,5,,Drama,,Drama,No,,Deb Medhekar,Danny Denzongpa,Geetanjali Thapa,Danny Denzongpa,,Fox Star Studios,2.6726,D,,,,,0.55,,,,,,,,7.5,,,,,,,,,,Missing/Partial,,wikipedia,2.0,2026-07-02
BOLLY_2018_0905_veere_di_wedding,Veere Di Wedding,Veere Di Wedding,2018,June,6,,Comedy,,Comedy | Drama,No,,Shashanka Ghosh,Kareena Kapoor,Sonam Kapoor,Kareena Kapoor | Sonam Kapoor | Swara Bhasker | Shikha Talsania,,"Balaji Motion Pictures, Saffron Broadcast & Media",8.0906,D,1.5653,D,42,,139,,,,,,,tt5842616,3.3,,,,,,,,,hitFlop=5,High,,wikipedia,2.0,2026-07-02
BOLLY_2018_0906_bhavesh_joshi_superhero,Bhavesh Joshi Superhero,Bhavesh Joshi Superhero,2018,June,6,,Action,,Action | Drama,No,,Vikramaditya Motwane,Harshvardhan Kapoor,Nishikant Kamat,Harshvardhan Kapoor | Priyanshu Painyuli | Ashish Verma | Shreiyah Sabharwal,,"Eros International, Phantom Films",,,,,21,,2.52,,,,,,,tt6129302,7.6,,,,,,,,,hitFlop=1,High,,wikipedia,2.0,2026-07-02
BOLLY_2018_0907_phamous,Phamous,Phamous,2018,June,6,,Drama,,Action | Drama,No,,Karan Lalit Butani,Jackie Shroff,Jimmy Sheirgill,Jackie Shroff,,Vidisha Productions Pvt. Ltd.,2.6163,D,,,,,0.43,,,,,,,,3.8,,,,,,,,,,Missing/Partial,,wikipedia,2.0,2026-07-02
BOLLY_2018_0908_race_3,Race 3,Race 3,2018,June,6,,Action,,Action | Thriller,No,,Remo D'Souza,Anil Kapoor,Bobby Deol,Anil Kapoor | Salman Khan | Bobby Deol | Jacqueline Fernandez,,"Salman Khan Films, Tips Industries",5.6087,C,,,150,,295,,,,,,,tt7431594,1.9,,,,,,,,,hitFlop=3,High,,wikipedia,2.0,2026-07-02
BOLLY_2018_0909_lust_stories,Lust Stories,Lust Stories,2018,June,6,,Drama,,Drama,No,,Anurag Kashyap | Karan Johar | Zoya Akhtar | Dibakar Banerjee,Radhika Apte,Sanjay Kapoor,Radhika Apte,,"RSVP Movies, Excel Entertainment, Dharma Productions, Netflix",,D,3.0408,D,,,,,,,,,,,,,,,,,,,,,Missing/Partial,,wikipedia,2.0,2026-07-02
BOLLY_2018_0910_sanju,Sanju,Sanju,2018,June,6,,Drama,,Biography,No,,Rajkumar Hirani,Ranbir Kapoor,,Ranbir Kapoor | Paresh Rawal | Manisha Koirala | Vicky Kaushal,,"Fox Star Studios, Vinod Chopra Films, Rajkumar Hirani Films",7.6986,B,10,A,96,,586.85,,,,,,,tt6452574,7.6,,,,,,,,,hitFlop=5,High,,wikipedia,2.0,2026-07-02
BOLLY_2018_0911_hanuman_vs_mahiravana,Hanuman vs Mahiravana,Hanuman vs Mahiravana,2018,July,7,,Animation,,Animation,No,,Ezhil Vendan,,,,,Green Gold Animations,,,,,,,,,,,,,,,,,,,,,,,,,Missing/Partial,,wikipedia,2.0,2026-07-02
BOLLY_2018_0912_soorma,Soorma,Soorma,2018,July,7,,Drama,,Biography,No,,Shaad Ali,Diljit Dosanjh,Taapsee Pannu,Diljit Dosanjh | Taapsee Pannu | Angad Bedi | Vijay Raaz,,Sony Pictures Networks Productions,,C,5.2612,C,31,,48,,,,,,,tt7690638,7.3,,,,,,,,,hitFlop=3,High,,wikipedia,2.0,2026-07-02
BOLLY_2018_0913_dhadak,Dhadak,Dhadak,2018,July,7,,Drama,,Drama,No,,Shashank Khaitan,Ishaan Khatter,Jhanvi Kapoor,Janhvi Kapoor | Ishaan Khattar | Ashutosh Rana | Aditya Kumar,,"Zee Studios, Dharma Productions",,,,,41,,110,,,,,,,tt7638344,4.5,,,,,,,,,hitFlop=4,High,,wikipedia,2.0,2026-07-02
BOLLY_2018_0914_saheb_biwi_aur_gangster_3,Saheb Biwi Aur Gangster 3,"Saheb, Biwi Aur Gangster 3",2018,July,7,,Thriller,,Action | Romance,No,,Tigmanshu Dhulia,Sanjay Dutt,Jimmy Sheirgill,Sanjay Dutt | Jimmy Shergill | Mahie Gill | Chitrangda Singh,,Jar Pictures,5.0026,C,1.6059,D,28,,10.2,,,,,,,tt7695014,4.3,,,,,,,,,hitFlop=1,High,,wikipedia,2.0,2026-07-02
BOLLY_2018_0915_nawabzaade,Nawabzaade,Nawabzaade,2018,July,7,,Comedy,,Comedy,No,,Jayesh Pradhan,Raghav Juyal,Punit Pathak,Dharmesh Yelande | Punit Pathak | Raghav Juyal | Isha Rikhi,,Remo D'Souza Entertainment,,,,,10.0,,4.05,,,,,,,tt8060624,4.2,,,,,,,,,hitFlop=1,High,,wikipedia,2.0,2026-07-02
BOLLY_2018_0916_fanney_khan,Fanney Khan,Fanney Khan,2018,August,8,,Comedy,,Drama | Musical,No,,Atul Manjrekar,Anil Kapoor,Aishwarya Rai Bachchan,Anil Kapoor,,T-Series Films,5.6087,C,,,38,,16.55,,,,,,,,4.5,,,,,,,,,hitFlop=1,High,,wikipedia,2.0,2026-07-02
BOLLY_2018_0917_mulk,Mulk,Mulk,2018,August,8,,Drama,,Thriller,No,,Anubhav Sinha,Rishi Kapoor,Prateik Babbar,Taapsee Pannu | Rishi Kapoor | Neena Gupta | Ashutosh Rana,,"Soham Rockstar Entertainment, Benaras Mediaworks",4.4084,B,3.0566,D,19,,28.33,,,,,,,tt7618184,7.6,,,,,,,,,hitFlop=2,High,,wikipedia,2.0,2026-07-02
BOLLY_2018_0918_laxmi_and_tikli_bomb,Laxmi and Tikli Bomb,Laxmi and Tikli Bomb,2018,,,,Drama,,Drama,No,,Aditya Kripalani,Vibhawari Deshpande,Upendra Limaye,Vibhawari Deshpande,,Mumba Devi Motion Pictures,,,,,,,,,,,,,,,,,,,,,,,,,Missing/Partial,,wikipedia,2.0,2026-07-02
BOLLY_2018_0919_karwaan,Karwaan,Karwaan,2018,August,8,,Comedy,,Comedy,No,,Akarsh Khurana,Irrfan Khan,Dulquer Salman,Irrfan Khan | Dulquer Salmaan | Mithila Palkar | Amala Akkineni,,RSVP Movies,2.9178,D,,,23.0,,26.42,,,,,,,tt7919680,7.5,,,,,,,,,hitFlop=2,High,,wikipedia,2.0,2026-07-02
BOLLY_2018_0920_gold,Gold,Gold,2018,August,8,,Drama,,Sports | Drama,No,,Reema Kagti,Akshay Kumar,Kunal Kapoor,Krishan Tandon | Hubertus Geller | Siddharth Kher | Sheldon Redden,,Excel Entertainment,6.3805,C,,,107.0,,158,,,,,,,tt6173990,7.3,,,,,,,,,hitFlop=2,High,,wikipedia,2.0,2026-07-02
BOLLY_2018_0921_satyameva_jayate,Satyameva Jayate,Satyameva Jayate,2018,August,8,,Action,,Action | Thriller,No,,Milap Zaveri,John Abraham,Manoj Bajpayee,John Abraham | Manoj Bajpayee | Aisha Sharma | Amruta Khanvilkar,,"T-Series Films, Emmay Entertainment",7.1193,D,,,38,,110,,,,,,,tt8202612,5.7,,,,,,,,,hitFlop=4,High,,wikipedia,2.0,2026-07-02
BOLLY_2018_0922_genius,Genius,Genius,2018,August,8,,Action,,Action,No,,Anil Sharma,Utkarsh Sharma,Ishita Chauhan,Utkarsh Sharma,,Soham Rockstar Entertainment,,,5.7345,C,15,,7.5,,,,,,,,,,,,,,,,,hitFlop=1,High,,wikipedia,2.0,2026-07-02
BOLLY_2018_0923_happy_phirr_bhag_jayegi,Happy Phirr Bhag Jayegi,Happy Phirr Bhag Jayegi,2018,August,8,,Comedy,,Comedy,No,,Mudassar Aziz,Sonakshi Sinha,Diana Penty,Sonakshi Sinha,,"Eros International, Colour Yellow Productions",6.9519,A,,,30,,28.06,,,,,,,,4.5,,,,,,,,,hitFlop=1,High,,wikipedia,2.0,2026-07-02
BOLLY_2018_0924_toba_tek_singh,Toba Tek Singh,Toba Tek Singh,2018,August,8,,Drama,,Drama,No,,Ketan Mehta,Pankaj Kapur,Vinay Pathak,Pankaj Kapur,,Maya Movies,,D,,,,,,,,,,,,,,,,,,,,,,,Missing/Partial,,wikipedia,2.0,2026-07-02
BOLLY_2018_0925_stree,Stree,Stree,2018,August,8,,Comedy,,Horror,No,,Amar Kaushik,Rajkummar Rao,Shraddha Kapoor,Ashish Chhipa | Rajkummar Rao | Shraddha Kapoor | Pankaj Tripathi,,Jio Studios,3.9271,D,,,23,,180.76,,,,,,,tt8108202,7.5,,,,,,,,,hitFlop=5,High,,wikipedia,2.0,2026-07-02
BOLLY_2018_0926_once_again,Once Again,Once Again,2018,September,9,,Drama,,Drama,No,,Kanwal Sethi,Shefali Shah,Neeraj Kabi,Shefali Shah,,JAR Pictures,,,,,,,,,,,,,,,,,,,,,,,,,Missing/Partial,,wikipedia,2.0,2026-07-02
BOLLY_2018_0927_paltan,Paltan,Paltan,2018,September,9,,Action,,Action | Drama,No,,J. P. Dutta,Jackie Shroff,Sonu Sood,Jackie Shroff | Arjun Rampal | Sonu Sood | Gurmeet Choudhary,,Zee Studios,2.6163,D,,,35,,10.22,,,,,,,tt7162758,5.2,,,,,,,,,hitFlop=1,High,,wikipedia,2.0,2026-07-02
BOLLY_2018_0928_laila_majnu,Laila Majnu,Laila Majnu,2018,September,9,,Drama,,Drama,No,,Sajid Ali,Mir Sarwar,Avinash Tiwary,Avinash Tiwary | Triptii Dimri | Sumit Kaul | Abrar Qazi,,Balaji Motion Pictures,,,,,15.0,,11.5,,,,,,,tt8011276,7.6,,,,,,,,,hitFlop=1,High,,wikipedia,2.0,2026-07-02
BOLLY_2018_0929_gali_guleiyan,Gali Guleiyan,Gali Guleiyan,2018,September,9,,Drama,,Drama | Thriller,No,,Dipesh Jain,Manoj Bajpayee,Ranvir Shorey,Manoj Bajpayee,,PVR Pictures,2.1847,D,,,,,0.39,,,,,,,,7.0,,,,,,,,,,Missing/Partial,,wikipedia,2.0,2026-07-02
BOLLY_2018_0930_halkaa,Halkaa,Halkaa,2018,September,9,,Drama,,Drama | Social,No,,Nila Madhab Panda,Ranvir Shorey,Paoli Dam,Ranvir Shorey,,"Shiv Nadar Foundation, Akshay Parija Productions, Eleeanora Images",3.063,D,,,6.0,,0.17,,,,,,,,7.1,,,,,,,,,hitFlop=1,High,,wikipedia,2.0,2026-07-02
BOLLY_2018_0931_manmarziyaan,Manmarziyaan,Manmarziyaan,2018,September,9,,Drama,,Drama,No,,Anurag Kashyap,Abhishek Bachchan,Vicky Kaushal,Taapsee Pannu | Abhishek Bachchan | Vicky Kaushal | Jasmin Bajwa,,"Eros International, Colour Yellow Productions, Phantom Films",5.2079,D,3.0408,D,28.0,,40.39,,,,,,,tt5474036,6.9,,,,,,,,,hitFlop=2,High,,wikipedia,2.0,2026-07-02
BOLLY_2018_0932_love_sonia,Love Sonia,Love Sonia,2018,June,6,,Drama,,Drama,No,,Tabrez Noorani,Mrunal Thakur,Freida Pinto,Abhishek Bharate | Riya Sisodiya | Mrunal Thakur | Adil Hussain,,Prime Focus,,B,,,15.0,,2.08,,,,,,,tt3823392,7.4,,,,,,,,,hitFlop=1,High,,wikipedia,2.0,2026-07-02
BOLLY_2018_0933_mitron,Mitron,Mitron,2018,September,9,,Comedy,,Comedy,No,,Nitin Kakar,Jackky Bhagnani,Kritika Kamra,Jackky Bhagnani | Kritika Kamra | Prateik Patil Babbar | Perlene Bhersaina,,Abundantia Entertainment,,,,,15.0,,3.85,,,,,,,tt8852558,6.9,,,,,,,,,hitFlop=1,High,,wikipedia,2.0,2026-07-02
BOLLY_2018_0934_batti_gul_meter_chalu,Batti Gul Meter Chalu,Batti Gul Meter Chalu,2018,September,9,,Social,,Comedy,No,,Shree Narayan Singh,Shahid Kapoor,Shraddha Kapoor,Shahid Kapoor | Shraddha Kapoor | Divyendu Sharma | Yami Gautam,,T-Series Films,5.7659,C,,,49.0,,56,,,,,,,tt7720922,6.1,,,,,,,,,hitFlop=2,High,,wikipedia,2.0,2026-07-02
BOLLY_2018_0935_manto,Manto,Manto,2018,May,5,,Drama,,Drama,No,,Nandita Das,Nawazuddin Siddiqui,Tahir Raj Bhasin,Nawazuddin Siddiqui | Rasika Dugal | Tahir Raj Bhasin | Nazma Ali Shaikh,,Viacom18 Motion Pictures,3.7877,D,,,15.0,,3.71,,,,,,,tt6923462,7.3,,,,,,,,,hitFlop=1,High,,wikipedia,2.0,2026-07-02
BOLLY_2018_0936_ishqeria,Ishqeria,Ishqeria,2018,September,9,,Drama,,Drama,No,,Prerna Wadhawan,Neil Nitin Mukesh,Richa Chaddha,Neil Nitin Mukesh,,Swarp Films & Yen Movies,2.7445,D,,,,,0.08,,,,,,,,4.0,,,,,,,,,,Missing/Partial,,wikipedia,2.0,2026-07-02
BOLLY_2018_0937_sui_dhaaga,Sui Dhaaga,Sui Dhaaga,2018,September,9,,Comedy,,Comedy,No,,Sharat Katariya,Varun Dhawan,Anushka Sharma,Varun Dhawan,,Yash Raj Films,4.74,D,,,48,,125.09,,,,,,,,,,,,,,,,,hitFlop=4,High,,wikipedia,2.0,2026-07-02
BOLLY_2018_0938_pataakha,Pataakha,Pataakha,2018,September,9,,Comedy,,Drama,No,,Vishal Bhardwaj,Sanya Malhotra,Sunil Grover,Sanya Malhotra | Radhika Madan | Sunil Grover | Vijay Raaz,,"Kyta Productions, B4U Motion Pictures, Vishal Bhardwaj Films",,D,3.6423,D,19.0,,11.06,,,,,,,tt8396128,7.2,,,,,,,,,hitFlop=1,High,,wikipedia,2.0,2026-07-02
BOLLY_2018_0939_loveyatri,Loveyatri,Loveyatri,2018,October,10,,Drama,,Romance,No,,Abhiraj Minawala,Aayush Sharma,,Sammy Jonas Heaney | Aayush Sharma | Warina Hussain | Caroline Wilde,,Salman Khan Films,,A,,,32,,18.14,,,,,,,tt7820846,3.2,,,,,,,,,hitFlop=1,High,,wikipedia,2.0,2026-07-02
BOLLY_2018_0940_andhadhun,Andhadhun,Andhadhun,2018,October,10,,Comedy,,Drama | Thriller,No,,Sriram Raghavan,Ayushman Khurana,Tabu,Tabu | Ayushmann Khurrana | Radhika Apte | Anil Dhawan,,Viacom18 Motion Pictures,,C,1.8067,D,32,,456.89,,,,,,,tt8108198,8.2,,,,,,,,,hitFlop=5,High,,wikipedia,2.0,2026-07-02
BOLLY_2018_0941_jalebi,Jalebi,Jalebi,2018,October,10,,Drama,,Drama,No,,Pushpdeep Bhardwaj,Rhea Chakraborty,Digangana Suryavanshi,Rhea Chakraborty | Varun Mitra | Digangana Suryavanshi | Poorti Arya,,"Vishesh Films, Viacom18 Motion Pictures",,,,,7.5,,2.41,,,,,,,tt8426854,6.0,,,,,,,,,hitFlop=1,High,,wikipedia,2.0,2026-07-02
BOLLY_2018_0942_helicopter_eela,Helicopter Eela,Helicopter Eela,2018,October,10,,Drama,,Comedy,No,,Pradeep Sarkar,Kajol,Riddhi Sen,Kajol | Riddhi Sen | Tota Roy Chowdhury | Neha Dhupia,,"Pen Studios, Ajay Devgn FFilms",7.2516,B,2.2519,D,20,,8.24,,,,,,,tt8427036,5.4,,,,,,,,,hitFlop=1,High,,wikipedia,2.0,2026-07-02
BOLLY_2018_0943_fryday,FryDay,FryDay,2018,October,10,,Comedy,,Comedy,No,,Abhishek Dogra,Govinda,Varun Sharma,Govinda,,PVR Pictures,4.7856,D,,,8.0,,1.52,,,,,,,,5.3,,,,,,,,,hitFlop=1,High,,wikipedia,2.0,2026-07-02
BOLLY_2018_0944_tumbbad,Tumbbad,Tumbbad,2018,October,10,,Drama,,Thriller,No,,Rahi Anil Barve,Soham Shah,Harish Khanna,Sohum Shah | Jyoti Malshe | Anita Date-Kelkar | Ronjini Chakraborty,,"Eros International, Colour Yellow Productions, Film i Väst",,,,,15,,15.46,,,,,,,tt8239946,8.2,,,,,,,,,hitFlop=2,High,,wikipedia,2.0,2026-07-02
BOLLY_2018_0945_namaste_england,Namaste England,Namaste England,2018,October,10,,Drama,,Comedy,No,,Vipul Shah,Arjun Kapoor,Parineeti Chopra,Arjun Kapoor,,"Pen Studios, Reliance Entertainment",6.5059,C,,,54.0,,8.02,,,,,,,,2.0,,,,,,,,,hitFlop=1,High,,wikipedia,2.0,2026-07-02
BOLLY_2018_0946_badhaai_ho,Badhaai Ho,Badhaai Ho,2018,October,10,,Comedy,,Comedy | Family,No,,Amit Ravindernath Sharma,Ayushman Khurrana,Neena Gupta,Ayushmann Khurrana | Neena Gupta | Gajraj Rao | Sanya Malhotra,,Junglee Pictures,,D,,,29,,221.44,,,,,,,tt7725596,8.0,,,,,,,,,hitFlop=5,High,,wikipedia,2.0,2026-07-02
BOLLY_2018_0947_baazaar,Baazaar,Baazaar,2018,October,10,,Thriller,,Drama | Thriller,No,,Gauravv K. Chawla,Saif Ali Khan,Radhika Apte,Saif Ali Khan | Radhika Apte | Chitrangda Singh | Denzil Smith,,"Viacom18 Motion Pictures, Emmay Entertainment",5.7211,A,,,34.0,,39.87,,,,,,,tt6514196,6.5,,,,,,,,,hitFlop=2,High,,wikipedia,2.0,2026-07-02
BOLLY_2018_0948_5_weddings,5 Weddings,5 Weddings,2018,May,5,,Drama,,Drama,No,,Namrata Singh Gujral,Rajkummar Rao,Nargis Fakhri,Rajkummar Rao,,Uniglobe Entertainment,3.9271,D,,,20.0,,0.41,,,,,,,,3.5,,,,,,,,,hitFlop=1,High,,wikipedia,2.0,2026-07-02
BOLLY_2018_0949_kaashi_in_search_of_ganga,Kaashi In Search Of Ganga,Kaashi in Search of Ganga,2018,October,10,,Thriller,,Drama,No,,Dhiraj Kumar,Sharman Joshi,Aishwarya Devan,Prince Adhikari | Aishwarya Devan | Sukriti Gupta | Kranti Prakash Jha,,Insite India,3.6904,D,,,10.0,,0.93,,,,,,,tt7274806,5.3,,,,,,,,,hitFlop=1,High,,wikipedia,2.0,2026-07-02
BOLLY_2018_0950_dassehra,Dassehra,Dassehra,2018,October,10,,Action,,Crime | Drama,No,,Manish Vatsalya,Neil Nitin Mukesh,Tina Desai,Neil Nitin Mukesh,,Rash Production,2.7445,D,,,10.0,,0.25,,,,,,,,3.7,,,,,,,,,hitFlop=1,High,,wikipedia,2.0,2026-07-02
BOLLY_2018_0951_thugs_of_hindostan,Thugs Of Hindostan,Thugs of Hindostan,2018,November,11,,Action,,Action | Thriller,No,,Vijay Krishna Acharya,Amitabh Bachchan,Aamir Khan,Aamir Khan | Amitabh Bachchan | Lloyd Owen | Katrina Kaif,,Yash Raj Films,7.0113,B,,,200,,322.07,,,,,,,tt5970844,4.0,,,,,,,,,hitFlop=3,High,,wikipedia,2.0,2026-07-02
BOLLY_2018_0952_mohalla_assi,Mohalla Assi,Mohalla Assi,2018,November,11,,Social,,Comedy | Drama,No,,Chandraprakash Dwivedi,Sunny Deol,Sakshi Tanwar,Sunny Deol,,Crossword Entertainment Pvt. Ltd.,3.3809,D,,,10.0,,0.33,,,,,,,,6.6,,,,,,,,,hitFlop=1,High,,wikipedia,2.0,2026-07-02
BOLLY_2018_0953_pihu,Pihu,Pihu,2018,November,11,,Thriller,,Drama | Thriller,No,,Vinod Kapri,,,,,RSVP Movies,,,,,0.5,,2.95,,,,,,,,6.7,,,,,,,,,hitFlop=5,High,,wikipedia,2.0,2026-07-02
BOLLY_2018_0954_hotel_milan,Hotel Milan,Hotel Milan,2018,November,11,,Comedy,,Comedy | Drama,No,,Vishal Mishra,Kunaal Roy Kapur,Karishma Sharma,Kunaal Roy Kapur,,AD Films,,,,,,,,,,,,,,,3.7,,,,,,,,,,Missing/Partial,,wikipedia,2.0,2026-07-02
BOLLY_2018_0955_tigers,Tigers,Tigers,2018,September,9,,Drama,,Drama,No,,Danis Tanović,Emraan Hashmi,Khalid Abdalla,Emraan Hashmi,,Sikhya Entertainment,4.721,D,,,,,,,,,,,,,,,,,,,,,,,Missing/Partial,,wikipedia,2.0,2026-07-02
BOLLY_2018_0956_bhaiaji_superhit,Bhaiaji Superhit,Bhaiaji Superhit,2018,November,11,,Action,,Comedy,No,,Neerraj Pathak,Sunny Deol,Preity Zinta,Sunny Deol | Preity G Zinta | Arshad Warsi | Ameesha Patel,,Metro Movies,3.3809,D,,,26.0,,5.69,,,,,,,tt2150177,3.9,,,,,,,,,hitFlop=1,High,,wikipedia,2.0,2026-07-02
BOLLY_2018_0957_2_0,2.0,2.0,2018,November,11,,Action,,Action,No,,S Shankar,Rajnikanth,Amy Jackson,Rajnikanth,,"Dharma Productions, Lyca Productions",,D,,,400,,699.89,,,,,,,,,,,,,,,,,hitFlop=3,High,,wikipedia,2.0,2026-07-02
BOLLY_2018_0958_rajma_chawal,Rajma Chawal,Rajma Chawal,2018,November,11,,Comedy,,Drama,No,,Leena Yadav,Rishi Kapoor,Amyra Dastur,Amyra Dastur | Mukesh Chhabra | Rishi Kapoor | Sheeba Chaddha,,Netflix,4.4084,B,,,,,,,,,,,,tt6747420,5.7,,,,,,,,,,Missing/Partial,,wikipedia,2.0,2026-07-02
BOLLY_2018_0959_kedarnath,Kedarnath,Kedarnath,2018,December,12,,Drama,,Drama | Romance,No,,Abhishek Kapoor,Sushant Singh Rajput,Sara Ali Khan,Sushant Singh Rajput | Sara Ali Khan | Nitish Bharadwaj | Alka Amin,,"RSVP Movies, Guy in the Sky Pictures",,C,4.0376,D,68,,102.77,,,,,,,tt7027278,6.7,,,,,,,,,hitFlop=3,High,,wikipedia,2.0,2026-07-02
BOLLY_2018_0960_ascharyachakit,Ascharyachakit!,Ascharyachakit!,2018,December,12,,Comedy,,Comedy,No,,Samit Kakkad,Priyanka Bose,Ankit Raaj,Priyanka Bose,,Yoodlee Films,,,,,,,,,,,,,,,,,,,,,,,,,Missing/Partial,,wikipedia,2.0,2026-07-02
BOLLY_2018_0961_zero,Zero,Zero,2018,December,12,,Comedy,,Action | Comedy,No,,Aanand L. Rai,Shah Rukh Khan,Katrina Kaif,Shah Rukh Khan | Anushka Sharma | Katrina Kaif | Mohd. Zeeshan Ayyub,,"Red Chillies Entertainment, Colour Yellow Productions",9.2267,A,,,200,,191.43,,,,,,,tt6527426,5.2,,,,,,,,,hitFlop=1,High,,wikipedia,2.0,2026-07-02
BOLLY_2018_0962_simmba,Simmba,Simmba,2018,December,12,,Action,,Comedy | Romance,No,,Rohit Shetty,Ranveer Singh,Sara Ali Khan,Ranveer Singh | Sara Ali Khan | Sonu Sood | Ashutosh Rana,,"Reliance Entertainment, Dharma Productions",6.0024,C,6.8376,C,80,,400.19,,,,,,,tt7212726,5.7,,,,,,,,,hitFlop=5,High,,wikipedia,2.0,2026-07-02
BOLLY_2019_0963_salt_bridge,Salt Bridge,Salt Bridge,2019,January,1,,Drama,,Drama,No,,Abhijit Deonath,Rajeev Khandelwal,Chelsie Preston Crayford,Rajeev Khandelwal,,Fillearth,1.5575,D,,,,,,,,,,,,,,,,,,,,,,,Missing/Partial,,wikipedia,2.0,2026-07-02
BOLLY_2019_0964_cabaret,Cabaret,Cabaret,2019,January,1,,Drama,,Drama,No,,Kaustav Narayan Niyogi,Richa Chadda,Gulshan Devaiah,Richa Chadda,,T-Series Films,,D,,,,,,,,,,,,,,,,,,,,,,,Missing/Partial,,wikipedia,2.0,2026-07-02
BOLLY_2019_0965_battalion_609,Battalion 609,Battalion 609,2019,January,1,,Action,,Action | War,No,,Brijesh Batuknath Tripathi,Shoaib Ibrahim,Elena Kazan,Shoaib Ibrahim,,N.J Lalwani Films,,,,,,,0.01,,,,,,,,2.8,,,,,,,,,,Low,,wikipedia,2.0,2026-07-02
BOLLY_2019_0966_the_accidental_prime_minister,The Accidental Prime Minister,The Accidental Prime Minister,2019,January,1,,Drama,,Biography | Drama,No,,Vijay Ratnakar Gutte,Anupam Kher,Akshaye Khanna,Anupam Kher | Akshaye Khanna | Suzanne Bernert | Vipin Sharma,,Pen Studios,3.4477,D,,,21.0,,22.65,,,,,,,tt6986710,6.0,,,,,,,,,hitFlop=2,High,,wikipedia,2.0,2026-07-02
BOLLY_2019_0967_evening_shadows,Evening Shadows,Evening Shadows,2019,February,2,,Drama,,Drama,No,,Sridhar Rangayan,Mona Ambegaonkar,Ananth Narayan Mahadevan,Mona Ambegaonkar,,Solaris Pictures,,D,,,,,,,,,,,,,,,,,,,,,,,Missing/Partial,,wikipedia,2.0,2026-07-02
BOLLY_2019_0968_why_cheat_india,Why Cheat India,Why Cheat India,2019,January,1,,Comedy,,Drama | Thriller,No,,Soumik Sen,Emraan Hashmi,Shreya Dhanwanthary,Emraan Hashmi | Shreya Dhanwanthary | Snighdadeep Chatterji | Shubham Somu Srivastava,,T-Series Films,4.721,D,,,20,,86.6,,,,,,,tt8108208,6.1,,,,,,,,,hitFlop=5,High,,wikipedia,2.0,2026-07-02
BOLLY_2019_0969_fraud_saiyaan,Fraud Saiyaan,Fraud Saiyaan,2019,January,1,,Comedy,,Comedy,No,,Sourabh Shrivastava,Arshad Warsi,Sara Loren,Arshad Warsi,,"Prakash Jha Productions, Drama King Entertainment",3.5596,D,,,15.0,,2.28,,,,,,,,4.2,,,,,,,,,hitFlop=1,High,,wikipedia,2.0,2026-07-02
BOLLY_2019_0970_soni,Soni,Soni,2019,January,1,,Drama,,Drama,No,,Ivan Ayr,,,,,Netflix,,,,,,,,,,,,,,,,,,,,,,,,,Missing/Partial,,wikipedia,2.0,2026-07-02
BOLLY_2019_0971_bombairiya,Bombairiya,Bombairiya,2019,January,1,,Comedy,,Drama | Thriller,No,,Pia Sukanya,Radhika Apte,Siddhanth Kapoor,Radhika Apte | Akshay Oberoi | Siddhant Kapoor | Ravi Kishan,,"TriStar Pictures, Zee Studios",,D,,,5.5,,0.13999999999999999,,,,,,,tt4971258,4.5,,,,,,,,,hitFlop=1,High,,wikipedia,2.0,2026-07-02
BOLLY_2019_0972_rangeela_raja,Rangeela Raja,Rangeela Raja,2019,January,1,,Comedy,,Comedy,No,,Sikander Bharti,Govinda,Shakti Kapoor,Govinda | Mishika Chourasia | Karan Aanand | Anupama Agnihotri,,Chitradeep International,4.7856,D,,,19,,0.18,,,,,,,tt6689882,2.1,,,,,,,,,hitFlop=1,High,,wikipedia,2.0,2026-07-02
BOLLY_2019_0973_thackeray,Thackeray,Thackeray,2019,January,1,,Drama,,Biography,No,,Abhijit Panse,Nawazuddin Siddiqui,Amrita Rao,Nawazuddin Siddiqui | Amrita Rao | Prakash Belawadi | Nilesh Divekar,,Viacom18 Motion Pictures,3.7877,D,,,30,,31.6,,,,,,,tt7777196,5.3,,,,,,,,,hitFlop=2,High,,wikipedia,2.0,2026-07-02
BOLLY_2019_0974_ek_ladki_ko_dekha_toh_aisa_laga,Ek Ladki Ko Dekha Toh Aisa Laga,Ek Ladki Ko Dekha Toh Aisa Laga,2019,February,2,,Comedy,,Comedy | Drama,No,,Shelly Chopra Dhar,Anil Kapoor,Sonam Kapoor,Sonam Kapoor | Anil Kapoor | Rajkummar Rao | Juhi Chawla,,"Fox Star Studios, Vinod Chopra Films",5.6087,C,,,30,,39.86,,,,,,,tt8108164,5.6,,,,,,,,,hitFlop=2,High,,wikipedia,2.0,2026-07-02
BOLLY_2019_0975_the_fakir_of_venice,The Fakir Of Venice,The Fakir of Venice,2019,February,2,,Comedy,,Drama,No,,Anand Surapur,Farhan Akhtar,Annu Kapoor,Farhan Akhtar,,"October Films, Phat Phish Motion Pictures",6.6258,D,,,1.3,,0.2,,,,,,,,5.1,,,,,,,,,hitFlop=1,High,,wikipedia,2.0,2026-07-02
BOLLY_2019_0976_dosti_ke_side_effects,Dosti Ke Side Effects,Dosti Ke Side Effects,2019,February,2,,Comedy,,Comedy | Romance,No,,Hadi Ali Abrar,Neel Motwani,Zuber K. Khan,Neel Motwani,,Share Happiness Films,,,,,,,,,,,,,,,3.4,,,,,,,,,,Missing/Partial,,wikipedia,2.0,2026-07-02
BOLLY_2019_0977_amavas,Amavas,Amavas,2019,February,2,,Thriller,,Horror | Thriller,No,,Bhushan Patel,Sachiin Joshi,Vivan Bhatena,Ali Asgar | Ali Asgar | Vivan Bhatena | Sabina Chema,,Weeping Grave,,,,,12.0,,3.6,,,,,,,tt8396186,2.8,,,,,,,,,hitFlop=1,High,,wikipedia,2.0,2026-07-02
BOLLY_2019_0978_gully_boy,Gully Boy,Gully Boy,2019,February,2,,Drama,,Drama | Romance,No,,Zoya Akhtar,Ranveer Singh,Alia Bhatt,Ranveer Singh | Alia Bhatt | Siddhant Chaturvedi | Vijay Raaz,,"Excel Entertainment, Tiger Baby",6.0024,C,3.4538,D,60,,238.16,,,,,,,tt2395469,7.9,,,,,,,,,hitFlop=5,High,,wikipedia,2.0,2026-07-02
BOLLY_2019_0979_hum_chaar,Hum Chaar,Hum Chaar,2019,February,2,,Comedy,,Drama | Romance,No,,Abhishek Dixit,,,,,Rajshri Productions,,,,,,,0.27,,,,,,,,5.7,,,,,,,,,,Missing/Partial,,wikipedia,2.0,2026-07-02
BOLLY_2019_0980_total_dhamaal,Total Dhamaal,Total Dhamaal,2019,February,2,,Comedy,,Adventure | Comedy,No,,Indra Kumar,Ajay Devgn,Madhuri Dixit,Ajay Devgn | Anil Kapoor | Madhuri Dixit | Riteish Deshmukh,,"Fox Star Studios, Ajay Devgn FFilms",6.8713,C,4.1206,D,90,,228.27,,,,,,,tt7639372,4.1,,,,,,,,,hitFlop=4,High,,wikipedia,2.0,2026-07-02
BOLLY_2019_0981_goopi_gawaiya_bagha_bajaiya,Goopi Gawaiya Bagha Bajaiya,Goopi Gawaiya Bagha Bajaiya,2019,March,3,,Fantasy,,Fantasy,No,,Shilpa Ranade,,,,,Children's Film Society,,,,,2,,,,,,,,,,,,,,,,,,,,Low,,wikipedia,2.0,2026-07-02
BOLLY_2019_0982_luka_chuppi,Luka Chuppi,Luka Chuppi,2019,March,3,,Comedy,,Comedy | Romance,No,,Laxman Utekar,Kartik Aaryan,Kriti Sanon,Kartik Aaryan | Kriti Sanon | Aparshakti Khurana | Pankaj Tripathi,,Maddock Films,,C,,,25,,128.6,,,,,,,tt8908002,6.3,,,,,,,,,hitFlop=5,High,,wikipedia,2.0,2026-07-02
BOLLY_2019_0983_sonchiriya,Sonchiriya,Sonchiriya,2019,March,3,,Action,,Drama | Thriller,No,,Abhishek Chaubey,Sushant Singh Rajput,Bhumi Pednekar,Sushant Singh Rajput | Bhumi Pednekar | Ashutosh Rana | Ranvir Shorey,,RSVP Movies,,C,,,22,,10.42,,,,,,,tt8108200,7.9,,,,,,,,,hitFlop=1,High,,wikipedia,2.0,2026-07-02
BOLLY_2019_0984_badla,Badla,Badla,2019,March,3,,Thriller,,Drama | Thriller,No,,Sujoy Ghosh,Amitabh Bachchan,Taapsee Pannu,Amitabh Bachchan | Taapsee Pannu | Amrita Singh | Antonio Aakeel,,Red Chillies Entertainment,7.0113,B,2.6445,D,10,,138.5,,,,,,,tt8130968,7.8,,,,,,,,,hitFlop=5,High,,wikipedia,2.0,2026-07-02
BOLLY_2019_0985_the_sholay_girl,The Sholay Girl,The Sholay Girl,2019,March,3,,Drama,,Drama,No,,Aditya Sarpotdar,Bidita Bag,Chandan Roy Sanyal,Bidita Bag,,ZEE5,,,,,,,,,,,,,,,,,,,,,,,,,Missing/Partial,,wikipedia,2.0,2026-07-02
BOLLY_2019_0986_hamid,Hamid,Hamid,2019,March,3,,Drama,,Drama,No,,Aijaz Khan,Rasika Dugal,Vikas Kumar,Rasika Dugal,,Yoodlee Films,,D,,,,,0.07,,,,,,,,,,,,,,,,,,Low,,wikipedia,2.0,2026-07-02
BOLLY_2019_0987_photograph,Photograph,Photograph,2019,January,1,,Comedy,,Comedy | Drama,No,,Ritesh Batra,Nawazuddin Siddiqui,Sanya Malhotra,Nawazuddin Siddiqui | Sanya Malhotra | Sachin Khedekar | Denzil Smith,,Amazon Studios,3.7877,D,,,,,1.29,,,,,,,tt7778680,6.8,,,,,,,,,,Low,,wikipedia,2.0,2026-07-02
BOLLY_2019_0988_milan_talkies,Milan Talkies,Milan Talkies,2019,March,3,,Drama,,Drama,No,,Tigmanshu Dhulia,Ali Fazal,Shraddha Srinath,Ali Fazal,,Filmy Keeda Productions Pvt Ltd,1.9757,C,1.6059,D,,,0.39,,,,,,,,5.1,,,,,,,,,,Missing/Partial,,wikipedia,2.0,2026-07-02
BOLLY_2019_0989_mere_pyare_prime_minister,Mere Pyare Prime Minister,Mere Pyare Prime Minister,2019,March,3,,Comedy,,Drama,No,,Rakeysh Omprakash Mehra,Anjali Patil,Makarand Deshpande,Anjali Patil,,Pen Studios,,D,4.5105,D,,,0.39,,,,,,,,6.8,,,,,,,,,,Low,,wikipedia,2.0,2026-07-02
BOLLY_2019_0990_22_yards,22 Yards,22 Yards,2019,March,3,,Drama,,Drama | Sports,No,,Mitali Ghoshal,Barun Sobti,Panchi Bora,Barun Sobti,,MS Productions,,,,,,,,,,,,,,,5.8,,,,,,,,,,Missing/Partial,,wikipedia,2.0,2026-07-02
BOLLY_2019_0991_kesari,Kesari,Kesari,2019,March,3,,Action,,Drama | War,No,,Anurag Singh,Akshay Kumar,Parineeti Chopra,Akshay Kumar | Parineeti Chopra | Suvinder Vicky | Vansh Bhardwaj,,"Zee Studios, Dharma Productions, Cape of Good Films",6.3805,C,,,126.0,,207.09,,,,,,,tt6264938,7.4,,,,,,,,,hitFlop=3,High,,wikipedia,2.0,2026-07-02
BOLLY_2019_0992_mard_ko_dard_nahi_hota,Mard Ko Dard Nahi Hota,Mard Ko Dard Nahi Hota,2019,March,3,,Action,,Action | Romance,No,,Vasan Bala,Abhimanyu Dassani,Radhika Madan,Abhimanyu Dassani,,RSVP Movies,,,,,12,,2.03,,,,,,,,7.3,,,,,,,,,hitFlop=1,High,,wikipedia,2.0,2026-07-02
BOLLY_2019_0993_notebook,Notebook,Notebook,2019,March,3,,Comedy,,Drama | Romance,No,,Nitin Kakkar,,,Zaheer Iqbal | Pranutan Bahl | Mir Mohammed Mehroos | Mir Mohammed Zayan,,Salman Khan Films,,,,,15,,3.72,,,,,,,tt9105014,6.9,,,,,,,,,hitFlop=1,High,,wikipedia,2.0,2026-07-02
BOLLY_2019_0994_junglee,Junglee,Junglee,2019,March,3,,Action,,Action | Drama,No,,Chuck Russell,Vidyut Jammwal,Pooja Sawant,Vidyut Jammwal | Lars Kjeldsen | Asha Bhat | Vishwanath Chatterjee,,Junglee Pictures,,,,,20,,24.7,,,,,,,tt7463730,5.5,,,,,,,,,hitFlop=2,High,,wikipedia,2.0,2026-07-02
BOLLY_2019_0995_gone_kesh,Gone Kesh,Gone Kesh,2019,March,3,,Comedy,,Comedy | Drama,No,,Qasim Khallow,Shweta Tripathi,Jitendra Kumar,Shweta Tripathi,,Eros International,,D,,,,,0.16,,,,,,,,6.9,,,,,,,,,,Missing/Partial,,wikipedia,2.0,2026-07-02
BOLLY_2019_0996_romeo_akbar_walter,Romeo Akbar Walter,Romeo Akbar Walter,2019,April,4,,Action,,Action | Drama,No,,Robbie Garewal,John Abraham,Mouni Roy,John Abraham | Mouni Roy | Jackie Shroff | Gyanendra Tripathi,,Viacom18 Motion Pictures,7.1193,D,,,48.0,,53.48,,,,,,,tt8550208,6.6,,,,,,,,,hitFlop=2,High,,wikipedia,2.0,2026-07-02
BOLLY_2019_0997_albert_pinto_ko_gussa_kyun_aata_hai,Albert Pinto Ko Gussa Kyun Aata Hai,Albert Pinto Ko Gussa Kyun Aata Hai?,2019,April,4,,Drama,,Drama | Thriller,No,,Soumitra Ranade,Manav Kaul,Nandita Das,Manav Kaul,,"Soumitra Ranade Productions, Templetree Motion Pictures, No Guts No Glory Films, Parashuram Productions, Paperboat Studios Pvt. Ltd.",,D,,,,,0.07,,,,,,,,5.5,,,,,,,,,,Missing/Partial,,wikipedia,2.0,2026-07-02
BOLLY_2019_0998_the_tashkent_files,The Tashkent Files,The Tashkent Files,2019,April,4,,Thriller,,Drama | Mystery,No,,Vivek Agnihotri,Mithun Chakraborty,Naseeruddin Shah,Shweta Basu Prasad | Mithun Chakraborty | Naseeruddin Shah | Pankaj Tripathi,,SP CineCorp,2.4335,D,,,7.5,,20.84,,,,,,,tt8108268,8.1,,,,,,,,,hitFlop=4,High,,wikipedia,2.0,2026-07-02
BOLLY_2019_0999_blackboard_vs_whiteboard,Blackboard VS Whiteboard,Blackboard vs Whiteboard,2019,April,4,,Drama,,Drama,No,,Tarun S. Bisht,Raghubir Yadav,Ashok Samarth,Raghubir Yadav,,,,,,,,,,,,,,,,,5.9,,,,,,,,,,Missing/Partial,,wikipedia,2.0,2026-07-02
BOLLY_2019_1000_kalank,Kalank,Kalank,2019,April,4,,Drama,,Action | Drama,No,,Abhishek Varman,Madhuri Dixit,Sonakshi Sinha,Alia Bhatt | Kiara Advani | Sanjay Dutt | Kriti Sanon,,"Fox Star Studios, Dharma Productions, Nadiadwala Grandson Entertainment",4.8334,C,,,130,,146.31,,,,,,,tt6988116,3.4,,,,,,,,,hitFlop=2,High,,wikipedia,2.0,2026-07-02
BOLLY_2019_1001_music_teacher,Music Teacher,Music Teacher,2019,April,4,,Drama,,Drama,No,,Sarthak Dasgupta,Manav Kaul,Divya Dutta,Manav Kaul,,"Saregama, Yoodlee Films, Netflix",,D,,,,,,,,,,,,,,,,,,,,,,,Missing/Partial,,wikipedia,2.0,2026-07-02
BOLLY_2019_1002_blank,Blank,Blank,2019,May,5,,Action,,Action | Mystery,No,,Behzad Khambata,Sunny Deol,Ishita Dutta,Sunny Deol | Karan Kapadia | Karanvir Sharma | Ishita Dutta,,Echelon Productions,3.3809,D,,,16.0,,6.41,,,,,,,tt9052936,6.1,,,,,,,,,hitFlop=1,High,,wikipedia,2.0,2026-07-02
BOLLY_2019_1003_setters,Setters,Setters,2019,May,5,,Thriller,,Drama,No,,Ashwini Chaudhary,Aftab Shivdasani,Shreyas Talpade,Aftab Shivdasani,,"Lovely Films Production House (P) Ltd., NH Studioz",2.7284,D,1.4475,D,11.0,,0.58,,,,,,,,5.2,,,,,,,,,hitFlop=1,High,,wikipedia,2.0,2026-07-02
BOLLY_2019_1004_yours_truly,Yours Truly,Yours Truly,2019,May,5,,Drama,,Drama,No,,Sanjoy Nag,Soni Razdan,Aahana Kumra,Soni Razdan,,ZEE5,,,,,,,,,,,,,,,,,,,,,,,,,Missing/Partial,,wikipedia,2.0,2026-07-02
BOLLY_2019_1005_badnaam_gali,Badnaam Gali,Badnaam Gali,2019,May,5,,Drama,,Drama,No,,Ashwin Shetty,Patralekha Paul,Divyendu Sharma,Patralekha Paul,,ZEE5,,,,,,,,,,,,,,,,,,,,,,,,,Missing/Partial,,wikipedia,2.0,2026-07-02
BOLLY_2019_1006_chhota_bheem_kung_fu_dhamaka,Chhota Bheem Kung Fu Dhamaka,Chhota Bheem Kung Fu Dhamaka,2019,May,5,,Action,,Action,No,,Rajiv Chilaka,Rajesh Kava,,Rajesh Kava,,Green Gold Animations,,,,,,,3.65,,,,,,,,,,,,,,,,,,Low,,wikipedia,2.0,2026-07-02
BOLLY_2019_1007_student_of_the_year_2,Student Of The Year 2,Student of the Year 2,2019,May,5,,Comedy,,Action | Comedy,No,,Punit Malhotra,Tiger Shroff,Tara Sutaria,Tiger Shroff | Ananya Panday | Tara Sutaria | Aditya Seal,,"Fox Star Studios, Dharma Productions",,B,,,65,,98.16,,,,,,,tt7255568,2.1,,,,,,,,,hitFlop=3,High,,wikipedia,2.0,2026-07-02
BOLLY_2019_1008_chhoriyan_chhoron_se_kam_nahi_hoti,Chhoriyan Chhoron Se Kam Nahi Hoti,Chhoriyan Chhoron Se Kam Nahi Hoti,2019,May,5,,Drama,,Drama,No,,Rajesh Amarlal Babbar,Satish Kaushik,,Satish Kaushik,,Zee Studios,1.961,D,,,,,,,,,,,,,,,,,,,,,,,Missing/Partial,,wikipedia,2.0,2026-07-02
BOLLY_2019_1009_de_de_pyaar_de,De De Pyaar De,De De Pyaar De,2019,May,5,,Comedy,,Comedy | Drama,No,,Akiv Ali,Ajay Devgn,Tabu,Ajay Devgn | Tabu | Rakul Preet Singh | Jimmy Shergill,,"T-Series Films, Luv Films",6.8713,C,,,75,,143.04,,,,,,,tt8647400,6.5,,,,,,,,,hitFlop=3,High,,wikipedia,2.0,2026-07-02
BOLLY_2019_1010_india_s_most_wanted,India's Most Wanted,India's Most Wanted,2019,May,5,,Action,,Action | Drama,No,,Rajkumar Gupta,Arjun Kapoor,Sudev Nair,Arjun Kapoor | Sudev Nair | Preet Bhullar | Rajesh Sharma,,Fox Star Studios,6.5059,C,,,37,,16.74,,,,,,,tt8484942,4.6,,,,,,,,,hitFlop=1,High,,wikipedia,2.0,2026-07-02
BOLLY_2019_1011_pm_narendra_modi,PM Narendra Modi,PM Narendra Modi,2019,,,,Social,,Biography | Drama,No,,Omung Kumar,Vivek Oberoi,Boman Irani,Boman Irani | Barkha Bisht | Vivek Oberoi | Prashant Narayanan,,Panorama Studios,3.486,D,,,25.0,,26.64,,,,,,,tt9558612,2.9,,,,,,,,,hitFlop=2,High,,wikipedia,2.0,2026-07-02
BOLLY_2019_1012_yeh_hai_india,Yeh Hai India,Yeh Hai India,2019,May,5,,Drama,,Drama,No,,Lomharsh,Gavie Chahal,Mohan Aghashe,Gavie Chahal,,DLB Films,,,,,5.0,,0.06,,,,,,,,,,,,,,,,,hitFlop=1,High,,wikipedia,2.0,2026-07-02
BOLLY_2019_1013_chopsticks,Chopsticks,Chopsticks,2019,May,5,,Comedy,,Comedy,No,,Sachin Yardi,Abhay Deol,Mithila Palkar,Abhay Deol,,Netflix,2.5106,D,,,,,,,,,,,,,,,,,,,,,,,Missing/Partial,,wikipedia,2.0,2026-07-02
BOLLY_2019_1014_bharat,Bharat,Bharat,2019,June,6,,Action,,Action | Adventure,No,,Ali Abbas Zafar,Salman Khan,Tabu,Salman Khan | Katrina Kaif | Sunil Grover | Tabu,,"T-Series Films, Salman Khan Films",9.2082,D,,,100,,325.58,,,,,,,tt7721800,4.7,,,,,,,,,hitFlop=5,High,,wikipedia,2.0,2026-07-02
BOLLY_2019_1015_khamoshi,Khamoshi,Khamoshi,2019,June,6,,Drama,,Horror | Romance,No,,Chakri Toleti,Prabhu Deva,Tamannaah,Prabhu Deva,,Pooja Entertainment,,,,,,,,,,,,,,,3.4,,,,,,,,,,Missing/Partial,,wikipedia,2.0,2026-07-02
BOLLY_2019_1016_kissebaaz,Kissebaaz,Kissebaaz,2019,June,6,,Romance,,Comedy | Drama,No,,Annant Jaaitpaal,Pankaj Tripathi,Anupriya Goenka,Pankaj Tripathi,,PVR Pictures,,D,,,,,0.12,,,,,,,,4.6,,,,,,,,,,Missing/Partial,,wikipedia,2.0,2026-07-02
BOLLY_2019_1017_jaoon_kahan_bata_ae_dil,Jaoon Kahan Bata Ae Dil,Jaoon Kahan Bata Ae Dil,2019,June,6,,Drama,,Drama,No,,Aadish Keluskar,,,,,Netflix,,,,,,,,,,,,,,,,,,,,,,,,,Missing/Partial,,wikipedia,2.0,2026-07-02
BOLLY_2019_1018_kabir_singh,Kabir Singh,Kabir Singh,2019,June,6,,Drama,,Drama | Romance,No,,Sandeep Vanga,Shahid Kapoor,Kiara Advani,Shahid Kapoor | Kiara Advani | Nikita Dutta | Soham Majumdar,,T-Series Films,5.7659,C,,,60,,379,,,,,,,tt8983202,7.0,,,,,,,,,hitFlop=5,High,,wikipedia,2.0,2026-07-02
BOLLY_2019_1019_article_15,Article 15,Article 15,2019,June,6,,Drama,,Drama | Thriller,No,,Anubhav Sinha,Ayushmann Khurrana,Isha Talwar,Ayushmann Khurrana | Nassar | Manoj Pahwa | Kumud Mishra,,Zee Studios,,D,3.0566,D,30.0,,93.08,,,,,,,tt10324144,8.2,,,,,,,,,hitFlop=5,High,,wikipedia,2.0,2026-07-02
BOLLY_2019_1020_malaal,Malaal,Malaal,2019,July,7,,Drama,,Drama | Romance,No,,Mangesh Hadawale,,,Meezaan Jafri | Sharmin Segal | Chinmayee Surve | Anil Gawas,,"T-Series Films, Bhansali Productions",,,,,16.0,,2.5,,,,,,,tt10305616,5.8,,,,,,,,,hitFlop=1,High,,wikipedia,2.0,2026-07-02
BOLLY_2019_1021_hume_tumse_pyaar_kitna,Hume Tumse Pyaar Kitna,Hume Tumse Pyaar Kitna,2019,July,7,,Romance,,Action | Drama,No,,Lalit Mohan,Karanvir Bohra,Priya Banerjee,Karanvir Bohra,,Belvie Productions,,,,,,,0.2,,,,,,,,4.1,,,,,,,,,,Missing/Partial,,wikipedia,2.0,2026-07-02
BOLLY_2019_1022_marudhar_express,Marudhar Express,Marudhar Express,2019,July,7,,Comedy,,Comedy | Drama,No,,Vishal Mishra,Kunaal Roy Kapur,Tara Alisha Berry,Kunaal Roy Kapur,,"Raywings Entertainment, Atharva Motion Pictures",,,,,,,0.06,,,,,,,,6.0,,,,,,,,,,Missing/Partial,,wikipedia,2.0,2026-07-02
BOLLY_2019_1023_super_30,Super 30,Super 30,2019,July,7,,Drama,,Biography | Drama,No,,Vikas Bahl,Hrithik Roshan,Mrunal Thakur,Hrithik Roshan | Mrunal Thakur | Nandish Singh Sandhu | Veerendra Saxena,,"Reliance Entertainment, Nadiadwala Grandson Entertainment, Phantom Films",8.2519,D,,,60,,208.93,,,,,,,tt7485048,7.9,,,,,,,,,hitFlop=5,High,,wikipedia,2.0,2026-07-02
BOLLY_2019_1024_family_of_thakurganj,Family Of Thakurganj,Family of Thakurganj,2019,July,7,,Drama,,Action | Comedy,No,,Manoj K. Jha,Jimmy Sheirgill,Mahie Gill,Jimmy Sheirgill,,Lovely World Entertainment,,D,,,15.0,,15,,,,,,,,8.6,,,,,,,,,hitFlop=2,High,,wikipedia,2.0,2026-07-02
BOLLY_2019_1025_jhootha_kahin_ka,Jhootha Kahin Ka,Jhootha Kahin Ka,2019,July,7,,Comedy,,Comedy | Drama,No,,Smeep Kang,Rishi Kapoor,Omkar Kapoor,Rishi Kapoor,,Soham Rockstar Entertainment,4.4084,B,,,16.0,,2.57,,,,,,,,4.6,,,,,,,,,hitFlop=1,High,,wikipedia,2.0,2026-07-02
BOLLY_2019_1026_judgementall_hai_kya,Judgementall Hai Kya,Judgementall Hai Kya,2019,July,7,,Comedy,,Comedy,No,,Prakash Kovelamudi,Kangana Ranaut,Rajkummar Rao,Kangana Ranaut,,Balaji Motion Pictures,4.3605,D,,,29,,44.92,,,,,,,,,,,,,,,,,hitFlop=3,High,,wikipedia,2.0,2026-07-02
BOLLY_2019_1027_arjun_patiala,Arjun Patiala,Arjun Patiala,2019,July,7,,Action,,Action | Comedy,No,,Rohit Jugraj,Diljit Dosanjh,Kriti Sanon,Diljit Dosanjh | Kriti Sanon | Varun Sharma | Abhimanue Kamboj,,"T-Series Films, Maddock Films",,C,,,25,,9.26,,,,,,,tt7881524,4.3,,,,,,,,,hitFlop=1,High,,wikipedia,2.0,2026-07-02
BOLLY_2019_1028_khandaani_shafakhana,Khandaani Shafakhana,Khandaani Shafakhana,2019,August,8,,Comedy,,Comedy | Drama,No,,Shilpi Dasgupta,Sonakshi Sinha,Varun Sharma,Sonakshi Sinha | Badshah | Varun Sharma | Priyansh Jora,,T-Series Films,6.9519,A,,,24,,3.98,,,,,,,tt10519182,4.2,,,,,,,,,hitFlop=1,High,,wikipedia,2.0,2026-07-02
BOLLY_2019_1029_barot_house,Barot House,Barot House,2019,August,8,,Thriller,,Thriller,No,,Bugs Bhargava,Amit Sadh,Manjari Fadnis,Amit Sadh,,ZEE5,,D,,,,,,,,,,,,,,,,,,,,,,,Missing/Partial,,wikipedia,2.0,2026-07-02
BOLLY_2019_1030_jabariya_jodi,Jabariya Jodi,Jabariya Jodi,2019,August,8,,Comedy,,Comedy | Drama,No,,Prashant Singh,Sidharth Malhotra,Parineeti Chopra,Sidharth Malhotra,,Balaji Motion Pictures,,C,,,29,,21.13,,,,,,,,4.0,,,,,,,,,hitFlop=1,High,,wikipedia,2.0,2026-07-02
BOLLY_2019_1031_chicken_curry_law,Chicken Curry Law,Chicken Curry Law,2019,August,8,,Comedy,,Comedy,No,,Shekhar Sirrinn,Ashutosh Rana,Nivedita Bhattacharya,Ashutosh Rana,,Panorama Studios,2.1792,D,,,,,,,,,,,,,,,,,,,,,,,Missing/Partial,,wikipedia,2.0,2026-07-02
BOLLY_2019_1032_pranaam,Pranaam,Pranaam,2019,August,8,,Action,,Action,No,,Sanjiv Jaiswal,Rajeev Khandelwal,Sameksha,Rajeev Khandelwal,,"Rudraksh Adventures Pvt. Ltd, Woodside Infrastructure Pvt. Ltd, Reel & Motion Pictures LLP.",1.5575,D,,,,,,,,,,,,,,,,,,,,,,,Missing/Partial,,wikipedia,2.0,2026-07-02
BOLLY_2019_1033_batla_house,Batla House,Batla House,2019,August,8,,Action,,Action | Drama,No,,Nikhil Advani,John Abraham,Mrunal Thakur,John Abraham | Mrunal Thakur | Nora Fatehi | Ravi Kishan,,"T-Series Films, Emmay Entertainment",7.1193,D,2.3243,D,56,,113.38,,,,,,,tt8869978,7.2,,,,,,,,,hitFlop=4,High,,wikipedia,2.0,2026-07-02
BOLLY_2019_1034_mission_mangal,Mission Mangal,Mission Mangal,2019,August,8,,Drama,,Drama | Thriller,No,,Jagan Shakti,Akshay Kumar,Vidya Balan,Akshay Kumar | Vidya Balan | Taapsee Pannu | Sonakshi Sinha,,"Fox Star Studios, Cape of Good Films",6.3805,C,,,40,,290.59,,,,,,,tt9248972,6.5,,,,,,,,,hitFlop=5,High,,wikipedia,2.0,2026-07-02
BOLLY_2019_1035_posham_pa,Posham Pa,Posham Pa,2019,August,8,,Thriller,,Thriller,No,,Suman Mukhopadhyay,Mahie Gill,Sayani Gupta,Mahie Gill,,ZEE5,2.448,D,,,,,,,,,,,,,,,,,,,,,,,Missing/Partial,,wikipedia,2.0,2026-07-02
BOLLY_2019_1036_saaho,Saaho,Saaho,2019,August,8,,Action,,Action,No,,Sujeeth,Prabhas,Neil Nitin Mukesh,Prabhas,,T-Series Films,,D,,,325,,434,,,,,,,,,,,,,,,,,hitFlop=2,High,,wikipedia,2.0,2026-07-02
BOLLY_2019_1037_chhichhore,Chhichhore,Chhichhore,2019,September,9,,Comedy,,Comedy | Drama,No,,Nitesh Tiwari,Sushant Singh Rajput,Shraddha Kapoor,Sushant Singh Rajput | Shraddha Kapoor | Varun Sharma | Prateik Patil Babbar,,"Fox Star Studios, Nadiadwala Grandson Entertainment, Earthsky Pictures",,D,,,50,,215.41,,,,,,,tt9052870,8.2,,,,,,,,,hitFlop=5,High,,wikipedia,2.0,2026-07-02
BOLLY_2019_1038_dream_girl,Dream Girl,Dream Girl,2019,September,9,,Drama,,Comedy | Romance,No,,Raaj Shaandilyaa,Ayushmann Khurrana,Nushrat Bharucha,Ayushmann Khurrana | Nushrratt Bharuccha | Annu Kapoor | Manjot Singh,,Balaji Motion Pictures,,D,,,28,,200.8,,,,,,,tt9248940,7.0,,,,,,,,,hitFlop=5,High,,wikipedia,2.0,2026-07-02
BOLLY_2019_1039_section_375,Section 375,Section 375,2019,September,9,,Drama,,Drama | Thriller,No,,Ajay Bahl,Akshaye Khanna,Richa Chadha,Akshaye Khanna | Richa Chadha | Rahul Bhat | Meera Chopra,,"T-Series Films, Panorama Studios",3.3625,C,,,17.0,,12.35,,,,,,,tt8144834,8.1,,,,,,,,,hitFlop=1,High,,wikipedia,2.0,2026-07-02
BOLLY_2019_1040_main_zaroor_aaunga,Main Zaroor Aaunga,Main Zaroor Aaunga,2019,September,9,,Thriller,,Drama,No,,Chandrakant Singh,Arbaaz Khan,Aindrita Ray,Arbaaz Khan,,AShirwad CineVision Pvt Ltd,2.5366,D,,,,,,,,,,,,,4.3,,,,,,,,,,Missing/Partial,,wikipedia,2.0,2026-07-02
BOLLY_2019_1041_the_zoya_factor,The Zoya Factor,The Zoya Factor,2019,September,9,,Drama,,Drama | Romance,No,,Abhishek Sharma,Sonam Kapoor,Dulquer Salmaan,Sonam Kapoor | Dulquer Salmaan | Sanjay Kapoor | Aasokaa,,Fox Star Studios,5.488,B,,,33,,6.96,,,,,,,tt8304386,4.3,,,,,,,,,hitFlop=1,High,,wikipedia,2.0,2026-07-02
BOLLY_2019_1042_pal_pal_dil_ke_paas,Pal Pal Dil Ke Paas,Pal Pal Dil Ke Paas,2019,September,9,,Drama,,Action | Comedy,No,,Sunny Deol,,,Sahher Bambba | Kallirroi Tziafeta | Swarit Sur | Suresh Sur,,Zee Studios,,,,,30,,10,,,,,,,tt6978954,4.5,,,,,,,,,hitFlop=1,High,,wikipedia,2.0,2026-07-02
BOLLY_2019_1043_prassthanam,Prassthanam,Prassthanam,2019,September,9,,Action,,Drama,No,,Deva Katta,Sanjay Dutt,Manisha Koirala,Sanjay Dutt | Jackie Shroff | Ali Fazal | Manisha Koirala,,"NH Studioz, Sanjay Dutt Productions",5.0026,C,,,20,,5.9,,,,,,,tt8706884,5.8,,,,,,,,,hitFlop=1,High,,wikipedia,2.0,2026-07-02
BOLLY_2019_1044_war,War,War,2019,October,10,,Action,,Action | Drama,No,,Siddharth Anand,Hrithik Roshan,Tiger Shroff,Hrithik Roshan | Tiger Shroff | Vaani Kapoor | Ashutosh Rana,,Yash Raj Films,8.2519,D,5.6148,C,170,,475.62,,,,,,,tt7430722,6.5,,,,,,,,,hitFlop=4,High,,wikipedia,2.0,2026-07-02
BOLLY_2019_1045_the_sky_is_pink,The Sky Is Pink,The Sky Is Pink,2019,September,9,,Drama,,Biography,No,,Shonali Bose,Priyanka Chopra,Farhan Akhtar,Priyanka Chopra Jonas | Farhan Akhtar | Zaira Wasim | Rohit Saraf,,"RSVP Movies, SK Global Entertainment, Purple Pebble Pictures",8.1369,B,,,24,,34.410000000000004,,,,,,,tt8902990,7.5,,,,,,,,,hitFlop=2,High,,wikipedia,2.0,2026-07-02
BOLLY_2019_1046_chappad_phaad_ke,Chappad Phaad Ke,Chappad Phaad Ke,2019,October,10,,Comedy,,Comedy,No,,Sameer Hemant Joshi,Vinay Pathak,Siddharth Menon,Vinay Pathak,,"Yoodlee Films, Hotstar",3.1247,D,,,,,,,,,,,,,,,,,,,,,,,Missing/Partial,,wikipedia,2.0,2026-07-02
BOLLY_2019_1047_ghost,Ghost,Ghost,2019,October,10,,Thriller,,Drama | Thriller,No,,Vikram Bhatt,Sanaya Irani,Shivam Bhaargava,Sanaya Irani,,Pooja Entertainment,,,2.9028,D,,,1.82,,,,,,,,5.0,,,,,,,,,,Low,,wikipedia,2.0,2026-07-02
BOLLY_2019_1048_laal_kaptaan,Laal Kaptaan,Laal Kaptaan,2019,October,10,,Action,,Drama | Mystery,No,,Navdeep Singh,Saif Ali Khan,Manav Vij,Saif Ali Khan | Zoya Hussain | Manav Vij | Deepak Dobriyal,,"Eros International, Colour Yellow Productions",5.7211,A,,,30,,2.36,,,,,,,tt9052960,7.2,,,,,,,,,hitFlop=1,High,,wikipedia,2.0,2026-07-02
BOLLY_2019_1049_p_se_pyaar_f_se_faraar,"P Se Pyaar, F Se Faraar",P Se Pyaar F Se Faraar,2019,October,10,,Drama,,Drama,No,,Manoj Tiwari,Jimmy Sheirgill,Kumud Mishra,Bhavesh Kumar | Jimmy Shergill | Kumud Mishra | Sanjay Mishra,,PVR Pictures,,D,,,10.0,,0.91,,,,,,,tt10816510,6.3,,,,,,,,,hitFlop=1,High,,wikipedia,2.0,2026-07-02
BOLLY_2019_1050_upstarts,Upstarts,Upstarts,2019,October,10,,Comedy,,Comedy,No,,Udai Singh Pawar,Priyanshu Painyuli,Shadab Kamal,Priyanshu Painyuli,,Netflix,,,,,,,,,,,,,,,,,,,,,,,,,Missing/Partial,,wikipedia,2.0,2026-07-02
BOLLY_2019_1051_yaaram,Yaaram,Yaaram,2019,October,10,,Comedy,,Drama,No,,Ovais Khan,Prateik Babbar,Siddhanth Kapoor,Prateik Babbar,,Yashavvi Films,,D,,,,,,,,,,,,,4.5,,,,,,,,,,Missing/Partial,,wikipedia,2.0,2026-07-02
BOLLY_2019_1052_officer_arjun_singh_ips_batch_2000,Officer Arjun Singh IPS Batch 2000,Officer Arjun Singh IPS Batch 2000,2019,October,10,,Action,,Action,No,,Arshad Siddiqui,Priyanshu Chatterjee,,Priyanshu Chatterjee,,Shreya Films International,2.4801,D,,,,,,,,,,,,,,,,,,,,,,,Missing/Partial,,wikipedia,2.0,2026-07-02
BOLLY_2019_1053_jacqueline_i_am_coming,Jacqueline I Am Coming,Jacqueline I Am Coming,2019,October,10,,Drama,,Drama,No,,Banty Dubey,Raghubir Yadav,,Raghubir Yadav,,MD Production,,,,,,,,,,,,,,,,,,,,,,,,,Missing/Partial,,wikipedia,2.0,2026-07-02
BOLLY_2019_1054_housefull_4,Housefull 4,Housefull 4,2019,October,10,,Comedy,,Comedy | Drama,No,,Farhad Samji,Akshay Kumar,Ritesh Deshmukh,Akshay Kumar | Riteish Deshmukh | Bobby Deol | Kriti Sanon,,"Fox Star Studios, Nadiadwala Grandson Entertainment",6.3805,C,,,150,,280.27,,,,,,,tt7721946,3.5,,,,,,,,,hitFlop=3,High,,wikipedia,2.0,2026-07-02
BOLLY_2019_1055_kanpuriye,Kanpuriye,Kanpuriye,2019,October,10,,Drama,,Drama,No,,Ashish Aryan,Aparshakti Khurana,Divyenndu,Aparshakti Khurana,,"Yoodlee Films, Hotstar",,,,,,,,,,,,,,,,,,,,,,,,,Missing/Partial,,wikipedia,2.0,2026-07-02
BOLLY_2019_1056_made_in_china,Made In China,Made in China,2019,October,10,,Drama,,Drama,No,,Mikhil Musale,Rajkummar Rao,Mouni Roy,Rajkummar Rao | Boman Irani | Mouni Roy | Paresh Rawal,,"Jio Studios, Maddock Films",3.9271,D,,,30.0,,12.81,,,,,,,tt8983180,6.2,,,,,,,,,hitFlop=1,High,,wikipedia,2.0,2026-07-02
BOLLY_2019_1057_saand_ki_aankh,Saand Ki Aankh,Saand Ki Aankh,2019,October,10,,Drama,,Biography | Drama,No,,Tushar Hiranandani,Bhumi Pednekar,Taapsee Pannu,Taapsee Pannu | Bhumi Pednekar | Prakash Jha | Vineet Kumar Singh,,Reliance Entertainment,,C,,,25.0,,30.7,,,,,,,tt8108206,7.7,,,,,,,,,hitFlop=2,High,,wikipedia,2.0,2026-07-02
BOLLY_2019_1058_drive,Drive,Drive,2019,November,11,,Action,,Action,No,,Tarun Mansukhani,Sushant Singh Rajput,Jacqueline Fernandez,Sushant Singh Rajput,,"Dharma Productions, Netflix",,C,,,,,,,,,,,,,,,,,,,,,,,Missing/Partial,,wikipedia,2.0,2026-07-02
BOLLY_2019_1059_ujda_chaman,Ujda Chaman,Ujda Chaman,2019,November,11,,Comedy,,Comedy | Drama,No,,Abhishek Pathak,Sunny Singh,Maanvi Gagroo,Sunny Singh | Maanvi Gagroo | Karishma Sharma | Gagan Arora,,"Panorama Studios, PVR Pictures",,,,,12,,12.61,,,,,,,tt11046300,6.9,,,,,,,,,hitFlop=2,High,,wikipedia,2.0,2026-07-02
BOLLY_2019_1060_bala,Bala,Bala,2019,November,11,,Comedy,,Drama | Family,No,,Amar Kaushik,Ayushmann Khurrana,Bhumi Pednekar,Ayushmann Khurrana | Bhumi Pednekar | Yami Gautam | Saurabh Shukla,,"Maddock Films, Jio Studios",,D,,,25,,172,,,,,,,tt9420648,7.3,,,,,,,,,hitFlop=5,High,,wikipedia,2.0,2026-07-02
BOLLY_2019_1061_bypass_road,Bypass Road,Bypass Road,2019,November,11,,Thriller,,Drama | Thriller,No,,Naman Nitin Mukesh,Neil Nitin Mukesh,Adah Sharma,Neil Nitin Mukesh | Adah Sharma | Gul Panag | Taher Shabbir,,"Miraj Creations, NNM Films",2.7445,D,,,,,1.16,,,,,,,tt9176260,5.4,,,,,,,,,,Low,,wikipedia,2.0,2026-07-02
BOLLY_2019_1062_moothon,Moothon,Moothon,2019,September,9,,Action,,Action,No,,Geetu Mohandas,Nivin Pauly,Shashank Arora,Nivin Pauly,,"Mini Studio, JAR Pictures",,,,,,,,,,,,,,,,,,,,,,,,,Missing/Partial,,wikipedia,2.0,2026-07-02
BOLLY_2019_1063_satellite_shankar,Satellite Shankar,Satellite Shankar,2019,November,11,,Action,,Action | Drama,No,,Irfan Kamal,Sooraj Pancholi,Megha Akash,Sooraj Pancholi | Anil Reji | Saurabh Agnihotri | Megha Akash,,T-Series Films,,,,,20,,0.54,,,,,,,tt9179426,6.3,,,,,,,,,hitFlop=1,High,,wikipedia,2.0,2026-07-02
BOLLY_2019_1064_jhalki,Jhalki,Jhalki,2019,November,11,,Drama,,Drama,No,,Brahmanand S. Siingh,Boman Irani,Tannishtha Chatterjee,Boman Irani,,Mobius Films,3.6468,D,,,,,0.09,,,,,,,,6.9,,,,,,,,,,Missing/Partial,,wikipedia,2.0,2026-07-02
BOLLY_2019_1065_house_arrest,House Arrest,House Arrest,2019,November,11,,Comedy,,Comedy,No,,Shashanka Ghosh | Samit Basu,Ali Fazal,Shriya Pilgaonkar,Ali Fazal,,Netflix,1.9757,C,1.5653,D,,,,,,,,,,,,,,,,,,,,,Missing/Partial,,wikipedia,2.0,2026-07-02
BOLLY_2019_1066_keep_safe_distance,Keep Safe Distance,Keep Safe Distance,2019,November,11,,Drama,,Drama,No,,Raama Mehra,Kiran Kumar,Shahbaz Khan,Kiran Kumar,,Rama Dhanraj Production,,D,,,,,,,,,,,,,,,,,,,,,,,Missing/Partial,,wikipedia,2.0,2026-07-02
BOLLY_2019_1067_marjaavaan,Marjaavaan,Marjaavaan,2019,November,11,,Action,,Action | Drama,No,,Milap Milan Zaveri,Sidharth Malhotra,Riteish Deshmukh,Riteish Deshmukh | Sidharth Malhotra | Tara Sutaria | Rakul Preet Singh,,"T-Series Films, Emmay Entertainment",,C,,,38,,65.34,,,,,,,tt9248934,3.5,,,,,,,,,hitFlop=3,High,,wikipedia,2.0,2026-07-02
BOLLY_2019_1068_motichoor_chaknachoor,Motichoor Chaknachoor,Motichoor Chaknachoor,2019,November,11,,Comedy,,Comedy | Drama,No,,Debamitra Biswal,Nawazuddin Siddiqui,Athiya Shetty,Nawazuddin Siddiqui | Athiya Shetty | Vibha Chhibber | Karuna Pandey,,Viacom18 Motion Pictures,3.7877,D,,,19.0,,2.78,,,,,,,tt9172840,5.8,,,,,,,,,hitFlop=1,High,,wikipedia,2.0,2026-07-02
BOLLY_2019_1069_marne_bhi_do_yaaron,Marne Bhi Do Yaaron,Marne Bhi Do Yaaron,2019,November,11,,Drama,,Drama,No,,Kashmera Shah,Krishna Abhishek,Kashmera Shah,Krishna Abhishek,,Boo Filmz,,,,,,,,,,,,,,,,,,,,,,,,,Missing/Partial,,wikipedia,2.0,2026-07-02
BOLLY_2019_1070_pagalpanti,Pagalpanti,Pagalpanti,2019,November,11,,Action,,Comedy | Drama,No,,Anees Bazmee,Anil Kapoor,John Abraham,Anil Kapoor | John Abraham | Ileana D'Cruz | Arshad Warsi,,"T-Series Films, Panorama Studios",5.6087,C,5.6076,C,72,,49.17,,,,,,,tt9495690,3.2,,,,,,,,,hitFlop=1,High,,wikipedia,2.0,2026-07-02
BOLLY_2019_1071_commando_3,Commando 3,Commando 3,2019,November,11,,Action,,Action | Drama,No,,Aditya Datt,Vidyut Jammwal,Adah Sharma,Gulshan Devaiah | Robin Chaudhary | Subhasish Ghosh | Pradeep Yadav,,Reliance Entertainment,,D,1.7076,D,29.0,,40.15,,,,,,,tt8983168,5.7,,,,,,,,,hitFlop=2,High,,wikipedia,2.0,2026-07-02
BOLLY_2019_1072_yeh_saali_aashiqui,Yeh Saali Aashiqui,Yeh Saali Aashiqui,2019,November,11,,Romance,,Drama | Romance,No,,Cherag Ruparel,Vardhan Puri,Shivaleeka Oberoi,Vardhan Puri | Shivaleeka Oberoi | Ruslaan Mumtaz | Satish Kaushik,,Pen Studios,,,,,,,0.7,,,,,,,tt10443846,7.9,,,,,,,,,,Missing/Partial,,wikipedia,2.0,2026-07-02
BOLLY_2019_1073_panipat,Panipat,Panipat,2019,December,12,,Action,,Drama | History,No,,Ashutosh Gowariker,Sanjay Dutt,Arjun Kapoor,Arjun Kapoor | Sanjay Dutt | Kriti Sanon | Mohnish Behl,,"Ashutosh Gowariker Productions, Vision World Films",5.0026,C,3.7481,D,90,,49.29,,,,,,,tt8176040,5.2,,,,,,,,,hitFlop=1,High,,wikipedia,2.0,2026-07-02
BOLLY_2019_1074_pati_patni_aur_woh,Pati Patni Aur Woh,Pati Patni Aur Woh,2019,December,12,,Comedy,,Comedy,No,,Mudassar Aziz,Kartik Aaryan,Bhumi Pednekar,Kartik Aaryan,,T-Series Films,,C,,,45,,118,,,,,,,,,,,,,,,,,hitFlop=4,High,,wikipedia,2.0,2026-07-02
BOLLY_2019_1075_mardaani_2,Mardaani 2,Mardaani 2,2019,December,12,,Action,,Action | Drama,No,,Gopi Puthran,Rani Mukerji,Vishal Jethwa,Rani Mukerji | Avneet Kaur | Sunny Hinduja | Shruti Bapna,,Yash Raj Films,3.932,D,,,27,,67.12,,,,,,,tt5668770,7.3,,,,,,,,,hitFlop=4,High,,wikipedia,2.0,2026-07-02
BOLLY_2019_1076_the_body,The Body,The Body,2019,December,12,,Thriller,,Black Comedy,No,,Jeethu Joseph,Emraan Hashmi,Rishi Kapoor,Emraan Hashmi | Rishi Kapoor | Sobhita Dhulipala | Vedhika,,Viacom18 Motion Pictures,4.721,D,,,19.0,,3.47,,,,,,,tt8130904,5.4,,,,,,,,,hitFlop=1,High,,wikipedia,2.0,2026-07-02
BOLLY_2019_1077_dabangg_3,Dabangg 3,Dabangg 3,2019,December,12,,Action,,Action | Comedy,No,,Prabhu Deva,Salman Khan,Sonakshi Sinha,Salman Khan | Sudeep | Sonakshi Sinha | Saiee Manjrekar,,"Salman Khan Films, Saffron Broadcast & Media",9.2082,D,,,178.0,,217.85,,,,,,,tt7059844,3.0,,,,,,,,,hitFlop=2,High,,wikipedia,2.0,2026-07-02
BOLLY_2019_1078_line_of_descent,Line of Descent,Line of Descent,2019,November,11,,Drama,,Drama,No,,Rohit Karn Batra,Brendan Fraser,Abhay Deol,Brendan Fraser,,Brillstein Entertainment Partners,,D,,,,,,,,,,,,,,,,,,,,,,,Missing/Partial,,wikipedia,2.0,2026-07-02
BOLLY_2019_1079_happi,Happi,Happi,2019,December,12,,Drama,,Drama,No,,Bhavna Talwar,Pankaj Kapoor,Supriya Pathak,Pankaj Kapoor,,"Vistaar Religare Film Fund, WSG Pictures",,D,,,,,,,,,,,,,,,,,,,,,,,Missing/Partial,,wikipedia,2.0,2026-07-02
BOLLY_2019_1080_good_newwz,Good Newwz,Good Newwz,2019,December,12,,Comedy,,Drama | Romance,No,,Raj Mehta,Akshay Kumar,Kareena Kapoor,Akshay Kumar | Kareena Kapoor | Diljit Dosanjh | Kiara Advani,,"Zee Studios, Dharma Productions, Cape of Good Films",6.3805,C,,,70,,318.57,,,,,,,tt8504014,6.8,,,,,,,,,hitFlop=5,High,,wikipedia,2.0,2026-07-02
BOLLY_2020_1081_ghost_stories,Ghost Stories,Ghost Stories,2020,January,1,,Horror,,Horror,No,,Karan Johar | Dibakar Banerjee | Zoya Akhtar | Anurag Kashyap,Sobhita Dhulipala,Mrunal Thakur,Sobhita Dhulipala,,"RSVP Movies, Tiger Baby Films, JAR Pictures, Dharma Productions, Netflix",,C,7.1046,B,,,,,,,,,,,,,,,,,,,,,Missing/Partial,,wikipedia,2.0,2026-07-02
BOLLY_2020_1082_beautiful,Beautiful,Beautiful,2020,January,1,,Action,,Action,No,,Agastya Manju,Naina Ganguly,,Naina Ganguly,,Tiger/Company Productions,,,,,,,,,,,,,,,,,,,,,,,,,Missing/Partial,,wikipedia,2.0,2026-07-02
BOLLY_2020_1083_bhangra_paa_le,Bhangra Paa Le,Bhangra Paa Le,2020,January,1,,Comedy,,Drama,No,,Sneha Taurani,Sunny Kaushal,Rukshar Dhillon,Sunny Kaushal | Rukshar Dhillon | Shriya Pilgaonkar | Parmeet Sethi,,RSVP Movies,,,,,14.0,,0.52,,,,,,,tt9766280,6.3,,,,,,,,,hitFlop=1,High,,wikipedia,2.0,2026-07-02
BOLLY_2020_1084_sab_kushal_mangal,Sab Kushal Mangal,Sab Kushal Mangal,2020,January,1,,Comedy,,Drama | Romance,No,,Karan Vishwanath Kashyap,Akshaye Khanna,,Akshaye Khanna,,One Up Entertainment,3.3625,C,,,15.0,,0.45,,,,,,,,4.3,,,,,,,,,hitFlop=1,High,,wikipedia,2.0,2026-07-02
BOLLY_2020_1085_shimla_mirchi,Shimla Mirchi,Shimla Mirchi,2020,January,1,,Drama,,Comedy | Drama,No,,Ramesh Sippy,Hema Malini,Rajkummar Rao,Hema Malini | Rajkummar Rao | Rakul Preet Singh | Shakti Kapoor,,Viacom18 Motion Pictures,,D,,,15.0,,0.05,,,,,,,tt4486148,4.6,,,,,,,,,hitFlop=1,High,,wikipedia,2.0,2026-07-02
BOLLY_2020_1086_half_widow,Half Widow,Half Widow,2020,January,1,,Drama,,Drama,No,,Danish Renzu,Mir Sarwar,,Mir Sarwar,,"Renzu Films, Gaya Art Films",,,,,,,,,,,,,,,,,,,,,,,,,Missing/Partial,,wikipedia,2.0,2026-07-02
BOLLY_2020_1087_chhapaak,Chhapaak,Chhapaak,2020,January,1,,Drama,,Drama | Thriller,No,,Meghna Gulzar,Deepika Padukone,Vikrant Massey,Deepika Padukone | Vikrant Massey | Madhurjeet Sarghi | Payal Nair,,Fox Star Studios,8.6272,C,,,35,,55.44,,,,,,,tt9614460,5.5,,,,,,,,,hitFlop=3,High,,wikipedia,2.0,2026-07-02
BOLLY_2020_1088_tanhaji,Tanhaji,Tanhaji,2020,January,1,,Action,,Action,No,,Om Raut,Ajay Devgn,Saif Ali Khan,Ajay Devgn,,"T-Series Films, Ajay Devgn FFilms",6.8713,C,,,150,,387.65,,,,,,,,,,,,,,,,,hitFlop=4,High,,wikipedia,2.0,2026-07-02
BOLLY_2020_1089_jai_mummy_di,Jai Mummy Di,Jai Mummy Di,2020,January,1,,Comedy,,Comedy | Romance,No,,Navjot Gulati,Sunny Singh,Sonnalli Seygall,Poonam Dhillon | Supriya Pathak | Sunny Singh | Sonnalli Seygall,,"T-Series Films, Luv Films",,,,,14.0,,3.18,,,,,,,tt9817760,3.6,,,,,,,,,hitFlop=1,High,,wikipedia,2.0,2026-07-02
BOLLY_2020_1090_panga,Panga,Panga,2020,January,1,,Drama,,Drama | Thriller,No,,Ashwiny Iyer Tiwari,Kangana Ranaut,Jassi Gill,Kangana Ranaut | Jassie Gill | Richa Chadha | Neena Gupta,,Fox Star Studios,4.3605,D,,,49,,41.71,,,,,,,tt8983166,6.8,,,,,,,,,hitFlop=1,High,,wikipedia,2.0,2026-07-02
BOLLY_2020_1091_street_dancer_3d,Street Dancer 3D,Street Dancer 3D,2020,January,1,,Drama,,Drama | Musical,No,,Remo D'Souza,Varun Dhawan,Shraddha Kapoor,Varun Dhawan | Shraddha Kapoor | Prabhu Deva | Nora Fatehi,,T-Series Films,4.74,D,,,70,,97,,,,,,,tt9648672,3.8,,,,,,,,,hitFlop=2,High,,wikipedia,2.0,2026-07-02
BOLLY_2020_1092_gul_makai,Gul Makai,Gul Makai,2020,January,1,,Drama,,Drama,No,,H.E. Amjad khan,Reem Shaikh,Atul Kulkarni,Reem Shaikh,,Pen Studios,,C,,,8.0,,0.1,,,,,,,,2.8,,,,,,,,,hitFlop=1,High,,wikipedia,2.0,2026-07-02
BOLLY_2020_1093_happy_hardy_and_heer,Happy Hardy And Heer,Happy Hardy and Heer,2020,January,1,,Drama,,Drama | Romance,No,,Raka,Himesh Reshammiya,Sonia Mann,Himesh Reshammiya,,HR Musik Limited,1.5575,D,,,7.0,,0.15,,,,,,,,6.4,,,,,,,,,hitFlop=1,High,,wikipedia,2.0,2026-07-02
BOLLY_2020_1094_jawaani_jaaneman,Jawaani Jaaneman,Jawaani Jaaneman,2020,January,1,,Comedy,,Drama | Family,No,,Nitin Kakkar,Saif Ali Khan,Tabu,Saif Ali Khan | Alaya F | Tabu | Kumud Mishra,,Pooja Entertainment,5.7211,A,,,30,,44.77,,,,,,,tt9248952,6.5,,,,,,,,,hitFlop=2,High,,wikipedia,2.0,2026-07-02
BOLLY_2020_1095_pagleaazam,Pagleaazam,Pagleaazam,2020,January,1,,Comedy,,Comedy,No,,"Vikas P Kavvthekaar, Aps Raghuvanshi",Liliput,,Liliput,,Aps Entertainment,,,,,,,,,,,,,,,,,,,,,,,,,Missing/Partial,,wikipedia,2.0,2026-07-02
BOLLY_2020_1096_operation_parindey,Operation Parindey,Operation Parindey,2020,February,2,,Action,,Action,No,,Sanjay Gadhvi,Amit Sadh,Rahul Dev,Amit Sadh,,ZEE5,,D,4.3755,D,,,,,,,,,,,,,,,,,,,,,Missing/Partial,,wikipedia,2.0,2026-07-02
BOLLY_2020_1097_hacked,Hacked,Hacked,2020,February,2,,Thriller,,Crime | Thriller,No,,Vikram Bhatt,Hina Khan,Rohan Shah,Hina Khan | Komal Chhabria | Sougata Ghosh | Rohan Shah,,Zee Studios,,,2.9028,D,4.5,,1.82,,,,,,,tt11027850,4.4,,,,,,,,,hitFlop=1,High,,wikipedia,2.0,2026-07-02
BOLLY_2020_1098_kaanchli_life_in_a_slough,Kaanchli Life in a Slough,Kaanchli Life in a Slough,2020,February,2,,Drama,,Drama,No,,Dedipya Joshii,Sanjay Mishra,,Sanjay Mishra,,Pisceann Pictures,2.494,D,,,,,,,,,,,,,,,,,,,,,,,Missing/Partial,,wikipedia,2.0,2026-07-02
BOLLY_2020_1099_malang,Malang,Malang,2020,February,2,,Action,,Romance | Thriller,No,,Mohit Suri,Aditya Roy Kapur,Disha Patani,Aditya Roy Kapur,,"T-Series Films, Luv Films",,C,4.931,D,64.0,,84.5,,,,,,,,6.5,,,,,,,,,hitFlop=2,High,,wikipedia,2.0,2026-07-02
BOLLY_2020_1100_shikara,Shikara,Shikara,2020,February,2,,Drama,,Drama | History,No,,Vidhu Vinod Chopra,Sadia Khateeb,,Sadia Khateeb | Zain Khan Durrani | Priyanshu Chatterjee | Bhavna Chauhan,,"Fox Star Studios, Vinod Chopra Films",,,,,14.0,,8.15,,,,,,,tt10930586,3.4,,,,,,,,,hitFlop=1,High,,wikipedia,2.0,2026-07-02
BOLLY_2020_1101_love_aaj_kal,Love Aaj Kal,Love Aaj Kal,2020,February,2,,Drama,,Comedy | Romance,No,,Imtiaz Ali,Kartik Aaryan,Sara Ali Khan,Kartik Aaryan | Sara Ali Khan | Randeep Hooda | Sonu Saini,,"Pen Studios, Reliance Entertainment, Maddock Films, Jio Studios",,C,4.8838,D,50,,52.6,,,,,,,tt10023024,4.8,,,,,,,,,hitFlop=2,High,,wikipedia,2.0,2026-07-02
BOLLY_2020_1102_shukranu,Shukranu,Shukranu,2020,February,2,,Drama,,Drama,No,,Bishnu Dev Halder,Divyenndu,Shweta Basu Prasad,Divyenndu,,"Reliance Entertainment, ZEE5",,,,,,,,,,,,,,,,,,,,,,,,,Missing/Partial,,wikipedia,2.0,2026-07-02
BOLLY_2020_1103_the_hundred_bucks,The Hundred Bucks,The Hundred Bucks,2020,February,2,,Thriller,,Thriller,No,,Dushyant Pratap Singh,,,,,"A Reel and Motion Picture, Dushyant Corporation",,,,,,,,,,,,,,,,,,,,,,,,,Missing/Partial,,wikipedia,2.0,2026-07-02
BOLLY_2020_1104_shubh_mangal_zyada_saavdhan,Shubh Mangal Zyada Saavdhan,Shubh Mangal Zyada Saavdhan,2020,February,2,,Comedy,,Drama,No,,Hitesh Kewalya,Ayushmann Khurrana,Jitendra Kumar,Ayushmann Khurrana | Jitendra Kumar | Gajraj Rao | Neena Gupta,,"T-Series Films, Colour Yellow Productions",,D,,,30,,87,,,,,,,tt10309906,5.9,,,,,,,,,hitFlop=4,High,,wikipedia,2.0,2026-07-02
BOLLY_2020_1105_yeh_ballet,Yeh Ballet,Yeh Ballet,2020,February,2,,Drama,,Drama,No,,Sooni Taraporevala,Julian Sands,Manish Chauhan,Julian Sands,,Netflix,,,,,,,,,,,,,,,,,,,,,,,,,Missing/Partial,,wikipedia,2.0,2026-07-02
BOLLY_2020_1106_doordarshan,Doordarshan,Doordarshan,2020,February,2,,Comedy,,Drama,No,,Gagan Puri,Mahie Gill,Manu Rishi Chaddha,Manu Rishi Chadha | Mahie Gill | Dolly Ahluwalia | Shardul Rana,,Arya Films,2.448,D,,,4.0,,2.0,,,,,,,tt11231440,6.2,,,,,,,,,hitFlop=1,High,,wikipedia,2.0,2026-07-02
BOLLY_2020_1107_guns_of_banaras,Guns Of Banaras,Guns of Banaras,2020,February,2,,Action,,Drama,No,,Sekhar Suri,Karan Nath,Nathalia Kaur,Karan Nath,,"AJ Media Corp, Dashaka Cinema Co.",,D,,,7.0,,2.5,,,,,,,,5.8,,,,,,,,,hitFlop=1,High,,wikipedia,2.0,2026-07-02
BOLLY_2020_1108_haunted_hills,Haunted Hills,Haunted Hills,2020,February,2,,Romance,,Horror | Romance,No,,Sanjeev Kumar Rajput,Zuber K. Khan,,Zuber K. Khan,,"RSBS Films, UFO Moviez",,,,,,,,,,,,,,,7.2,,,,,,,,,,Missing/Partial,,wikipedia,2.0,2026-07-02
BOLLY_2020_1109_o_pushpa_i_hate_tears,O Pushpa I Hate Tears,O Pushpa I Hate Tears,2020,February,2,,Comedy,,Comedy | Thriller,No,,Dinkar Kapoor,Krushna Abhishek,Karthik Jayaram,Krushna Abhishek,,"Films@50, Wavelength Studios",,,,,,,,,,,,,,,5.3,,,,,,,,,,Missing/Partial,,wikipedia,2.0,2026-07-02
BOLLY_2020_1110_thappad,Thappad,Thappad,2020,February,2,,Drama,,Drama | Family,No,,Anubhav Sinha,Taapsee Pannu,,Taapsee Pannu | Pavail Gulati | Kumud Mishra | Ratna Pathak Shah,,T-Series Films,,B,3.0566,D,24,,44.54,,,,,,,tt10964430,7.3,,,,,,,,,hitFlop=3,High,,wikipedia,2.0,2026-07-02
BOLLY_2020_1111_baaghi_3,Baaghi 3,Baaghi 3,2020,March,3,,Action,,Action | Romance,No,,Ahmed Khan,Tiger Shroff,Riteish Deshmukh,Tiger Shroff | Riteish Deshmukh | Shraddha Kapoor | Ankita Lokhande,,"Fox Star Studios, Nadiadwala Grandson Entertainment",,B,,,85,,137.05,,,,,,,tt8366590,2.2,,,,,,,,,hitFlop=3,High,,wikipedia,2.0,2026-07-02
BOLLY_2020_1112_guilty,Guilty,Guilty,2020,March,3,,Drama,,Drama,No,,Ruchi Narain,Kiara Advani,Akansha Ranjan Kapoor,Kiara Advani,,"Dharmatic Entertainment, Netflix",,C,,,,,,,,,,,,,,,,,,,,,,,Missing/Partial,,wikipedia,2.0,2026-07-02
BOLLY_2020_1113_kaamyaab,Kaamyaab,Kaamyaab,2020,March,3,,Drama,,Drama,No,,Hardik Mehta,Sanjay Mishra,Deepak Dobriyal,Sanjay Mishra,,"Red Chillies Entertainment, Drishyam Films",2.494,D,,,7.0,,2.0,,,,,,,,7.8,,,,,,,,,hitFlop=1,High,,wikipedia,2.0,2026-07-02
BOLLY_2020_1114_angrezi_medium,Angrezi Medium,Angrezi Medium,2020,March,3,,Comedy,,Drama,No,,Homi Adajania,Irrfan Khan,Kareena Kapoor,Irrfan Khan | Radhika Madan | Kareena Kapoor | Deepak Dobriyal,,"Jio Studios, Maddock Films",2.9178,D,,,36,,13.54,,,,,,,tt8907986,7.3,,,,,,,,,hitFlop=1,High,,wikipedia,2.0,2026-07-02
BOLLY_2020_1115_maska,Maska,Maska,2020,March,3,,Drama,,Drama,No,,Neeraj Udhwani,Manisha Koirala,Nikita Dutta,Manisha Koirala,,Netflix,2.7949,D,,,,,,,,,,,,,,,,,,,,,,,Missing/Partial,,wikipedia,2.0,2026-07-02
BOLLY_2020_1116_bamfaad,Bamfaad,Bamfaad,2020,April,4,,Action,,Action,No,,Ranjan Chandel,Shalini Pandey,Vijay Varma,Shalini Pandey,,"JAR Pictures, ZEE5",,D,,,,,,,,,,,,,,,,,,,,,,,Missing/Partial,,wikipedia,2.0,2026-07-02
BOLLY_2020_1117_ateet,Ateet,Ateet,2020,April,4,,Drama,,Drama,No,,Tanuj Bhramar,Priyamani,Sanjay Suri,Priyamani,,ZEE5,,D,,,,,,,,,,,,,,,,,,,,,,,Missing/Partial,,wikipedia,2.0,2026-07-02
BOLLY_2020_1118_mrs_serial_killer,Mrs Serial Killer,Mrs. Serial Killer,2020,May,5,,Thriller,,Drama | Thriller,No,,Shirish Kunder,Jacqueline Fernandez,Manoj Bajpayee,Jacqueline Fernandez | Manoj Bajpayee | Mohit Raina | Zayn Marie Khan,,Netflix,5.4603,C,,,,,,,,,,,,tt10230426,5.3,,,,,,,,,,Missing/Partial,,wikipedia,2.0,2026-07-02
BOLLY_2020_1119_court_martial,Court Martial,Court Martial,2020,May,5,,Drama,,Drama,No,,Sourabh Srivastava,Rajeev Khandelwal,,Rajeev Khandelwal,,"Zee Theatre, Iris Productions",1.5575,D,,,,,,,,,,,,,,,,,,,,,,,Missing/Partial,,wikipedia,2.0,2026-07-02
BOLLY_2020_1120_what_are_the_odds,What Are the Odds,What Are the Odds,2020,April,4,,Drama,,Drama,No,,Megha Ramaswamy,Abhay Deol,,Abhay Deol,,Netflix,2.5106,D,,,,,,,,,,,,,,,,,,,,,,,Missing/Partial,,wikipedia,2.0,2026-07-02
BOLLY_2020_1121_ghoomketu,Ghoomketu,Ghoomketu,2020,May,5,,Comedy,,Drama,No,,Pushpendra Nath Misra,Nawazuddin Siddiqui,Ragini Khanna,Nawazuddin Siddiqui,,"Sony Pictures Networks Productions, Phantom Films, ZEE5",3.7877,D,,,10.0,,,,,,,,,,5.7,,,,,,,,,,Missing/Partial,,wikipedia,2.0,2026-07-02
BOLLY_2020_1122_chintu_ka_birthday,Chintu Ka Birthday,Chintu Ka Birthday,2020,June,6,,Drama,,Drama,No,,Devanshu KumarSatyanshu Singh,Vinay Pathak,Tillotama Shome,Vinay Pathak,,ZEE5,3.1247,D,,,,,,,,,,,,,,,,,,,,,,,Missing/Partial,,wikipedia,2.0,2026-07-02
BOLLY_2020_1123_choked,Choked,Choked,2020,June,6,,Drama,,Drama,No,,Anurag Kashyap,Saiyami Kher,Roshan Mathew,Saiyami Kher,,"JAR Pictures, Netflix",,,3.0408,D,,,,,,,,,,,,,,,,,,,,,Missing/Partial,,wikipedia,2.0,2026-07-02
BOLLY_2020_1124_axone,Axone,Axone,2020,June,6,,Drama,,Drama,No,,Nicholas Kharkongor,Dolly Ahluwalia,Sayani Gupta,Dolly Ahluwalia,,"Saregama India, Yoodlee Films",,,,,,,,,,,,,,,,,,,,,,,,,Missing/Partial,,wikipedia,2.0,2026-07-02
BOLLY_2020_1125_gulabo_sitabo,Gulabo Sitabo,Gulabo Sitabo,2020,June,6,,Comedy,,Comedy | Drama,No,,Shoojit Sircar,Farrukh Jaffar,Amitabh Bachchan,Amitabh Bachchan | Ayushmann Khurrana | Vijay Raaz | Brijendra Kala,,"Rising Sun Films, Amazon Prime Video",,B,3.8135,D,40.0,,60.0,,,,,,,tt10333912,6.3,,,,,,,,,hitFlop=3,High,,wikipedia,2.0,2026-07-02
BOLLY_2020_1126_kadakh,Kadakh,Kadakh,2020,June,6,,Comedy,,Comedy,No,,Rajat Kapoor,Kalki Koechlin,Ranvir Shorey,Kalki Koechlin,,Sony LIV,3.9852,D,2.0954,D,,,,,,,,,,,,,,,,,,,,,Missing/Partial,,wikipedia,2.0,2026-07-02
BOLLY_2020_1127_chaman_bahaar,Chaman Bahaar,Chaman Bahaar,2020,June,6,,Drama,,Drama,No,,Apurva Dhar Badgaiyann,Jitendra Kumar,,Jitendra Kumar,,"Yoodlee Films, Saregama India",,,,,,,,,,,,,,,,,,,,,,,,,Missing/Partial,,wikipedia,2.0,2026-07-02
BOLLY_2020_1128_bulbbul,Bulbbul,Bulbbul,2020,June,6,,Thriller,,Thriller,No,,Anvita Dutt,Tripti Dimri,Avinash Tiwary,Tripti Dimri,,"Clean Slate Filmz, Netflix",,,,,,,,,,,,,,,,,,,,,,,,,Missing/Partial,,wikipedia,2.0,2026-07-02
BOLLY_2020_1129_bhonsle,Bhonsle,Bhonsle,2020,June,6,,Drama,,Drama,No,,Devashish Makhija,Manoj Bajpayee,Santosh Juvekar,Manoj Bajpayee,,Sony LIV,2.1847,D,,,,,,,,,,,,,,,,,,,,,,,Missing/Partial,,wikipedia,2.0,2026-07-02
BOLLY_2020_1130_virgin_bhanupriya,Virgin Bhanupriya,Virgin Bhanupriya,2020,July,7,,Comedy,,Comedy | Drama,No,,Ajay Lohan,Urvashi Rautela,Gautam Gulati,Urvashi Rautela | Gautam Gulati | Rajiv Gupta | Archana Puran Singh,,ZEE5,,,,,15.0,,,,,,,,,tt11964084,3.1,,,,,,,,,,Missing/Partial,,wikipedia,2.0,2026-07-02
BOLLY_2020_1131_dil_bechara,Dil Bechara,Dil Bechara,2020,July,7,,Drama,,Drama | Romance,No,,Mukesh Chhabra,Sushant Singh Rajput,Sanjana Sanghi,Sushant Singh Rajput | Sanjana Sanghi | Sahil Vaid | Saswata Chatterjee,,"Fox Star Studios, Disney+ Hotstar",,,,,25,,50.0,,,,,,,tt8110330,8.1,,,,,,,,,hitFlop=4,High,,wikipedia,2.0,2026-07-02
BOLLY_2020_1132_yaara,Yaara,Yaara,2020,July,7,,Action,,Action,No,,Tigmanshu Dhulia,Vidyut Jammwal,Shruti Haasan,Vidyut Jammwal | Amit Sadh | Mohommed Ali Shah | Kenny Basumatary,,ZEE5,,C,1.6059,D,25.0,,,,,,,,,tt3698454,6.3,,,,,,,,,,Missing/Partial,,wikipedia,2.0,2026-07-02
BOLLY_2020_1133_shakuntala_devi,Shakuntala Devi,Shakuntala Devi,2020,July,7,,Drama,,Biography | Drama,No,,Anu Menon,Vidya Balan,Jisshu Sengupta,Vidya Balan | Adi Chugh | Sanya Malhotra | Jisshu Sengupta,,"Sony Pictures Networks Productions, Amazon Prime Video",6.0471,C,,,25.0,,40.0,,,,,,,tt10964468,6.1,,,,,,,,,hitFlop=3,High,,wikipedia,2.0,2026-07-02
BOLLY_2020_1134_lootcase,Lootcase,Lootcase,2020,July,7,,Comedy,,Comedy | Drama,No,,Rajesh Krishnan,Kunal Khemu,Rasika Dugal,Kunal Kemmu | Rasika Dugal | Vijay Raaz | Ranvir Shorey,,"Fox Star Studios, Disney+ Hotstar",3.1566,D,,,18.0,,15.0,,,,,,,tt10515526,7.6,,,,,,,,,hitFlop=1,High,,wikipedia,2.0,2026-07-02
BOLLY_2020_1135_raat_akeli_hai,Raat Akeli Hai,Raat Akeli Hai,2020,July,7,,Drama,,Drama | Thriller,No,,Honey Trehan,Nawazuddin Siddiqui,Radhika Apte,Ashish Chhipa | Nawazuddin Siddiqui | Radhika Apte | Aditya Srivastav,,"RSVP Movies, Netflix",3.7877,D,,,20.0,,,,,,,,,tt12567088,7.2,,,,,,,,,,Missing/Partial,,wikipedia,2.0,2026-07-02
BOLLY_2020_1136_pareeksha,Pareeksha,Pareeksha,2020,August,8,,Drama,,Biography,No,,Prakash Jha,Adil Hussain,Priyanka Bose,Adil Hussain | Priyanka Bose | Shourya Deep | Shubham,,ZEE5,,,3.6075,D,11.0,,,,,,,,,tt10199974,8.1,,,,,,,,,,Missing/Partial,,wikipedia,2.0,2026-07-02
BOLLY_2020_1137_khuda_haafiz,Khuda Haafiz,Khuda Haafiz,2020,August,8,,Action,,Action,No,,Faruk Kabir,Vidyut Jammwal,Shivaleeka Oberoi,Vidyut Jammwal,,"Panorama Studios, Disney+ Hotstar",,,,,,,,,,,,,,,,,,,,,,,,,Missing/Partial,,wikipedia,2.0,2026-07-02
BOLLY_2020_1138_class_of_83,Class Of 83,Class of '83,2020,August,8,,Action,,Drama,No,,Atul Sabharwal,Bobby Deol,Bhupendra Jadawat,Bobby Deol | Anup Soni | Joy Sengupta | Hitesh Bhojraj,,"Red Chillies Entertainment, Netflix",2.4272,D,,,21.0,,,,,,,,,tt10230422,5.8,,,,,,,,,,Missing/Partial,,wikipedia,2.0,2026-07-02
BOLLY_2020_1139_mee_raqsam,Mee Raqsam,Mee Raqsam,2020,August,8,,Drama,,Drama,No,,Baba Azmi,Naseeruddin Shah,,Naseeruddin Shah,,ZEE5,3.7695,D,,,,,,,,,,,,,,,,,,,,,,,Missing/Partial,,wikipedia,2.0,2026-07-02
BOLLY_2020_1140_sadak_2,Sadak 2,Sadak 2,2020,August,8,,Action,,Thriller,No,,Mahesh Bhatt,Sanjay Dutt,Pooja Bhatt,Priyanka Bose | Alia Bhatt | Sanjay Dutt | Aditya Roy Kapoor,,"Gravitas Ventures, Fox Star Studios, Vishesh Films, Disney+ Hotstar",5.0026,C,,,52.0,,70.0,,,,,,,tt7886848,1.1,,,,,,,,,hitFlop=2,High,,wikipedia,2.0,2026-07-02
BOLLY_2020_1141_ram_singh_charlie,Ram Singh Charlie,Ram Singh Charlie,2020,August,8,,Drama,,Drama,No,,Nitin Kakkar,Kumud Mishra,Divya Dutta,Kumud Mishra,,Sony Liv,,D,,,,,,,,,,,,,,,,,,,,,,,Missing/Partial,,wikipedia,2.0,2026-07-02
BOLLY_2020_1142_atkan_chatkan,Atkan Chatkan,Atkan Chatkan,2020,September,9,,Drama,,Drama,No,,Shiv Hare,,,,,ZEE5,,,,,,,,,,,,,,,,,,,,,,,,,Missing/Partial,,wikipedia,2.0,2026-07-02
BOLLY_2020_1143_cargo,Cargo,Cargo,2020,September,9,,Comedy,,Comedy,No,,Arati Kadav,Vikrant Massey,Shweta Tripathi,Vikrant Massey,,Netflix,,A,,,,,,,,,,,,,,,,,,,,,,,Missing/Partial,,wikipedia,2.0,2026-07-02
BOLLY_2020_1144_dolly_kitty_aur_woh_chamakte_sitare,Dolly Kitty Aur Woh Chamakte Sitare,Dolly Kitty Aur Woh Chamakte Sitare,2020,September,9,,Comedy,,Drama,No,,Alankrita Shrivastava,Konkona Sen Sharma,Bhumi Pednekar,Konkona Sen Sharma,,"Balaji Motion Pictures, ALT Entertainment, Netflix",2.9405,D,,,6.0,,,,,,,,,,5.5,,,,,,,,,,Missing/Partial,,wikipedia,2.0,2026-07-02
BOLLY_2020_1145_london_confidential,London Confidential,London Confidential,2020,September,9,,Thriller,,Thriller,No,,Kanwal Sethi,Mouni Roy,Purab Kohli,Mouni Roy,,ZEE5,,D,,,,,,,,,,,,,,,,,,,,,,,Missing/Partial,,wikipedia,2.0,2026-07-02
BOLLY_2020_1146_halahal,Halahal,Halahal,2020,September,9,,Thriller,,Thriller,No,,Randeep Jha,Sachin Khedekar,Barun Sobti,Sachin Khedekar,,"Eros International, Eros Now",2.0741,D,,,,,,,,,,,,,,,,,,,,,,,Missing/Partial,,wikipedia,2.0,2026-07-02
BOLLY_2020_1147_khaali_peeli,Khaali Peeli,Khaali Peeli,2020,October,10,,Action,,Drama | Romance,No,,Maqbool Khan,Ishaan Khatter,Ananya Panday,Ishaan Khattar | Ananya Panday | Sayeem Afran | Jaideep Ahlawat,,"Zee Studios, ZEE5",,,,,15.0,,20.0,,,,,,,tt10885444,2.5,,,,,,,,,hitFlop=2,High,,wikipedia,2.0,2026-07-02
BOLLY_2020_1148_serious_men,Serious Men,Serious Men,2020,October,10,,Comedy,,Comedy,No,,Sudhir Mishra,Nawazuddin Siddiqui,Shweta Basu Prasad,Nawazuddin Siddiqui,,Netflix,3.7877,D,1.6302,D,,,,,,,,,,,,,,,,,,,,,Missing/Partial,,wikipedia,2.0,2026-07-02
BOLLY_2020_1149_bahut_hua_samman,Bahut Hua Samman,Bahut Hua Samman,2020,October,10,,Comedy,,Comedy,No,,Ashish R Shukla,Raghav Juyal,Sanjay Mishra,Raghav Juyal,,"Yoodlee Films, Disney+ Hotstar",,D,,,10,,,,,,,,,,,,,,,,,,,,Low,,wikipedia,2.0,2026-07-02
BOLLY_2020_1150_ginny_weds_sunny,Ginny Weds Sunny,Ginny Weds Sunny,2020,October,10,,Comedy,,Comedy | Drama,No,,Puneet Khanna,Yami Gautam,Vikrant Massey,Yami Gautam | Vikrant Massey | Ayesha Raza Mishra | Rajiv Gupta,,"Soundrya Production, Netflix",,D,,,15.0,,,,,,,,,tt10543680,5.7,,,,,,,,,,Missing/Partial,,wikipedia,2.0,2026-07-02
BOLLY_2020_1151_the_pickup_artist,The Pickup Artist,The Pickup Artist,2020,March,3,,Thriller,,Thriller,No,,Rohit Arora,,,,,Roar Picture Company,,,,,,,,,,,,,,,,,,,,,,,,,Missing/Partial,,wikipedia,2.0,2026-07-02
BOLLY_2020_1152_comedy_couple,Comedy Couple,Comedy Couple,2020,October,10,,Comedy,,Drama,No,,Nachiket Samant,Saqib Saleem,Shweta Basu Prasad,Saqib Saleem,,Yoodlee Films,,,,,7.0,,,,,,,,,,7.5,,,,,,,,,,Missing/Partial,,wikipedia,2.0,2026-07-02
BOLLY_2020_1153_taish,Taish,Taish,2020,October,10,,Thriller,,Thriller,No,,Bejoy Nambiar,Pulkit Samrat,Kriti Kharbanda,Pulkit Samrat,,ZEE5,,C,,,,,,,,,,,,,,,,,,,,,,,Missing/Partial,,wikipedia,2.0,2026-07-02
BOLLY_2020_1154_kaali_khuhi,Kaali Khuhi,Kaali Khuhi,2020,October,10,,Horror,,Horror,No,,Terrie Samundra,Shabana Azmi,Satyadeep Mishra,Shabana Azmi,,Netflix,1,D,,,,,,,,,,,,,,,,,,,,,,,Missing/Partial,,wikipedia,2.0,2026-07-02
BOLLY_2020_1155_pepper_chicken,Pepper Chicken,Pepper Chicken,2020,November,11,,Thriller,,Thriller,No,,Ratan Sil Ram,Dipannita Sharma,,Dipannita Sharma,,ShemarooMe,,,,,,,,,,,,,,,,,,,,,,,,,Missing/Partial,,wikipedia,2.0,2026-07-02
BOLLY_2020_1156_laxmii,Laxmii,Laxmii,2020,November,11,,Comedy,,Comedy | Horror,No,,Raghava Lawrence,Akshay Kumar,Kiara Advani,Akshay Kumar | Kiara Advani | Sharad Kelkar | Ashwini Kalsekar,,"Fox Star Studios, Disney+ Hotstar",6.3805,C,,,60.0,,125.0,,,,,,,tt10350922,2.7,,,,,,,,,hitFlop=4,High,,wikipedia,2.0,2026-07-02
BOLLY_2020_1157_ludo,Ludo,Ludo,2020,November,11,,Action,,Drama,No,,Anurag Basu,Abhishek Bachchan,Rajkummar Rao,Pankaj Tripathi | Abhishek Bachchan | Rajkummar Rao | Fatima Sana Shaikh,,"T-Series Films, Netflix",5.2079,D,5.1314,C,21.0,,43.0,,,,,,,tt7212754,7.6,,,,,,,,,hitFlop=4,High,,wikipedia,2.0,2026-07-02
BOLLY_2020_1158_chhalaang,Chhalaang,Chhalaang,2020,November,11,,Comedy,,Comedy,No,,Hansal Mehta,Rajkummar Rao,Nushrratt Bharuccha,Rajkummar Rao | Nushrratt Bharuccha | Mohd. Zeeshan Ayyub | Saurabh Shukla,,"T-Series Films, Ajay Devgn FFilms, Luv Films, Amazon Prime Video",3.9271,D,1.4466,D,15.0,,,,,,,,,tt8983164,7.0,,,,,,,,,,Missing/Partial,,wikipedia,2.0,2026-07-02
BOLLY_2020_1159_sir,Sir,Sir,2020,May,5,,Drama,,Drama,No,,Rohena Gera,Tillotama Shome,,Tillotama Shome,,Platoon Films,,D,,,,,10.833333333333334,,,,,,,,,,,,,,,,,,Low,,wikipedia,2.0,2026-07-02
BOLLY_2020_1160_suraj_pe_mangal_bhari,Suraj Pe Mangal Bhari,Suraj Pe Mangal Bhari,2020,November,11,,Comedy,,Drama,No,,Abhishek Sharma,Manoj Bajpayee,Diljit Dosanjh,Manoj Bajpayee | Karishma Tanna | Fatima Sana Shaikh | Abhishek Banerjee,,Zee Studios,2.1847,D,,,15.0,,4.32,,,,,,,tt10731264,6.1,,,,,,,,,hitFlop=1,High,,wikipedia,2.0,2026-07-02
BOLLY_2020_1161_anwar_ka_ajab_kissa,Anwar Ka Ajab Kissa,Anwar Ka Ajab Kissa,2020,October,10,,Comedy,,Comedy,No,,Buddhadeb Dasgupta,Nawazuddin Siddiqui,Ananya Chatterjee,Nawazuddin Siddiqui,,"Eros International, Eros Now",3.7877,D,,,,,,,,,,,,,,,,,,,,,,,Missing/Partial,,wikipedia,2.0,2026-07-02
BOLLY_2020_1162_it_s_my_life,Its My Life,It's My Life,2020,,,,Comedy,,Romance,No,,Anees Bazmee,Nana Patekar,Harman Baweja,Nana Patekar,,Zee Cinema,4.0525,D,5.6076,C,10.0,,,,,,,,,,5.5,,,,,,,,,,Missing/Partial,,wikipedia,2.0,2026-07-02
BOLLY_2020_1163_darbaan,Darbaan,Darbaan,2020,December,12,,Drama,,Drama,No,,Bipin Nadkarni,Sharib Hashmi,Sharad Kelkar,Sharib Hashmi,,ZEE5,,,,,,,,,,,,,,,7.5,,,,,,,,,,Missing/Partial,,wikipedia,2.0,2026-07-02
BOLLY_2020_1164_durgamati,Durgamati,Durgamati,2020,December,12,,Thriller,,Horror | Thriller,No,,G. Ashok,Bhumi Pednekar,Arshad Warsi,Bhumi Pednekar,,"T-Series Films, Amazon Prime Video",,C,,,15.0,,,,,,,,,,4.1,,,,,,,,,,Missing/Partial,,wikipedia,2.0,2026-07-02
BOLLY_2020_1165_indoo_ki_jawani,Indoo Ki Jawani,Indoo Ki Jawani,2020,December,12,,Comedy,,Drama,No,,Abir Sengupta,Kiara Advani,Aditya Seal,Kiara Advani | Aditya Seal | Mallika Dua | Kimsa Sok,,"T-Series Films, Emmay Entertainment",,C,,,,,1.52,,,,,,,tt11112526,3.4,,,,,,,,,,Low,,wikipedia,2.0,2026-07-02
BOLLY_2020_1166_nirvana_inn,Nirvana Inn,Nirvana Inn,2020,October,10,,Horror,,Horror,No,,Vijay Jayapal,Adil Hussain,Rajshri Deshpande,Adil Hussain,,Stray Factory,,,,,,,,,,,,,,,,,,,,,,,,,Missing/Partial,,wikipedia,2.0,2026-07-02
BOLLY_2020_1167_torbaaz,Torbaaz,Torbaaz,2020,December,12,,Action,,Drama | Thriller,No,,Girish Malik,Sanjay Dutt,Nargis Fakhri,Sanjay Dutt | Nargis Fakhri | Rahul Dev | Kuwaarjeet Chopraa,,Netflix,5.0026,C,,,25.0,,,,,,,,,tt7805960,7.1,,,,,,,,,,Missing/Partial,,wikipedia,2.0,2026-07-02
BOLLY_2020_1168_eeb_allay_ooo,Eeb Allay Ooo!,Eeb Allay Ooo!,2020,October,10,,Comedy,,Comedy,No,,Prateek Vats,,,,,NaMa Productions,,,,,,,,,,,,,,,,,,,,,,,,,Missing/Partial,,wikipedia,2.0,2026-07-02
BOLLY_2020_1169_sayonee,Sayonee,Sayonee,2020,,,,Drama,,Action | Musical,No,,Nitin Kumar Gupta,Musskan Sethi,Rahul Roy,Musskan Sethi,,"Lucky Nadiadwala Morani Productions, D&T Productions Pvt. Ltd.",,,,,5.0,,,,,,,,,,8.0,,,,,,,,,,Missing/Partial,,wikipedia,2.0,2026-07-02
BOLLY_2020_1170_omprakash_zindabad,Omprakash Zindabad,Omprakash Zindabad,2020,December,12,,Drama,,Drama,No,,Ranjeet Gupta,Kulbhushan Kharbanda,Jagdeep,Kulbhushan Kharbanda,,Panorama Studios,,,,,,,,,,,,,,,,,,,,,,,,,Missing/Partial,,wikipedia,2.0,2026-07-02
BOLLY_2020_1171_unpaused,Unpaused,Unpaused,2020,December,12,,Drama,,Drama,No,,Raj & D.K | Nitya Mehra | Nikkhil Advani | Tannishtha Chatterjee | Avinash Arun,Gulshan Devaiah,Sumeet Vyas,Gulshan Devaiah,,"Emmay Entertainment, Amazon Prime Video",,D,,,,,,,,,,,,,,,,,,,,,,,Missing/Partial,,wikipedia,2.0,2026-07-02
BOLLY_2020_1172_ak_vs_ak,AK vs AK,AK vs AK,2020,December,12,,Comedy,,Comedy,No,,Vikramaditya Motwane,Anil Kapoor,Anurag Kashyap,Anil Kapoor,,"Andolan Films, Netflix",5.6087,C,,,,,,,,,,,,,,,,,,,,,,,Missing/Partial,,wikipedia,2.0,2026-07-02
BOLLY_2020_1173_coolie_no_1,Coolie No 1,Coolie No. 1,2020,December,12,,Action,,Comedy | Romance,No,,David Dhawan,Varun Dhawan,Sara Ali Khan,Varun Dhawan | Sara Ali Khan | Paresh Rawal | Jaaved Jaaferi,,"Pooja Entertainment, Amazon Prime Video",4.74,D,4.7408,D,65.0,,100.0,,,,,,,tt10280276,4.2,,,,,,,,,hitFlop=3,High,,wikipedia,2.0,2026-07-02
BOLLY_2020_1174_shakeela,Shakeela,Shakeela,2020,December,12,,Drama,,Biography | Drama,No,,Indrajit Lankesh,Richa Chadda,Pankaj Tripathi,Richa Chadda,,Sammy's Magic Cinema,,D,,,7.0,,0.35,,,,,,,,3.4,,,,,,,,,hitFlop=1,High,,wikipedia,2.0,2026-07-02
BOLLY_2021_1175_nail_polish,Nail Polish,Nail Polish,2021,January,1,,Thriller,,Thriller,No,,Bugs Bhargava Krishna,Arjun Rampal,Manav Kaul,Arjun Rampal,,ZEE5,3.8011,D,,,,,,,,,,,,,,,,,,,,,,,Missing/Partial,,wikipedia,2.0,2026-07-02
BOLLY_2021_1176_ramprasad_ki_tehrvi,Ramprasad Ki Tehrvi,Ramprasad Ki Tehrvi,2021,January,1,,Drama,,Drama | Family,No,,Seema Pahwa,Naseeruddin Shah,Vinay Pathak,Naseeruddin Shah,,"Jio Studios, Drishyam Films",3.7695,D,,,10.0,,,,,,,,,,7.5,,,,,,,,,,Missing/Partial,,wikipedia,2.0,2026-07-02
BOLLY_2021_1177_kaagaz,Kaagaz,Kaagaz,2021,January,1,,Drama,,Biography | Drama,No,,Satish Kaushik,Pankaj Tripathi,Monal Gajjar,Pankaj Tripathi | Monal Gajjar | Mita Vashisht | Amar Upadhyay,,"Salman Khan Films, ZEE5",,D,2.6808,D,,,,,,,,,,tt9569610,7.5,,,,,,,,,,Missing/Partial,,wikipedia,2.0,2026-07-02
BOLLY_2021_1178_12_o_clock,12'o Clock,12 'O' Clock,2021,January,1,,Horror,,Horror | Psychological,No,,Ram Gopal Varma,Mithun Chakraborty,Makarand Deshpande,Mithun Chakraborty,,A Company Product,2.4335,D,3.7435,D,8.0,,,,,,,,,,3.1,,,,,,,,,,Missing/Partial,,wikipedia,2.0,2026-07-02
BOLLY_2021_1179_the_power,The Power,The Power,2021,January,1,,Action,,Action,No,,Mahesh Manjrekar,Vidyut Jammwal,Shruti Haasan,Vidyut Jammwal,,"Zee Plex, Pen Studios, ZEE5",,C,1.4664,D,,,,,,,,,,,,,,,,,,,,,Missing/Partial,,wikipedia,2.0,2026-07-02
BOLLY_2021_1180_tribhanga,Tribhanga,Tribhanga,2021,January,1,,Comedy,,Comedy,No,,Renuka Shahane,Kajol,Tanvi Azmi,Kajol,,"Ajay Devgn FFilms, Banijay, Netflix",7.2516,B,,,,,,,,,,,,,,,,,,,,,,,Missing/Partial,,wikipedia,2.0,2026-07-02
BOLLY_2021_1181_jamun,Jamun,Jamun,2021,,,,Drama,,Drama,No,,Gaurav Mehra,Raghubir Yadav,Shweta Basu Prasad,Raghubir Yadav,,Eros Now,,,,,,,,,,,,,,,,,,,,,,,,,Missing/Partial,,wikipedia,2.0,2026-07-02
BOLLY_2021_1182_madam_chief_minister,Madam Chief Minister,Madam Chief Minister,2021,January,1,,Drama,,Drama,No,,Subhash Kapoor,Richa Chadda,Manav Kaul,Richa Chadha | Manav Kaul | Saurabh Shukla | Akshay Oberoi,,T-Series Films,,D,,,14.0,,0.05,,,,,,,tt13773882,4.8,,,,,,,,,hitFlop=1,High,,wikipedia,2.0,2026-07-02
BOLLY_2021_1183_maassab,Maassab,Maassab,2021,January,1,,Drama,,Drama,No,,Aditya Om,,,,,Purushottam Studios,,,,,,,,,,,,,,,8.4,,,,,,,,,,Missing/Partial,,wikipedia,2.0,2026-07-02
BOLLY_2021_1184_main_mulayam_singh_yadav,Main Mulayam Singh Yadav,Main Mulayam Singh Yadav,2021,January,1,,Drama,,Drama,No,,Suvendu Raj Ghosh,Sana Amin Sheikh,Govind Namdeo,Sana Amin Sheikh,,Ms Production,,D,,,,,,,,,,,,,,,,,,,,,,,Missing/Partial,,wikipedia,2.0,2026-07-02
BOLLY_2021_1185_lahore_confidential,Lahore Confidential,Lahore Confidential,2021,February,2,,Romance,,Romance,No,,Kunal Kohli,Richa Chadha,Karishma Tanna,Richa Chadha,,"JAR Pictures, ZEE5",,,4.0747,D,,,,,,,,,,,,,,,,,,,,,Missing/Partial,,wikipedia,2.0,2026-07-02
BOLLY_2021_1186_tuesdays_and_fridays,Tuesdays And Fridays,Tuesdays and Fridays,2021,February,2,,Comedy,,Drama | Romance,No,,Taranveer Singh,Jhataleka Malhotra,Zoa Morani,Anmol Dhillon | Jhataleka Malhotra | Niki Walia | Zoa Morani,,"T-Series Films, Bhansali Productions",,D,,,40.0,,,,,,,,,tt9176102,4.5,,,,,,,,,,Missing/Partial,,wikipedia,2.0,2026-07-02
BOLLY_2021_1187_the_girl_on_the_train,The Girl on the Train,The Girl on the Train,2021,February,2,,Drama,,Drama,No,,Ribhu Dasgupta,Parineeti Chopra,Aditi Rao Hydari,Parineeti Chopra,,"Reliance Entertainment, Netflix",4.9932,C,,,,,,,,,,,,,,,,,,,,,,,Missing/Partial,,wikipedia,2.0,2026-07-02
BOLLY_2021_1188_bombay_rose,Bombay Rose,Bombay Rose,2021,March,3,,Romance,,Romance,No,,Gitanjali Rao,Anurag Kashyap,Makrand Deshpande,Anurag Kashyap,,Netflix,,C,,,,,,,,,,,,,,,,,,,,,,,Missing/Partial,,wikipedia,2.0,2026-07-02
BOLLY_2021_1189_roohi,Roohi,Roohi,2021,March,3,,Comedy,,Comedy | Horror,No,,Hardik Mehta,Rajkummar Rao,Janhvi Kapoor,Rajkummar Rao | Varun Sharma | Janhvi Kapoor | Alexx O'Nell,,"Maddock Films, Jio Studios",3.9271,D,,,2.6,,30.33,,,,,,,tt10098288,4.4,,,,,,,,,hitFlop=5,High,,wikipedia,2.0,2026-07-02
BOLLY_2021_1190_mera_fauji_calling,Mera Fauji Calling,Mera Fauji Calling,2021,March,3,,Action,,Action,No,,Aaryaan Saxena,Sharman Joshi,Vikram Singh,Sharman Joshi,,"Running Horses Films, Ovez Productions, Causeway Media Network PVT. LTD.",3.6904,D,,,,,,,,,,,,,,,,,,,,,,,Missing/Partial,,wikipedia,2.0,2026-07-02
BOLLY_2021_1191_time_to_dance,Time To Dance,Time to Dance,2021,March,3,,Drama,,Drama,No,,Stanley D'Costa,Sooraj Pancholi,Waluscha De Sousa,Sooraj Pancholi | Isabelle Kaif | Waluscha D'Souza | Rajpal Naurang Yadav,,T Films UK Limited,,,,,25.0,,,,,,,,,tt8622232,2.2,,,,,,,,,,Missing/Partial,,wikipedia,2.0,2026-07-02
BOLLY_2021_1192_ahaan,Ahaan,Ahaan,2021,March,3,,Drama,,Drama,No,,Nikhil Pherwani,Arif Zakaria,Niharika Singh,Arif Zakaria,,Willl Finds Way Films,,D,,,,,,,,,,,,,,,,,,,,,,,Missing/Partial,,wikipedia,2.0,2026-07-02
BOLLY_2021_1193_mumbai_saga,Mumbai Saga,Mumbai Saga,2021,March,3,,Action,,Action | Thriller,No,,Sanjay Gupta,John Abraham,Emraan Hashmi,John Abraham | Emraan Hashmi | Mahesh Manjrekar | Suniel Shetty,,T-Series Films,7.1193,D,3.4703,D,64,,22.29,,,,,,,tt10483386,6.3,,,,,,,,,hitFlop=1,High,,wikipedia,2.0,2026-07-02
BOLLY_2021_1194_sandeep_aur_pinky_faraar,Sandeep Aur Pinky Faraar,Sandeep Aur Pinky Faraar,2021,March,3,,Comedy,,Romance | Thriller,No,,Dibakar Banerjee,Arjun Kapoor,Parineeti Chopra,Jaideep Ahlawat | Parineeti Chopra | Arjun Kapoor | Neena Gupta,,Yash Raj Films,6.5059,C,2.863,D,20,,0.58125,,,,,,,tt7094488,6.4,,,,,,,,,hitFlop=1,High,,wikipedia,2.0,2026-07-02
BOLLY_2021_1195_the_wife,The Wife,The Wife,2021,March,3,,Horror,,Drama | Horror,No,,Sarmad Khan,Gurmeet Choudhary,Sayani Datta,Gurmeet Choudhary,,"ZEE5, Zee Studios",,,,,8.0,,,,,,,,,,4.6,,,,,,,,,,Missing/Partial,,wikipedia,2.0,2026-07-02
BOLLY_2021_1196_switchh,Switchh,Switchh,2021,April,4,,Action,,Action,No,,Mustufa Raj,Vikrant Massey,Tanvi Vyas,Vikrant Massey,,Eros Now,,A,,,,,,,,,,,,,,,,,,,,,,,Missing/Partial,,wikipedia,2.0,2026-07-02
BOLLY_2021_1197_d_company,D Company,D Company,2021,March,3,,Action,,Action | Crime,No,,Ram Gopal Varma,Naina Ganguly,,Sandeep Bose | Abhilash Chaudhary | Gaurav Daagar | Pranay Dixit,,Spark Productions,,,3.7435,D,6.0,,,,,,,,,tt13847502,6.2,,,,,,,,,,Missing/Partial,,wikipedia,2.0,2026-07-02
BOLLY_2021_1198_pagglait,Pagglait,Pagglait,2021,March,3,,Comedy,,Comedy | Drama,No,,Umesh Bist,Sanya Malhotra,Shruti Sharma,Sanya Malhotra | Sayani Gupta | Sheeba Chaddha | Ashutosh Rana,,"Balaji Motion Pictures, Sikhya Entertainment, Netflix",,D,,,5.5,,,,,,,,,tt11142762,6.9,,,,,,,,,,Missing/Partial,,wikipedia,2.0,2026-07-02
BOLLY_2021_1199_saina,Saina,Saina,2021,March,3,,Drama,,Biography | Drama,No,,Amole Gupte,Parineeti Chopra,Manav Kaul,Mukesh Agrohari | Olga Anand | Rohan Apte | Amit Ashar,,T-Series Films,4.9932,C,,,26,,1.5,,,,,,,tt9176086,4.5,,,,,,,,,hitFlop=1,High,,wikipedia,2.0,2026-07-02
BOLLY_2021_1200_silence_can_you_hear_it,Silence... Can You Hear It?,Silence... Can You Hear It?,2021,March,3,,Drama,,Drama,No,,Aban Bharucha Deohans,Manoj Bajpayee,Prachi Desai,Manoj Bajpayee,,"Zee Studios, ZEE5",2.1847,D,,,,,,,,,,,,,,,,,,,,,,,Missing/Partial,,wikipedia,2.0,2026-07-02
BOLLY_2021_1201_flight,Flight,Flight,2021,April,4,,Action,,Action | Thriller,No,,Suraj Joshi,Mohit Chadda,Pavan Malhotra,Mohit Chadda,,Reliance Entertainment,,,,,7.0,,,,,,,,,,6.1,,,,,,,,,,Missing/Partial,,wikipedia,2.0,2026-07-02
BOLLY_2021_1202_koi_jaane_na,Koi Jaane Na,Koi Jaane Na,2021,April,4,,Thriller,,Psychological | Thriller,No,,Amin Hajee,Kunal Kapoor,Amyra Dastur,Kunal Kapoor | Amyra Dastur | Elli Avrram | Aamir Khan,,T-Series Films,2.3939,D,,,8.0,,0.52,,,,,,,tt13989310,3.8,,,,,,,,,hitFlop=1,High,,wikipedia,2.0,2026-07-02
BOLLY_2021_1203_the_big_bull,The Big Bull,The Big Bull,2021,April,4,,Drama,,Crime | Drama,No,,Kookie Gulati,Abhishek Bachchan,Ileana D'Cruz,Abhishek Bachchan | Nikita Dutta | Ileana D'Cruz | Sanjeev Pandey,,"Ajay Devgn FFilms, Disney+ Hotstar",5.2079,D,,,40.0,,,,,,,,,tt9614452,6.7,,,,,,,,,,Missing/Partial,,wikipedia,2.0,2026-07-02
BOLLY_2021_1204_hello_charlie,Hello Charlie,Hello Charlie,2021,April,4,,Comedy,,Comedy | Drama,No,,Pankaj Saraswat,Jackie Shroff,Elnaaz Norouzi,Jackie Shroff,,"Excel Entertainment, Amazon Prime Video",2.6163,D,,,8.0,,,,,,,,,,6.0,,,,,,,,,,Missing/Partial,,wikipedia,2.0,2026-07-02
BOLLY_2021_1205_99_songs,99 Songs,99 Songs,2021,April,4,,Romance,,Drama | Musical,No,,Vishwesh Krishnamoorthy,Aditya Seal,Lisa Ray,Aditya Seal,,Jio Studios,,D,,,25.0,,,,,,,,,,6.9,,,,,,,,,,Missing/Partial,,wikipedia,2.0,2026-07-02
BOLLY_2021_1206_ajeeb_daastaans,Ajeeb Daastaans,Ajeeb Daastaans,2021,April,4,,Drama,,Drama,No,,Shashank Khaitan | Neeraj Ghaywan | Kayoze Irani,Fatima Sana Shaikh,Jaideep Ahlawat,Fatima Sana Shaikh,,"Dharmatic Entertainment, Netflix",,,,,,,,,,,,,,,,,,,,,,,,,Missing/Partial,,wikipedia,2.0,2026-07-02
BOLLY_2021_1207_raat_baaki_hai,Raat Baaki Hai,Raat Baaki Hai,2021,April,4,,Thriller,,Thriller,No,,Avinash Das,Paoli Dam,Anup Soni,Paoli Dam,,ZEE5,,,,,,,,,,,,,,,,,,,,,,,,,Missing/Partial,,wikipedia,2.0,2026-07-02
BOLLY_2021_1208_meel_patthar,Meel Patthar,Meel Patthar,2021,September,9,,Drama,,Drama,No,,Ivan Ayr,,,,,Netflix,,,,,,,,,,,,,,,,,,,,,,,,,Missing/Partial,,wikipedia,2.0,2026-07-02
BOLLY_2021_1209_hum_bhi_akele_tum_bhi_akele,Hum Bhi Akele Tum Bhi Akele,Hum Bhi Akele Tum Bhi Akele,2021,May,5,,Drama,,Drama,No,,Harish Vyas,Zareen Khan,Anshuman Jha,Zareen Khan,,Disney+ Hotstar,,D,,,6.0,,,,,,,,,,,,,,,,,,,,Missing/Partial,,wikipedia,2.0,2026-07-02
BOLLY_2021_1210_radhe,Radhe,Radhe,2021,May,5,,Action,,Action,No,,Prabhu Deva,Salman Khan,Disha Patani,Salman Khan,,"Salman Khan Films, Zee Studios, ZEE5, Zee Plex",9.2082,D,,,90,,18.33,,,,,,,,,,,,,,,,,hitFlop=1,High,,wikipedia,2.0,2026-07-02
BOLLY_2021_1211_sardar_ka_grandson,Sardar Ka Grandson,Sardar Ka Grandson,2021,May,5,,Drama,,Drama | Romance,No,,Kaashvie Nair,Arjun Kapoor,Rakul Preet Singh,John Abraham | Rakul Preet Singh | Aditi Rao Hydari | Arjun Kapoor,,"T-Series Films, Emmay Entertainment, Netflix",6.5059,C,,,20.0,,,,,,,,,tt11213600,4.3,,,,,,,,,,Missing/Partial,,wikipedia,2.0,2026-07-02
BOLLY_2021_1212_shaadisthan,Shaadisthan,Shaadisthan,2021,June,6,,Drama,,Drama,No,,Raj Singh Chaudhary,Kirti Kulhari,Medha Shankr,Kirti Kulhari,,Disney+ Hotstar,,D,,,,,,,,,,,,,,,,,,,,,,,Missing/Partial,,wikipedia,2.0,2026-07-02
BOLLY_2021_1213_skater_girl,Skater Girl,Skater Girl,2021,June,6,,Drama,,Drama,No,,Manjari Makijany,Waheeda Rehman,,Waheeda Rehman,,Netflix,,,,,,,,,,,,,,,,,,,,,,,,,Missing/Partial,,wikipedia,2.0,2026-07-02
BOLLY_2021_1214_sherni,Sherni,Sherni,2021,June,6,,Thriller,,Drama | Thriller,No,,Amit V. Masurkar,Vidya Balan,Sharat Saxena,Vidya Balan | Vijay Raaz | Neeraj Kabi | Mukesh Khanna,,"T-Series Films, Amazon Prime Video",6.0471,C,,,12.0,,,,,,,,,tt10741542,6.8,,,,,,,,,,Missing/Partial,,wikipedia,2.0,2026-07-02
BOLLY_2021_1215_haseen_dillruba,Haseen Dillruba,Haseen Dillruba,2021,July,7,,Comedy,,Mystery | Thriller,No,,Vinil Mathew,Taapsee Pannu,Vikrant Massey,Taapsee Pannu | Vikrant Massey | Harshvardhan Rane | Aditya Srivastav,,"T-Series Films, Colour Yellow Productions, Eros International, Netflix",,B,,,18.0,,,,,,,,,tt11027830,7.0,,,,,,,,,,Missing/Partial,,wikipedia,2.0,2026-07-02
BOLLY_2021_1216_collar_bomb,Collar Bomb,Collar Bomb,2021,July,7,,Action,,Action,No,,Dnyanesh Zoting,Jimmy Sheirgill,Asha Negi,Jimmy Sheirgill,,"Yoodlee Films, Disney+ Hotstar",,D,,,,,,,,,,,,,,,,,,,,,,,Missing/Partial,,wikipedia,2.0,2026-07-02
BOLLY_2021_1217_toofaan,Toofaan,Toofaan,2021,July,7,,Drama,,Drama | Sports,No,,Rakeysh Omprakash Mehra,Farhan Akhtar,Paresh Rawal,Farhan Akhtar | Mrunal Thakur | Paresh Rawal | Mohan Agashe,,"Excel Entertainment, ROMP Pictures, Amazon Prime Video",6.6258,D,4.5105,D,15.0,,,,,,,,,tt11045422,5.9,,,,,,,,,,Missing/Partial,,wikipedia,2.0,2026-07-02
BOLLY_2021_1218_14_phere,14 Phere,14 Phere,2021,July,7,,Comedy,,Comedy | Drama,No,,Devanshu Singh,Vikrant Massey,Kriti Kharbanda,Kriti Kharbanda | Vikrant Massey | Gauahar Khan | Vineet Kumar,,"Zee Studios, ZEE5",,A,,,15.0,,,,,,,,,tt12887178,6.4,,,,,,,,,,Missing/Partial,,wikipedia,2.0,2026-07-02
BOLLY_2021_1219_hungama_2,Hungama 2,Hungama 2,2021,July,7,,Comedy,,Comedy | Drama,No,,Priyadarshan,Paresh Rawal,Shilpa Shetty,Paresh Rawal | Meezaan Jafri | Shilpa Shetty Kundra | Pranitha,,"Venus Worldwide Entertainment, Disney+ Hotstar",3.7967,D,3.8472,D,30.0,,45.0,,,,,,,tt8983220,3.2,,,,,,,,,hitFlop=3,High,,wikipedia,2.0,2026-07-02
BOLLY_2021_1220_mimi,Mimi,Mimi,2021,July,7,,Comedy,,Comedy | Drama,No,,Laxman Utekar,Kriti Sanon,Pankaj Tripathi,Kriti Sanon | Evelyn Edwards | Pankaj Tripathi | Sai Tamhankar,,"Maddock Originals, Netflix, JioCinema",,C,,,25.0,,,,,,,,,tt10895576,8.0,,,,,,,,,,Missing/Partial,,wikipedia,2.0,2026-07-02
BOLLY_2021_1221_dial_100,Dial 100,Dial 100,2021,August,8,,Thriller,,Drama | Thriller,No,,Rensil D'Silva,Manoj Bajpayee,Neena Gupta,Manoj Bajpayee | Neena Gupta | Sakshi Tanwar | Nandu Madhav,,"Sony Pictures Films India, ZEE5",2.1847,D,,,25.0,,,,,,,,,tt13562940,5.9,,,,,,,,,,Missing/Partial,,wikipedia,2.0,2026-07-02
BOLLY_2021_1222_shershaah,Shershaah,Shershaah,2021,August,8,,Action,,Biography | Drama,No,,Vishnuvardhan,Sidharth Malhotra,Kiara Advani,Sidharth Malhotra | Kiara Advani | Shiv Panditt | Pranay Pachauri,,"Dharma Productions, Amazon Prime Video",,C,,,55.0,,136.0,,,,,,,tt10295212,8.7,,,,,,,,,hitFlop=4,High,,wikipedia,2.0,2026-07-02
BOLLY_2021_1223_bell_bottom,Bell Bottom,Bell Bottom,2021,August,8,,Action,,Action | Drama,No,,Ranjit M Tewari,Akshay Kumar,Vaani Kapoor,Akshay Kumar,,"Pooja Entertainment, Emmay Entertainment",6.3805,C,,,150,,50.58,,,,,,,,6.3,,,,,,,,,hitFlop=1,High,,wikipedia,2.0,2026-07-02
BOLLY_2021_1224_200_halla_ho,200 – Halla Ho,200 – Halla Ho,2021,August,8,,Thriller,,Thriller,No,,Sarthak Dasgupta,Amol Palekar,Barun Sobti,Amol Palekar,,"Saregama, Yoodlee Films, ZEE5",,,,,,,,,,,,,,,,,,,,,,,,,Missing/Partial,,wikipedia,2.0,2026-07-02
BOLLY_2021_1225_chehre,Chehre,Chehre,2021,August,8,,Drama,,Drama | Thriller,No,,Rumi Jafry,Amitabh Bachchan,Emraan Hashmi,Amitabh Bachchan | Emraan Hashmi | Krystle D'Souza | Annu Kapoor,,"Anand Pandit Motion Pictures, Saraswati Entertainment, Jannock Films",7.0113,B,,,25,,8.26,,,,,,,tt10309902,7.0,,,,,,,,,hitFlop=1,High,,wikipedia,2.0,2026-07-02
BOLLY_2021_1226_helmet,Helmet,Helmet,2021,September,9,,Comedy,,Comedy | Drama,No,,Satramm Ramani,Aparshakti Khurana,Abhishek Banerjee,Aparshakti Khurana,,"Sony Pictures Networks Productions, ZEE5",,,,,10.0,,,,,,,,,,6.6,,,,,,,,,,Missing/Partial,,wikipedia,2.0,2026-07-02
BOLLY_2021_1227_faactory,Faactory,Faactory,2021,,,,Drama,,Drama | Thriller,No,,Faisal Khan,Rajkumar Kanojia,,Rajkumar Kanojia,,M S Films and Productions,,,,,1.0,,0.04,,,,,,,,6.8,,,,,,,,,hitFlop=1,High,,wikipedia,2.0,2026-07-02
BOLLY_2021_1228_bhoot_police,Bhoot Police,Bhoot Police,2021,September,9,,Comedy,,Comedy | Horror,No,,Pavan Kirpalani,Saif Ali Khan,Arjun Kapoor,Saif Ali Khan | Arjun Kapoor | Jacqueline Fernandez | Yami Gautam,,"Tips Industries, Disney+ Hotstar",5.7211,A,,,40,,60.0,,,,,,,tt10083640,7.5,,,,,,,,,hitFlop=3,High,,wikipedia,2.0,2026-07-02
BOLLY_2021_1229_kya_meri_sonam_gupta_bewafa_hai,Kya Meri Sonam Gupta Bewafa Hai ?,Kya Meri Sonam Gupta Bewafa Hai?,2021,September,9,,Comedy,,Comedy,No,,Ssaurabh Tyagi,Jassie Gill,Surbhi Jyoti,Jassie Gill,,"Pen Studios, ZEE5",,,,,6.0,,,,,,,,,,4.8,,,,,,,,,,Missing/Partial,,wikipedia,2.0,2026-07-02
BOLLY_2021_1230_thalaivii,Thalaivii,Thalaivii,2021,September,9,,Drama,,Drama,No,,A. L. Vijay,Kangana Ranaut,Arvind Swami,Kangana Ranaut,,Zee Studios,4.3605,D,,,100,,4.98,,,,,,,,,,,,,,,,,hitFlop=1,High,,wikipedia,2.0,2026-07-02
BOLLY_2021_1231_urf_ghanta,Urf Ghanta,Urf Ghanta,2021,September,9,,Comedy,,Comedy,No,,Aayush Saxena,Ravi Kishan,,Ravi Kishan,,ShemarooMe,2.1644,D,,,,,,,,,,,,,,,,,,,,,,,Missing/Partial,,wikipedia,2.0,2026-07-02
BOLLY_2021_1232_ankahi_kahaniya,Ankahi Kahaniya,Ankahi Kahaniya,2021,September,9,,Drama,,Drama,No,,Ashwiny Iyer Tiwari | Abhishek Chaubey | Saket Chaudhary,Abhishek Banerjee,Rinku Rajguru,Abhishek Banerjee,,"RSVP Movies, Earthsky Pictures, Netflix",,,,,,,,,,,,,,,,,,,,,,,,,Missing/Partial,,wikipedia,2.0,2026-07-02
BOLLY_2021_1233_haathi_mere_saathi,Haathi Mere Saathi,Haathi Mere Saathi,2021,March,3,,Action,,Drama,No,,Prabhu Solomon,Rana Daggubati,Pulkit Samrat,Bhuvan Arora | Sheeba Chaddha | Rana Daggubati | Rajesh Dubeay,,"Eros International, Eros Now",,B,,,25.0,,,,,,,,,tt14852412,6.4,,,,,,,,,,Missing/Partial,,wikipedia,2.0,2026-07-02
BOLLY_2021_1234_shiddat,Shiddat,Shiddat,2021,October,10,,Drama,,Drama | Romance,No,,Kunal Deshmukh,Sunny Kaushal,Radhika Madan,Sunny Kaushal | Radhika Madan | Mohit Raina | Diana Penty,,"T-Series Films, Maddock Films, Disney+ Hotstar",,,4.1021,D,15.0,,,,,,,,,tt11314148,8.1,,,,,,,,,,Missing/Partial,,wikipedia,2.0,2026-07-02
BOLLY_2021_1235_sumeru,Sumeru,Sumeru,2021,October,10,,Drama,,Drama,No,,Avinash Dhyani,Avinash Dhyani,Shagufta Ali,Avinash Dhyani,,Padmasiddhi Films,,,,,,,,,,,,,,,,,,,,,,,,,Missing/Partial,,wikipedia,2.0,2026-07-02
BOLLY_2021_1236_rashmi_rocket,Rashmi Rocket,Rashmi Rocket,2021,October,10,,Drama,,Drama | Sports,No,,Akarsh Khurana,Taapsee Pannu,Priyanshu Painyuli,Taapsee Pannu | Priyanshu Painyuli | Abhishek Banerjee | Supriya Pathak,,"RSVP Movies, ZEE5",,B,,,11.0,,,,,,,,,tt10895556,8.0,,,,,,,,,,Missing/Partial,,wikipedia,2.0,2026-07-02
BOLLY_2021_1237_sanak,Sanak,Sanak,2021,October,10,,Action,,Action | Thriller,No,,Kanishk Varma,Vidyut Jammwal,Rukmini Maitra,Vidyut Jammwal | Neha Dhupia | Rukmini Maitra | Chandan Roy Sanyal,,"Zee Studios, Disney+ Hotstar",,,,,20.0,,,,,,,,,tt13912632,6.9,,,,,,,,,,Missing/Partial,,wikipedia,2.0,2026-07-02
BOLLY_2021_1238_sardar_udham,Sardar Udham,Sardar Udham,2021,October,10,,Action,,Drama | Thriller,No,,Shoojit Sircar,Vicky Kaushal,Banita Sandhu,Vicky Kaushal | Shaun Scott | Stephen Hogan | Amol Parashar,,"Rising Sun Films, Amazon Prime Video",,D,3.8135,D,30.0,,,,,,,,,tt10280296,8.7,,,,,,,,,,Missing/Partial,,wikipedia,2.0,2026-07-02
BOLLY_2021_1239_bhavai,Bhavai,Bhavai,2021,October,10,,Romance,,Drama | Romance,No,,Hardik Gajjar,Pratik Gandhi,Aindrita Ray,Pratik Gandhi,,Pen Studios,,D,,,9.0,,0.57,,,,,,,,7.8,,,,,,,,,hitFlop=1,High,,wikipedia,2.0,2026-07-02
BOLLY_2021_1240_babloo_bachelor,Babloo Bachelor,Babloo Bachelor,2021,October,10,,Drama,,Comedy | Romance,No,,Agnidev Chatterjee,Sharman Joshi,Pooja Chopra,Sharman Joshi,,Rafat Films,3.6904,D,,,10.0,,,,,,,,,,5.7,,,,,,,,,,Missing/Partial,,wikipedia,2.0,2026-07-02
BOLLY_2021_1241_aafat_e_ishq,Aafat-E-Ishq,Aafat-E-Ishq,2021,October,10,,Comedy,,Comedy,No,,Indrajit Nattoji,Neha Sharma,Deepak Dobriyal,Neha Sharma,,"Zee Studios, ZEE5",1.3345,D,,,,,,,,,,,,,,,,,,,,,,,Missing/Partial,,wikipedia,2.0,2026-07-02
BOLLY_2021_1242_dybbuk,Dybbuk,Dybbuk,2021,October,10,,Thriller,,Horror | Thriller,No,,Jay K,Emraan Hashmi,Nikita Dutta,Emraan Hashmi,,"T-Series Films, Panorama Studios, Amazon Prime Video",4.721,D,,,15.0,,,,,,,,,,5.0,,,,,,,,,,Missing/Partial,,wikipedia,2.0,2026-07-02
BOLLY_2021_1243_hum_do_hamare_do,Hum Do Hamare Do,Hum Do Hamare Do,2021,October,10,,Comedy,,Comedy | Drama,No,,Abhishek Jain,Rajkummar Rao,Kriti Sanon,Rajkummar Rao | Kriti Sanon | Paresh Rawal | Ratna Pathak Shah,,"Maddock Films, Disney+ Hotstar",3.9271,D,,,25.0,,,,,,,,,tt11816092,6.1,,,,,,,,,,Missing/Partial,,wikipedia,2.0,2026-07-02
BOLLY_2021_1244_meenakshi_sundareshwar,Meenakshi Sundareshwar,Meenakshi Sundareshwar,2021,November,11,,Comedy,,Comedy | Romance,No,,Vivek Soni,Abhimanyu Dassani,Sanya Malhotra,Sanya Malhotra | Abhimanyu Dasani | Shivkumar Subramaniam | Nivedita Bhargava,,"Dharmatic Entertainment, Netflix",,D,,,10.0,,,,,,,,,tt13529034,7.5,,,,,,,,,,Missing/Partial,,wikipedia,2.0,2026-07-02
BOLLY_2021_1245_sooryavanshi,Sooryavanshi,Sooryavanshi,2021,November,11,,Action,,Action | Thriller,No,,Rohit Shetty,Akshay Kumar,Katrina Kaif,Akshay Kumar | Katrina Kaif | Ajay Devgn | Ranveer Singh,,"Reliance Entertainment, Dharma Productions, Cape of Good Films, Rohit Shetty Picturez",6.3805,C,6.8376,C,160,,294.91,,,,,,,tt9531772,6.9,,,,,,,,,hitFlop=3,High,,wikipedia,2.0,2026-07-02
BOLLY_2021_1246_squad,Squad,Squad,2021,November,11,,Action,,Action,No,,Nilesh Sahay,Pooja Batra,Mohan Kapoor,Pooja Batra,,"Zee Studios, ZEE5",,,,,,,,,,,,,,,,,,,,,,,,,Missing/Partial,,wikipedia,2.0,2026-07-02
BOLLY_2021_1247_bunty_aur_babli_2,Bunty Aur Babli 2,Bunty Aur Babli 2,2021,November,11,,Comedy,,Comedy | Drama,No,,Varun V. Sharma,Saif Ali Khan,Rani Mukerji,Saif Ali Khan | Rani Mukerji | Siddhant Chaturvedi | Sharvari Wagh,,Yash Raj Films,5.7211,A,,,45,,22.12,,,,,,,tt10569922,4.1,,,,,,,,,hitFlop=1,High,,wikipedia,2.0,2026-07-02
BOLLY_2021_1248_dhamaka,Dhamaka,Dhamaka,2021,November,11,,Action,,Action | Drama,No,,Ram Madhvani,Kartik Aaryan,Mrunal Thakur,Kartik Aaryan | Mrunal Thakur | Amruta Subhash | Soham Majumdar,,"RSVP Movies, Lotte Entertainment, Globalgate Entertainment, Lionsgate, Netflix",,B,,,40.0,,,,,,,,,tt13510660,7.7,,,,,,,,,,Missing/Partial,,wikipedia,2.0,2026-07-02
BOLLY_2021_1249_satyameva_jayate_2,Satyameva Jayate 2,Satyameva Jayate 2,2021,November,11,,Action,,Action | Drama,No,,Milap Zaveri,John Abraham,Divya Khosla Kumar,John Abraham | Divya Khosla Kumar | Harsh Chhaya | Gautami Kapoor,,"T-Series Films, Emmay Entertainment",7.1193,D,,,95,,17.29,,,,,,,tt10739666,5.4,,,,,,,,,hitFlop=1,High,,wikipedia,2.0,2026-07-02
BOLLY_2021_1250_chhorii,Chhorii,Chhorii,2021,November,11,,Thriller,,Drama | Horror,No,,Vishal Furia,Nushrratt Bharuccha,,Nushrratt Bharuccha | Mita Vashisht | Gracy Goswami | Rajesh Jais,,"T-Series Films, Crypt TV, Amazon Prime Video",,,,,15.0,,,,,,,,,tt12861212,6.9,,,,,,,,,,Missing/Partial,,wikipedia,2.0,2026-07-02
BOLLY_2021_1251_tadap,Tadap,Tadap,2021,December,12,,Action,,Action | Romance,No,,Milan Luthria,Tara Sutaria,,Ahan Shetty | Tara Sutaria | Saurabh Shukla | Kumud Mishra,,"Fox Star Studios, Nadiadwala Grandson Entertainment",,,3.6283,D,27,,34.86,,,,,,,tt10761694,5.6,,,,,,,,,hitFlop=2,High,,wikipedia,2.0,2026-07-02
BOLLY_2021_1252_bob_biswas,Bob Biswas,Bob Biswas,2021,December,12,,Action,,Crime | Thriller,No,,Diya Annapurna Ghosh,Abhishek Bachchan,Chitrangada Singh,Abhishek Bachchan | Chitrangda Singh | Paran Banerjee | Kaushik Chakraborty,,"Red Chillies Entertainment, ZEE5",5.2079,D,,,18.0,,,,,,,,,tt8984572,6.8,,,,,,,,,,Missing/Partial,,wikipedia,2.0,2026-07-02
BOLLY_2021_1253_chandigarh_kare_aashiqui,Chandigarh Kare Aashiqui,Chandigarh Kare Aashiqui,2021,December,12,,Drama,,Drama,No,,Abhishek Kapoor,Ayushmann Khurrana,Vaani Kapoor,Ayushmann Khurrana | Vaani Kapoor | Yograj Singh | Anjan Srivastav,,T-Series Films,,D,4.0376,D,40,,41.23,,,,,,,tt12861850,6.9,,,,,,,,,hitFlop=2,High,,wikipedia,2.0,2026-07-02
BOLLY_2021_1254_velle,Velle,Velle,2021,December,12,,Comedy,,Drama,No,,Deven Munjal,Abhay Deol,Mouni Roy,Abhay Deol,,Ajay Devgn FFilms,2.5106,D,,,12,,19.36,,,,,,,,7.2,,,,,,,,,hitFlop=3,High,,wikipedia,2.0,2026-07-02
BOLLY_2021_1255_code_name_abdul,Code Name Abdul,Code Name Abdul,2021,December,12,,Thriller,,Drama,No,,Eshwar Gunturu,Tanishaa Mukerji,,Tanishaa Mukerji,,"Avantika Productions, Mise en Scene Films",,,,,,,,,,,,,,,8.9,,,,,,,,,,Missing/Partial,,wikipedia,2.0,2026-07-02
BOLLY_2021_1256_420_ipc,420 IPC,420 IPC,2021,,,,Drama,,Drama,No,,Manish Gupta,Vinay Pathak,Ranvir Shorey,Rohan Mehra | Vinay Pathak | Ranvir Shorey | Gul Panag,,"Zee Studios, ZEE5",3.1247,D,,,10.0,,,,,,,,,tt13723562,6.5,,,,,,,,,,Missing/Partial,,wikipedia,2.0,2026-07-02
BOLLY_2021_1257_83,83,83,2021,December,12,,Drama,,Drama,No,,Kabir Khan,Ranveer Singh,Deepika Padukone,Ranveer Singh,,"Nadiadwala Grandson Entertainment, Reliance Entertainment, Phantom Films",6.0024,C,6.8237,C,225,,193.73,,,,,,,,,,,,,,,,,hitFlop=1,High,,wikipedia,2.0,2026-07-02
BOLLY_2021_1258_atrangi_re,Atrangi Re,Atrangi Re,2021,December,12,,Drama,,Drama | Romance,No,,Aanand L. Rai,Dhanush,Sara Ali Khan,Dhanush | Sara Ali Khan | Akshay Kumar | Seema Biswas,,"T-Series Films, Colour Yellow Productions, Cape of Good Films, Disney+ Hotstar",,B,,,60.0,,,,,,,,,tt9766332,6.7,,,,,,,,,,Missing/Partial,,wikipedia,2.0,2026-07-02
BOLLY_2021_1259_murder_at_teesri_manzil_302,Murder at Teesri Manzil 302,Murder at Teesri Manzil 302,2021,December,12,,Thriller,,Thriller,No,,Navneet Baj Saini,Irrfan Khan,Ranvir Shorey,Irrfan Khan,,ZEE5,2.9178,D,,,,,,,,,,,,,,,,,,,,,,,Missing/Partial,,wikipedia,2.0,2026-07-02
BOLLY_2021_1260_waah_zindagi,Waah Zindagi,Waah Zindagi,2021,December,12,,Comedy,,Comedy,No,,Dinesh S Yadav,Naveen Kasturia,Plabita Borthakur,Naveen Kasturia,,ZEE5,,,,,,,,,,,,,,,,,,,,,,,,,Missing/Partial,,wikipedia,2.0,2026-07-02
BOLLY_2022_1261_36_farmhouse,36 Farmhouse,36 Farmhouse,2022,January,1,,Comedy,,Comedy,No,,Ram Ramesh Sharm,Vijay Raaz,Sanjay Mishra,Vijay Raaz,,"Mukta Arts, ZEE5",1.7737,D,,,,,,,,,,,,,,,,,,,,,,,Missing/Partial,,wikipedia,2.0,2026-07-02
BOLLY_2022_1262_hai_tujhe_salaam_india,Hai Tujhe Salaam India,Hai Tujhe Salaam India,2022,January,1,,Drama,,Drama,No,,Avanish  Kumar,Aarya Babbar,Ajaz Khan,Aarya Babbar,,Redwood Productions,,D,,,,,,,,,,,,,,,,,,,,,,,Missing/Partial,,wikipedia,2.0,2026-07-02
BOLLY_2022_1263_looop_lapeta,Looop Lapeta,Looop Lapeta,2022,February,2,,Action,,Action,No,,Aakash Bhatia,Taapsee Pannu,Tahir Raj Bhasin,Taapsee Pannu,,"Sony Pictures India, Netflix",,B,,,,,,,,,,,,,,,,,,,,,,,Missing/Partial,,wikipedia,2.0,2026-07-02
BOLLY_2022_1264_gehraiyaan,Gehraiyaan,Gehraiyaan,2022,February,2,,Drama,,Drama,No,,Shakun Batra,Deepika Padukone,Siddhant Chaturvedi,Deepika Padukone,,"Viacom18 Studios, Dharma Productions, Amazon Prime Video",8.6272,C,,,,,,,,,,,,,,,,,,,,,,,Missing/Partial,,wikipedia,2.0,2026-07-02
BOLLY_2022_1265_badhaai_do,Badhaai Do,Badhaai Do,2022,February,2,,Comedy,,Comedy,No,,Harshavardhan Kulkarni,Rajkummar Rao,Bhumi Pednekar,Rajkummar Rao,,Junglee Pictures,3.9271,D,,,25,,28.33,,,,,,,,,,,,,,,,,hitFlop=2,High,,wikipedia,2.0,2026-07-02
BOLLY_2022_1266_a_thursday,A Thursday,A Thursday,2022,February,2,,Action,,Action,No,,Behzad Khambata,Yami Gautam,Neha Dhupia,Yami Gautam,,"RSVP Movies, Disney+ Hotstar",,D,,,,,,,,,,,,,,,,,,,,,,,Missing/Partial,,wikipedia,2.0,2026-07-02
BOLLY_2022_1267_gangubai_kathiawadi,Gangubai Kathiawadi,Gangubai Kathiawadi,2022,February,2,,Drama,,Drama,No,,Sanjay Leela Bhansali,Alia Bhatt,Ajay Devgn,Alia Bhatt,,Pen Studios,6.9416,C,4.922,D,100,,209.77,,,,,,,,,,,,,,,,,hitFlop=4,High,,wikipedia,2.0,2026-07-02
BOLLY_2022_1268_love_hostel,Love Hostel,Love Hostel,2022,February,2,,Romance,,Romance,No,,Shanker Raman,Sanya Malhotra,Vikrant Massey,Sanya Malhotra,,"Red Chillies Entertainment, Drishyam Films, ZEE5",,D,,,,,,,,,,,,,,,,,,,,,,,Missing/Partial,,wikipedia,2.0,2026-07-02
BOLLY_2022_1269_jhund,Jhund,Jhund,2022,March,3,,Social,,Social,No,,Nagraj Manjule,Amitabh Bachchan,Akash Thosar,Amitabh Bachchan,,T-Series Films,7.0113,B,,,22,,15.16,,,,,,,,,,,,,,,,,hitFlop=1,High,,wikipedia,2.0,2026-07-02
BOLLY_2022_1270_toolsidas_junior,Toolsidas Junior,Toolsidas Junior,2022,March,3,,Drama,,Drama,No,,Mridul,Sanjay Dutt,Rajiv Kapoor,Sanjay Dutt,,T-Series Films,5.0026,C,,,,,,,,,,,,,,,,,,,,,,,Missing/Partial,,wikipedia,2.0,2026-07-02
BOLLY_2022_1271_radhe_shyam,Radhe Shyam,Radhe Shyam,2022,March,3,,Drama,,Drama,No,,Radha Krishna Kumar,Prabhas,Pooja Hegde,Prabhas,,T-Series Films,,B,,,200,,140,,,,,,,,,,,,,,,,,hitFlop=1,High,,wikipedia,2.0,2026-07-02
BOLLY_2022_1272_the_kashmir_files,The Kashmir Files,The Kashmir Files,2022,March,3,,Drama,,Drama,No,,Vivek Agnihotri,Mithun Chakraborty,Anupam Kher,Mithun Chakraborty,,Zee Studios,2.4335,D,,,15,,340.92,,,,,,,,,,,,,,,,,hitFlop=5,High,,wikipedia,2.0,2026-07-02
BOLLY_2022_1273_bachchhan_paandey,Bachchhan Paandey,Bachchhan Paandey,2022,March,3,,Action,,Action,No,,Farhad Samji,Akshay Kumar,Kriti Sanon,Akshay Kumar,,Nadiadwala Grandson Entertainment,6.3805,C,,,130,,73.17,,,,,,,,,,,,,,,,,hitFlop=1,High,,wikipedia,2.0,2026-07-02
BOLLY_2022_1274_jalsa,Jalsa,Jalsa,2022,March,3,,Drama,,Drama,No,,Suresh Triveni,Vidya Balan,Shefali Shah,Vidya Balan,,"T-Series Films, Amazon Prime Video",6.0471,C,,,,,,,,,,,,,,,,,,,,,,,Missing/Partial,,wikipedia,2.0,2026-07-02
BOLLY_2022_1275_sharmaji_namkeen,Sharmaji Namkeen,Sharmaji Namkeen,2022,March,3,,Comedy,,Comedy,No,,Hitesh Bhatia,Rishi Kapoor,Paresh Rawal,Rishi Kapoor,,"Excel Entertainment, Amazon Prime Video",4.4084,B,,,,,,,,,,,,,,,,,,,,,,,Missing/Partial,,wikipedia,2.0,2026-07-02
BOLLY_2022_1276_kaun_pravin_tambe,Kaun Pravin Tambe?,Kaun Pravin Tambe?,2022,April,4,,Drama,,Drama,No,,Jayprad Desai,Shreyas Talpade,,Shreyas Talpade,,"Fox Star Studios, Disney+ Hotstar",2.8077,D,,,,,,,,,,,,,,,,,,,,,,,Missing/Partial,,wikipedia,2.0,2026-07-02
BOLLY_2022_1277_cobalt_blue,Cobalt Blue,Cobalt Blue,2022,April,4,,Drama,,Drama,No,,Sachin Kundalkar,Prateik Babbar,Neil Bhoopalam,Prateik Babbar,,Netflix,,C,,,,,,,,,,,,,,,,,,,,,,,Missing/Partial,,wikipedia,2.0,2026-07-02
BOLLY_2022_1278_dasvi,Dasvi,Dasvi,2022,April,4,,Comedy,,Comedy,No,,Tushar Jalota,Abhishek Bachchan,Yami Gautam,Abhishek Bachchan,,"Jio Studios, Maddock Films, Netflix, JioCinema",5.2079,D,,,,,,,,,,,,,,,,,,,,,,,Missing/Partial,,wikipedia,2.0,2026-07-02
BOLLY_2022_1279_hurdang,Hurdang,Hurdang,2022,April,4,,Drama,,Drama,No,,Nikhil Nagesh Bhat,Sunny Kaushal,Nushrratt Bharuccha,Sunny Kaushal,,T-Series Films,,,,,,,,,,,,,,,,,,,,,,,,,Missing/Partial,,wikipedia,2.0,2026-07-02
BOLLY_2022_1280_jersey,Jersey,Jersey,2022,April,4,,Drama,,Drama,No,,Gowtam Tinnanuri,Shahid Kapoor,Mrunal Thakur,Shahid Kapoor,,"Allu Entertainment, Dil Raju Production, Sithara Entertainments",5.7659,C,,,80,,27.9,,,,,,,,,,,,,,,,,hitFlop=1,High,,wikipedia,2.0,2026-07-02
BOLLY_2022_1281_operation_romeo,Operation Romeo,Operation Romeo,2022,April,4,,Romance,,Romance,No,,Shashant Shah,Sidhant Gupta,Sharad Kelkar,Sidhant Gupta,,"Reliance Entertainment, Plan C Studios",,,1.6956,D,,,,,,,,,,,,,,,,,,,,,Missing/Partial,,wikipedia,2.0,2026-07-02
BOLLY_2022_1282_runway_34,Runway 34,Runway 34,2022,April,4,,Thriller,,Thriller,No,,Ajay Devgn,Amitabh Bachchan,Ajay Devgn,Amitabh Bachchan,,Ajay Devgn FFilms,7.0113,B,,,100,,53.77,,,,,,,,,,,,,,,,,hitFlop=1,High,,wikipedia,2.0,2026-07-02
BOLLY_2022_1283_heropanti_2,Heropanti 2,Heropanti 2,2022,April,4,,Action,,Action,No,,Ahmed Khan,Tiger Shroff,Nawazuddin Siddiqui,Tiger Shroff,,Nadiadwala Grandson Entertainment,,B,,,70,,35.13,,,,,,,,,,,,,,,,,hitFlop=1,High,,wikipedia,2.0,2026-07-02
BOLLY_2022_1284_mere_desh_ki_dharti,Mere Desh Ki Dharti,Mere Desh Ki Dharti,2022,January,1,,Drama,,Drama,No,,Faraz Haider,Divyenndu,Anupriya Goenka,Divyenndu,,Carnival Motion Pictures,,,,,,,,,,,,,,,,,,,,,,,,,Missing/Partial,,wikipedia,2.0,2026-07-02
BOLLY_2022_1285_thar,Thar,Thar,2022,May,5,,Action,,Action,No,,Raj Singh Chaudhary,Anil Kapoor,Harshvardhan Kapoor,Anil Kapoor,,Netflix,5.6087,C,,,,,,,,,,,,,,,,,,,,,,,Missing/Partial,,wikipedia,2.0,2026-07-02
BOLLY_2022_1286_jayeshbhai_jordaar,Jayeshbhai Jordaar,Jayeshbhai Jordaar,2022,May,5,,Comedy,,Comedy,No,,Divyang Thakkar,Ranveer Singh,Shalini Pandey,Ranveer Singh,,Yash Raj Films,6.0024,C,,,85,,26.31,,,,,,,,,,,,,,,,,hitFlop=1,High,,wikipedia,2.0,2026-07-02
BOLLY_2022_1287_bhool_bhulaiyaa_2,Bhool Bhulaiyaa 2,Bhool Bhulaiyaa 2,2022,May,5,,Comedy,,Comedy,No,,Anees Bazmee,Kartik Aaryan,Tabu,Kartik Aaryan,,T-Series Films,,C,5.6076,C,65,,266.88,,,,,,,,,,,,,,,,,hitFlop=5,High,,wikipedia,2.0,2026-07-02
BOLLY_2022_1288_dhaakad,Dhaakad,Dhaakad,2022,May,5,,Action,,Action,No,,Razy Ghai,Kangana Ranaut,Arjun Rampal,Kangana Ranaut,,"Soham Rockstar Entertainment, Sohel Maklai Productions, Asylum Films",4.3605,D,,,85,,3.77,,,,,,,,,,,,,,,,,hitFlop=1,High,,wikipedia,2.0,2026-07-02
BOLLY_2022_1289_anek,Anek,Anek,2022,May,5,,Action,,Action,No,,Anubhav Sinha,Ayushmann Khurrana,,Ayushmann Khurrana,,"T-Series Films, Benaras Media Works",,D,3.0566,D,40,,11.1,,,,,,,,,,,,,,,,,hitFlop=1,High,,wikipedia,2.0,2026-07-02
BOLLY_2022_1290_love_in_ukraine,Love In Ukraine,Love In Ukraine,2022,,,,Drama,,Drama,No,,Nitin Kumar Gupta,Vipin Kaushik,Anastasia,Vipin Kaushik,,"Neole Films, Kamal Entertainment",,,,,,,,,,,,,,,,,,,,,,,,,Missing/Partial,,wikipedia,2.0,2026-07-02
BOLLY_2022_1291_dehati_disco,Dehati Disco,Dehati Disco,2022,May,5,,Drama,,Drama,No,,Manoj Sharma,Ganesh Acharya,Ravi Kishan,Ganesh Acharya,,Panorama Studios,,D,,,,,0.1,,,,,,,,,,,,,,,,,,Low,,wikipedia,2.0,2026-07-02
BOLLY_2022_1292_haemolymph,Haemolymph,Haemolymph,2022,May,5,,Drama,,Drama,No,,Sudarshan Gamare,,,,,"Ticket Bari Productions, AB Films Entertainment, Adiman Films, ND9 Studios",,,,,,,,,,,,,,,,,,,,,,,,,Missing/Partial,,wikipedia,2.0,2026-07-02
BOLLY_2022_1293_samrat_prithviraj,Samrat Prithviraj,Samrat Prithviraj,2022,June,6,,Action,,Action,No,,Chandraprakash Dwivedi,Akshay Kumar,Sanjay Dutt,Akshay Kumar,,Yash Raj Films,6.3805,C,,,150,,90.32,,,,,,,,,,,,,,,,,hitFlop=1,High,,wikipedia,2.0,2026-07-02
BOLLY_2022_1294_major,Major,Major,2022,May,5,,Action,,Action,No,,Sashi Kiran Tikka,Adivi Sesh,Sobhita Dhulipala,Adivi Sesh,,"Sony Pictures India, G. Mahesh Babu Entertainment",,C,,,32,,64,,,,,,,,,,,,,,,,,hitFlop=4,High,,wikipedia,2.0,2026-07-02
BOLLY_2022_1295_janhit_mein_jaari,Janhit Mein Jaari,Janhit Mein Jaari,2022,June,6,,Comedy,,Comedy,No,,Jai Basantu Singh,Nushrratt Bharuccha,,Nushrratt Bharuccha,,"Bhanushali Studios, Think Ink Picturez, Shree Raghav Entertainment, Take 9 Entertainment",,,,,12,,5.12,,,,,,,,,,,,,,,,,hitFlop=1,High,,wikipedia,2.0,2026-07-02
BOLLY_2022_1296_ardh,Ardh,Ardh,2022,June,6,,Drama,,Drama,No,,Palash Muchhal,Rajpal Yadav,Rubina Dilaik,Rajpal Yadav,,ZEE5,2.3783,D,,,,,,,,,,,,,,,,,,,,,,,Missing/Partial,,wikipedia,2.0,2026-07-02
BOLLY_2022_1297_nikamma,Nikamma,Nikamma,2022,June,6,,Action,,Action,No,,Sabbir Khan,Abhimanyu Dassani,Shirley Setia,Abhimanyu Dassani,,Sony Pictures India,,,,,22,,1.77,,,,,,,,,,,,,,,,,hitFlop=1,High,,wikipedia,2.0,2026-07-02
BOLLY_2022_1298_jugjugg_jeeyo,Jugjugg Jeeyo,Jugjugg Jeeyo,2022,June,6,,Comedy,,Comedy,No,,Raj Mehta,Anil Kapoor,Neetu Kapoor,Anil Kapoor,,"Viacom18 Studios, Dharma Productions",5.6087,C,,,120,,140.13,,,,,,,,,,,,,,,,,hitFlop=2,High,,wikipedia,2.0,2026-07-02
BOLLY_2022_1299_forensic,Forensic,Forensic,2022,June,6,,Thriller,,Thriller,No,,Vishal Furia,Vikrant Massey,Radhika Apte,Vikrant Massey,,ZEE5,,A,,,,,,,,,,,,,,,,,,,,,,,Missing/Partial,,wikipedia,2.0,2026-07-02
BOLLY_2022_1300_rashtra_kavach_om,Rashtra Kavach Om,Rashtra Kavach Om,2022,July,7,,Action,,Action,No,,Kapil Verma,Aditya Roy Kapur,Sanjana Sanghi,Aditya Roy Kapur,,Zee Studios,,C,,,,,9.01,,,,,,,,,,,,,,,,,,Low,,wikipedia,2.0,2026-07-02
BOLLY_2022_1301_jaadugar,Jaadugar,Jaadugar,2022,July,7,,Drama,,Drama,No,,Sameer Saxena,Jitendra Kumar,Jaaved Jaaferi,Jitendra Kumar,,Netflix,,,,,,,,,,,,,,,,,,,,,,,,,Missing/Partial,,wikipedia,2.0,2026-07-02
BOLLY_2022_1302_judaa_hoke_bhi,Judaa Hoke Bhi,Judaa Hoke Bhi,2022,July,7,,Romance,,Romance,No,,Vikram Bhatt,Akshay Oberoi,Aindrita Ray,Akshay Oberoi,,K Sera Sera Box Office,,D,2.9028,D,,,0.25,,,,,,,,,,,,,,,,,,Low,,wikipedia,2.0,2026-07-02
BOLLY_2022_1303_shabaash_mithu,Shabaash Mithu,Shabaash Mithu,2022,July,7,,Drama,,Drama,No,,Srijit Mukherji,Taapsee Pannu,,Taapsee Pannu,,Viacom18 Studios,,B,,,48,,2.89,,,,,,,,,,,,,,,,,hitFlop=1,High,,wikipedia,2.0,2026-07-02
BOLLY_2022_1304_rk_rkay,RK/RKay,RK/RKay,2022,May,5,,Comedy,,Comedy,No,,Rajat Kapoor,Rajat Kapoor,Mallika Sherawat,Rajat Kapoor,,"Nflicks, Mithya Talkies, Priyanshi Films",2.737,D,2.0954,D,,,,,,,,,,,,,,,,,,,,,Missing/Partial,,wikipedia,2.0,2026-07-02
BOLLY_2022_1305_shamshera,Shamshera,Shamshera,2022,July,7,,Action,,Action,No,,Karan Malhotra,Ranbir Kapoor,Sanjay Dutt,Ranbir Kapoor,,Yash Raj Films,7.6986,B,,,150,,63.58,,,,,,,,,,,,,,,,,hitFlop=1,High,,wikipedia,2.0,2026-07-02
BOLLY_2022_1306_ek_villain_returns,Ek Villain Returns,Ek Villain Returns,2022,July,7,,Action,,Action,No,,Mohit Suri,John Abraham,Arjun Kapoor,John Abraham,,"T-Series Films, Balaji Motion Pictures",7.1193,D,4.931,D,80,,68.64,,,,,,,,,,,,,,,,,hitFlop=1,High,,wikipedia,2.0,2026-07-02
BOLLY_2022_1307_good_luck_jerry,Good Luck Jerry,Good Luck Jerry,2022,July,7,,Comedy,,Comedy,No,,Sidharth Sengupta,Janhvi Kapoor,Deepak Dobriyal,Janhvi Kapoor,,"Lyca Productions, Mahaveer Jain Films, Colour Yellow Productions, Disney+ Hotstar",,D,,,,,,,,,,,,,,,,,,,,,,,Missing/Partial,,wikipedia,2.0,2026-07-02
BOLLY_2022_1308_odd_couple,Odd Couple,Odd Couple,2022,August,8,,Comedy,,Comedy,No,,Prashant Johari,Divyenndu,Suchitra Krishnamoorthi,Divyenndu,,Amazon Prime Video,,C,,,,,,,,,,,,,,,,,,,,,,,Missing/Partial,,wikipedia,2.0,2026-07-02
BOLLY_2022_1309_darlings,Darlings,Darlings,2022,August,8,,Comedy,,Comedy,No,,Jasmeet K Reen,Alia Bhatt,Shefali Shah,Alia Bhatt,,"Red Chillies Entertainment, Netflix",6.9416,C,,,,,,,,,,,,,,,,,,,,,,,Missing/Partial,,wikipedia,2.0,2026-07-02
BOLLY_2022_1310_laal_singh_chaddha,Laal Singh Chaddha,Laal Singh Chaddha,2022,August,8,,Comedy,,Comedy | Drama | Romance,No,,Advait Chandan,Aamir Khan,Kareena Kapoor,Aamir Khan | Ahmad Ibn Umar | Kareena Kapoor | Hafsa Ashraf,,"Paramount Pictures, Viacom18 Studios",10,A,,,180,,130,,,,,,,tt10028196,5.5,,,,,,,,,hitFlop=1,High,,wikipedia,2.0,2026-07-02
BOLLY_2022_1311_raksha_bandhan,Raksha Bandhan,Raksha Bandhan,2022,August,8,,Comedy,,Comedy,No,,Aanand L. Rai,Akshay Kumar,Bhumi Pednekar,Akshay Kumar,,"Zee Studios, Colour Yellow Productions, Cape of Good Films",6.3805,C,,,70,,61.61,,,,,,,,,,,,,,,,,hitFlop=1,High,,wikipedia,2.0,2026-07-02
BOLLY_2022_1312_dobaaraa,Dobaaraa,Dobaaraa,2022,June,6,,Drama,,Drama,No,,Anurag Kashyap,Taapsee Pannu,Pavail Gulati,Taapsee Pannu,,Balaji Motion Pictures,,B,3.0408,D,30,,6.77,,,,,,,,,,,,,,,,,hitFlop=1,High,,wikipedia,2.0,2026-07-02
BOLLY_2022_1313_liger,Liger,Liger,2022,August,8,,Action,,Action,No,,Puri Jagannadh,Vijay Deverakonda,Ananya Pandey,Vijay Deverakonda,,Dharma Productions,,,,,125,,60.8,,,,,,,,,,,,,,,,,hitFlop=1,High,,wikipedia,2.0,2026-07-02
BOLLY_2022_1314_holy_cow,Holy Cow,Holy Cow,2022,August,8,,Comedy,,Comedy,No,,Sai Kabir,Sanjay Mishra,Tigmanshu Dhulia,Sanjay Mishra,,K Sera Sera Box Office,2.494,D,,,,,,,,,,,,,,,,,,,,,,,Missing/Partial,,wikipedia,2.0,2026-07-02
BOLLY_2022_1315_cuttputlli,Cuttputlli,Cuttputlli,2022,September,9,,Thriller,,Thriller,No,,Ranjit M Tewari,Akshay Kumar,Rakul Preet Singh,Akshay Kumar,,"Pooja Entertainment, Disney+Hotstar",6.3805,C,,,150,,,,,,,,,,,,,,,,,,,,Low,,wikipedia,2.0,2026-07-02
BOLLY_2022_1316_jahaan_chaar_yaar,Jahaan Chaar Yaar,Jahaan Chaar Yaar,2022,September,9,,Comedy,,Comedy,No,,Kamal Pandey,Swara Bhasker,Meher Vij,Swara Bhasker,,Pen Marudhar,,,,,,,,,,,,,,,,,,,,,,,,,Missing/Partial,,wikipedia,2.0,2026-07-02
BOLLY_2022_1317_jogi,Jogi,Jogi,2022,September,9,,Drama,,Drama,No,,Ali Abbas Zafar,Diljit Dosanjh,Kumud Mishra,Diljit Dosanjh,,"AAZ Films, Netflix",,C,,,,,,,,,,,,,,,,,,,,,,,Missing/Partial,,wikipedia,2.0,2026-07-02
BOLLY_2022_1318_matto_ki_saikil,Matto Ki Saikil,Matto Ki Saikil,2022,September,9,,Drama,,Drama,No,,M. Gani,Prakash Jha,,Prakash Jha,,"Prakash Jha Productions, Shivdeva Films",,B,,,,,,,,,,,,,,,,,,,,,,,Missing/Partial,,wikipedia,2.0,2026-07-02
BOLLY_2022_1319_middle_class_love,Middle Class Love,Middle Class Love,2022,September,9,,Comedy,,Comedy,No,,Rantnaa Sinha,Kavya Thapar,Eisha Singh,Kavya Thapar,,"Zee Studios, Benaras Media Works",,,,,,,,,,,,,,,,,,,,,,,,,Missing/Partial,,wikipedia,2.0,2026-07-02
BOLLY_2022_1320_saroj_ka_rishta,Saroj Ka Rishta,Saroj Ka Rishta,2022,September,9,,Comedy,,Comedy,No,,Abhishek Saxena,Kumud Mishra,Gaurav Pandey,Kumud Mishra,,"Kapoor Films, Aena Productions, Ambi Abhi Productions, Garg Films",,,,,,,,,,,,,,,,,,,,,,,,,Missing/Partial,,wikipedia,2.0,2026-07-02
BOLLY_2022_1321_siya,Siya,Siya,2022,September,9,,Drama,,Drama,No,,Manish Mundra,Viineet Kumar Singh,,Viineet Kumar Singh,,"Drishyam Films, Panorama Studios",,,,,,,,,,,,,,,,,,,,,,,,,Missing/Partial,,wikipedia,2.0,2026-07-02
BOLLY_2022_1322_atithi_bhooto_bhava,Atithi Bhooto Bhava,Atithi Bhooto Bhava,2022,September,9,,Comedy,,Comedy,No,,Hardik Gajjar,Jackie Shroff,Pratik Gandhi,Jackie Shroff,,"Pen Studios, ZEE5",2.6163,D,,,,,,,,,,,,,,,,,,,,,,,Missing/Partial,,wikipedia,2.0,2026-07-02
BOLLY_2022_1323_babli_bouncer,Babli Bouncer,Babli Bouncer,2022,September,9,,Drama,,Drama,No,,Madhur Bhandarkar,Tamannaah,,Tamannaah,,"Star Studios, Junglee Pictures, Disney+ Hotstar",,,3.2787,D,,,,,,,,,,,,,,,,,,,,,Missing/Partial,,wikipedia,2.0,2026-07-02
BOLLY_2022_1324_ishq_pashmina,Ishq Pashmina,Ishq Pashmina,2022,September,9,,Drama,,Drama,No,,Arvind Pandey,Zarina Wahab,,Zarina Wahab,,Panorama Studios,,,,,,,,,,,,,,,,,,,,,,,,,Missing/Partial,,wikipedia,2.0,2026-07-02
BOLLY_2022_1325_plan_a_plan_b,Plan A Plan B,Plan A Plan B,2022,September,9,,Comedy,,Comedy,No,,Shashanka Ghosh,Riteish Deshmukh,Tamannaah,Riteish Deshmukh,,Netflix,,,1.5653,D,,,,,,,,,,,,,,,,,,,,,Missing/Partial,,wikipedia,2.0,2026-07-02
BOLLY_2022_1326_vikram_vedha,Vikram Vedha,Vikram Vedha,2022,September,9,,Action,,Action,No,,Pushkar–Gayathri,Saif Ali Khan,Hrithik Roshan,Saif Ali Khan,,"T-Series Films, Reliance Entertainment, YNOT Studios",5.7211,A,,,100,,135.03,,,,,,,,,,,,,,,,,hitFlop=2,High,,wikipedia,2.0,2026-07-02
BOLLY_2022_1327_maja_ma,Maja Ma,Maja Ma,2022,October,10,,Drama,,Drama,No,,Anand Tiwari,Madhuri Dixit,Gajraj Rao,Madhuri Dixit,,Amazon Prime Video,4.8334,C,,,,,,,,,,,,,,,,,,,,,,,Missing/Partial,,wikipedia,2.0,2026-07-02
BOLLY_2022_1328_goodbye,Goodbye,Goodbye,2022,October,10,,Comedy,,Comedy,No,,Vikas Bahl,Amitabh Bachchan,Neena Gupta,Amitabh Bachchan,,Balaji Motion Pictures,7.0113,B,,,,,9.66,,,,,,,,,,,,,,,,,,Low,,wikipedia,2.0,2026-07-02
BOLLY_2022_1329_nazar_andaaz,Nazar Andaaz,Nazar Andaaz,2022,October,10,,Comedy,,Comedy,No,,Vikrant Deshmukh,Kumud Mishra,Divya Dutta,Kumud Mishra,,T-Series Films,,D,,,,,,,,,,,,,,,,,,,,,,,Missing/Partial,,wikipedia,2.0,2026-07-02
BOLLY_2022_1330_doctor_g,Doctor G,Doctor G,2022,October,10,,Comedy,,Comedy,No,,Anubhuti Kashyap,Ayushmann Khurrana,Rakul Preet Singh,Ayushmann Khurrana,,Junglee Pictures,,D,,,,,,,,,,,,,,,,,,,,,,,Missing/Partial,,wikipedia,2.0,2026-07-02
BOLLY_2022_1331_ram_setu,Ram Setu,Ram Setu,2022,October,10,,Action,,Action,No,,Abhishek Sharma,Akshay Kumar,Jacqueline Fernandez,Akshay Kumar,,"Amazon Prime Video, Cape of Good Films, Lyca Productions",6.3805,C,,,150,,92.94,,,,,,,,,,,,,,,,,hitFlop=1,High,,wikipedia,2.0,2026-07-02
BOLLY_2022_1332_thank_god,Thank God,Thank God,2022,October,10,,Comedy,,Comedy,No,,Indra Kumar,Ajay Devgn,Sidharth Malhotra,Ajay Devgn,,T-Series Films,6.8713,C,4.1206,D,100,,48.92,,,,,,,,,,,,,,,,,hitFlop=1,High,,wikipedia,2.0,2026-07-02
BOLLY_2022_1333_tara_vs_bilal,Tara Vs Bilal,Tara Vs Bilal,2022,October,10,,Comedy,,Comedy,No,,Samar Iqbal,Harshvardhan Rane,,Harshvardhan Rane,,T-Series Films,,,,,,,,,,,,,,,,,,,,,,,,,Missing/Partial,,wikipedia,2.0,2026-07-02
BOLLY_2022_1334_phone_bhoot,Phone Bhoot,Phone Bhoot,2022,November,11,,Comedy,,Comedy,No,,Gurmmeet Singh,Katrina Kaif,Ishaan Khatter,Katrina Kaif,,Excel Entertainment,8.9485,C,,,45,,18.73,,,,,,,,,,,,,,,,,hitFlop=1,High,,wikipedia,2.0,2026-07-02
BOLLY_2022_1335_double_xl,Double XL,Double XL,2022,November,11,,Comedy,,Comedy,No,,Satramm Ramani,Sonakshi Sinha,Huma Qureshi,Sonakshi Sinha,,T-Series Films,6.9519,A,,,,,1.12,,,,,,,,,,,,,,,,,,Low,,wikipedia,2.0,2026-07-02
BOLLY_2022_1336_mili,Mili,Mili,2022,November,11,,Thriller,,Thriller,No,,Mathukutty Xavier,Janhvi Kapoor,Manoj Pahwa,Janhvi Kapoor,,Zee Studios,,,,,,,,,,,,,,,,,,,,,,,,,Missing/Partial,,wikipedia,2.0,2026-07-02
BOLLY_2022_1337_tadka,Tadka,Tadka,2022,November,11,,Drama,,Drama,No,,Prakash Raj,Nana Patekar,Shriya Saran,Nana Patekar,,ZEE5,4.0525,D,,,,,,,,,,,,,,,,,,,,,,,Missing/Partial,,wikipedia,2.0,2026-07-02
BOLLY_2022_1338_rocket_gang,Rocket Gang,Rocket Gang,2022,November,11,,Comedy,,Comedy,No,,Bosco Martis,Aditya Seal,Nikita Dutta,Aditya Seal,,Zee Studios,,D,,,,,,,,,,,,,,,,,,,,,,,Missing/Partial,,wikipedia,2.0,2026-07-02
BOLLY_2022_1339_uunchai,Uunchai,Uunchai,2022,November,11,,Drama,,Drama,No,,Sooraj Barjatya,Amitabh Bachchan,Anupam Kher,Amitabh Bachchan,,"Rajshri Productions, Mahaveer Jain Films",7.0113,B,,,,,48.99,,,,,,,,,,,,,,,,,,Low,,wikipedia,2.0,2026-07-02
BOLLY_2022_1340_monica_o_my_darling,"Monica, O My Darling","Monica, O My Darling",2022,November,11,,Comedy,,Comedy,No,,Vasan Bala,Rajkummar Rao,Huma Qureshi,Rajkummar Rao,,Netflix,3.9271,D,,,,,,,,,,,,,,,,,,,,,,,Missing/Partial,,wikipedia,2.0,2026-07-02
BOLLY_2022_1341_drishyam_2,Drishyam 2,Drishyam 2,2022,November,11,,Drama,,Drama,No,,Abhishek Pathak,Ajay Devgn,Akshaye Khanna,Ajay Devgn,,"T-Series Films, Viacom18 Studios, Panorama Studios",6.8713,C,,,50,,345,,,,,,,,,,,,,,,,,hitFlop=5,High,,wikipedia,2.0,2026-07-02
BOLLY_2022_1342_mister_mummy,Mister Mummy,Mister Mummy,2022,November,11,,Comedy,,Comedy,No,,Shaad Ali,Riteish Deshmukh,Genelia Deshmukh,Riteish Deshmukh,,T-Series Films,,,5.2612,C,,,,,,,,,,,,,,,,,,,,,Missing/Partial,,wikipedia,2.0,2026-07-02
BOLLY_2022_1343_bhediya,Bhediya,Bhediya,2022,November,11,,Comedy,,Comedy,No,,Amar Kaushik,Varun Dhawan,Kriti Sanon,Varun Dhawan,,Maddock Films,4.74,D,,,60,,89.97,,,,,,,,,,,,,,,,,hitFlop=2,High,,wikipedia,2.0,2026-07-02
BOLLY_2022_1344_qala,Qala,Qala,2022,December,12,,Drama,,Drama,No,,Anvita Dutt,Tripti Dimri,Swastika Mukherjee,Tripti Dimri,,"Clean Slate Filmz, Netflix",,,,,,,,,,,,,,,,,,,,,,,,,Missing/Partial,,wikipedia,2.0,2026-07-02
BOLLY_2022_1345_an_action_hero,An Action Hero,An Action Hero,2022,December,12,,Action,,Action,No,,Anirudh Iyer,Ayushmann Khurrana,Jaideep Ahlawat,Ayushmann Khurrana,,"T-Series Films, Colour Yellow Productions",,D,,,,,,,,,,,,,,,,,,,,,,,Missing/Partial,,wikipedia,2.0,2026-07-02
BOLLY_2022_1346_freddy,Freddy,Freddy,2022,December,12,,Romance,,Romance,No,,Shashanka Ghosh,Kartik Aaryan,Alaya F,Kartik Aaryan,,"Balaji Motion Pictures, Disney+ Hotstar",,,1.5653,D,,,,,,,,,,,,,,,,,,,,,Missing/Partial,,wikipedia,2.0,2026-07-02
BOLLY_2022_1347_india_lockdown,India Lockdown,India Lockdown,2022,December,12,,Drama,,Drama,No,,Madhur Bhandarkar,Shweta Basu Prasad,Aahana Kumra,Shweta Basu Prasad,,"Pen Studios, ZEE5",,,3.2787,D,,,,,,,,,,,,,,,,,,,,,Missing/Partial,,wikipedia,2.0,2026-07-02
BOLLY_2022_1348_salaam_venky,Salaam Venky,Salaam Venky,2022,December,12,,Drama,,Drama,No,,Revathi,Kajol,Vishal Jethwa,Kajol,,"Sony Pictures Releasing International India, Zee Studios",7.2516,B,,,,,1.99,,,,,,,,,,,,,,,,,,Low,,wikipedia,2.0,2026-07-02
BOLLY_2022_1349_vadh,Vadh,Vadh,2022,December,12,,Thriller,,Thriller,No,,Jaspal Singh Sandhu,Sanjay Mishra,Neena Gupta,Sanjay Mishra,,Luv Films,2.494,D,,,,,,,,,,,,,,,,,,,,,,hitFlop=1,Missing/Partial,,wikipedia,2.0,2026-07-02
BOLLY_2022_1350_maarrich,Maarrich,Maarrich,2022,December,12,,Thriller,,Thriller,No,,Dhruv Lather,Tusshar Kapoor,Naseeruddin Shah,Tusshar Kapoor,,"Tusshar Entertainment House, NH Studioz",3.8353,D,,,,,,,,,,,,,,,,,,,,,,,Missing/Partial,,wikipedia,2.0,2026-07-02
BOLLY_2022_1351_blurr,Blurr,Blurr,2022,December,12,,Thriller,,Thriller,No,,Ajay Bahl,Taapsee Pannu,Gulshan Devaiah,Taapsee Pannu,,"Zee Studios, ZEE5",,B,,,,,,,,,,,,,,,,,,,,,,,Missing/Partial,,wikipedia,2.0,2026-07-02
BOLLY_2022_1352_govinda_naam_mera,Govinda Naam Mera,Govinda Naam Mera,2022,December,12,,Comedy,,Comedy,No,,Shashank Khaitan,Vicky Kaushal,Kiara Advani,Vicky Kaushal,,"Viacom18 Studios, Dharma Productions",,D,,,,,,,,,,,,,,,,,,,,,,,Missing/Partial,,wikipedia,2.0,2026-07-02
BOLLY_2022_1353_ajay_wardhan,Ajay Wardhan,Ajay Wardhan,2022,December,12,,Drama,,Drama,No,,Pragati Agarwal,Ruslaan Mumtaz,Arjumman Mughal,Ruslaan Mumtaz,,"Dushyant Corporation, Prasidh Eklavaya Entertainment",,,,,,,,,,,,,,,,,,,,,,,,,Missing/Partial,,wikipedia,2.0,2026-07-02
BOLLY_2022_1354_trahimam,Trahimam,Trahimam,2022,December,12,,Drama,,Drama,No,,Dushyant Pratap Singh,Arshi Khan,Pankaj Berry,Arshi Khan,,Dushyant Corporation,,D,,,,,,,,,,,,,,,,,,,,,,,Missing/Partial,,wikipedia,2.0,2026-07-02
BOLLY_2022_1355_cirkus,Cirkus,Cirkus,2022,December,12,,Comedy,,Comedy,No,,Rohit Shetty,Ranveer Singh,Pooja Hegde,Ranveer Singh,,"T-Series Films, Reliance Entertainment",6.0024,C,6.8376,C,150,,61.47,,,,,,,,,,,,,,,,,hitFlop=1,High,,wikipedia,2.0,2026-07-02
BOLLY_2022_1356_dedh_lakh_ka_dulha,Dedh Lakh Ka Dulha,Dedh Lakh Ka Dulha,2022,December,12,,Comedy,,Comedy,No,,Abhay Pratap Singh,Akhilendra Mishra,Ishtiyak Khan,Akhilendra Mishra,,KK Films Creations,,,,,,,,,,,,,,,,,,,,,,,,,Missing/Partial,,wikipedia,2.0,2026-07-02
BOLLY_2023_1357_kuttey,Kuttey,Kuttey,2023,January,1,,Action,,Action,No,,Aasmaan Bhardwaj,Arjun Kapoor,Tabu,Arjun Kapoor,,"T-Series Films, Luv Films",6.5059,C,,,80,,4.65,,,,,,,,,,,,,,,,,hitFlop=1,High,,wikipedia,2.0,2026-07-02
BOLLY_2023_1358_lakadbaggha,Lakadbaggha,Lakadbaggha,2023,December,12,,Action,,Action,No,,Victor Mukherjee,Anshuman Jha,Riddhi Dogra,Anshuman Jha,,First Ray Films,,D,,,,,,,,,,,,,,,,,,,,,,,Missing/Partial,,wikipedia,2.0,2026-07-02
BOLLY_2023_1359_mission_majnu,Mission Majnu,Mission Majnu,2023,January,1,,Action,,Action,No,,Shantanu Bagchi,Sidharth Malhotra,Rashmika Mandanna,Sidharth Malhotra,,"RSVP Movies, Netflix",,C,,,,,,,,,,,,,,,,,,,,,,,Missing/Partial,,wikipedia,2.0,2026-07-02
BOLLY_2023_1360_chhatriwali,Chhatriwali,Chhatriwali,2023,January,1,,Comedy,,Comedy,No,,Tejas Deoskar,Rakul Preet Singh,Sumeet Vyas,Rakul Preet Singh,,"RSVP Movies, ZEE5",,C,,,,,,,,,,,,,,,,,,,,,,,Missing/Partial,,wikipedia,2.0,2026-07-02
BOLLY_2023_1361_pathaan,Pathaan,Pathaan,2023,January,1,,Action,,Action | Adventure | Thriller,No,,Siddharth Anand,Shah Rukh Khan,John Abraham,Shah Rukh Khan | Deepika Padukone | John Abraham | Dimple Kapadia,,Yash Raj Films,9.2267,A,5.6148,C,250,,1050.5,,,,,,,tt12844910,7.0,,,,,,,,,hitFlop=5,High,,wikipedia,2.0,2026-07-02
BOLLY_2023_1362_gandhi_godse_ek_yudh,Gandhi Godse – Ek Yudh,Gandhi Godse – Ek Yudh,2023,January,1,,Drama,,Drama,No,,Rajkumar Santoshi,Deepak Antani,Chinmay Mandlekar,Deepak Antani,,PVR Pictures,,,2.744,D,,,,,,,,,,,,,,,,,,,,,Missing/Partial,,wikipedia,2.0,2026-07-02
BOLLY_2023_1363_operation_fryday,Operation Fryday,Operation Fryday,2023,January,1,,Drama,,Drama,No,,Vishram Sawant,Randeep Hooda,,Randeep Hooda,,Tutri Ventures,3.739,D,,,,,,,,,,,,,,,,,,,,,,,Missing/Partial,,wikipedia,2.0,2026-07-02
BOLLY_2023_1364_almost_pyaar_with_dj_mohabbat,Almost Pyaar with DJ Mohabbat,Almost Pyaar with DJ Mohabbat,2023,February,2,,Drama,,Drama,No,,Anurag Kashyap,Alaya F,,Alaya F,,Zee Studios,,,3.0408,D,,,0.25,,,,,,,,,,,,,,,,,,Low,,wikipedia,2.0,2026-07-02
BOLLY_2023_1365_faraaz,Faraaz,Faraaz,2023,February,2,,Action,,Action,No,,Hansal Mehta,Zahan Kapoor,Aditya Rawal,Zahan Kapoor,,"T-Series Films, Benaras Media Works",,,1.4466,D,,,,,,,,,,,,,,,,,,,,,Missing/Partial,,wikipedia,2.0,2026-07-02
BOLLY_2023_1366_shiv_shastri_balboa,Shiv Shastri Balboa,Shiv Shastri Balboa,2023,February,2,,Drama,,Drama,No,,Ajayan Venugopalan,Anupam Kher,Neena Gupta,Anupam Kher,,"UFI Motion Pictures, Anupam Kher Studio",3.4477,D,,,,,,,,,,,,,,,,,,,,,,,Missing/Partial,,wikipedia,2.0,2026-07-02
BOLLY_2023_1367_the_tenant,The Tenant,The Tenant,2023,February,2,,Drama,,Drama,No,,Sushrut Jain,Shamita Shetty,,Shamita Shetty,,Mad Coolie Productions,,D,,,,,,,,,,,,,,,,,,,,,,,Missing/Partial,,wikipedia,2.0,2026-07-02
BOLLY_2023_1368_lost,Lost,Lost,2023,February,2,,Thriller,,Thriller,No,,Aniruddha Roy Chowdhury,Yami Gautam,Rahul Khanna,Yami Gautam,,"Zee Studios, ZEE5",,D,,,,,,,,,,,,,,,,,,,,,,,Missing/Partial,,wikipedia,2.0,2026-07-02
BOLLY_2023_1369_shehzada,Shehzada,Shehzada,2023,February,2,,Action,,Action,No,,Rohit Dhawan,Kartik Aaryan,Kriti Sanon,Kartik Aaryan,,"T-Series Films, Allu Entertainment, Haarika & Hassine Creations",,C,,,65,,47.43,,,,,,,,,,,,,,,,,hitFlop=1,High,,wikipedia,2.0,2026-07-02
BOLLY_2023_1370_selfiee,Selfiee,Selfiee,2023,February,2,,Action,,Action,No,,Raj Mehta,Akshay Kumar,Emraan Hashmi,Akshay Kumar,,"Star Studios, Dharma Productions, Cape of Good Films",6.3805,C,,,100,,23.63,,,,,,,,,,,,,,,,,hitFlop=1,High,,wikipedia,2.0,2026-07-02
BOLLY_2023_1371_rabia_olivia,Rabia & Olivia,Rabia & Olivia,2023,February,2,,Drama,,Drama,No,,Shadab Khan,Sheeba Chadha,,Sheeba Chadha,,Disney+ Hotstar,,,,,,,,,,,,,,,,,,,,,,,,,Missing/Partial,,wikipedia,2.0,2026-07-02
BOLLY_2023_1372_gulmohar,Gulmohar,Gulmohar,2023,March,3,,Drama,,Drama,No,,Rahul V. Chittella,Manoj Bajpayee,Sharmila Tagore,Manoj Bajpayee,,"Star Studios, Disney+ Hotstar",2.1847,D,,,,,,,,,,,,,,,,,,,,,,,Missing/Partial,,wikipedia,2.0,2026-07-02
BOLLY_2023_1373_incar,InCar,InCar,2023,March,3,,Drama,,Drama,No,,Harsh Warrdhan,Ritika Singh,,Ritika Singh,,Inbox Pictures,,C,,,,,,,,,,,,,,,,,,,,,,,Missing/Partial,,wikipedia,2.0,2026-07-02
BOLLY_2023_1374_tu_jhoothi_main_makkaar,Tu Jhoothi Main Makkaar,Tu Jhoothi Main Makkaar,2023,March,3,,Comedy,,Comedy,No,,Luv Ranjan,Ranbir Kapoor,Shraddha Kapoor,Ranbir Kapoor,,"T-Series Films, Luv Films",7.6986,B,,,165,,220.1,,,,,,,,,,,,,,,,,hitFlop=2,High,,wikipedia,2.0,2026-07-02
BOLLY_2023_1375_mrs_chatterjee_vs_norway,Mrs. Chatterjee vs Norway,Mrs. Chatterjee vs Norway,2023,March,3,,Drama,,Drama,No,,Ashima Chibber,Rani Mukerji,,Rani Mukerji,,"Zee Studios, Emmay Entertainment",3.932,D,,,29,,36.53,,,,,,,,,,,,,,,,,hitFlop=2,High,,wikipedia,2.0,2026-07-02
BOLLY_2023_1376_zwigato,Zwigato,Zwigato,2023,March,3,,Drama,,Drama,No,,Nandita Das,Kapil Sharma,Shahana Goswami,Kapil Sharma,,Applause Entertainment,,D,,,,,2,,,,,,,,,,,,,,,,,,Low,,wikipedia,2.0,2026-07-02
BOLLY_2023_1377_am_i_next,Am I Next,Am I Next,2023,March,3,,Drama,,Drama,No,,Rahat Kazmi,Anushka Sen,,Anushka Sen,,"Rahat Kazmi Film Studios, Loop Pool Films, and Piku Art's",,,1.0545,D,,,,,,,,,,,,,,,,,,,,,Missing/Partial,,wikipedia,2.0,2026-07-02
BOLLY_2023_1378_chor_nikal_ke_bhaga,Chor Nikal Ke Bhaga,Chor Nikal Ke Bhaga,2023,March,3,,Drama,,Drama,No,,Ajay Singh,Yami Gautam,Sharad Kelkar,Yami Gautam,,"Maddock Films, Netflix",,D,,,,,,,,,,,,,,,,,,,,,,,Missing/Partial,,wikipedia,2.0,2026-07-02
BOLLY_2023_1379_bheed,Bheed,Bheed,2023,March,3,,Drama,,Drama,No,,Anubhav Sinha,Rajkummar Rao,Bhumi Pednekar,Rajkummar Rao,,"Reliance Entertainment, Benaras Media Works",3.9271,D,3.0566,D,,,3.33,,,,,,,,,,,,,,,,,,Low,,wikipedia,2.0,2026-07-02
BOLLY_2023_1380_kanjoos_makhichoos,Kanjoos Makhichoos,Kanjoos Makhichoos,2023,March,3,,Comedy,,Comedy,No,,Vipul Mehta,Kunal Khemu,Shweta Tripathi,Kunal Khemu,,ZEE5,3.1566,D,,,,,,,,,,,,,,,,,,,,,,,Missing/Partial,,wikipedia,2.0,2026-07-02
BOLLY_2023_1381_bholaa,Bholaa,Bholaa,2023,March,3,,Action,,Action,No,,Ajay Devgn,Tabu,,Tabu,,"T-Series Films, Reliance Entertainment, Dream Warrior Pictures, Ajay Devgn FFilms",5.0682,C,,,100,,111.64,,,,,,,,,,,,,,,,,hitFlop=2,High,,wikipedia,2.0,2026-07-02
BOLLY_2023_1382_gaslight,Gaslight,Gaslight,2023,March,3,,Thriller,,Thriller,No,,Pawan Kripalani,Vikrant Massey,Sara Ali Khan,Vikrant Massey,,"Tips Industries, Disney+ Hotstar",,A,,,,,,,,,,,,,,,,,,,,,,,Missing/Partial,,wikipedia,2.0,2026-07-02
BOLLY_2023_1383_gumraah,Gumraah,Gumraah,2023,April,4,,Action,,Action,No,,Vardhan Ketkar,Aditya Roy Kapur,Mrunal Thakur,Aditya Roy Kapur,,T-Series Films,,C,,,25,,10.68,,,,,,,,,,,,,,,,,hitFlop=1,High,,wikipedia,2.0,2026-07-02
BOLLY_2023_1384_mrs_undercover,Mrs. Undercover,Mrs. Undercover,2023,April,4,,Comedy,,Comedy,No,,Anushree Mehta,Radhika Apte,Rajesh Sharma,Radhika Apte,,"B4U Motion Pictures, ZEE5",,D,,,,,,,,,,,,,,,,,,,,,,,Missing/Partial,,wikipedia,2.0,2026-07-02
BOLLY_2023_1385_sir_madam_sarpanch,Sir Madam Sarpanch,Sir Madam Sarpanch,2023,April,4,,Drama,,Drama,No,,Praveen Morchhale,Seema Biswas,,Seema Biswas,,Suncal Productions International,1.9546,D,,,,,,,,,,,,,,,,,,,,,,,Missing/Partial,,wikipedia,2.0,2026-07-02
BOLLY_2023_1386_pinky_beauty_parlour,Pinky Beauty Parlour,Pinky Beauty Parlour,2023,April,4,,Comedy,,Comedy,No,,Akshay Singh,Sulagna Panigrahi,,Sulagna Panigrahi,,"Pen Studios, Cinépolis India",,,,,,,,,,,,,,,,,,,,,,,,,Missing/Partial,,wikipedia,2.0,2026-07-02
BOLLY_2023_1387_kisi_ka_bhai_kisi_ki_jaan,Kisi Ka Bhai Kisi Ki Jaan,Kisi Ka Bhai Kisi Ki Jaan,2023,April,4,,Action,,Action,No,,Farhad Samji,Salman Khan,Pooja Hegde,Salman Khan,,"Zee Studios, Salman Khan Films",9.2082,D,,,130,,182,,,,,,,,,,,,,,,,,hitFlop=2,High,,wikipedia,2.0,2026-07-02
BOLLY_2023_1388_bad_boy,Bad Boy,Bad Boy,2023,April,4,,Comedy,,Comedy,No,,Rajkumar Santoshi,Saswata Chatterjee,Darshan Jariwala,Saswata Chatterjee,,Inbox Pictures,,D,2.744,D,,,,,,,,,,,,,,,,,,,,,Missing/Partial,,wikipedia,2.0,2026-07-02
BOLLY_2023_1389_u_turn,U-Turn,U-Turn,2023,April,4,,Thriller,,Thriller,No,,Arif Khan,Alaya F,Priyanshu Painyuli,Alaya F,,"Balaji Telefilms, ZEE5",,,,,,,,,,,,,,,,,,,,,,,,,Missing/Partial,,wikipedia,2.0,2026-07-02
BOLLY_2023_1390_mother_teresa_me,Mother Teresa & Me,Mother Teresa & Me,2023,May,5,,Drama,,Drama,No,,Kamal Musale,Deepti Naval,Banita Sandhu,Deepti Naval,,"Curry Western Movies, Les Films du Lotus, Kavita Teresa Film",,D,,,,,,,,,,,,,,,,,,,,,,,Missing/Partial,,wikipedia,2.0,2026-07-02
BOLLY_2023_1391_afwaah,Afwaah,Afwaah,2023,May,5,,Thriller,,Thriller,No,,Sudhir Mishra,Nawazuddin Siddiqui,Bhumi Pednekar,Nawazuddin Siddiqui,,Benaras Media Works,3.7877,D,1.6302,D,,,,,,,,,,,,,,,,,,,,,Missing/Partial,,wikipedia,2.0,2026-07-02
BOLLY_2023_1392_the_kerala_story,The Kerala Story,The Kerala Story,2023,May,5,,Drama,,Drama,No,,Sudipto Sen,Adah Sharma,Yogita Bihani,Adah Sharma,,Sunshine Pictures,,D,,,15,,303.97,,,,,,,,,,,,,,,,,hitFlop=5,High,,wikipedia,2.0,2026-07-02
BOLLY_2023_1393_chatrapathi,Chatrapathi,Chatrapathi,2023,May,5,,Action,,Action,No,,V. V. Vinayak,Bellamkonda Sreenivas,Nushrratt Bharuccha,Bellamkonda Sreenivas,,Pen Studios,,,,,,,,,,,,,,,,,,,,,,,,,Missing/Partial,,wikipedia,2.0,2026-07-02
BOLLY_2023_1394_music_school,Music School,Music School,2023,May,5,,Musical,,Musical,No,,Papa Rao Biyyala,Sharman Joshi,Prakash Raj,Sharman Joshi,,PVR Pictures,3.6904,D,,,,,,,,,,,,,,,,,,,,,,,Missing/Partial,,wikipedia,2.0,2026-07-02
BOLLY_2023_1395_ib71,IB71,IB71,2023,May,5,,Action,,Action,No,,Sankalp Reddy,Vidyut Jammwal,Anupam Kher,Vidyut Jammwal,,"T-Series Films, Reliance Entertainment",,D,,,25,,29.19,,,,,,,,,,,,,,,,,hitFlop=2,High,,wikipedia,2.0,2026-07-02
BOLLY_2023_1396_kathal,Kathal,Kathal,2023,May,5,,Comedy,,Comedy,No,,Yashowardhan Mishra,Sanya Malhotra,Anant V Joshi,Sanya Malhotra,,"Balaji Motion Pictures, Sikhya Entertainment, Netflix",,D,,,,,,,,,,,,,,,,,,,,,,,Missing/Partial,,wikipedia,2.0,2026-07-02
BOLLY_2023_1397_aazam,Aazam,Aazam,2023,May,5,,Drama,,Drama,No,,Shravan Tiwari,Jimmy Shergill,Abhimanyu Singh,Jimmy Shergill,,"BMX Motion Pictures, DXB Motion Film",2.7981,D,,,,,,,,,,,,,,,,,,,,,,,Missing/Partial,,wikipedia,2.0,2026-07-02
BOLLY_2023_1398_8_a_m_metro,8 A.M. Metro,8 A.M. Metro,2023,May,5,,Drama,,Drama,No,,Raj R,Gulshan Devaiah,Saiyami Kher,Gulshan Devaiah,,"Studio 99, Platoon Distribution",,,,,,,,,,,,,,,,,,,,,,,,,Missing/Partial,,wikipedia,2.0,2026-07-02
BOLLY_2023_1399_kacchey_limbu,Kacchey Limbu,Kacchey Limbu,2023,May,5,,Drama,,Drama,No,,Shubham Yogi,Radhika Madan,Rajat Barmecha,Radhika Madan,,JioCinema,,,,,,,,,,,,,,,,,,,,,,,,,Missing/Partial,,wikipedia,2.0,2026-07-02
BOLLY_2023_1400_sirf_ek_bandaa_kaafi_hai,Sirf Ek Bandaa Kaafi Hai,Sirf Ek Bandaa Kaafi Hai,2023,May,5,,Drama,,Drama,No,,Apoorva Singh Karki,Manoj Bajpayee,,Manoj Bajpayee,,"Zee Studios, ZEE5",2.1847,D,,,,,,,,,,,,,,,,,,,,,,,Missing/Partial,,wikipedia,2.0,2026-07-02
BOLLY_2023_1401_jogira_sara_ra_ra,Jogira Sara Ra Ra,Jogira Sara Ra Ra,2023,May,5,,Comedy,,Comedy,No,,Kushan Nandy,Nawazuddin Siddiqui,Neha Sharma,Nawazuddin Siddiqui,,Touchwood Multimedia Creations,3.7877,D,,,25,,1.75,,,,,,,,,,,,,,,,,hitFlop=1,High,,wikipedia,2.0,2026-07-02
BOLLY_2023_1402_coat,Coat,Coat,2023,May,5,,Drama,,Drama,No,,Akshay Ditti,Sanjay Mishra,Vivaan Shah,Sanjay Mishra,,"Brandex Entertainment, Perfect Times Pictures, Black Panther Movies",2.494,D,,,,,,,,,,,,,,,,,,,,,,,Missing/Partial,,wikipedia,2.0,2026-07-02
BOLLY_2023_1403_zara_hatke_zara_bachke,Zara Hatke Zara Bachke,Zara Hatke Zara Bachke,2023,June,6,,Comedy,,Comedy,No,,Laxman Utekar,Vicky Kaushal,Sara Ali Khan,Vicky Kaushal,,"Jio Studios, Maddock Films",,D,,,40,,115.89,,,,,,,,,,,,,,,,,hitFlop=4,High,,wikipedia,2.0,2026-07-02
BOLLY_2023_1404_mumbaikar,Mumbaikar,Mumbaikar,2023,June,6,,Drama,,Drama,No,,Santosh Sivan,Vikrant Massey,Vijay Sethupathi,Vikrant Massey,,"Jio Studios, JioCinema",,A,,,,,,,,,,,,,,,,,,,,,,,Missing/Partial,,wikipedia,2.0,2026-07-02
BOLLY_2023_1405_bloody_daddy,Bloody Daddy,Bloody Daddy,2023,June,6,,Action,,Action,No,,Ali Abbas Zafar,Rajeev Khandelwal,Shahid Kapoor,Rajeev Khandelwal,,"Jio Studios, JioCinema",1.5575,D,,,60,,,,,,,,,,,,,,,,,,,,Low,,wikipedia,2.0,2026-07-02
BOLLY_2023_1406_adipurush,Adipurush,Adipurush,2023,June,6,,Action,,Action,No,,Om Raut,Saif Ali Khan,Prabhas,Saif Ali Khan,,T-Series Films,5.7211,A,,,500,,392.7,,,,,,,,,,,,,,,,,hitFlop=1,High,,wikipedia,2.0,2026-07-02
BOLLY_2023_1407_i_love_you,I Love You,I Love You,2023,June,6,,Drama,,Drama,No,,Nikhil Mahajan,Rakul Preet Singh,Akshay Oberoi,Rakul Preet Singh,,JioCinema,,C,,,,,,,,,,,,,,,,,,,,,,,Missing/Partial,,wikipedia,2.0,2026-07-02
BOLLY_2023_1408_tiku_weds_sheru,Tiku Weds Sheru,Tiku Weds Sheru,2023,June,6,,Comedy,,Comedy,No,,Sai Kabir,Nawazuddin Siddiqui,Avneet Kaur,Nawazuddin Siddiqui,,Amazon Prime Video,3.7877,D,,,,,,,,,,,,,,,,,,,,,,,Missing/Partial,,wikipedia,2.0,2026-07-02
BOLLY_2023_1409_aseq,Aseq,Aseq,2023,June,6,,Drama,,Drama,No,,Sarim Momin,Sonnalli Seygall,Siddhanth Kapoor,Sonnalli Seygall,,JioCinema,,D,,,,,,,,,,,,,,,,,,,,,,,Missing/Partial,,wikipedia,2.0,2026-07-02
BOLLY_2023_1410_satyaprem_ki_katha,Satyaprem Ki Katha,Satyaprem Ki Katha,2023,June,6,,Drama,,Drama,No,,Sameer Vidwans,Kartik Aaryan,Kiara Advani,Kartik Aaryan,,Nadiadwala Grandson Entertainment,,C,,,60,,117.77,,,,,,,,,,,,,,,,,hitFlop=3,High,,wikipedia,2.0,2026-07-02
BOLLY_2023_1411_lust_stories_2,Lust Stories 2,Lust Stories 2,2023,June,6,,Drama,,Drama,No,,R. Balki | Konkona Sen Sharma | Amit Ravindernath Sharma | Sujoy Ghosh,Amruta Subhash,Angad Bedi,Amruta Subhash,,"RSVP Movies, Netflix",,,2.6445,D,,,,,,,,,,,,,,,,,,,,,Missing/Partial,,wikipedia,2.0,2026-07-02
BOLLY_2023_1412_sergeant,Sergeant,Sergeant,2023,June,6,,Thriller,,Thriller,No,,Prawaal Raman,Randeep Hooda,Adil Hussain,Randeep Hooda,,"JAR Pictures, JioCinema",3.739,D,,,,,,,,,,,,,,,,,,,,,,,Missing/Partial,,wikipedia,2.0,2026-07-02
BOLLY_2023_1413_neeyat,Neeyat,Neeyat,2023,July,7,,Thriller,,Thriller,No,,Anu Menon,Vidya Balan,Ram Kapoor,Vidya Balan,,Amazon Studios,6.0471,C,,,,,5.5,,,,,,,,,,,,,,,,,,Low,,wikipedia,2.0,2026-07-02
BOLLY_2023_1414_tarla,Tarla,Tarla,2023,July,7,,Drama,,Drama,No,,Piyush Gupta,Huma Qureshi,Sharib Hashmi,Huma Qureshi,,"RSVP Movies, Earthsky Pictures, ZEE5",,D,,,,,,,,,,,,,,,,,,,,,,,Missing/Partial,,wikipedia,2.0,2026-07-02
BOLLY_2023_1415_blind,Blind,Blind,2023,July,7,,Drama,,Drama,No,,Shome Makhija,Sonam Kapoor,Purab Kohli,Sonam Kapoor,,"Kross Pictures, JioCinema",5.488,B,,,,,,,,,,,,,,,,,,,,,,,Missing/Partial,,wikipedia,2.0,2026-07-02
BOLLY_2023_1416_72_hoorain,72 Hoorain,72 Hoorain,2023,July,7,,Fantasy,,Fantasy,No,,Sanjay Puran Singh Chauhan,Saru Maini,Aamir Bashir,Saru Maini,,"SaarthiE Entertainment, Aliens Pictures",,,,,,,,,,,,,,,,,,,,,,,,,Missing/Partial,,wikipedia,2.0,2026-07-02
BOLLY_2023_1417_ishq_e_nadaan,Ishq-e-Nadaan,Ishq-e-Nadaan,2023,July,7,,Drama,,Drama,No,,Avishek Ghosh,Lara Dutta,Neena Gupta,Lara Dutta,,JioCinema,,C,,,,,,,,,,,,,,,,,,,,,,,Missing/Partial,,wikipedia,2.0,2026-07-02
BOLLY_2023_1418_bawaal,Bawaal,Bawaal,2023,July,7,,Drama,,Drama,No,,Nitesh Tiwari,Varun Dhawan,Janhvi Kapoor,Varun Dhawan,,"Earthsky Pictures, Nadiadwala Grandson Entertainment, Amazon Prime Video",4.74,D,,,,,,,,,,,,,,,,,,,,,,,Missing/Partial,,wikipedia,2.0,2026-07-02
BOLLY_2023_1419_trial_period,Trial Period,Trial Period,2023,July,7,,Drama,,Drama,No,,Aleya Sen,Genelia Deshmukh,Manav Kaul,Genelia Deshmukh,,JioCinema,,D,,,,,,,,,,,,,,,,,,,,,,,Missing/Partial,,wikipedia,2.0,2026-07-02
BOLLY_2023_1420_ajmer_92,Ajmer 92,Ajmer 92,2023,July,7,,Drama,,Drama,No,,Pushpendra Singh,Rajesh Sharma,Sayaji Shinde,Rajesh Sharma,,Reliance Entertainment,,D,,,,,1,,,,,,,,,,,,,,,,,,Low,,wikipedia,2.0,2026-07-02
BOLLY_2023_1421_rocky_aur_rani_kii_prem_kahaani,Rocky Aur Rani Kii Prem Kahaani,Rocky Aur Rani Kii Prem Kahaani,2023,July,7,,Romance,,Romance,No,,Karan Johar,Ranveer Singh,Alia Bhatt,Ranveer Singh,,"Viacom18 Studios, Dharma Productions",6.0024,C,7.1046,B,160,,357.5,,,,,,,,,,,,,,,,,hitFlop=4,High,,wikipedia,2.0,2026-07-02
BOLLY_2023_1422_one_friday_night,One Friday Night,One Friday Night,2023,July,7,,Drama,,Drama,No,,Manish Gupta,Raveena Tandon,Milind Soman,Raveena Tandon,,JioCinema,2.465,B,,,,,,,,,,,,,,,,,,,,,,,Missing/Partial,,wikipedia,2.0,2026-07-02
BOLLY_2023_1423_panch_kriti,Panch Kriti,Panch Kriti,2023,August,8,,Drama,,Drama,No,,Sannjoy Bhargv,Brijendra Kala,Umesh Bajpai,Brijendra Kala,,Ubon Vision Pvt Ltd,,D,,,,,,,,,,,,,,,,,,,,,,,Missing/Partial,,wikipedia,2.0,2026-07-02
BOLLY_2023_1424_lafzon_mein_pyaar,Lafzon Mein Pyaar,Lafzon Mein Pyaar,2023,August,8,,Drama,,Drama,No,,Raja Randeep GiriDhiraj Mishra,Anita Raj,Zarina Wahab,Anita Raj,,Monarch Film,,,,,,,,,,,,,,,,,,,,,,,,,Missing/Partial,,wikipedia,2.0,2026-07-02
BOLLY_2023_1425_gadar_2,Gadar 2,Gadar 2,2023,August,8,,Action,,Action,No,,Anil Sharma,Sunny Deol,Ameesha Patel,Sunny Deol,,Zee Studios,3.3809,D,5.7345,C,60,,691.08,,,,,,,,,,,,,,,,,hitFlop=5,High,,wikipedia,2.0,2026-07-02
BOLLY_2023_1426_omg_2,OMG 2,OMG 2,2023,August,8,,Comedy,,Comedy,No,,Amit Rai,Akshay Kumar,Yami Gautam,Akshay Kumar,,"Viacom18 Studios, Cape of Good Films",6.3805,C,,,50,,221.08,,,,,,,,,,,,,,,,,hitFlop=5,High,,wikipedia,2.0,2026-07-02
BOLLY_2023_1427_ghoomer,Ghoomer,Ghoomer,2023,August,8,,Drama,,Drama,No,,R. Balki,Abhishek Bachchan,Saiyami Kher,Abhishek Bachchan,,"Hope Productions, Saraswati Entertainment",5.2079,D,,,,,7,,,,,,,,,,,,,,,,,,Low,,wikipedia,2.0,2026-07-02
BOLLY_2023_1428_non_stop_dhamaal,Non Stop Dhamaal,Non Stop Dhamaal,2023,August,8,,Comedy,,Comedy,No,,Irshad Khan,Annu Kapoor,Rajpal Yadav,Annu Kapoor,,Triyom Films,,C,,,,,,,,,,,,,,,,,,,,,,,Missing/Partial,,wikipedia,2.0,2026-07-02
BOLLY_2023_1429_dream_girl_2,Dream Girl 2,Dream Girl 2,2023,August,8,,Comedy,,Comedy,No,,Raaj Shaandilyaa,Ayushmann Khurrana,Ananya Panday,Ayushmann Khurrana,,Balaji Motion Pictures,,D,,,35,,140.56,,,,,,,,,,,,,,,,,hitFlop=5,High,,wikipedia,2.0,2026-07-02
BOLLY_2023_1430_akelli,Akelli,Akelli,2023,August,8,,Action,,Action,No,,Pranay Meshram,Nushrratt Bharuccha,Tsahi Halevi,Nushrratt Bharuccha,,Dashami Studioz,,,,,,,,,,,,,,,,,,,,,,,,,Missing/Partial,,wikipedia,2.0,2026-07-02
BOLLY_2023_1431_goldfish,Goldfish,Goldfish,2023,August,8,,Drama,,Drama,No,,Pushan Kripalani,Kalki Koechlin,Deepti Naval,Kalki Koechlin,,Splendid Films,3.9852,D,,,,,,,,,,,,,,,,,,,,,,,Missing/Partial,,wikipedia,2.0,2026-07-02
BOLLY_2023_1432_friday_night_plan,Friday Night Plan,Friday Night Plan,2023,September,9,,Comedy,,Comedy,No,,Vatsal Neelakantan,Juhi Chawla,,Juhi Chawla,,"Excel Entertainment, Netflix",3.1388,D,,,,,,,,,,,,,,,,,,,,,,,Missing/Partial,,wikipedia,2.0,2026-07-02
BOLLY_2023_1433_mystery_of_the_tattoo,Mystery of the Tattoo,Mystery of the Tattoo,2023,September,9,,Thriller,,Thriller,No,,Kalaiarasi SathappanGanesh Mahadevan,Daisy Shah,Ameesha Patel,Daisy Shah,,Tattoo Film Productions,,D,,,,,,,,,,,,,,,,,,,,,,,Missing/Partial,,wikipedia,2.0,2026-07-02
BOLLY_2023_1434_love_all,Love All,Love All,2023,September,9,,Drama,,Drama,No,,Sudhanshu Sharma,Kay Kay Menon,Swastika Mukherjee,Kay Kay Menon,,"L6F Studios, Lakshmi Ganpathy Film Studios, Anand Pandit Motion Pictures, Filmart Production",2.6256,D,,,,,,,,,,,,,,,,,,,,,,,Missing/Partial,,wikipedia,2.0,2026-07-02
BOLLY_2023_1435_jawan,Jawan,Jawan,2023,September,9,,Action,,Action | Thriller,No,,Atlee,Shah Rukh Khan,Nayanthara,Shah Rukh Khan | Nayanthara | Vijay Sethupathi | Deepika Padukone,,Red Chillies Entertainment,9.2267,A,,,300,,1148.32,,,,,,,tt15354916,7.2,,,,,,,,,hitFlop=5,High,,wikipedia,2.0,2026-07-02
BOLLY_2023_1436_haddi,Haddi,Haddi,2023,September,9,,Drama,,Drama,No,,Akshat Ajay Sharma,Nawazuddin Siddiqui,Anurag Kashyap,Nawazuddin Siddiqui,,"Zee Studios, ZEE5",3.7877,D,,,,,,,,,,,,,,,,,,,,,,,Missing/Partial,,wikipedia,2.0,2026-07-02
BOLLY_2023_1437_jaane_jaan,Jaane Jaan,Jaane Jaan,2023,September,9,,Drama,,Drama,No,,Sujoy Ghosh,Kareena Kapoor Khan,Jaideep Ahlawat,Kareena Kapoor Khan,,"Balaji Motion Pictures, Kross Pictures, Netflix",,,2.6445,D,,,,,,,,,,,,,,,,,,,,,Missing/Partial,,wikipedia,2.0,2026-07-02
BOLLY_2023_1438_the_great_indian_family,The Great Indian Family,The Great Indian Family,2023,September,9,,Comedy,,Comedy,No,,Vijay Krishna Acharya,Vicky Kaushal,Manushi Chhillar,Vicky Kaushal,,Yash Raj Films,,D,,,40,,5.65,,,,,,,,,,,,,,,,,hitFlop=1,High,,wikipedia,2.0,2026-07-02
BOLLY_2023_1439_sukhee,Sukhee,Sukhee,2023,September,9,,Comedy,,Comedy,No,,Sonal Joshi,Shilpa Shetty,Amit Sadh,Shilpa Shetty,,T-Series Films,3.537,C,,,,,1.65,,,,,,,,,,,,,,,,,,Low,,wikipedia,2.0,2026-07-02
BOLLY_2023_1440_the_vaccine_war,The Vaccine War,The Vaccine War,2023,September,9,,Drama,,Drama,No,,Vivek Agnihotri,Anupam Kher,Nana Patekar,Anupam Kher,,"Abhishek Agarwal Arts, I Am Buddha",3.4477,D,,,10,,9.47,,,,,,,,,,,,,,,,,hitFlop=1,High,,wikipedia,2.0,2026-07-02
BOLLY_2023_1441_fukrey_3,Fukrey 3,Fukrey 3,2023,September,9,,Comedy,,Comedy,No,,Mrighdeep Singh,Pankaj Tripathi,Pulkit Samrat,Pankaj Tripathi,,"Reliance Entertainment, Excel Entertainment",,D,,,,,128.37,,,,,,,,,,,,,,,,,,Low,,wikipedia,2.0,2026-07-02
BOLLY_2023_1442_pyaar_hai_toh_hai,Pyaar Hai Toh Hai,Pyaar Hai Toh Hai,2023,October,10,,Drama,,Drama,No,,Pradeep R.K. Chaudhary,,,,,Shreetara Cinevision,,,,,,,,,,,,,,,,,,,,,,,,,Missing/Partial,,wikipedia,2.0,2026-07-02
BOLLY_2023_1443_tumse_na_ho_payega,Tumse Na Ho Payega,Tumse Na Ho Payega,2023,September,9,,Comedy,,Comedy,No,,Abhishek Sinha,Ishwak Singh,Mahima Makwana,Ishwak Singh,,"Star Studios, RSVP Movies, Earthsky Pictures, Disney+Hotstar",,,,,,,,,,,,,,,,,,,,,,,,,Missing/Partial,,wikipedia,2.0,2026-07-02
BOLLY_2023_1444_dono,Dono,Dono,2023,October,10,,Drama,,Drama,No,,Avnish S. Barjatya,,,,,"Jio Studios, Rajshri Productions",,,,,,,0.7,,,,,,,,,,,,,,,,,,Low,,wikipedia,2.0,2026-07-02
BOLLY_2023_1445_khufiya,Khufiya,Khufiya,2023,October,10,,Thriller,,Thriller,No,,Vishal Bharadwaj,Tabu,Ali Fazal,Tabu,,Netflix,5.0682,C,,,,,,,,,,,,,,,,,,,,,,,Missing/Partial,,wikipedia,2.0,2026-07-02
BOLLY_2023_1446_mission_raniganj,Mission Raniganj,Mission Raniganj,2023,October,10,,Action,,Action,No,,Tinu Suresh Desai,Akshay Kumar,Parineeti Chopra,Akshay Kumar,,Pooja Entertainment,6.3805,C,,,55,,45.66,,,,,,,,,,,,,,,,,hitFlop=1,High,,wikipedia,2.0,2026-07-02
BOLLY_2023_1447_thank_you_for_coming,Thank You for Coming,Thank You for Coming,2023,September,9,,Comedy,,Comedy,No,,Karan Boolani,Bhumi Pednekar,Shehnaaz Gill,Bhumi Pednekar,,Balaji Motion Pictures,,C,,,45,,9.64,,,,,,,,,,,,,,,,,hitFlop=1,High,,wikipedia,2.0,2026-07-02
BOLLY_2023_1448_yaatris,Yaatris,Yaatris,2023,October,10,,Comedy,,Comedy,No,,Harish Vyas,Raghubir Yadav,Seema Pahwa,Raghubir Yadav,,Akion Entertainment,,,,,,,,,,,,,,,,,,,,,,,,,Missing/Partial,,wikipedia,2.0,2026-07-02
BOLLY_2023_1449_dhak_dhak,Dhak Dhak,Dhak Dhak,2023,October,10,,Comedy,,Comedy,No,,Tarun Dudeja,Ratna Pathak Shah,Dia Mirza,Ratna Pathak Shah,,Viacom18 Studios,,D,,,,,,,,,,,,,,,,,,,,,,,Missing/Partial,,wikipedia,2.0,2026-07-02
BOLLY_2023_1450_guthlee_ladoo,Guthlee Ladoo,Guthlee Ladoo,2023,October,10,,Drama,,Drama,No,,Ishrat R. Khan,Sanjay Mishra,Subrat Dutta,Sanjay Mishra,,Panorama Studios,2.494,D,,,,,,,,,,,,,,,,,,,,,,,Missing/Partial,,wikipedia,2.0,2026-07-02
BOLLY_2023_1451_bhagwan_bharose,Bhagwan Bharose,Bhagwan Bharose,2023,October,10,,Comedy,,Comedy,No,,Shiladitya Bora,Vinay Pathak,Masumeh Makhija,Vinay Pathak,,"Platoon One Films, Rhythm Boyz Entertainment",3.1247,D,,,,,,,,,,,,,,,,,,,,,,,Missing/Partial,,wikipedia,2.0,2026-07-02
BOLLY_2023_1452_ganapath,Ganapath,Ganapath,2023,October,10,,Action,,Action,No,,Vikas Bahl,Amitabh Bachchan,Tiger Shroff,Amitabh Bachchan,,Pooja Entertainment,7.0113,B,,,200,,13.38,,,,,,,,,,,,,,,,,hitFlop=1,High,,wikipedia,2.0,2026-07-02
BOLLY_2023_1453_yaariyan_2,Yaariyan 2,Yaariyan 2,2023,October,10,,Comedy,,Comedy,No,,Radhika Rao,Divya Khosla Kumar,Yash Daasguptaa,Divya Khosla Kumar,,T-Series Films,,B,,,25,,2.67,,,,,,,,,,,,,,,,,hitFlop=1,High,,wikipedia,2.0,2026-07-02
BOLLY_2023_1454_12th_fail,12th Fail,12th Fail,2023,October,10,,Drama,,Drama,No,,Vidhu Vinod Chopra,Vikrant Massey,Priyanshu Chatterjee,Vikrant Massey,,"Zee Studios, Vinod Chopra Films",,A,,,20,,69.64,,,,,,,,,,,,,,,,,hitFlop=5,High,,wikipedia,2.0,2026-07-02
BOLLY_2023_1455_tejas,Tejas,Tejas,2023,October,10,,Action,,Action,No,,Sarvesh Mewara,Kangana Ranaut,,Kangana Ranaut,,RSVP Movies,4.3605,D,,,70,,6,,,,,,,,,,,,,,,,,hitFlop=1,High,,wikipedia,2.0,2026-07-02
BOLLY_2023_1456_sajini_shinde_ka_viral_video,Sajini Shinde Ka Viral Video,Sajini Shinde Ka Viral Video,2023,October,10,,Thriller,,Thriller,No,,Mikhil Musale,Nimrat Kaur,Radhika Madan,Nimrat Kaur,,Maddock Films,,D,,,,,,,,,,,,,,,,,,,,,,,Missing/Partial,,wikipedia,2.0,2026-07-02
BOLLY_2023_1457_mandali,Mandali,Mandali,2023,October,10,,Drama,,Drama,No,,Rakesh Chaturvedi Om,Rajniesh Duggall,Brijendra Kala,Rajniesh Duggall,,Reltic Pictures,,D,,,,,,,,,,,,,,,,,,,,,,,Missing/Partial,,wikipedia,2.0,2026-07-02
BOLLY_2023_1458_aankh_micholi,Aankh Micholi,Aankh Micholi,2023,November,11,,Comedy,,Comedy,No,,Umesh Shukla,Abhimanyu Dassani,Mrunal Thakur,Abhimanyu Dassani,,Sony Pictures India,,B,,,,,1.5,,,,,,,,,,,,,,,,,,Low,,wikipedia,2.0,2026-07-02
BOLLY_2023_1459_the_lady_killer,The Lady Killer,The Lady Killer,2023,November,11,,Thriller,,Thriller,No,,Ajay Bahl,Arjun Kapoor,Bhumi Pednekar,Arjun Kapoor,,SCIPL,6.5059,C,,,80,,0.0038,,,,,,,,,,,,,,,,,hitFlop=1,High,,wikipedia,2.0,2026-07-02
BOLLY_2023_1460_lakeerein,Lakeerein,Lakeerein,2023,November,11,,Drama,,Drama,No,,Durgesh Pathak,Ashutosh Rana,Bidita Bag,Ashutosh Rana,,"Image & Creation, BTC Multimedia Productions, Blackpearl Movies",2.1792,D,,,,,,,,,,,,,,,,,,,,,,,Missing/Partial,,wikipedia,2.0,2026-07-02
BOLLY_2023_1461_hukus_bukus,Hukus Bukus,Hukus Bukus,2023,November,11,,Drama,,Drama,No,,Vinay Bharadwaj,Darsheel Safary,Arun Govil,Darsheel Safary,,Shining Sun Studios,,,,,,,,,,,,,,,,,,,,,,,,,Missing/Partial,,wikipedia,2.0,2026-07-02
BOLLY_2023_1462_ut69,UT69,UT69,2023,November,11,,Drama,,Drama,No,,Shahnawaz Ali,Raj Kundra,,Raj Kundra,,"SVS Studios, The Bigger Picture Films",,,,,,,,,,,,,,,,,,,,,,,,,Missing/Partial,,wikipedia,2.0,2026-07-02
BOLLY_2023_1463_three_of_us,Three of Us,Three of Us,2023,November,11,,Drama,,Drama,No,,Avinash Arun Dhaware,Shefali Shah,Jaideep Ahlawat,Shefali Shah,,"Allu Entertainment, Matchbox Shots",,,,,,,,,,,,,,,,,,,,,,,,,Missing/Partial,,wikipedia,2.0,2026-07-02
BOLLY_2023_1464_shastry_viruddh_shastry,Shastry Viruddh Shastry,Shastry Viruddh Shastry,2023,November,11,,Drama,,Drama,No,,Shiboprosad Mukherjee | Nandita Roy,Paresh Rawal,Shiv Panditt,Paresh Rawal,,Viacom18 Studios,3.7967,D,,,,,,,,,,,,,,,,,,,,,,,Missing/Partial,,wikipedia,2.0,2026-07-02
BOLLY_2023_1465_pippa,Pippa,Pippa,2023,November,11,,Action,,Action,No,,Raja Krishna Menon,Ishaan Khatter,Mrunal Thakur,Ishaan Khatter,,"RSVP Movies, Amazon Prime Video",,B,,,,,,,,,,,,,,,,,,,,,,,Missing/Partial,,wikipedia,2.0,2026-07-02
BOLLY_2023_1466_tiger_3,Tiger 3,Tiger 3,2023,November,11,,Action,,Action,No,,Maneesh Sharma,Salman Khan,Katrina Kaif,Salman Khan,,Yash Raj Films,9.2082,D,,,300,,466.63,,,,,,,,,,,,,,,,,hitFlop=3,High,,wikipedia,2.0,2026-07-02
BOLLY_2023_1467_apurva,Apurva,Apurva,2023,November,11,,Thriller,,Thriller,No,,Nikhil Nagesh Bhat,Tara Sutaria,Abhishek Banerjee,Tara Sutaria,,"Star Studios, Disney+ Hotstar",,,,,,,,,,,,,,,,,,,,,,,,,Missing/Partial,,wikipedia,2.0,2026-07-02
BOLLY_2023_1468_sab_moh_maaya_hai,Sab Moh Maaya Hai,Sab Moh Maaya Hai,2023,,,,Drama,,Drama,No,,Abhinav Pareek,Sharman Joshi,Annu Kapoor,Sharman Joshi,,"Bhanushali Studios, Veda Film Factory",3.6904,D,,,,,,,,,,,,,,,,,,,,,,,Missing/Partial,,wikipedia,2.0,2026-07-02
BOLLY_2023_1469_farrey,Farrey,Farrey,2023,November,11,,Thriller,,Thriller,No,,Soumendra Padhi,Alizeh Agnihotri,Sahil Mehta,Alizeh Agnihotri,,Salman Khan Films,,,,,,,2.25,,,,,,,,,,,,,,,,,,Low,,wikipedia,2.0,2026-07-02
BOLLY_2023_1470_starfish,Starfish,Starfish,2023,November,11,,Drama,,Drama,No,,Akhilesh Jaiswal,Khushalii Kumar,Milind Soman,Khushalii Kumar,,T-Series Films,,D,,,,,0.1,,,,,,,,,,,,,,,,,,Low,,wikipedia,2.0,2026-07-02
BOLLY_2023_1471_do_ajnabee,Do Ajnabee,Do Ajnabee,2023,November,11,,Drama,,Drama,No,,Sanjeev Kumar Rajput,Aarya Babbar,Ankit Bathla,Aarya Babbar,,"Blockbuster Films, PK Entertainment",,,,,,,,,,,,,,,,,,,,,,,,,Missing/Partial,,wikipedia,2.0,2026-07-02
BOLLY_2023_1472_animal,Animal,Animal,2023,December,12,,Action,,Action,No,,Sandeep Reddy Vanga,Ranbir Kapoor,Rashmika Mandanna,Ranbir Kapoor,,T-Series Films,7.6986,B,,,100,,917.82,,,,,,,,,,,,,,,,,hitFlop=5,High,,wikipedia,2.0,2026-07-02
BOLLY_2023_1473_sam_bahadur,Sam Bahadur,Sam Bahadur,2023,December,12,,Action,,Action,No,,Meghna Gulzar,Vicky Kaushal,Sanya Malhotra,Vicky Kaushal,,RSVP Movies,,D,,,55,,128.17,,,,,,,,,,,,,,,,,hitFlop=4,High,,wikipedia,2.0,2026-07-02
BOLLY_2023_1474_the_archies,The Archies,The Archies,2023,November,11,,Action,,Action,No,,Zoya Akhtar,Suhana Khan,Khushi Kapoor,Suhana Khan,,"Archie Comics, Tiger Baby Films, Netflix",,,3.4538,D,40,,,,,,,,,,,,,,,,,,,,Low,,wikipedia,2.0,2026-07-02
BOLLY_2023_1475_joram,Joram,Joram,2023,February,2,,Thriller,,Thriller,No,,Devashish Makhija,Manoj Bajpayee,Mohammed Zeeshan Ayyub,Manoj Bajpayee,,Zee Studios,2.1847,D,,,,,0.4,,,,,,,,,,,,,,,,,,Low,,wikipedia,2.0,2026-07-02
BOLLY_2023_1476_kadak_singh,Kadak Singh,Kadak Singh,2023,December,12,,Thriller,,Thriller,No,,Aniruddha Roy Chowdhury,Pankaj Tripathi,Parvathy Thiruvothu,Pankaj Tripathi,,ZEE5,,D,,,,,,,,,,,,,,,,,,,,,,,Missing/Partial,,wikipedia,2.0,2026-07-02
BOLLY_2023_1477_mast_mein_rehne_ka,Mast Mein Rehne Ka,Mast Mein Rehne Ka,2023,December,12,,Comedy,,Comedy,No,,Vijay Maurya,Jackie Shroff,Neena Gupta,Jackie Shroff,,"Amazon MGM Studios, Amazon Prime Video",2.6163,D,,,,,,,,,,,,,,,,,,,,,,,Missing/Partial,,wikipedia,2.0,2026-07-02
BOLLY_2023_1478_dunki,Dunki,Dunki,2023,December,12,,Comedy,,Comedy,No,,Rajkumar Hirani,Shah Rukh Khan,Taapsee Pannu,Shah Rukh Khan,,"Jio Studios, Red Chillies Entertainment",9.2267,A,10,A,85,,470.6,,,,,,,,,,,,,,,,,hitFlop=5,High,,wikipedia,2.0,2026-07-02
BOLLY_2023_1479_dry_day,Dry Day,Dry Day,2023,December,12,,Comedy,,Comedy,No,,Saurabh Shukla,Jitendra Kumar,Annu Kapoor,Jitendra Kumar,,"Amazon MGM Studios, Emmay Entertainment, Amazon Prime Video",,C,,,,,,,,,,,,,,,,,,,,,,,Missing/Partial,,wikipedia,2.0,2026-07-02
BOLLY_2023_1480_kho_gaye_hum_kahan,Kho Gaye Hum Kahan,Kho Gaye Hum Kahan,2023,December,12,,Comedy,,Comedy,No,,Arjun Varain Singh,Adarsh Gourav,Siddhant Chaturvedi,Adarsh Gourav,,"Reliance Entertainment, Excel Entertainment, Tiger Baby Films, Netflix",,B,,,,,,,,,,,,,,,,,,,,,,,Missing/Partial,,wikipedia,2.0,2026-07-02
BOLLY_2023_1481_safed,Safed,Safed,2023,December,12,,Drama,,Drama,No,,Sandeep Singh,Meera Chopra,,Meera Chopra,,ZEE5,,D,,,,,,,,,,,,,,,,,,,,,,,Missing/Partial,,wikipedia,2.0,2026-07-02
BOLLY_2024_1482_tauba_tera_jalwa,Tauba Tera Jalwa,Tauba Tera Jalwa,2024,January,1,,Comedy,,Comedy,No,,Akashaditya Lama,Jatin Khurana,Ameesha Patel,Jatin Khurana,,"Shreeram Productions, Victorious Enterprises",,D,,,,,,,,,,,,,,,,,,,,,,,Missing/Partial,,wikipedia,2.0,2026-07-02
BOLLY_2024_1483_merry_christmas,Merry Christmas,Merry Christmas,2024,January,1,,Thriller,,Thriller,No,,Sriram Raghavan,Katrina Kaif,Vijay Sethupathi,Katrina Kaif,,Tips Industries,8.9485,C,1.8067,D,60,,26.02,,,,,,,,,,,,,,,,,hitFlop=1,High,,wikipedia,2.0,2026-07-02
BOLLY_2024_1484_main_atal_hoon,Main Atal Hoon,Main Atal Hoon,2024,January,1,,Drama,,Drama,No,,Ravi Jadhav,Pankaj Tripathi,,Pankaj Tripathi,,"Bhanushali Studios, Legend Studios",,D,,,20,,8.65,,,,,,,,,,,,,,,,,hitFlop=1,High,,wikipedia,2.0,2026-07-02
BOLLY_2024_1485_fighter,Fighter,Fighter,2024,January,1,,Action,,Action,No,,Siddharth Anand,Hrithik Roshan,Deepika Padukone,Hrithik Roshan,,Viacom18 Studios,8.2519,D,5.6148,C,250,,344.46,,,,,,,,,,,,,,,,,hitFlop=2,High,,wikipedia,2.0,2026-07-02
BOLLY_2024_1486_teri_baaton_mein_aisa_uljha_jiya,Teri Baaton Mein Aisa Uljha Jiya,Teri Baaton Mein Aisa Uljha Jiya,2024,February,2,,Comedy,,Comedy,No,,Amit JoshiAradhana Sah,Shahid Kapoor,Kriti Sanon,Shahid Kapoor,,"Jio Studios, Maddock Films",5.7659,C,,,75,,133.64,,,,,,,,,,,,,,,,,hitFlop=3,High,,wikipedia,2.0,2026-07-02
BOLLY_2024_1487_bhakshak,Bhakshak,Bhakshak,2024,February,2,,Drama,,Drama,No,,Pulkit,Bhumi Pednekar,Sanjay Mishra,Bhumi Pednekar,,"Red Chillies Entertainment, Netflix",,C,,,,,,,,,,,,,,,,,,,,,,,Missing/Partial,,wikipedia,2.0,2026-07-02
BOLLY_2024_1488_lantrani,Lantrani,Lantrani,2024,February,2,,Comedy,,Comedy,No,,Gurvinder Singh | Kaushik Ganguly,Jitendra Kumar,Jisshu Sengupta,Jitendra Kumar,,ZEE5,,,,,,,,,,,,,,,,,,,,,,,,,Missing/Partial,,wikipedia,2.0,2026-07-02
BOLLY_2024_1489_mirg,Mirg,Mirg,2024,February,2,,Action,,Action,No,,Tarun Sharma,Satish Kaushik,Anup Soni,Satish Kaushik,,"Studio RA, NaMA Productions, OneShot Films",1.961,D,,,,,,,,,,,,,,,,,,,,,,,Missing/Partial,,wikipedia,2.0,2026-07-02
BOLLY_2024_1490_dashmi,Dashmi,Dashmi,2024,February,2,,Thriller,,Thriller,No,,Shantanu Anant Tambe,Vardhan Puri,Sanjay Pandey,Vardhan Puri,,3S Movies,,,,,,,,,,,,,,,,,,,,,,,,,Missing/Partial,,wikipedia,2.0,2026-07-02
BOLLY_2024_1491_kuch_khattaa_ho_jaay,Kuch Khattaa Ho Jaay,Kuch Khattaa Ho Jaay,2024,February,2,,Comedy,,Comedy,No,,G. Ashok,Guru Randhawa,Saiee Manjrekar,Guru Randhawa,,Mach Films,,,,,,,1.5,,,,,,,,,,,,,,,,,,Low,,wikipedia,2.0,2026-07-02
BOLLY_2024_1492_crakk,Crakk,Crakk,2024,February,2,,Action,,Action,No,,Aditya Datt,Vidyut Jammwal,Nora Fatehi,Vidyut Jammwal,,Action Hero Films,,D,1.7076,D,45,,17.08,,,,,,,,,,,,,,,,,hitFlop=1,High,,wikipedia,2.0,2026-07-02
BOLLY_2024_1493_article_370,Article 370,Article 370,2024,February,2,,Action,,Action,No,,Aditya Suhas Jambhale,Yami Gautam,Priyamani,Yami Gautam,,"Jio Studios, B62 Studios",,D,,,20,,110.57,,,,,,,,8.2,,,,,,,,,hitFlop=5,High,,wikipedia,2.0,2026-07-02
BOLLY_2024_1494_all_india_rank,All India Rank,All India Rank,2024,February,2,,Comedy,,Comedy,No,,Varun Grover,Sheeba Chaddha,,Sheeba Chaddha,,Matchbox Shots,,,,,,,0.35,,,,,,,,,,,,,,,,,,Low,,wikipedia,2.0,2026-07-02
BOLLY_2024_1495_chote_nawab,Chote Nawab,Chote Nawab,2024,February,2,,Drama,,Drama,No,,Kumud Chaudhary,Akshay Oberoi,Plabita Borthakur,Akshay Oberoi,,Yoodlee Films,,D,,,,,,,,,,,,,,,,,,,,,,,Missing/Partial,,wikipedia,2.0,2026-07-02
BOLLY_2024_1496_laapataa_ladies,Laapataa Ladies,Laapataa Ladies,2024,March,3,,Comedy,,Comedy,No,,Kiran Rao,Ravi Kishan,Pratibha Ranta,Ravi Kishan,,Jio Studios,2.1644,D,,,4,,25.26,,,,,,,,,,,,,,,,,hitFlop=5,High,,wikipedia,2.0,2026-07-02
BOLLY_2024_1497_dange,Dange,Dange,2024,March,3,,Action,,Action,No,,Bejoy Nambiar,Harshvardhan Rane,Ehan Bhat,Harshvardhan Rane,,T-Series Films,,,,,,,,,,,,,,,,,,,,,,,,,Missing/Partial,,wikipedia,2.0,2026-07-02
BOLLY_2024_1498_operation_valentine,Operation Valentine,Operation Valentine,2024,March,3,,Action,,Action,No,,Shakti Pratap Singh Hada,Varun Tej,Manushi Chhillar,Varun Tej,,Sony Pictures India,,,,,,,,,,,,,,,,,,,,,,,,,Missing/Partial,,wikipedia,2.0,2026-07-02
BOLLY_2024_1499_kaagaz_2,Kaagaz 2,Kaagaz 2,2024,March,3,,Drama,,Drama,No,,V. K. Prakash,Anupam Kher,Darshan Kumar,Anupam Kher,,Venus Worldwide Entertainment,3.4477,D,,,,,,,,,,,,,,,,,,,,,,,Missing/Partial,,wikipedia,2.0,2026-07-02
BOLLY_2024_1500_fairy_folk,Fairy Folk,Fairy Folk,2024,March,3,,Drama,,Drama,No,,Karan Gour,Rasika Duggal,Mukul Chadda,Rasika Duggal,,"Empatheia Films, Bala Wala Cinema, Awe Studios and Timbuktu Triforce Cinema & Entertainment",,,,,,,,,,,,,,,,,,,,,,,,,Missing/Partial,,wikipedia,2.0,2026-07-02
BOLLY_2024_1501_shaitaan,Shaitaan,Shaitaan,2024,March,3,,Horror,,Horror,No,,Vikas Bahl,Ajay Devgn,R. Madhavan,Ajay Devgn,,"Jio Studios, Devgn Films, Panorama Studios",6.8713,C,,,60,,211.06,,,,,,,,,,,,,,,,,hitFlop=5,High,,wikipedia,2.0,2026-07-02
BOLLY_2024_1502_tera_kya_hoga_lovely,Tera Kya Hoga Lovely,Tera Kya Hoga Lovely,2024,March,3,,Comedy,,Comedy,No,,Balwinder Singh Janjua,Randeep Hooda,Ileana D'Cruz,Randeep Hooda,,Sony Pictures India,3.739,D,,,,,,,,,,,,,,,,,,,,,,,Missing/Partial,,wikipedia,2.0,2026-07-02
BOLLY_2024_1503_alpha_beta_gamma,Alpha Beta Gamma,Alpha Beta Gamma,2024,March,3,,Comedy,,Comedy,No,,Shankar Srikumar,Nishan,,Nishan,,"Choti Film Productions, Knownsense Entertainment",,,,,,,,,,,,,,,,,,,,,,,,,Missing/Partial,,wikipedia,2.0,2026-07-02
BOLLY_2024_1504_yodha,Yodha,Yodha,2024,March,3,,Action,,Action,No,,Sagar AmbrePushkar Ojha,Sidharth Malhotra,Raashii Khanna,Sidharth Malhotra,,"Amazon MGM Studios, Dharma Productions",,C,,,55,,52,,,,,,,,,,,,,,,,,hitFlop=1,High,,wikipedia,2.0,2026-07-02
BOLLY_2024_1505_murder_mubarak,Murder Mubarak,Murder Mubarak,2024,March,3,,Thriller,,Thriller,No,,Homi Adajania,Sara Ali Khan,Pankaj Tripathi,Sara Ali Khan,,"Maddock Films, Netflix",,C,,,,,,,,,,,,,,,,,,,,,,,Missing/Partial,,wikipedia,2.0,2026-07-02
BOLLY_2024_1506_ae_watan_mere_watan,Ae Watan Mere Watan,Ae Watan Mere Watan,2024,March,3,,Action,,Action,No,,Kannan Iyer,Sara Ali Khan,Sparsh Srivastav,Sara Ali Khan,,"Dharmatic Entertainment, Amazon Prime Video",,C,,,,,,,,,,,,,,,,,,,,,,,Missing/Partial,,wikipedia,2.0,2026-07-02
BOLLY_2024_1507_madgaon_express,Madgaon Express,Madgaon Express,2024,March,3,,Comedy,,Comedy,No,,Kunal Khemu,Divyenndu,Pratik Gandhi,Divyenndu,,Excel Entertainment,,,,,,,57.34,,,,,,,,,,,,,,,,,,Low,,wikipedia,2.0,2026-07-02
BOLLY_2024_1508_swatantrya_veer_savarkar,Swatantrya Veer Savarkar,Swatantrya Veer Savarkar,2024,March,3,,Drama,,Drama,No,,Randeep Hooda,Ankita Lokhande,Amit Sial,Ankita Lokhande,,Zee Studios,,,,,20,,31.23,,,,,,,,,,,,,,,,,hitFlop=3,High,,wikipedia,2.0,2026-07-02
BOLLY_2024_1509_crew,Crew,Crew,2024,March,3,,Comedy,,Comedy,No,,Rajesh A Krishnan,Tabu,Kareena Kapoor Khan,Tabu,,Balaji Motion Pictures,5.0682,C,,,,,157.08,,,,,,,,,,,,,,,,,,Low,,wikipedia,2.0,2026-07-02
BOLLY_2024_1510_woh_bhi_din_the,Woh Bhi Din The,Woh Bhi Din The,2024,March,3,,Comedy,,Comedy,No,,Sajid Ali,Rohit Saraf,Adarsh Gourav,Rohit Saraf,,ZEE5,,B,,,,,,,,,,,,,,,,,,,,,,,Missing/Partial,,wikipedia,2.0,2026-07-02
BOLLY_2024_1511_patna_shuklla,Patna Shuklla,Patna Shuklla,2024,March,3,,Drama,,Drama,No,,Vivek Budakoti,Raveena Tandon,Manav Vij,Raveena Tandon,,Disney+ Hotstar,2.465,B,,,,,,,,,,,,,,,,,,,,,,,Missing/Partial,,wikipedia,2.0,2026-07-02
BOLLY_2024_1512_bengal_1947,Bengal 1947,Bengal 1947,2024,March,3,,Drama,,Drama,No,,Akashaditya Lama,Devoleena Bhattacharjee,Omkar Das Manikpuri,Devoleena Bhattacharjee,,"COMFED Productions, Think Tank Global",,D,,,,,,,,,,,,,,,,,,,,,,,Missing/Partial,,wikipedia,2.0,2026-07-02
BOLLY_2024_1513_dukaan,Dukaan,Dukaan,2024,April,4,,Comedy,,Comedy,No,,Siddharth–Garima,Sikandar Kher,Monali Thakur,Sikandar Kher,,"Waveband Productions, Kalamkaar Picture Productions",,,,,,,0.18,,,,,,,,,,,,,,,,,,Low,,wikipedia,2.0,2026-07-02
BOLLY_2024_1514_bade_miyan_chote_miyan,Bade Miyan Chote Miyan,Bade Miyan Chote Miyan,2024,April,4,,Action,,Action,No,,Ali Abbas Zafar,Akshay Kumar,Tiger Shroff,Akshay Kumar,,Pooja Entertainment,6.3805,C,,,350,,102.16,,,,,,,,,,,,,,,,,hitFlop=1,High,,wikipedia,2.0,2026-07-02
BOLLY_2024_1515_maidaan,Maidaan,Maidaan,2024,April,4,,Drama,,Drama,No,,Amit Sharma,Ajay Devgn,Priyamani,Ajay Devgn,,Zee Studios,6.8713,C,,,235,,68.09,,,,,,,,,,,,,,,,,hitFlop=1,High,,wikipedia,2.0,2026-07-02
BOLLY_2024_1516_amar_singh_chamkila,Amar Singh Chamkila,Amar Singh Chamkila,2024,April,4,,Drama,,Drama,No,,Imtiaz Ali,Diljit Dosanjh,Parineeti Chopra,Diljit Dosanjh,,"Saregama, Netflix",,C,4.8838,D,,,,,,,,,,,,,,,,,,,,,Missing/Partial,,wikipedia,2.0,2026-07-02
BOLLY_2024_1517_gauraiya_live,Gauraiya Live,Gauraiya Live,2024,April,4,,Drama,,Drama,No,,Gabriel Vats,Omkar Das Manikpuri,Shagufta Ali,Omkar Das Manikpuri,,"Rare Films, Tea and Poetry Films",2.1151,D,,,,,,,,,,,,,,,,,,,,,,,Missing/Partial,,wikipedia,2.0,2026-07-02
BOLLY_2024_1518_love_sex_aur_dhokha_2,Love Sex Aur Dhokha 2,Love Sex Aur Dhokha 2,2024,April,4,,Comedy,,Comedy,No,,Dibakar Banerjee,Mouni Roy,Nimrit Kaur Ahluwalia,Mouni Roy,,Balaji Telefilms,,D,2.863,D,,,0.5,,,,,,,,,,,,,,,,,,Low,,wikipedia,2.0,2026-07-02
BOLLY_2024_1519_do_aur_do_pyaar,Do Aur Do Pyaar,Do Aur Do Pyaar,2024,April,4,,Comedy,,Comedy,No,,Shirsha Guha Thakurta,Vidya Balan,Pratik Gandhi,Vidya Balan,,Applause Entertainment,6.0471,C,,,,,4.63,,,,,,,,,,,,,,,,,,Low,,wikipedia,2.0,2026-07-02
BOLLY_2024_1520_kaam_chalu_hai,Kaam Chalu Hai,Kaam Chalu Hai,2024,April,4,,Drama,,Drama,No,,Palash Muchhal,Rajpal Yadav,Giaa Manek,Rajpal Yadav,,ZEE5,2.3783,D,,,,,,,,,,,,,,,,,,,,,,,Missing/Partial,,wikipedia,2.0,2026-07-02
BOLLY_2024_1521_luv_you_shankar,Luv You Shankar,Luv You Shankar,2024,April,4,,Drama,,Drama,No,,Rajiv S. Ruia,Shreyas Talpade,Tanishaa Mukerji,Shreyas Talpade,,SD World Film Production,2.8077,D,1.1221,D,8,,,,,,,,,,,,,,,,,,,,Low,,wikipedia,2.0,2026-07-02
BOLLY_2024_1522_ruslaan,Ruslaan,Ruslaan,2024,April,4,,Action,,Action,No,,Karan Butani,Aayush Sharma,Sushrii Shreya Mishraa,Aayush Sharma,,Sri Sathya Sai Arts,,A,,,25,,2.7,,,,,,,,,,,,,,,,,hitFlop=1,High,,wikipedia,2.0,2026-07-02
BOLLY_2024_1523_main_ladega,Main Ladega,Main Ladega,2024,April,4,,Action,,Action,No,,Gaurav Rana,,,,,Kathakaar Films,,,,,,,,,,,,,,,,,,,,,,,,,Missing/Partial,,wikipedia,2.0,2026-07-02
BOLLY_2024_1524_srikanth,Srikanth,Srikanth,2024,May,5,,Drama,,Drama,No,,Tushar Hiranandani,Rajkummar Rao,Jyothika,Rajkummar Rao,,T-Series Films,3.9271,D,,,35,,62.92,,,,,,,,,,,,,,,,,hitFlop=3,High,,wikipedia,2.0,2026-07-02
BOLLY_2024_1525_tipppsy,Tipppsy,Tipppsy,2024,May,5,,Drama,,Drama,No,,Deepak Tijori,Deepak Tijori,Natasha Suri,Deepak Tijori,,"Raju Chaddha Wave Cinemas, Alliance Productions India, Black Canvas",,,1.5883,D,,,0.08,,,,,,,,,,,,,,,,,,Low,,wikipedia,2.0,2026-07-02
BOLLY_2024_1526_kartam_bhugtam,Kartam Bhugtam,Kartam Bhugtam,2024,May,5,,Thriller,,Thriller,No,,Soham P. Shah,Shreyas Talpade,Vijay Raaz,Shreyas Talpade,,Gandhar Films & Studio,2.8077,D,,,,,1,,,,,,,,,,,,,,,,,,Low,,wikipedia,2.0,2026-07-02
BOLLY_2024_1527_bhaiyya_ji,Bhaiyya Ji,Bhaiyya Ji,2024,May,5,,Action,,Action,No,,Apoorva Singh Karki,Manoj Bajpayee,Vipin Sharma,Manoj Bajpayee,,"Bhanushali Studios, SSO Productions, Aurega Studios",2.1847,D,,,,,11.76,,,,,,,,,,,,,,,,,,Low,,wikipedia,2.0,2026-07-02
BOLLY_2024_1528_mr_mrs_mahi,Mr. & Mrs. Mahi,Mr. & Mrs. Mahi,2024,May,5,,Drama,,Drama,No,,Sharan Sharma,Rajkummar Rao,Janhvi Kapoor,Rajkummar Rao,,"Zee Studios, Dharma Productions",3.9271,D,,,40,,51.96,,,,,,,,,,,,,,,,,hitFlop=2,High,,wikipedia,2.0,2026-07-02
BOLLY_2024_1529_savi,Savi,Savi,2024,May,5,,Action,,Action,No,,Abhinay Deo,Anil Kapoor,Divya Khosla Kumar,Anil Kapoor,,"T-Series Films, Vishesh Entertainment",5.6087,C,,,20,,17.81,,,,,,,,,,,,,,,,,hitFlop=1,High,,wikipedia,2.0,2026-07-02
BOLLY_2024_1530_chhota_bheem_and_the_curse_of_damyaan,Chhota Bheem and the Curse of Damyaan,Chhota Bheem and the Curse of Damyaan,2024,May,5,,Action,,Action,No,,Rajiv Chilaka,Anupam Kher,Makrand Deshpande,Anupam Kher,,Green Gold Animation,3.4477,D,,,,,,,,,,,,,,,,,,,,,,hitFlop=2,Missing/Partial,,wikipedia,2.0,2026-07-02
BOLLY_2024_1531_dedh_bigha_zameen,Dedh Bigha Zameen,Dedh Bigha Zameen,2024,May,5,,Drama,,Drama,No,,Pulkit,Pratik Gandhi,Khushalii Kumar,Pratik Gandhi,,JioCinema,,,,,,,,,,,,,,,,,,,,,,,,,Missing/Partial,,wikipedia,2.0,2026-07-02
BOLLY_2024_1532_malhar,Malhar,Malhar,2024,June,6,,Drama,,Drama,No,,Vishal Kumbhar,Sharib Hashmi,Anjali Patil,Sharib Hashmi,,V Motion Pictures,,,,,,,,,,,,,,,,,,,,,,,,,Missing/Partial,,wikipedia,2.0,2026-07-02
BOLLY_2024_1533_bajrang_aur_ali,Bajrang Aur Ali,Bajrang Aur Ali,2024,June,6,,Drama,,Drama,No,,Jaiveer,,,,,UtterUp Films,,,,,,,,,,,,,,,,,,,,,,,,,Missing/Partial,,wikipedia,2.0,2026-07-02
BOLLY_2024_1534_blackout,Blackout,Blackout,2024,June,6,,Thriller,,Thriller,No,,Devang Shashin Bhavsar,Vikrant Massey,Mouni Roy,Vikrant Massey,,Jio Studios,,A,,,,,,,,,,,,,,,,,,,,,,,Missing/Partial,,wikipedia,2.0,2026-07-02
BOLLY_2024_1535_munjya,Munjya,Munjya,2024,June,6,,Comedy,,Comedy,No,,Aditya Sarpotdar,Sharvari,Abhay Verma,Sharvari,,Maddock Films,,,,,30,,132.13,,,,,,,,,,,,,,,,,hitFlop=5,High,,wikipedia,2.0,2026-07-02
BOLLY_2024_1536_chandu_champion,Chandu Champion,Chandu Champion,2024,June,6,,Drama,,Drama,No,,Kabir Khan,Kartik Aaryan,,Kartik Aaryan,,Nadiadwala Grandson Entertainment,,,6.8237,C,70,,88.73,,,,,,,,,,,,,,,,,hitFlop=2,High,,wikipedia,2.0,2026-07-02
BOLLY_2024_1537_manihar,Manihar,Manihar,2024,June,6,,Drama,,Drama,No,,Sanjeev Kumar Rajput,Pankaj Berry,,Pankaj Berry,,Jai Shree Movie Production,1,D,,,,,,,,,,,,,,,,,,,,,,,Missing/Partial,,wikipedia,2.0,2026-07-02
BOLLY_2024_1538_luv_ki_arrange_marriage,Luv Ki Arrange Marriage,Luv Ki Arrange Marriage,2024,June,6,,Comedy,,Comedy,No,,Ishrat R. Khan,Sunny Singh,Avneet Kaur,Sunny Singh,,"Thinkink Picturez, ZEE5",,,,,,,,,,,,,,,,,,,,,,,,,Missing/Partial,,wikipedia,2.0,2026-07-02
BOLLY_2024_1539_ishq_vishk_rebound,Ishq Vishk Rebound,Ishq Vishk Rebound,2024,June,6,,Comedy,,Comedy,No,,Nipun Dharmadhikari,Rohit Saraf,Jibraan Khan,Rohit Saraf,,Tips Industries,,,,,,,6.13,,,,,,,,,,,,,,,,,,Low,,wikipedia,2.0,2026-07-02
BOLLY_2024_1540_maharaj,Maharaj,Maharaj,2024,June,6,,Drama,,Drama,No,,Siddharth P. Malhotra,Jaideep Ahlawat,Shalini Pandey,Jaideep Ahlawat,,"YRF Entertainment, Netflix",,,,,,,,,,,,,,,,,,,,,,,,,Missing/Partial,,wikipedia,2.0,2026-07-02
BOLLY_2024_1541_hamare_baarah,Hamare Baarah,Hamare Baarah,2024,June,6,,Drama,,Drama,No,,Kamal Chandra,Annu Kapoor,Parth Samthaan,Annu Kapoor,,"Radhika G Film, Newtech Media Entertainment",,C,,,,,,,,,,,,,,,,,,,,,,,Missing/Partial,,wikipedia,2.0,2026-07-02
BOLLY_2024_1542_jahangir_national_university,Jahangir National University,Jahangir National University,2024,June,6,,Action,,Action,No,,Vinay Sharma,Urvashi Rautela,Rashami Desai,Urvashi Rautela,,Mahakaal Movies,,,,,,,,,,,,,,,,,,,,,,,,,Missing/Partial,,wikipedia,2.0,2026-07-02
BOLLY_2024_1543_rautu_ka_raaz,Rautu Ka Raaz,Rautu Ka Raaz,2024,June,6,,Drama,,Drama,No,,Anand Surapur,Nawazuddin Siddiqui,Rajesh Kumar,Nawazuddin Siddiqui,,"Zee Studios, ZEE5",3.7877,D,,,,,,,,,,,,,,,,,,,,,,,Missing/Partial,,wikipedia,2.0,2026-07-02
BOLLY_2024_1544_sharmajee_ki_beti,Sharmajee Ki Beti,Sharmajee Ki Beti,2024,June,6,,Comedy,,Comedy,No,,Tahira Kashyap Khurana,Divya Dutta,Sakshi Tanwar,Divya Dutta,,"Applause Entertainment, Amazon Prime Video",2.3769,D,,,,,,,,,,,,,,,,,,,,,,,Missing/Partial,,wikipedia,2.0,2026-07-02
BOLLY_2024_1545_kooki,Kooki,Kooki,2024,June,6,,Drama,,Drama,No,,Pranab J Deka,Rajesh Tailang,Dipannita Sharma,Rajesh Tailang,,"Niri Media Opc Private Limited, Jai Viratra Entertainment Limited",,D,,,,,,,,,,,,,,,,,,,,,,,Missing/Partial,,wikipedia,2.0,2026-07-02
BOLLY_2024_1546_kill,Kill,Kill,2024,July,7,,Action,,Action,No,,Nikhil Nagesh Bhat,Lakshya,Raghav Juyal,Lakshya,,"Lionsgate, Roadside Attractions, Dharma Productions, Sikhya Entertainment",,,,,40,,47.12,,,,,,,,,,,,,,,,,hitFlop=2,High,,wikipedia,2.0,2026-07-02
BOLLY_2024_1547_wild_wild_punjab,Wild Wild Punjab,Wild Wild Punjab,2024,July,7,,Drama,,Drama,No,,Simarpreet Singh,Varun Sharma,Sunny Singh,Varun Sharma,,"T-Series Films, Luv Films, Netflix",,D,,,,,,,,,,,,,,,,,,,,,,,Missing/Partial,,wikipedia,2.0,2026-07-02
BOLLY_2024_1548_sarfira,Sarfira,Sarfira,2024,July,7,,Drama,,Drama,No,,Sudha Kongara,Akshay Kumar,Paresh Rawal,Akshay Kumar,,"Cape of Good Films, 2D Entertainment",6.3805,C,,,80,,30.02,,,,,,,,,,,,,,,,,hitFlop=1,High,,wikipedia,2.0,2026-07-02
BOLLY_2024_1549_kakuda,Kakuda,Kakuda,2024,July,7,,Comedy,,Comedy,No,,Aditya Sarpotdar,Riteish Deshmukh,Sonakshi Sinha,Riteish Deshmukh,,"RSVP Movies, ZEE5",,A,,,,,,,,,,,,,,,,,,,,,,,Missing/Partial,,wikipedia,2.0,2026-07-02
BOLLY_2024_1550_bad_newz,Bad Newz,Bad Newz,2024,July,7,,Comedy,,Comedy,No,,Anand Tiwari,Vicky Kaushal,Triptii Dimri,Vicky Kaushal,,"Amazon MGM Studios, Dharma Productions",,D,,,80,,115.74,,,,,,,,,,,,,,,,,hitFlop=2,High,,wikipedia,2.0,2026-07-02
BOLLY_2024_1551_bloody_ishq,Bloody Ishq,Bloody Ishq,2024,July,7,,Thriller,,Thriller,No,,Vikram Bhatt,Avika Gor,Vardhan Puri,Avika Gor,,Disney+ Hotstar,,,2.9028,D,,,,,,,,,,,,,,,,,,,,,Missing/Partial,,wikipedia,2.0,2026-07-02
BOLLY_2024_1552_auron_mein_kahan_dum_tha,Auron Mein Kahan Dum Tha,Auron Mein Kahan Dum Tha,2024,August,8,,Romance,,Romance,No,,Neeraj Pandey,Ajay Devgn,Tabu,Ajay Devgn,,Panorama Studios,6.8713,C,,,100,,12.91,,,,,,,,,,,,,,,,,hitFlop=1,High,,wikipedia,2.0,2026-07-02
BOLLY_2024_1553_ulajh,Ulajh,Ulajh,2024,August,8,,Action,,Action,No,,Sudhanshu Saria,Janhvi Kapoor,Gulshan Devaiah,Janhvi Kapoor,,Junglee Pictures,,,,,35,,11.05,,,,,,,,,,,,,,,,,hitFlop=1,High,,wikipedia,2.0,2026-07-02
BOLLY_2024_1554_aliya_basu_gayab_hai,Aliya Basu Gayab Hai,Aliya Basu Gayab Hai,2024,August,8,,Drama,,Drama,No,,Preeti Singh,Vinay Pathak,Raima Sen,Vinay Pathak,,Cinepolis India,3.1247,D,,,,,,,,,,,,,,,,,,,,,,,Missing/Partial,,wikipedia,2.0,2026-07-02
BOLLY_2024_1555_phir_aayi_hasseen_dillruba,Phir Aayi Hasseen Dillruba,Phir Aayi Hasseen Dillruba,2024,August,8,,Drama,,Drama,No,,Jayprad Desai,Taapsee Pannu,Vikrant Massey,Taapsee Pannu,,"T-Series Films, Colour Yellow Productions",,B,,,,,,,,,,,,,,,,,,,,,,,Missing/Partial,,wikipedia,2.0,2026-07-02
BOLLY_2024_1556_ghudchadi,Ghudchadi,Ghudchadi,2024,August,8,,Drama,,Drama,No,,Binoy Gandhi,Sanjay Dutt,Raveena Tandon,Sanjay Dutt,,T-Series Films,5.0026,C,,,,,,,,,,,,,,,,,,,,,,,Missing/Partial,,wikipedia,2.0,2026-07-02
BOLLY_2024_1557_ghuspaithiya,Ghuspaithiya,Ghuspaithiya,2024,August,8,,Drama,,Drama,No,,Susi Ganeshan,Urvashi Rautela,Vineet Kumar Singh,Urvashi Rautela,,"Suraj Production, 4V Entertainment, JDS Enterprises",,,,,,,,,,,,,,,,,,,,,,,,,Missing/Partial,,wikipedia,2.0,2026-07-02
BOLLY_2024_1558_khel_khel_mein,Khel Khel Mein,Khel Khel Mein,2024,August,8,,Comedy,,Comedy,No,,Mudassar Aziz,Akshay Kumar,Taapsee Pannu,Akshay Kumar,,T-Series Films,6.3805,C,,,100,,56.78,,,,,,,,,,,,,,,,,hitFlop=1,High,,wikipedia,2.0,2026-07-02
BOLLY_2024_1559_vedaa,Vedaa,Vedaa,2024,August,8,,Action,,Action,No,,Nikkhil Advani,John Abraham,Sharvari,John Abraham,,"Zee Studios, Emmay Entertainment",7.1193,D,,,60,,26.71,,,,,,,,,,,,,,,,,hitFlop=1,High,,wikipedia,2.0,2026-07-02
BOLLY_2024_1560_stree_2,Stree 2,Stree 2,2024,August,8,,Comedy,,Comedy,No,,Amar Kaushik,Shraddha Kapoor,Rajkummar Rao,Shraddha Kapoor,,"Maddock Films, Jio Studios",3.3695,D,,,50,,874.58,,,,,,,,,,,,,,,,,hitFlop=5,High,,wikipedia,2.0,2026-07-02
BOLLY_2024_1561_tikdam,Tikdam,Tikdam,2024,August,8,,Drama,,Drama,No,,Vivek Anchalia,Amit Sial,,Amit Sial,,"Jio Studios, JioCinema",,,,,,,,,,,,,,,,,,,,,,,,,Missing/Partial,,wikipedia,2.0,2026-07-02
BOLLY_2024_1562_a_wedding_story,A Wedding Story,A Wedding Story,2024,August,8,,Horror,,Horror,No,,Abhinav Pareek,Vaibhav Tatwawadi,Mukti Mohan,Vaibhav Tatwawadi,,"Boundless Blackbuck Films Productions,1 Film Studio",,,,,,,,,,,,,,,,,,,,,,,,,Missing/Partial,,wikipedia,2.0,2026-07-02
BOLLY_2024_1563_pad_gaye_pange,Pad Gaye Pange,Pad Gaye Pange,2024,August,8,,Comedy,,Comedy,No,,Santosh Kumar,Rajpal Yadav,Rajesh Sharma,Rajpal Yadav,,"Prachi Films & Utter Action, Bright Outdoor Media",2.3783,D,,,,,,,,,,,,,,,,,,,,,,,Missing/Partial,,wikipedia,2.0,2026-07-02
BOLLY_2024_1564_visfot,Visfot,Visfot,2024,September,9,,Action,,Action,No,,Kookie Gulati,Riteish Deshmukh,Fardeen Khan,Riteish Deshmukh,,JioCinema,,D,,,,,,,,,,,,,,,,,,,,,,,Missing/Partial,,wikipedia,2.0,2026-07-02
BOLLY_2024_1565_the_buckingham_murders,The Buckingham Murders,The Buckingham Murders,2024,September,9,,Drama,,Drama,No,,Hansal Mehta,Kareena Kapoor Khan,Ranveer Brar,Kareena Kapoor Khan,,Balaji Motion Pictures,,,1.4466,D,,,14.56,,,,,,,,,,,,,,,,,,Low,,wikipedia,2.0,2026-07-02
BOLLY_2024_1566_sector_36,Sector 36,Sector 36,2024,September,9,,Thriller,,Thriller,No,,Aditya Nimbalkar,Vikrant Massey,Deepak Dobriyal,Vikrant Massey,,"Jio Studios, Maddock Films, Netflix",,A,,,,,,,,,,,,,,,,,,,,,,,Missing/Partial,,wikipedia,2.0,2026-07-02
BOLLY_2024_1567_berlin,Berlin,Berlin,2024,September,9,,Action,,Action,No,,Atul Sabharwal,Ishwak Singh,Aparshakti Khurana,Ishwak Singh,,"Zee Studios, ZEE5",,,,,,,,,,,,,,,,,,,,,,,,,Missing/Partial,,wikipedia,2.0,2026-07-02
BOLLY_2024_1568_adbhut,Adbhut,Adbhut,2024,September,9,,Horror,,Horror,No,,Sabbir Khan,Nawazuddin Siddiqui,Diana Penty,Nawazuddin Siddiqui,,"Sony Pictures India, Sony Max",3.7877,D,,,,,,,,,,,,,,,,,,,,,,,Missing/Partial,,wikipedia,2.0,2026-07-02
BOLLY_2024_1569_kahan_shuru_kahan_khatam,Kahan Shuru Kahan Khatam,Kahan Shuru Kahan Khatam,2024,September,9,,Comedy,,Comedy,No,,Saurabh Dasgupta,Dhvani Bhanushali,Aashim Gulati,Dhvani Bhanushali,,"Bhanushali Studios, Kathputli Creations",,,,,,,,,,,,,,,,,,,,,,,,,Missing/Partial,,wikipedia,2.0,2026-07-02
BOLLY_2024_1570_yudhra,Yudhra,Yudhra,2024,September,9,,Action,,Action,No,,Ravi Udyawar,Siddhant Chaturvedi,Malavika Mohanan,Siddhant Chaturvedi,,Excel Entertainment,,,,,50,,11.31,,,,,,,,,,,,,,,,,hitFlop=1,High,,wikipedia,2.0,2026-07-02
BOLLY_2024_1571_nasha_jurm_aur_gangsters,Nasha Jurm Aur Gangsters,Nasha Jurm Aur Gangsters,2024,September,9,,Action,,Action,No,,Rajkumar Patra,,,,,Patras Glam Entertainment,,,,,,,,,,,,,,,,,,,,,,,,,Missing/Partial,,wikipedia,2.0,2026-07-02
BOLLY_2024_1572_jo_tera_hai_woh_mera_hai,Jo Tera Hai Woh Mera Hai,Jo Tera Hai Woh Mera Hai,2024,September,9,,Drama,,Drama,No,,Raj Trivedi,Paresh Rawal,Amit Sial,Paresh Rawal,,"Jio Studios, JAR Pictures, JioCinema",3.7967,D,,,,,,,,,,,,,,,,,,,,,,,Missing/Partial,,wikipedia,2.0,2026-07-02
BOLLY_2024_1573_love_sitara,"Love, Sitara","Love, Sitara",2024,September,9,,Drama,,Drama,No,,Vandana Kataria,Sobhita Dhulipala,Rajeev Siddhartha,Sobhita Dhulipala,,"RSVP Movies, ZEE5",,C,,,,,,,,,,,,,,,,,,,,,,,Missing/Partial,,wikipedia,2.0,2026-07-02
BOLLY_2024_1574_binny_and_family,Binny And Family,Binny And Family,2024,September,9,,Drama,,Drama,No,,Ssanjay Tripaathy,Pankaj Kapur,Rajesh Kumar,Pankaj Kapur,,"Balaji Motion Pictures, Mahaveer Jain Films",,D,,,,,,,,,,,,,,,,,,,,,,,Missing/Partial,,wikipedia,2.0,2026-07-02
BOLLY_2024_1575_ctrl,CTRL,CTRL,2024,October,10,,Drama,,Drama,No,,Vikramaditya Motwane,Ananya Panday,Vihaan Samat,Ananya Panday,,"Saffron Magicworks, Netflix",,,,,,,,,,,,,,,,,,,,,,,,,Missing/Partial,,wikipedia,2.0,2026-07-02
BOLLY_2024_1576_amar_prem_ki_prem_kahani,Amar Prem Ki Prem Kahani,Amar Prem Ki Prem Kahani,2024,October,10,,Drama,,Drama,No,,Hardik Gajjar,Sunny Singh,Aditya Seal,Sunny Singh,,"Jio Studios, JioCinema",,D,,,,,,,,,,,,,,,,,,,,,,,Missing/Partial,,wikipedia,2.0,2026-07-02
BOLLY_2024_1577_the_signature,The Signature,The Signature,2024,October,10,,Drama,,Drama,No,,Gajendra Ahire,Anupam Kher,Mahima Chaudhry,Anupam Kher,,ZEE5,3.4477,D,,,,,,,,,,,,,,,,,,,,,,,Missing/Partial,,wikipedia,2.0,2026-07-02
BOLLY_2024_1578_jigra,Jigra,Jigra,2024,October,10,,Action,,Action,No,,Vasan Bala,Alia Bhatt,Vedang Raina,Alia Bhatt,,"Viacom18 Studios, Dharma Productions",6.9416,C,,,80,,55.05,,,,,,,,,,,,,,,,,hitFlop=1,High,,wikipedia,2.0,2026-07-02
BOLLY_2024_1579_vicky_vidya_ka_woh_wala_video,Vicky Vidya Ka Woh Wala Video,Vicky Vidya Ka Woh Wala Video,2024,October,10,,Comedy,,Comedy,No,,Raaj Shaandilyaa,Rajkummar Rao,Triptii Dimri,Rajkummar Rao,,"T-Series Films, Balaji Motion Pictures, Thinkink Picturez",3.9271,D,,,,,55.51,,,,,,,,,,,,,,,,,,Low,,wikipedia,2.0,2026-07-02
BOLLY_2024_1580_aayushmati_geeta_matric_pass,Aayushmati Geeta Matric Pass,Aayushmati Geeta Matric Pass,2024,October,10,,Drama,,Drama,No,,Prradip Khairwar,Kashika Kapoor,Alka Amin,Kashika Kapoor,,"Good Idea Films, Spunk Productions",,,,,,,,,,,,,,,,,,,,,,,,,Missing/Partial,,wikipedia,2.0,2026-07-02
BOLLY_2024_1581_do_patti,Do Patti,Do Patti,2024,October,10,,Drama,,Drama,No,,Shashanka Chaturvedi,Kajol,Kriti Sanon,Kajol,,Netflix,7.2516,B,,,,,,,,,,,,,,,,,,,,,,,Missing/Partial,,wikipedia,2.0,2026-07-02
BOLLY_2024_1582_bandaa_singh_chaudhary,Bandaa Singh Chaudhary,Bandaa Singh Chaudhary,2024,October,10,,Action,,Action,No,,Abhishek Saxena,Arshad Warsi,Meher Vij,Arshad Warsi,,"Arbaaz Khan Production, Seamless Productions LLP, 8 Aks Movies & Entertainment, Cinekorn Entertainment",3.5596,D,,,,,,,,,,,,,,,,,,,,,,,Missing/Partial,,wikipedia,2.0,2026-07-02
BOLLY_2024_1583_the_miranda_brothers,The Miranda Brothers,The Miranda Brothers,2024,October,10,,Drama,,Drama,No,,Sanjay Gupta,Harshvardhan Rane,Meezaan Jafri,Harshvardhan Rane,,JioCinema,,,3.4703,D,,,,,,,,,,,,,,,,,,,,,Missing/Partial,,wikipedia,2.0,2026-07-02
BOLLY_2024_1584_navras_katha_collage,Navras Katha Collage,Navras Katha Collage,2024,October,10,,Drama,,Drama,No,,Praveen Hingonia,Sheeba Chaddha,Rajesh Sharma,Sheeba Chaddha,,Swardhrupad Productions,,,,,,,,,,,,,,,,,,,,,,,,,Missing/Partial,,wikipedia,2.0,2026-07-02
BOLLY_2024_1585_bhool_bhulaiyaa_3,Bhool Bhulaiyaa 3,Bhool Bhulaiyaa 3,2024,November,11,,Comedy,,Comedy,No,,Anees Bazmee,Kartik Aaryan,Vidya Balan,Kartik Aaryan,,T-Series Films,,C,5.6076,C,150,,423.85,,,,,,,,,,,,,,,,,hitFlop=4,High,,wikipedia,2.0,2026-07-02
BOLLY_2024_1586_singham_again,Singham Again,Singham Again,2024,November,11,,Action,,Action,No,,Rohit Shetty,Ajay Devgn,Akshay Kumar,Ajay Devgn,,"Reliance Entertainment, Devgn Films",6.8713,C,6.8376,C,350,,389.64,,,,,,,,,,,,,,,,,hitFlop=2,High,,wikipedia,2.0,2026-07-02
BOLLY_2024_1587_vijay_69,Vijay 69,Vijay 69,2024,November,11,,Drama,,Drama,No,,Akshay Roy,Anupam Kher,Chunky Panday,Anupam Kher,,"YRF Entertainment, Netflix",3.4477,D,,,,,,,,,,,,,,,,,,,,,,,Missing/Partial,,wikipedia,2.0,2026-07-02
BOLLY_2024_1588_khwaabon_ka_jhamela,Khwaabon Ka Jhamela,Khwaabon Ka Jhamela,2024,November,11,,Comedy,,Comedy,No,,Danish Aslam,Prateik Babbar,Sayani Gupta,Prateik Babbar,,"Baweja Studios, JioCinema",,,,,,,,,,,,,,,,,,,,,,,,,Missing/Partial,,wikipedia,2.0,2026-07-02
BOLLY_2024_1589_the_sabarmati_report,The Sabarmati Report,The Sabarmati Report,2024,November,11,,Drama,,Drama,No,,Dheeraj Sarna,Vikrant Massey,Raashii Khanna,Vikrant Massey,,Balaji Motion Pictures,,A,,,50,,31.31,,,,,,,,,,,,,,,,,hitFlop=1,High,,wikipedia,2.0,2026-07-02
BOLLY_2024_1590_naam,Naam,Naam,2024,November,11,,Action,,Action,No,,Anees Bazmee,Ajay Devgn,Sameera Reddy,Ajay Devgn,,"Snigdha Movies Pvt Ltd, Roongta Entertainment",6.8713,C,5.6076,C,,,,,,,,,,,,,,,,,,,,,Missing/Partial,,wikipedia,2.0,2026-07-02
BOLLY_2024_1591_i_want_to_talk,I Want to Talk,I Want to Talk,2024,November,11,,Drama,,Drama,No,,Shoojit Sircar,Abhishek Bachchan,Johny Lever,Abhishek Bachchan,,Rising Sun Films,5.2079,D,3.8135,D,,,1.25,,,,,,,,,,,,,,,,,,Low,,wikipedia,2.0,2026-07-02
BOLLY_2024_1592_sikandar_ka_muqaddar,Sikandar Ka Muqaddar,Sikandar Ka Muqaddar,2024,November,11,,Thriller,,Thriller,No,,Neeraj Pandey,Jimmy Shergill,Tamannaah Bhatia,Jimmy Shergill,,Netflix,2.7981,D,,,,,,,,,,,,,,,,,,,,,,,Missing/Partial,,wikipedia,2.0,2026-07-02
BOLLY_2024_1593_agni,Agni,Agni,2024,December,12,,Action,,Action,No,,Rahul Dholakia,Pratik Gandhi,Divyenndu,Pratik Gandhi,,"Amazon MGM Studios, Excel Entertainment",,,,,,,,,,,,,,,,,,,,,,,,,Missing/Partial,,wikipedia,2.0,2026-07-02
BOLLY_2024_1594_zero_se_restart,Zero Se Restart,Zero Se Restart,2024,December,12,,Drama,,Drama,No,,Vidhu Vinod Chopra,Vikrant Massey,Medha Shankar,Vikrant Massey,,Vinod Chopra Films,,A,,,,,,,,,,,,,,,,,,,,,,,Missing/Partial,,wikipedia,2.0,2026-07-02
BOLLY_2024_1595_despatch,Despatch,Despatch,2024,November,11,,Drama,,Drama,No,,Kanu Behl,Manoj Bajpayee,Shahana Goswami,Manoj Bajpayee,,"RSVP Movies, ZEE5",2.1847,D,,,,,,,,,,,,,,,,,,,,,,,Missing/Partial,,wikipedia,2.0,2026-07-02
BOLLY_2024_1596_vanvaas,Vanvaas,Vanvaas,2024,December,12,,Drama,,Drama,No,,Anil Sharma,Nana Patekar,Utkarsh Sharma,Nana Patekar,,Zee Studios,4.0525,D,5.7345,C,,,6.37,,,,,,,,,,,,,,,,,,Low,,wikipedia,2.0,2026-07-02
BOLLY_2024_1597_baby_john,Baby John,Baby John,2024,December,12,,Action,,Action,No,,Kalees,Varun Dhawan,Keerthy Suresh,Varun Dhawan,,Jio Studios,4.74,D,,,180,,56.49,,,,,,,,,,,,,,,,,hitFlop=1,High,,wikipedia,2.0,2026-07-02
BOLLY_2025_1598_the_rabbit_house,The Rabbit House,The Rabbit House,2025,January,1,,Drama,,Drama,No,,Vaibhav Kulkarni,,,,,Geetai Productions,,,,,,,,,,,,,,,,,,,,,,,,,Missing/Partial,,wikipedia,2.0,2026-07-02
BOLLY_2025_1599_fateh,Fateh,Fateh,2025,January,1,,Action,,Action,No,,Sonu Sood,Naseeruddin Shah,Jacqueline Fernandez,Naseeruddin Shah,,Zee Studios,3.7695,D,,,,,18.5,,,,,,,,,,,,,,,,,,Low,,wikipedia,2.0,2026-07-02
BOLLY_2025_1600_match_fixing,Match Fixing,Match Fixing,2025,January,1,,Thriller,,Thriller,No,,Kedar Gaekwad,Vineet Kumar Singh,Raj Arjun,Vineet Kumar Singh,,Artarena Creations,,D,,,,,,,,,,,,,,,,,,,,,,,Missing/Partial,,wikipedia,2.0,2026-07-02
BOLLY_2025_1601_emergency,Emergency,Emergency,2025,January,1,,Drama,,Drama,No,,Kangana Ranaut,Anupam Kher,Shreyas Talpade,Anupam Kher,,Zee Studios,3.4477,D,,,60,,21.75,,,,,,,,,,,,,,,,,hitFlop=1,High,,wikipedia,2.0,2026-07-02
BOLLY_2025_1602_azaad,Azaad,Azaad,2025,January,1,,Action,,Action,No,,Abhishek Kapoor,Ajay Devgn,Diana Penty,Ajay Devgn,,RSVP Movies,6.8713,C,4.0376,D,80,,9.17,,,,,,,,,,,,,,,,,hitFlop=1,High,,wikipedia,2.0,2026-07-02
BOLLY_2025_1603_mission_grey_house,Mission Grey House,Mission Grey House,2025,January,1,,Thriller,,Thriller,No,,Naushad Siddiqui,Rajesh Sharma,Kiran Kumar,Rajesh Sharma,,Reliance Entertainment,,D,,,,,,,,,,,,,,,,,,,,,,,Missing/Partial,,wikipedia,2.0,2026-07-02
BOLLY_2025_1604_sangee,Sangee,Sangee,2025,January,1,,Comedy,,Comedy,No,,Sumit Kulkarni,Sharib Hashmi,Gaurav More,Sharib Hashmi,,"Yantrana Films, Armoks Films",,,,,,,,,,,,,,,,,,,,,,,,,Missing/Partial,,wikipedia,2.0,2026-07-02
BOLLY_2025_1605_hisaab_barabar,Hisaab Barabar,Hisaab Barabar,2025,January,1,,Thriller,,Thriller,No,,Ashwni Dhir,R. Madhavan,Neil Nitin Mukesh,R. Madhavan,,"Jio Studios, ZEE5",,D,,,,,,,,,,,,,,,,,,,,,,,Missing/Partial,,wikipedia,2.0,2026-07-02
BOLLY_2025_1606_sky_force,Sky Force,Sky Force,2025,January,1,,Action,,Action,No,,Sandeep KewlaniAbhishek Anil Kapur,Akshay Kumar,Sara Ali Khan,Akshay Kumar,,"Jio Studios, Maddock Films",6.3805,C,,,160,,168.88,,,,,,,,,,,,,,,,,hitFlop=2,High,,wikipedia,2.0,2026-07-02
BOLLY_2025_1607_sweet_dreams,Sweet Dreams,Sweet Dreams,2025,January,1,,Drama,,Drama,No,,Victor Mukherjee,Amol Parashar,Mithila Palkar,Amol Parashar,,"Jio Studios, Disney+Hotstar",,,,,,,,,,,,,,,,,,,,,,,,,Missing/Partial,,wikipedia,2.0,2026-07-02
BOLLY_2025_1608_the_storyteller,The Storyteller,The Storyteller,2025,January,1,,Drama,,Drama,No,,Anant Mahadevan,Paresh Rawal,Adil Hussain,Paresh Rawal,,"Jio Studios, Disney+Hotstar",3.7967,D,1.8139,D,,,,,,,,,,,,,,,,,,,,,Missing/Partial,,wikipedia,2.0,2026-07-02
BOLLY_2025_1609_deva,Deva,Deva,2025,January,1,,Action,,Action,No,,Rosshan Andrrews,Shahid Kapoor,Pooja Hegde,Shahid Kapoor,,Zee Studios,5.7659,C,,,50,,51.73,,,,,,,,,,,,,,,,,hitFlop=2,High,,wikipedia,2.0,2026-07-02
BOLLY_2025_1610_loveyapa,Loveyapa,Loveyapa,2025,February,2,,Comedy,,Comedy,No,,Advait Chandan,Khushi Kapoor,Junaid Khan,Khushi Kapoor,,"Zee Studios, Phantom Studios, AGS Entertainment",,,,,60,,8.99,,,,,,,,,,,,,,,,,hitFlop=1,High,,wikipedia,2.0,2026-07-02
BOLLY_2025_1611_badass_ravi_kumar,Badass Ravi Kumar,Badass Ravi Kumar,2025,February,2,,Action,,Action,No,,Keith Gomes,Himesh Reshammiya,Prabhu Deva,Himesh Reshammiya,,Himesh Reshammiya Melodies,1.5575,D,,,,,9.66,,,,,,,,,,,,,,,,,,Low,,wikipedia,2.0,2026-07-02
BOLLY_2025_1612_mrs,Mrs.,Mrs.,2025,February,2,,Drama,,Drama,No,,Aarti Kadav,Sanya Malhotra,Kanwaljit Singh,Sanya Malhotra,,"Jio Studios, Baweja Studios, ZEE5",,D,,,,,,,,,,,,,,,,,,,,,,,Missing/Partial,,wikipedia,2.0,2026-07-02
BOLLY_2025_1613_the_mehta_boys,The Mehta Boys,The Mehta Boys,2025,February,2,,Drama,,Drama,No,,Boman Irani,Avinash Tiwary,,Avinash Tiwary,,Amazon Prime Video,,,,,,,,,,,,,,,,,,,,,,,,,Missing/Partial,,wikipedia,2.0,2026-07-02
BOLLY_2025_1614_bobby_aur_rishi_ki_love_story,Bobby Aur Rishi Ki Love Story,Bobby Aur Rishi Ki Love Story,2025,February,2,,Comedy,,Comedy,No,,Kunal Kohli,Vardhan Puri,,Vardhan Puri,,"Jio Studios, Disney+Hotstar",,,4.0747,D,,,,,,,,,,,,,,,,,,,,,Missing/Partial,,wikipedia,2.0,2026-07-02
BOLLY_2025_1615_chhaava,Chhaava,Chhaava,2025,February,2,,Action,,Action,No,,Laxman Utekar,Vicky Kaushal,Rashmika Mandanna,Vicky Kaushal,,Maddock Films,,D,,,90,,797.34,,,,,,,,,,,,,,,,,hitFlop=5,High,,wikipedia,2.0,2026-07-02
BOLLY_2025_1616_dhoom_dhaam,Dhoom Dhaam,Dhoom Dhaam,2025,February,2,,Drama,,Drama,No,,Rishab Seth,Pratik Gandhi,Yami Gautam,Pratik Gandhi,,"Jio Studios, B62 Studios, Netflix",,D,,,,,,,,,,,,,,,,,,,,,,,Missing/Partial,,wikipedia,2.0,2026-07-02
BOLLY_2025_1617_mere_husband_ki_biwi,Mere Husband Ki Biwi,Mere Husband Ki Biwi,2025,February,2,,Comedy,,Comedy,No,,Mudassar Aziz,Arjun Kapoor,Rakul Preet Singh,Arjun Kapoor,,Pooja Entertainment,6.5059,C,,,,,12.73,,,,,,,,,,,,,,,,,,Low,,wikipedia,2.0,2026-07-02
BOLLY_2025_1618_kaushaljis_vs_kaushal,Kaushaljis vs Kaushal,Kaushaljis vs Kaushal,2025,February,2,,Comedy,,Comedy,No,,Seemaa Desai,Ashutosh Rana,Sheeba Chadha,Ashutosh Rana,,"Jio Studios, JioHotstar",2.1792,D,,,,,,,,,,,,,,,,,,,,,,,Missing/Partial,,wikipedia,2.0,2026-07-02
BOLLY_2025_1619_crazxy,Crazxy,Crazxy,2025,February,2,,Thriller,,Thriller,No,,Girish Kohli,Sohum Shah,,Sohum Shah,,Sohum Shah Films,,,,,4.4,,11.09,,,,,,,,,,,,,,,,,hitFlop=4,High,,wikipedia,2.0,2026-07-02
BOLLY_2025_1620_superboys_of_malegaon,Superboys of Malegaon,Superboys of Malegaon,2025,February,2,,Drama,,Drama,No,,Reema Kagti,Adarsh Gourav,Vineet Kumar Singh,Adarsh Gourav,,"Amazon MGM Studios, Excel Entertainment, Tiger Baby Films",,B,,,,,5.35,,,,,,,,,,,,,,,,,,Low,,wikipedia,2.0,2026-07-02
BOLLY_2025_1621_dil_dosti_aur_dogs,Dil Dosti Aur Dogs,Dil Dosti Aur Dogs,2025,February,2,,Comedy,,Comedy,No,,Viral Shah,Neena Gupta,Masumeh Makhija,Neena Gupta,,"Jio Studios, JioHotstar",,D,,,,,,,,,,,,,,,,,,,,,,,Missing/Partial,,wikipedia,2.0,2026-07-02
BOLLY_2025_1622_nadaaniyan,Nadaaniyan,Nadaaniyan,2025,March,3,,Comedy,,Comedy,No,,Shauna Gautam,Ibrahim Ali Khan,Khushi Kapoor,Ibrahim Ali Khan,,"Dharmatic Entertainment, Netflix",,,,,,,,,,,,,,,,,,,,,,,,,Missing/Partial,,wikipedia,2.0,2026-07-02
BOLLY_2025_1623_the_diplomat,The Diplomat,The Diplomat,2025,March,3,,Drama,,Drama,No,,Shivam Nair,John Abraham,Sadia Khateeb,John Abraham,,T-Series Films,7.1193,D,,,20,,53.14,,,,,,,,,,,,,,,,,hitFlop=4,High,,wikipedia,2.0,2026-07-02
BOLLY_2025_1624_my_melbourne,My Melbourne,My Melbourne,2025,March,3,,Drama,,Drama,No,,Kabir Khan | Rima Das | Onir | Imtiaz Ali,Kat Stewart,Jake Ryan,Kat Stewart,,"Screen Australia, VicScreen",,,6.8237,C,,,,,,,,,,,,,,,,,,,,,Missing/Partial,,wikipedia,2.0,2026-07-02
BOLLY_2025_1625_be_happy,Be Happy,Be Happy,2025,March,3,,Drama,,Drama,No,,Remo D'Souza,Abhishek Bachchan,Nora Fatehi,Abhishek Bachchan,,Amazon Prime Video,5.2079,D,,,,,,,,,,,,,,,,,,,,,,,Missing/Partial,,wikipedia,2.0,2026-07-02
BOLLY_2025_1626_inn_galiyon_mein,Inn Galiyon Mein,Inn Galiyon Mein,2025,March,3,,Comedy,,Comedy,No,,Avinash Das,Vivaan Shah,Javed Jaffrey,Vivaan Shah,,Yadunath Films,,B,,,,,,,,,,,,,,,,,,,,,,,Missing/Partial,,wikipedia,2.0,2026-07-02
BOLLY_2025_1627_aachari_baa,Aachari Baa,Aachari Baa,2025,March,3,,Drama,,Drama,No,,Hardik Gajjar,Neena Gupta,Vatsal Sheth,Neena Gupta,,Jio Studios,,D,,,,,,,,,,,,,,,,,,,,,,,Missing/Partial,,wikipedia,2.0,2026-07-02
BOLLY_2025_1628_baida,Baida,Baida,2025,March,3,,Drama,,Drama,No,,Puneet Sharma,Sudhanshu Rai,,Sudhanshu Rai,,MNM Entertainment,,,,,,,,,,,,,,,,,,,,,,,,,Missing/Partial,,wikipedia,2.0,2026-07-02
BOLLY_2025_1629_tumko_meri_kasam,Tumko Meri Kasam,Tumko Meri Kasam,2025,March,3,,Drama,,Drama,No,,Vikram Bhatt,Anupam Kher,Ishwak Singh,Anupam Kher,,Indira Entertainment,3.4477,D,2.9028,D,,,,,,,,,,,,,,,,,,,,,Missing/Partial,,wikipedia,2.0,2026-07-02
BOLLY_2025_1630_pintu_ki_pappi,Pintu Ki Pappi,Pintu Ki Pappi,2025,March,3,,Comedy,,Comedy,No,,Shiv Hare,Ganesh Acharya,Murali Sharma,Ganesh Acharya,,Mythri Movie Makers,,D,,,,,,,,,,,,,,,,,,,,,,,Missing/Partial,,wikipedia,2.0,2026-07-02
BOLLY_2025_1631_sikandar,Sikandar,Sikandar,2025,March,3,,Action,,Action,No,,AR Murugadoss,Salman Khan,Kajal Aggarwal,Salman Khan,,"Nadiadwala Grandson Entertainment, Salman Khan Films",9.2082,D,,,200,,184.89,,,,,,,,,,,,,,,,,hitFlop=1,High,,wikipedia,2.0,2026-07-02
BOLLY_2025_1632_jaat,Jaat,Jaat,2025,April,4,,Action,,Action,No,,Gopichand Malineni,Sunny Deol,Randeep Hooda,Sunny Deol,,Mythri Movie Makers,3.3809,D,,,100,,119.24,,,,,,,,,,,,,,,,,hitFlop=2,High,,wikipedia,2.0,2026-07-02
BOLLY_2025_1633_chhorii_2,Chhorii 2,Chhorii 2,2025,April,4,,Thriller,,Thriller,No,,Vishal Furia,Nushrratt Bharuccha,Soha Ali Khan,Nushrratt Bharuccha,,"T-Series Films, Amazon Prime Video",,D,,,,,,,,,,,,,,,,,,,,,,,Missing/Partial,,wikipedia,2.0,2026-07-02
BOLLY_2025_1634_kesari_chapter_2,Kesari Chapter 2,Kesari Chapter 2,2025,April,4,,Drama,,Drama,Yes,,Karan Singh Tyagi,Akshay Kumar,R. Madhavan,Akshay Kumar,,"Dharma Productions, Cape Of Good Films",6.3805,C,,,150,,142,,,,,,,,,,,,,,,,,hitFlop=1,High,,wikipedia,2.0,2026-07-02
BOLLY_2025_1635_logout,Logout,Logout,2025,April,4,,Drama,,Drama,No,,Amit Golani,Babil Khan,Rasika Dugal,Babil Khan,,"Viacom18 Studios, ZEE5",,D,,,,,,,,,,,,,,,,,,,,,,,Missing/Partial,,wikipedia,2.0,2026-07-02
BOLLY_2025_1636_the_secret_of_devkaali,The Secret of Devkaali,The Secret of Devkaali,2025,April,4,,Drama,,Drama,No,,Niraj Chauhan,Mahesh Manjrekar,,Mahesh Manjrekar,,Chauhan Production,,D,,,,,,,,,,,,,,,,,,,,,,,Missing/Partial,,wikipedia,2.0,2026-07-02
BOLLY_2025_1637_ground_zero,Ground Zero,Ground Zero,2025,April,4,,Action,,Action,No,,Tejas Prabha Vijay Deoskar,Emraan Hashmi,Sai Tamhankar,Emraan Hashmi,,Excel Entertainment,4.721,D,,,,,9.25,,,,,,,,,,,,,,,,,,Low,,wikipedia,2.0,2026-07-02
BOLLY_2025_1638_jewel_thief,Jewel Thief,Jewel Thief,2025,April,4,,Action,,Action,No,,Kookie GulatiRobbie Garewal,Saif Ali Khan,Jaideep Ahlawat,Saif Ali Khan,,Netflix,5.7211,A,,,,,,,,,,,,,,,,,,,,,,,Missing/Partial,,wikipedia,2.0,2026-07-02
BOLLY_2025_1639_phule,Phule,Phule,2025,April,4,,Drama,,Drama,No,,Anant Mahadevan,Pratik Gandhi,Patralekha,Pratik Gandhi,,Zee Studios,,D,1.8139,D,30,,6.21,,,,,,,,,,,,,,,,,hitFlop=1,High,,wikipedia,2.0,2026-07-02
BOLLY_2025_1640_raid_2,Raid 2,Raid 2,2025,May,5,,Drama,,Drama,No,,Raj Kumar Gupta,Ajay Devgn,Riteish Deshmukh,Ajay Devgn,,"T-Series Films, Panorama Studios",6.8713,C,4.6076,D,120,,243.06,,,,,,,,,,,,,,,,,hitFlop=4,High,,wikipedia,2.0,2026-07-02
BOLLY_2025_1641_the_bhootnii,The Bhootnii,The Bhootnii,2025,May,5,,Comedy,,Comedy,No,,Sidhaant Sachdev,Sanjay Dutt,Mouni Roy,Sanjay Dutt,,"Soham Rockstar Entertainment, Three Dimension Motion Pictures",5.0026,C,,,,,,,,,,,,,,,,,,,,,,,Missing/Partial,,wikipedia,2.0,2026-07-02
BOLLY_2025_1642_costao,Costao,Costao,2025,May,5,,Comedy,,Comedy,No,,Sejal Shah,Nawazuddin Siddiqui,Priya Bapat,Nawazuddin Siddiqui,,ZEE5,3.7877,D,,,,,,,,,,,,,,,,,,,,,,,Missing/Partial,,wikipedia,2.0,2026-07-02
BOLLY_2025_1643_the_networker,The Networker,The Networker,2025,May,5,,Comedy,,Comedy,No,,Vikas Kumar Vishwakarma,Vikram Kochhar,Durgesh Kumar,Vikram Kochhar,,"Gutargoo Entertainment, Navritu Films",,,,,,,,,,,,,,,,,,,,,,,,,Missing/Partial,,wikipedia,2.0,2026-07-02
BOLLY_2025_1644_romeo_s3,Romeo S3,Romeo S3,2025,May,5,,Action,,Action,No,,Guddu Dhanoa,Thakur Anoop Singh,,Thakur Anoop Singh,,Pen Studios,,,1.2825,D,,,,,,,,,,,,,,,,,,,,,Missing/Partial,,wikipedia,2.0,2026-07-02
BOLLY_2025_1645_bhool_chuk_maaf,Bhool Chuk Maaf,Bhool Chuk Maaf,2025,May,5,,Comedy,,Comedy,No,,Karan Sharma,Rajkummar Rao,Wamiqa Gabbi,Rajkummar Rao,,"Amazon MGM Studios, Maddock Films",3.9271,D,,,50,,90.78,,,,,,,,,,,,,,,,,hitFlop=3,High,,wikipedia,2.0,2026-07-02
BOLLY_2025_1646_kapkapiii,Kapkapiii,Kapkapiii,2025,May,5,,Horror,,Horror,No,,Sangeeth Sivan,Tusshar Kapoor,Shreyas Talpade,Tusshar Kapoor,,Zee Studios,3.8353,D,2.7482,D,,,,,,,,,,,,,,,,,,,,,Missing/Partial,,wikipedia,2.0,2026-07-02
BOLLY_2025_1647_pune_highway,Pune Highway,Pune Highway,2025,May,5,,Drama,,Drama,No,,Rahul da CunhaBugs Bhargava Krishna,Jim Sarbh,Amit Sadh,Jim Sarbh,,"Drop D Films, Ten Years Younger Productions",,D,,,,,,,,,,,,,,,,,,,,,,,Missing/Partial,,wikipedia,2.0,2026-07-02
BOLLY_2025_1648_kesari_veer,Kesari Veer,Kesari Veer,2025,May,5,,Action,,Action,No,,Prince Dhiman,Suniel Shetty,Vivek Oberoi,Suniel Shetty,,Chauhan Studios,,D,,,60,,,,,,,,,,,,,,,,,,,,Low,,wikipedia,2.0,2026-07-02
BOLLY_2025_1649_chidiya,Chidiya,Chidiya,2025,May,5,,Drama,,Drama,No,,Mehran Amrohi,Vinay Pathak,Amruta Subhash,Vinay Pathak,,"Smiley Films, Key Media Works",3.1247,D,,,,,,,,,,,,,,,,,,,,,,,Missing/Partial,,wikipedia,2.0,2026-07-02
BOLLY_2025_1650_interrogation,Interrogation,Interrogation,2025,May,5,,Thriller,,Thriller,No,,Ajoy Varma Raja,Rajpal Yadav,Darshan Jariwala,Rajpal Yadav,,ZEE5,2.3783,D,,,,,,,,,,,,,,,,,,,,,,,Missing/Partial,,wikipedia,2.0,2026-07-02
BOLLY_2025_1651_stolen,Stolen,Stolen,2025,June,6,,Drama,,Drama,No,,Karan Tejpal,Abhishek Banerjee,Harish Khanna,Abhishek Banerjee,,Amazon Prime Video,,,,,,,,,,,,,,,,,,,,,,,,,Missing/Partial,,wikipedia,2.0,2026-07-02
BOLLY_2025_1652_housefull_5,Housefull 5,Housefull 5,2025,June,6,,Comedy,,Comedy,No,,Tarun Mansukhani,Akshay Kumar,Riteish Deshmukh,Akshay Kumar,,Nadiadwala Grandson Entertainment,6.3805,C,,,225,,242.8,,,,,,,,,,,,,,,,,hitFlop=2,High,,wikipedia,2.0,2026-07-02
BOLLY_2025_1653_sitaare_zameen_par,Sitaare Zameen Par,Sitaare Zameen Par,2025,June,6,,Comedy,,Comedy,No,,R. S. Prasanna,Aamir Khan,Genelia Deshmukh,Aamir Khan,,Aamir Khan Productions,10,A,,,122,,266.49,,,,,,,,,,,,,,,,,hitFlop=4,High,,wikipedia,2.0,2026-07-02
BOLLY_2025_1654_detective_sherdil,Detective Sherdil,Detective Sherdil,2025,June,6,,Thriller,,Thriller,No,,Ravi Chhabriya,Diljit Dosanjh,Diana Penty,Diljit Dosanjh,,ZEE5,,C,,,,,,,,,,,,,,,,,,,,,,,Missing/Partial,,wikipedia,2.0,2026-07-02
BOLLY_2025_1655_maa,Maa,Maa,2025,June,6,,Horror,,Horror,No,,Vishal Furia,Kajol,Ronit Roy,Kajol,,"Jio Studios, Devgn Films, Panorama Studios",7.2516,B,,,65,,51.64,,,,,,,,,,,,,,,,,hitFlop=1,High,,wikipedia,2.0,2026-07-02
BOLLY_2025_1656_well_done_ca_sahab,Well Done CA Sahab!,Well Done CA Sahab!,2025,June,6,,Drama,,Drama,No,,Sarvesh Kumar Singh,Gopal Datt,,Gopal Datt,,Figures and Frames,,,,,,,,,,,,,,,,,,,,,,,,,Missing/Partial,,wikipedia,2.0,2026-07-02
BOLLY_2025_1657_metro_in_dino,Metro... In Dino,Metro... In Dino,2025,July,7,,Romance,,Romance,No,,Anurag Basu,Aditya Roy Kapur,Sara Ali Khan,Aditya Roy Kapur,,T-Series Films,,C,5.1314,C,47,,79,,,,,,,,,,,,,,,,,hitFlop=3,High,,wikipedia,2.0,2026-07-02
BOLLY_2025_1658_kaalidhar_laapata,Kaalidhar Laapata,Kaalidhar Laapata,2025,August,8,,Drama,,Drama,No,,Madhumita,Abhishek Bachchan,Mohammed Zeeshan Ayyub,Abhishek Bachchan,,"Zee Studios, Emmay Entertainment, ZEE5",5.2079,D,,,,,,,,,,,,,,,,,,,,,,,Missing/Partial,,wikipedia,2.0,2026-07-02
BOLLY_2025_1659_maalik,Maalik,Maalik,2025,July,7,,Action,,Action,No,,Pulkit,Rajkummar Rao,Manushi Chhillar,Rajkummar Rao,,Tips Industries,3.9271,D,,,,,26.3,,,,,,,,,,,,,,,,,,Low,,wikipedia,2.0,2026-07-02
BOLLY_2025_1660_aankhon_ki_gustaakhiyan,Aankhon Ki Gustaakhiyan,Aankhon Ki Gustaakhiyan,2025,July,7,,Drama,,Drama,No,,Santosh Singh,Vikrant Massey,,Vikrant Massey,,Zee Studios,,A,,,,,2.35,,,,,,,,,,,,,,,,,,Low,,wikipedia,2.0,2026-07-02
BOLLY_2025_1661_aap_jaisa_koi,Aap Jaisa Koi,Aap Jaisa Koi,2025,July,7,,Drama,,Drama,No,,Vivek Soni,R. Madhavan,Fatima Sana Shaikh,R. Madhavan,,"Dharmatic Entertainment, Netflix",,,,,,,,,,,,,,,,,,,,,,,,,Missing/Partial,,wikipedia,2.0,2026-07-02
BOLLY_2025_1662_saiyaara,Saiyaara,Saiyaara,2025,July,7,,Drama,,Drama,No,,Mohit Suri,Aneet Padda,,Aneet Padda,,Yash Raj Films,,,4.931,D,45,,579,,,,,,,,,,,,,,,,,hitFlop=5,High,,wikipedia,2.0,2026-07-02
BOLLY_2025_1663_tanvi_the_great,Tanvi the Great,Tanvi the Great,2025,July,7,,Drama,,Drama,No,,Anupam Kher,Iain Glen,Boman Irani,Iain Glen,,"Excel Entertainment, NFDC",,D,,,,,,,,,,,,,,,,,,,,,,,Missing/Partial,,wikipedia,2.0,2026-07-02
BOLLY_2025_1664_nikita_roy,Nikita Roy,Nikita Roy,2025,July,7,,Thriller,,Thriller,No,,Kussh Sinha,Sonakshi Sinha,Arjun Rampal,Sonakshi Sinha,,"Nicky Vicky Bhagnani Films, Kratos Entertainment, Nikita Pai Films",6.9519,A,,,,,,,,,,,,,,,,,,,,,,,Missing/Partial,,wikipedia,2.0,2026-07-02
BOLLY_2025_1665_murderbaad,Murderbaad,Murderbaad,2025,July,7,,Romance,,Romance,No,,Arnab Chatterjee,Nakul Roshan Sahdev,Kanikka Kapur,Nakul Roshan Sahdev,,Reliance Entertainment,,,,,,,,,,,,,,,,,,,,,,,,,Missing/Partial,,wikipedia,2.0,2026-07-02
BOLLY_2025_1666_sant_tukaram,Sant Tukaram,Sant Tukaram,2025,July,7,,Drama,,Drama,No,,Aditya Om,Subodh Bhave,Sheena Chohan,Subodh Bhave,,Curzon Films,,,,,,,,,,,,,,,,,,,,,,,,,Missing/Partial,,wikipedia,2.0,2026-07-02
BOLLY_2025_1667_mahavatar_narsimha,Mahavatar Narsimha,Mahavatar Narsimha,2025,July,7,,Action,,Action,No,,Ashwin Kumar,,,,,Hombale Films,,,,,20,,300,,,,,,,,,,,,,,,,,hitFlop=5,High,,wikipedia,2.0,2026-07-02
BOLLY_2025_1668_so_long_valley,So Long Valley,So Long Valley,2025,July,7,,Thriller,,Thriller,No,,Man Singh,Tridha Choudhury,Akanksha Puri,Tridha Choudhury,,Sourya Studios,,,,,,,,,,,,,,,,,,,,,,,,,Missing/Partial,,wikipedia,2.0,2026-07-02
BOLLY_2025_1669_sarzameen,Sarzameen,Sarzameen,2025,July,7,,Action,,Action,No,,Kayoze Irani,Prithviraj Sukumaran,Kajol,Prithviraj Sukumaran,,"Star Studios, Dharma Productions, JioHotstar",,D,,,,,,,,,,,,,,,,,,,,,,,Missing/Partial,,wikipedia,2.0,2026-07-02
BOLLY_2025_1670_rasa,Rasa,Rasa,2025,July,7,,Drama,,Drama,No,,Angith JayarajPreetish Jayaraj,Shishir Sharma,,Shishir Sharma,,"Purnam Films, Haroon Rashid Films, Vidya Entertainment",,,,,,,,,,,,,,,,,,,,,,,,,Missing/Partial,,wikipedia,2.0,2026-07-02
BOLLY_2025_1671_dhadak_2,Dhadak 2,Dhadak 2,2025,August,8,,Drama,,Drama,No,,Shazia Iqbal,Siddhant Chaturvedi,Triptii Dimri,Siddhant Chaturvedi,,"Zee Studios, Dharma Productions",,,,,,,29,,,,,,,,,,,,,,,,,,Low,,wikipedia,2.0,2026-07-02
BOLLY_2025_1672_son_of_sardaar_2,Son of Sardaar 2,Son of Sardaar 2,2025,August,8,,Comedy,,Comedy,No,,Vijay Kumar Arora,Ajay Devgn,Mrunal Thakur,Ajay Devgn,,"Jio Studios, Devgn Films",6.8713,C,,,150,,60.9,,,,,,,,,,,,,,,,,hitFlop=1,High,,wikipedia,2.0,2026-07-02
BOLLY_2025_1673_andaaz_2,Andaaz 2,Andaaz 2,2025,August,8,,Drama,,Drama,No,,Suneel Darshan,,,,,Shree Krishna International,,,1.706,D,,,,,,,,,,,,,,,,,,,,,Missing/Partial,,wikipedia,2.0,2026-07-02
BOLLY_2025_1674_udaipur_files,Udaipur Files,Udaipur Files,2025,August,8,,Drama,,Drama,No,,Bharat Shrinat,Vijay Raaz,Rajneesh Duggal,Vijay Raaz,,Jani Firefox Films,1.7737,D,,,,,0.63,,,,,,,,,,,,,,,,,,Low,,wikipedia,2.0,2026-07-02
BOLLY_2025_1675_ghich_pich,Ghich Pich,Ghich Pich,2025,August,8,,Comedy,,Comedy,No,,Ankur Singla,Nitesh Pandey,Satyajit Sharma,Nitesh Pandey,,"Barsaati Films, Platoon One Films",,,,,,,,,,,,,,,,,,,,,,,,,Missing/Partial,,wikipedia,2.0,2026-07-02
BOLLY_2025_1676_war_2,War 2,War 2,2025,August,8,,Action,,Action,No,,Ayan Mukerji,Hrithik Roshan,N. T. Rama Rao Jr.,Hrithik Roshan,,Yash Raj Films,8.2519,D,,,300,,303,,,,,,,,,,,,,,,,,hitFlop=2,High,,wikipedia,2.0,2026-07-02
BOLLY_2025_1677_tehran,Tehran,Tehran,2025,August,8,,Action,,Action,No,,Arun Gopalan,John Abraham,Neeru Bajwa,John Abraham,,"Maddock Films, ZEE5",7.1193,D,,,,,,,,,,,,,,,,,,,,,,,Missing/Partial,,wikipedia,2.0,2026-07-02
BOLLY_2025_1678_param_sundari,Param Sundari,Param Sundari,2025,August,8,,Comedy,,Comedy,No,,Tushar Jalota,Sidharth Malhotra,Janhvi Kapoor,Sidharth Malhotra,,Maddock Films,,C,,,60,,85.83,,,,,,,,,,,,,,,,,hitFlop=2,High,,wikipedia,2.0,2026-07-02
BOLLY_2025_1679_songs_of_paradise,Songs of Paradise,Songs of Paradise,2025,August,8,,Drama,,Drama,No,,Danish Renzu,Soni Razdan,Saba Azad,Soni Razdan,,"Excel Entertainment, Amazon Prime Video",,,,,,,,,,,,,,,,,,,,,,,,,Missing/Partial,,wikipedia,2.0,2026-07-02
BOLLY_2025_1680_baaghi_4,Baaghi 4,Baaghi 4,2025,September,9,,Action,,Action,No,,A. Harsha,Tiger Shroff,Sanjay Dutt,Tiger Shroff,,Nadiadwala Grandson Entertainment,,B,,,80,,67,,,,,,,,,,,,,,,,,hitFlop=1,High,,wikipedia,2.0,2026-07-02
BOLLY_2025_1681_the_bengal_files,The Bengal Files,The Bengal Files,2025,September,9,,Drama,,Drama,No,,Vivek Agnihotri,Mithun Chakraborty,Anupam Kher,Mithun Chakraborty,,"Abhishek  Agarwal Arts, I Am Buddha",2.4335,D,,,50,,16.19,,,,,,,,,,,,,,,,,hitFlop=1,High,,wikipedia,2.0,2026-07-02
BOLLY_2025_1682_inspector_zende,Inspector Zende,Inspector Zende,2025,September,9,,Drama,,Drama,No,,Chinmay Mandlekar,Manoj Bajpayee,Jim Sarbh,Manoj Bajpayee,,Netflix,2.1847,D,,,,,,,,,,,,,,,,,,,,,,,Missing/Partial,,wikipedia,2.0,2026-07-02
BOLLY_2025_1683_ufff_yeh_siyapaa,Ufff Yeh Siyapaa,Ufff Yeh Siyapaa,2025,September,9,,Comedy,,Comedy,No,,G. Ashok,Soham Shah,Nushrratt Bharuccha,Soham Shah,,Luv Films,,,,,,,,,,,,,,,,,,,,,,,,,Missing/Partial,,wikipedia,2.0,2026-07-02
BOLLY_2025_1684_humans_in_the_loop,Humans in the Loop,Humans in the Loop,2025,September,9,,Drama,,Drama,No,,Aranya Sahay,Sonal Madhushankar,,Sonal Madhushankar,,"Storiculture, Museum of Imagined Futures, SAUV Films",,,,,,,,,,,,,,,,,,,,,,,,,Missing/Partial,,wikipedia,2.0,2026-07-02
BOLLY_2025_1685_heer_express,Heer Express,Heer Express,2025,September,9,,Comedy,,Comedy,No,,Umesh Shukla,Ashutosh Rana,Sanjay Mishra,Ashutosh Rana,,"Tulip Entertainment, Divisa Entertainment, Merry Go Round Studios",2.1792,D,,,,,9.42,,,,,,,,,,,,,,,,,,Low,,wikipedia,2.0,2026-07-02
BOLLY_2025_1686_love_in_vietnam,Love in Vietnam,Love in Vietnam,2025,January,1,,Drama,,Drama,No,,Rahat Shah Kazmi,Shantanu Maheshwari,Avneet Kaur,Shantanu Maheshwari,,Zee Studios,,,,,,,,,,,,,,,,,,,,,,,,,Missing/Partial,,wikipedia,2.0,2026-07-02
BOLLY_2025_1687_ek_chatur_naar,Ek Chatur Naar,Ek Chatur Naar,2025,September,9,,Comedy,,Comedy,No,,Umesh Shukla,Divya Khosla Kumar,Neil Nitin Mukesh,Divya Khosla Kumar,,T-Series Films,,B,,,,,3.2,,,,,,,,,,,,,,,,,,Low,,wikipedia,2.0,2026-07-02
BOLLY_2025_1688_aabeer_gulaal,Aabeer Gulaal,Aabeer Gulaal,2025,September,9,,Comedy,,Comedy,No,,Aarti S. Bagdi,Fawad Khan,Vaani Kapoor,Fawad Khan,,"A Richer Lens Entertainment, Aarjay Pictures",,C,,,,,,,,,,,,,,,,,,,,,,,Missing/Partial,,wikipedia,2.0,2026-07-02
BOLLY_2025_1689_mannu_kya_karegga,Mannu Kya Karegga,Mannu Kya Karegga,2025,September,9,,Comedy,,Comedy,No,,Ssanjay Tripaathy,Vinay Pathak,Kumud Mishra,Vinay Pathak,,Curious Eyes Cinema,3.1247,D,,,,,,,,,,,,,,,,,,,,,,,Missing/Partial,,wikipedia,2.0,2026-07-02
BOLLY_2025_1690_jolly_llb_3,Jolly LLB 3,Jolly LLB 3,2025,September,9,,Comedy,,Comedy,No,,Subhash Kapoor,Akshay Kumar,Arshad Warsi,Akshay Kumar,,Star Studio18,6.3805,C,,,120,,166.06,,,,,,,,,,,,,,,,,hitFlop=2,High,,wikipedia,2.0,2026-07-02
BOLLY_2025_1691_nishaanchi,Nishaanchi,Nishaanchi,2025,September,9,,Drama,,Drama,No,,Anurag Kashyap,Vedika Pinto,Mohammed Zeeshan Ayyub,Vedika Pinto,,"Amazon MGM Studios, JAR Pictures",,D,3.0408,D,,,1,,,,,,,,,,,,,,,,,,Low,,wikipedia,2.0,2026-07-02
BOLLY_2025_1692_homebound,Homebound,Homebound,2025,May,5,,Drama,,Drama,No,,Neeraj Ghaywan,Ishaan Khatter,Vishal Jethwa,Ishaan Khatter,,Dharma Productions,,,,,,,3,,,,,,,,,,,,,,,,,,Low,,wikipedia,2.0,2026-07-02
BOLLY_2025_1693_tu_meri_poori_kahani,Tu Meri Poori Kahani,Tu Meri Poori Kahani,2025,September,9,,Drama,,Drama,No,,Suhrita Das,,,,,Indira Entertainment,,,,,,,,,,,,,,,,,,,,,,,,,Missing/Partial,,wikipedia,2.0,2026-07-02
BOLLY_2025_1694_sunny_sanskari_ki_tulsi_kumari,Sunny Sanskari Ki Tulsi Kumari,Sunny Sanskari Ki Tulsi Kumari,2025,October,10,,Comedy,,Comedy,No,,Shashank Khaitan,Varun Dhawan,Janhvi Kapoor,Varun Dhawan,,Dharma Productions,4.74,D,,,80,,99.39,,,,,,,,,,,,,,,,,hitFlop=2,High,,wikipedia,2.0,2026-07-02
BOLLY_2025_1695_lord_curzon_ki_haveli,Lord Curzon Ki Haveli,Lord Curzon Ki Haveli,2025,August,8,,Comedy,,Comedy,No,,Anshuman Jha,Arjun Mathur,Rasika Dugal,Arjun Mathur,,"Golden Ratio Films, First Ray Films, Jetty Productions",,D,,,,,,,,,,,,,,,,,,,,,,,Missing/Partial,,wikipedia,2.0,2026-07-02
BOLLY_2025_1696_controll,Controll,Controll,2025,October,10,,Thriller,,Thriller,No,,Safdar Abbas,Thakur Anoop Singh,Rohit Roy,Thakur Anoop Singh,,Pen Studios,,,,,,,,,,,,,,,,,,,,,,,,,Missing/Partial,,wikipedia,2.0,2026-07-02
BOLLY_2025_1697_greater_kalesh,Greater Kalesh,Greater Kalesh,2025,October,10,,Comedy,,Comedy,No,,Aditya Chandiok,Ahsaas Channa,Supriya Shukla,Ahsaas Channa,,Netflix,,D,,,,,,,,,,,,,,,,,,,,,,,Missing/Partial,,wikipedia,2.0,2026-07-02
BOLLY_2025_1698_thamma,Thamma,Thamma,2025,October,10,,Comedy,,Comedy,No,,Aditya Sarpotdar,Ayushmann Khurrana,Rashmika Mandanna,Ayushmann Khurrana,,Maddock Films,,D,,,145,,169.75,,,,,,,,,,,,,,,,,hitFlop=2,High,,wikipedia,2.0,2026-07-02
BOLLY_2025_1699_ek_deewane_ki_deewaniyat,Ek Deewane Ki Deewaniyat,Ek Deewane Ki Deewaniyat,2025,October,10,,Drama,,Drama,No,,Milap Zaveri,Harshvardhan Rane,Sonam Bajwa,Harshvardhan Rane,,"Desi Movies Factory, Play DMF",,,,,25,,112.03,,,,,,,,,,,,,,,,,hitFlop=5,High,,wikipedia,2.0,2026-07-02
BOLLY_2025_1700_the_taj_story,The Taj Story,The Taj Story,2025,October,10,,Drama,,Drama,No,,Tushar Amrish Goel,Paresh Rawal,Zakir Hussain,Paresh Rawal,,Swarnim Global Services,3.7967,D,,,,,,,,,,,,,,,,,,,,,,,Missing/Partial,,wikipedia,2.0,2026-07-02
BOLLY_2025_1701_single_salma,Single Salma,Single Salma,2025,October,10,,Drama,,Drama,No,,Nachiket Samant,Huma Qureshi,Sunny Singh,Huma Qureshi,,Star Studio18,,D,,,,,,,,,,,,,,,,,,,,,,,Missing/Partial,,wikipedia,2.0,2026-07-02
BOLLY_2025_1702_haq,Haq,Haq,2025,November,11,,Drama,,Drama,No,,Suparn Verma,Emraan Hashmi,Yami Gautam,Emraan Hashmi,,"Junglee Pictures, Baweja Studios",4.721,D,1.4658,D,40,,28.68,,,,,,,,,,,,,,,,,hitFlop=1,High,,wikipedia,2.0,2026-07-02
BOLLY_2025_1703_jatadhara,Jatadhara,Jatadhara,2025,November,11,,Thriller,,Thriller,No,,Venkat KalyanAbhishek Jaiswal,Sudheer Babu,Sonakshi Sinha,Sudheer Babu,,Zee Studios,,A,,,,,,,,,,,,,,,,,,,,,,,Missing/Partial,,wikipedia,2.0,2026-07-02
BOLLY_2025_1704_jassi_weds_jassi,Jassi Weds Jassi,Jassi Weds Jassi,2025,November,11,,Comedy,,Comedy,No,,Paran Bawa,Ranvir Shorey,Sikandar Kher,Ranvir Shorey,,Divinity Studio,3.063,D,,,,,,,,,,,,,,,,,,,,,,,Missing/Partial,,wikipedia,2.0,2026-07-02
BOLLY_2025_1705_baramulla,Baramulla,Baramulla,2025,November,11,,Drama,,Drama,No,,Aditya Suhas Jambhale,Manav Kaul,Bhasha Sumbli,Manav Kaul,,"Jio Studios, B62 Studios, Netflix",,D,,,,,,,,,,,,,,,,,,,,,,,Missing/Partial,,wikipedia,2.0,2026-07-02
BOLLY_2025_1706_de_de_pyaar_de_2,De De Pyaar De 2,De De Pyaar De 2,2025,November,11,,Drama,,Drama,No,,Anshul Sharma,Ajay Devgn,R. Madhavan,Ajay Devgn,,"T-Series Films, Luv Films",6.8713,C,,,150,,104.67,,,,,,,,,,,,,,,,,hitFlop=1,High,,wikipedia,2.0,2026-07-02
BOLLY_2025_1707_agra,Agra,Agra,2025,May,5,,Drama,,Drama,No,,Kanu Behl,Priyanka Bose,Ruhani Sharma,Priyanka Bose,,"Saregama, UFO Moviez",,,,,,,,,,,,,,,,,,,,,,,,,Missing/Partial,,wikipedia,2.0,2026-07-02
BOLLY_2025_1708_2020_delhi,2020 Delhi,2020 Delhi,2025,November,11,,Drama,,Drama,No,,Devendra Malviya,Brijendra Kala,Samar Jai Singh,Brijendra Kala,,Midas Touch Films,,D,,,,,,,,,,,,,,,,,,,,,,,Missing/Partial,,wikipedia,2.0,2026-07-02
BOLLY_2025_1709_kaal_trighori,Kaal Trighori,Kaal Trighori,2025,November,11,,Thriller,,Thriller,No,,Nitin Vaidya,Arbaaz Khan,Rituparna Sengupta,Arbaaz Khan,,Pen Studios,2.5366,D,,,,,,,,,,,,,,,,,,,,,,,Missing/Partial,,wikipedia,2.0,2026-07-02
BOLLY_2025_1710_120_bahadur,120 Bahadur,120 Bahadur,2025,November,11,,Action,,Action,No,,Razneesh ‘Razy’ Ghai,Farhan Akhtar,Raashii Khanna,Farhan Akhtar,,Excel Entertainment,6.6258,D,,,80,,20,,,,,,,,,,,,,,,,,hitFlop=1,High,,wikipedia,2.0,2026-07-02
BOLLY_2025_1711_mastiii_4,Mastiii 4,Mastiii 4,2025,November,11,,Comedy,,Comedy,No,,Milap Zaveri,Riteish Deshmukh,Vivek Oberoi,Riteish Deshmukh,,Balaji Motion Pictures,,D,,,40,,15.14,,,,,,,,,,,,,,,,,hitFlop=1,High,,wikipedia,2.0,2026-07-02
BOLLY_2025_1712_tere_ishk_mein,Tere Ishk Mein,Tere Ishk Mein,2025,November,11,,Drama,,Drama,No,,Aanand L. Rai,Dhanush,Kriti Sanon,Dhanush,,"T-Series Films, Colour Yellow Productions",,B,,,85,,148.5,,,,,,,,,,,,,,,,,hitFlop=3,High,,wikipedia,2.0,2026-07-02
BOLLY_2025_1713_gustaakh_ishq,Gustaakh Ishq,Gustaakh Ishq,2025,November,11,,Drama,,Drama,No,,Vibhu Puri,Naseeruddin Shah,Fatima Sana Shaikh,Naseeruddin Shah,,Stage 5 Productions,3.7695,D,,,,,2.29,,,,,,,,,,,,,,,,,,Low,,wikipedia,2.0,2026-07-02
BOLLY_2025_1714_kaisi_ye_paheli,Kaisi Ye Paheli,Kaisi Ye Paheli,2025,November,11,,Drama,,Drama,No,,Ananyabrata Chakravorty,Rajit Kapoor,Chittaranjan Giri,Rajit Kapoor,,Take Pictures,1.5913,D,,,,,,,,,,,,,,,,,,,,,,,Missing/Partial,,wikipedia,2.0,2026-07-02
BOLLY_2025_1715_dhurandhar,Dhurandhar,Dhurandhar,2025,December,12,,Action,,Action,No,,Aditya Dhar,Ranveer Singh,Akshaye Khanna,Ranveer Singh,,"Jio Studios, B62 Studios",6.0024,C,,,250,,1350.83,,,,,,,,,,,,,,,,,hitFlop=5,High,,wikipedia,2.0,2026-07-02
BOLLY_2025_1716_kis_kisko_pyaar_karoon_2,Kis Kisko Pyaar Karoon 2,Kis Kisko Pyaar Karoon 2,2025,December,12,,Comedy,,Comedy,No,,Anukalp Goswami,Kapil Sharma,Manjot Singh,Kapil Sharma,,"Star Studio18, Venus Worldwide Entertainment",,D,,,35,,14.87,,,,,,,,,,,,,,,,,hitFlop=1,High,,wikipedia,2.0,2026-07-02
BOLLY_2025_1717_saali_mohabbat,Saali Mohabbat,Saali Mohabbat,2025,November,11,,Drama,,Drama,No,,Tisca Chopra,Radhika Apte,Divyenndu,Radhika Apte,,"Jio Studios, ZEE5",,D,,,,,,,,,,,,,,,,,,,,,,,Missing/Partial,,wikipedia,2.0,2026-07-02
BOLLY_2025_1718_the_great_shamsuddin_family,The Great Shamsuddin Family,The Great Shamsuddin Family,2025,December,12,,Drama,,Drama,No,,Anusha Rizvi,Kritika Kamra,Shreya Dhanwanthary,Kritika Kamra,,"Star Studio18, JioHotstar",,D,,,,,,,,,,,,,,,,,,,,,,,Missing/Partial,,wikipedia,2.0,2026-07-02
BOLLY_2025_1719_durlabh_prasad_ki_dusri_shadi,Durlabh Prasad Ki Dusri Shadi,Durlabh Prasad Ki Dusri Shadi,2025,December,12,,Drama,,Drama,No,,Siddhant Raj Singh,Sanjay Mishra,Mahima Chaudhry,Sanjay Mishra,,Eksha Entertainment,2.494,D,,,,,,,,,,,,,,,,,,,,,,,Missing/Partial,,wikipedia,2.0,2026-07-02
BOLLY_2025_1720_tu_meri_main_tera_main_tera_tu_meri,Tu Meri Main Tera Main Tera Tu Meri,Tu Meri Main Tera Main Tera Tu Meri,2025,December,12,,Comedy,,Comedy,No,,Sameer Vidwans,Kartik Aaryan,Ananya Panday,Kartik Aaryan,,Dharma Productions,,,,,90,,48.02,,,,,,,,,,,,,,,,,hitFlop=1,High,,wikipedia,2.0,2026-07-02
BOLLY_2001_1721_aamdani_atthanni_kharcha_rupaiya,Aamdani Atthanni Kharcha Rupaiya,Aamdani Atthanni Kharcha Rupaiya,2001,December,12,2001-12-21,Comedy,Drama,Comedy,No,,K. Raghavendra Rao | A.S. Ravindra Babu,Govinda,Juhi Chawla,Govinda | Juhi Chawla | Tabu | Chandrachur Singh,Anwar Khan (dialogue) | V. Shekhar (story),,4.7856,D,,,,,,,,,,,,tt0305173,4.8,,,,,,,,,hitFlop=3,Missing/Partial,,wikipedia,2.0,2026-07-02
BOLLY_2001_1722_aashiq,Aashiq,Aashiq,2001,January,1,2001-01-26,Action,Comedy,Action | Comedy | Drama,No,,Indra Kumar,Bobby Deol,Rahul Dev,Bobby Deol | Rahul Dev | Dinesh Hingoo | Vrajesh Hirjee,Rajeev Kaul,,2.4272,D,4.1206,D,,,,,,,,,,tt0273406,4.0,,,,,,,,,hitFlop=3,Missing/Partial,,wikipedia,2.0,2026-07-02
BOLLY_2001_1723_ajnabee,Ajnabee,Ajnabee,2001,September,9,2001-09-21,Crime,Mystery,Crime | Mystery | Thriller,No,,Abbas Alibhai Burmawalla | Mastan Alibhai Burmawalla,Akshay Kumar,Bobby Deol,Akshay Kumar | Bobby Deol | Kareena Kapoor | Bipasha Basu,Robin Bhatt (screenplay) | Sanjeev Duggal (screenplay) | Shyam Goel (dialogue) | Shyam Goel (screenplay) | Neeraj Vora (screenplay) | Neeraj Vora (story),,6.3805,C,3.6411,D,,,,,,,,,,tt0278291,6.3,,,,,,,,,hitFlop=4,Missing/Partial,,wikipedia,2.0,2026-07-02
BOLLY_2001_1724_aks,Aks,Aks,2001,July,7,2001-07-13,Thriller,Mystery,Thriller | Mystery,No,,Rakeysh Omprakash Mehra,Amitabh Bachchan,Raveena Tandon,Amitabh Bachchan | Raveena Tandon | Manoj Bajpayee | Nandita Das,Renzil D'Silva (story) | Rakeysh Omprakash Mehra (screenplay) | Rakeysh Omprakash Mehra (story) | Kamlesh Pandey (dialogue) | Kamlesh Pandey (script),,7.0113,B,4.5105,D,,,,,,,,,,tt0289845,5.8,,,,,,,,,hitFlop=2,Missing/Partial,,wikipedia,2.0,2026-07-02
BOLLY_2001_1725_albela,Albela,Albela,2001,April,4,2001-04-20,Romance,,Romance,No,,Deepak Sareen,Govinda,Aishwarya Rai Bachchan,Govinda | Aishwarya Rai Bachchan | Jackie Shroff | Namrata Shirodkar,Honey Irani (screenplay) | Honey Irani (story) | Javed Siddiqui (dialogue),,4.7856,D,,,,,,,,,,,,tt0118578,3.7,,,,,,,,,hitFlop=2,Missing/Partial,,wikipedia,2.0,2026-07-02
BOLLY_2001_1726_arjun_devaa,Arjun Devaa,Arjun Devaa,2001,,,,Action,Crime,Action | Crime | Musical,No,,Imran Khan,Mithun Chakraborty,Puru Rajkumar,Mithun Chakraborty | Puru Rajkumar | Rutika Singh | Gajendra Chouhan,Miraq Mirza | Rekha Mistry (lyrics) | Asad Ajmeri (lyrics) | Rafiq Rajasthani (lyrics),,2.4335,D,,,,,,,,,,,,tt0926187,,,,,,,,,,hitFlop=1,Missing/Partial,,wikipedia,2.0,2026-07-02
BOLLY_2001_1727_avgat,Avgat,Avgat,2001,June,6,2001-06-01,Action,Crime,Action | Crime | Drama,No,,Mohan Sharma,Ajinkya Deo,Nethra Raghuraman,Ajinkya Deo | Nethra Raghuraman | Sayaji Shinde | Rohini Hattangadi,,,,,,,,,,,,,,,,tt0346548,,,,,,,,,,hitFlop=1,Missing/Partial,,wikipedia,2.0,2026-07-02
BOLLY_2001_1728_bas_itna_sa_khwaab_hai,Bas Itna Sa Khwaab Hai...,Bas Itna Sa Khwaab Hai...,2001,July,7,2001-07-06,Romance,,Romance,No,,Goldie Behl,Rani Mukerji,Abhishek Bachchan,Rani Mukerji | Abhishek Bachchan | Sushmita Sen | Jackie Shroff,Mona Alvi (lyrics) | Goldie Behl (screenplay) | Goldie Behl (story) | Shrishti Behl | Manu Chopra | Tigmanshu Dhulia (dialogue) | Nida Fazli (lyrics) | Dev Kohli (lyrics) | Shyam Raj (lyrics),,3.932,D,,,,,,,,,,,,tt0283911,6.7,,,,,,,,,hitFlop=1,Missing/Partial,,wikipedia,2.0,2026-07-02
BOLLY_2001_1729_bengal_tiger,Bengal Tiger,Bengal Tiger,2001,,,,Action,Crime,Action | Crime,No,,Adarsh Jain,Sandeep Bedi,Mithun Chakraborty,Sandeep Bedi | Mithun Chakraborty | Roshini Jaffery | Raushani Jaffrey,,,,,,,,,,,,,,,,tt0477574,10.0,,,,,,,,,hitFlop=1,Missing/Partial,,wikipedia,2.0,2026-07-02
BOLLY_2001_1730_bhairav,Bhairav,Bhairav,2001,,,,Action,,Action,No,,T.L.V. Prasad,Hemant Birje,Mithun Chakraborty,Hemant Birje | Mithun Chakraborty | Jack Gaud | Brij Gopal,,,,,,,,,,,,,,,,tt0466208,,,,,,,,,,hitFlop=1,Missing/Partial,,wikipedia,2.0,2026-07-02
BOLLY_2001_1731_boond,Boond,Boond,2001,,,,Action,Crime,Action | Crime | Drama,No,,Inayat Mahshar,Navin Berry,Pankaj Berry,Navin Berry | Pankaj Berry | Birbal | Sudhir Dalvi,Asad Ajmeri | Jaanam Khan (story),,,,,,,,,,,,,,,tt1259755,,,,,,,,,,hitFlop=1,Missing/Partial,,wikipedia,2.0,2026-07-02
BOLLY_2001_1732_censor,Censor,Censor,2001,February,2,2001-02-14,Musical,Romance,Musical | Romance,No,,Dev Anand,Dev Anand,Hema Malini,Dev Anand | Hema Malini | Shammi Kapoor | Rekha,Dev Anand,,1.0,D,2.5388,D,,,,,,,,,,tt0272543,3.1,,,,,,,,,hitFlop=1,Missing/Partial,,wikipedia,2.0,2026-07-02
BOLLY_2001_1733_chandni_bar,Chandni Bar,Chandni Bar,2001,September,9,2001-09-28,Crime,Drama,Crime | Drama,No,,Madhur Bhandarkar,Tabu,Atul Kulkarni,Tabu | Atul Kulkarni | Rajpal Yadav | Shri Vallabh Vyas,Mohan Azaad (dialogue) | Mohan Azaad (screenplay) | Madhur Bhandarkar | Masud Mirza (dialogue),,5.0682,C,3.2787,D,,,,,,,,,,tt0267363,7.6,,,,,,,,,hitFlop=5,Missing/Partial,,wikipedia,2.0,2026-07-02
BOLLY_2001_1734_chhupa_rustam_a_musical_thriller,Chhupa Rustam: A Musical Thriller,Chhupa Rustam: A Musical Thriller,2001,April,4,2001-04-25,Crime,Drama,Crime | Drama | Romance,No,,Aziz Sejawal,Tinnu Anand,Raj Babbar,Tinnu Anand | Raj Babbar | Laxmikant Berde | Avtar Gill,Rajeev Kaul,,2.4003,D,,,,,,,,,,,,tt0279021,4.5,,,,,,,,,hitFlop=3,Missing/Partial,,wikipedia,2.0,2026-07-02
BOLLY_2001_1735_chori_chori_chupke_chupke,Chori Chori Chupke Chupke,Chori Chori Chupke Chupke,2001,March,3,2001-03-09,Drama,Musical,Drama | Musical | Romance,No,,Abbas Alibhai Burmawalla | Mastan Alibhai Burmawalla,Preity Zinta,Salman Khan,Preity Zinta | Salman Khan | Rani Mukerji | Amrish Puri,Shyam Goel (screenplay) | Javed Siddiqui (dialogue) | Neeraj Vora (story),,4.8088,D,3.6411,D,,,,,,,,,,tt0256692,5.5,,,,,,,,,hitFlop=5,Missing/Partial,,wikipedia,2.0,2026-07-02
BOLLY_2001_1736_daman_a_victim_of_marital_violence,Daman: A Victim of Marital Violence,Daman: A Victim of Marital Violence,2001,May,5,2001-05-04,Drama,Family,Drama | Family,No,,Kalpana Lajmi,Raveena Tandon,Sayaji Shinde,Raveena Tandon | Sayaji Shinde | Sanjay Suri | Raima Sen,Kalpana Lajmi,,2.465,D,1.0034,D,,,,,,,,,,tt0273164,3.0,,,,,,,,,hitFlop=1,Missing/Partial,,wikipedia,2.0,2026-07-02
BOLLY_2001_1737_deewaanapan,Deewaanapan,Deewaanapan,2001,November,11,2001-11-16,Romance,Drama,Romance | Drama,No,,Ashu Trikha,Arjun Rampal,Dia Mirza,Arjun Rampal | Dia Mirza | Vinod Khanna | Om Puri,Rajesh Singh (dialogue script),,3.8011,D,1.1186,D,,,,,,,,,,tt0301179,4.6,,,,,,,,,hitFlop=2,Missing/Partial,,wikipedia,2.0,2026-07-02
BOLLY_2001_1738_dil_chahta_hai,Dil Chahta Hai,Dil Chahta Hai,2001,July,7,2001-07-24,Comedy,Drama,Comedy | Drama,No,,Farhan Akhtar,Aamir Khan,Saif Ali Khan,Aamir Khan | Saif Ali Khan | Akshaye Khanna | Preity Zinta,Farhan Akhtar (story) | Kassim Jagmagia (story),,10.0,A,5.7197,C,,,,,,,,,,tt0292490,8.1,,,,,,,,,hitFlop=4,Missing/Partial,,wikipedia,2.0,2026-07-02
BOLLY_2001_1739_dil_ne_phir_yaad_kiya,Dil Ne Phir Yaad Kiya,Dil Ne Phir Yaad Kiya,2001,,,,Drama,Musical,Drama | Musical | Romance,No,,Rajat Rawail,Sadashiv Amrapurkar,Vinay Anand,Sadashiv Amrapurkar | Vinay Anand | Pooja Batra | Govinda,,,1.7491,D,,,,,,,,,,,,tt0273535,3.4,,,,,,,,,hitFlop=1,Missing/Partial,,wikipedia,2.0,2026-07-02
BOLLY_2001_1740_ehsaas_the_feeling,Ehsaas: The Feeling,Ehsaas: The Feeling,2001,November,11,2001-11-30,Drama,,Drama,No,,Mahesh Manjrekar,Anand Raj Anand,Sunidhi Chauhan,Anand Raj Anand | Sunidhi Chauhan | Nagesh Haldankar | Shakti Kapoor,Deepak Kulkarni,,,,1.4664,D,,,,,,,,,,tt0302524,4.0,,,,,,,,,hitFlop=1,Missing/Partial,,wikipedia,2.0,2026-07-02
BOLLY_2001_1741_farz,Farz,Farz,2001,January,1,2001-01-12,Action,Thriller,Action,No,,Raj Kanwar,Sunny Deol,Preity Zinta,Sunny Deol | Preity Zinta | Jackie Shroff | Om Puri,,,3.3809,D,3.0499,D,,,,,,,,,,tt0272607,4.4,,,,,,,,,hitFlop=4,Missing/Partial,,wikipedia,2.0,2026-07-02
BOLLY_2001_1742_gadar_ek_prem_katha,Gadar: Ek Prem Katha,Gadar: Ek Prem Katha,2001,June,6,2001-06-15,Action,Drama,Action | Drama | Romance,No,,Anil Sharma,Sunny Deol,Ameesha Patel,Sunny Deol | Ameesha Patel | Amrish Puri | Lillete Dubey,Shaktimaan Talwar,,3.3809,D,5.7345,C,,,,,,,,,,tt0284137,7.3,,,,,,,,,hitFlop=9,Missing/Partial,,wikipedia,2.0,2026-07-02
BOLLY_2001_1743_grahan,Grahan,Grahan,2001,February,2,2001-02-16,Drama,Romance,Drama | Romance,No,,Shashilal K. Nair,Jackie Shroff,Manisha Koirala,Jackie Shroff | Manisha Koirala | Anupama Verma | Prasad Purandhare,,,2.6163,D,2.8498,D,,,,,,,,,,tt0275381,0.0,,,,,,,,,hitFlop=1,Missing/Partial,,wikipedia,2.0,2026-07-02
BOLLY_2001_1744_gumnam_qatil,Gumnam Qatil,Gumnam Qatil,2001,May,5,2001-05-02,Horror,,Horror,No,,Harinam Singh,Yunus Parvez,Mahesh Raj,Yunus Parvez | Mahesh Raj | Ghanshyam Rohera | Rakesh,Harinam Singh,,,,,,,,,,,,,,,tt0479674,,,,,,,,,,hitFlop=1,Missing/Partial,,wikipedia,2.0,2026-07-02
BOLLY_2001_1745_hadh_life_on_the_edge_of_death,Hadh: Life on the Edge of Death,Hadh: Life on the Edge of Death,2001,,,,Action,Crime,Action | Crime | Drama,No,,Thampi Kannanthanam,Shama Deshpande,Vikram Gokhale,Shama Deshpande | Vikram Gokhale | Ayesha Jhulka | Sharad S. Kapoor,,,,,,,,,,,,,,,,tt0396044,,,,,,,,,,hitFlop=1,Missing/Partial,,wikipedia,2.0,2026-07-02
BOLLY_2001_1746_hum_ho_gaye_aap_ke,Hum Ho Gaye Aap Ke,Hum Ho Gaye Aap Ke,2001,August,8,2001-08-03,Musical,,Musical,No,,Ahathian | Sunil Kumar Agrawal,Fardeen Khan,Reema Sen,Fardeen Khan | Reema Sen | Apoorva Agnihotri | Suman Ranganathan,Sunil Kumar Agrawal (dialogue) | Ahathian (screenplay) | Ahathian (story),,2.8821,D,,,,,,,,,,,,tt0292552,4.4,,,,,,,,,hitFlop=1,Missing/Partial,,wikipedia,2.0,2026-07-02
BOLLY_2001_1747_indian,Indian,Indian,2001,October,10,2001-10-26,Action,Crime,Action | Crime | Drama,No,,N. Maharajan,Malaika Arora,Raj Babbar,Malaika Arora | Raj Babbar | Rana Jung Bahadur | Balwant Bansal,Sanjay Masoom (dialogue),,,,,,,,,,,,,,,tt0300028,5.2,,,,,,,,,hitFlop=6,Missing/Partial,,wikipedia,2.0,2026-07-02
BOLLY_2001_1748_ittefaq,Ittefaq,Ittefaq,2001,September,9,2001-09-14,Action,Drama,Action | Drama | Thriller,No,,Sanjay Khanna,Sunil Shetty,Mukul Dev,Sunil Shetty | Mukul Dev | Pooja Batra | Anupama Verma,Imtiaz Patel (screenplay) | Imtiaz Patel (story) | Yunus Sajawal (screenplay) | Yunus Sajawal (story) | Sameer (lyrics),,3.3073,D,,,,,,,,,,,,tt0297983,0.0,,,,,,,,,hitFlop=1,Missing/Partial,,wikipedia,2.0,2026-07-02
BOLLY_2001_1749_jai_ganesh_deva,Jai Ganesh Deva,Jai Ganesh Deva,2001,,,,Fantasy,,Fantasy,No,,K. Shankar,Delhi Ganesh,Jai Ganesh,Delhi Ganesh | Jai Ganesh | Nizhalgal Ravi | Radha Ravi,,,,,,,,,,,,,,,,tt1176201,,,,,,,,,,hitFlop=1,Missing/Partial,,wikipedia,2.0,2026-07-02
BOLLY_2001_1750_jodi_no_1,Jodi No.1,Jodi No.1,2001,April,4,2001-04-13,Comedy,,Comedy,No,,David Dhawan,Sanjay Dutt,Govinda,Sanjay Dutt | Govinda | Twinkle Khanna | Monica Bedi,Rumi Jaffery (dialogue) | Imtiaz Patel (screenplay) | Yunus Sajawal (screenplay),,5.0026,C,4.7408,D,,,,,,,,,,tt0278522,5.8,,,,,,,,,hitFlop=6,Missing/Partial,,wikipedia,2.0,2026-07-02
BOLLY_2001_1751_kabhi_khushi_kabhie_gham,Kabhi Khushi Kabhie Gham...,Kabhi Khushi Kabhie Gham...,2001,December,12,2001-12-14,Drama,Musical,Drama | Musical | Romance,No,,Karan Johar,Amitabh Bachchan,Jaya Bhaduri,Amitabh Bachchan | Jaya Bhaduri | Shah Rukh Khan | Kajol,Karan Johar | Sheena Parikh (screenplay),,7.0113,B,7.1046,B,,,,,,,,,,tt0248126,7.4,,,,,,,,,hitFlop=8,Missing/Partial,,wikipedia,2.0,2026-07-02
BOLLY_2001_1752_kasam,Kasam,Kasam,2001,November,11,2001-11-20,Adventure,Drama,Adventure | Drama | Crime,No,,Shibu Mitra,Naseeruddin Shah,Sunny Deol,Naseeruddin Shah | Sunny Deol | Chunky Pandey | Neelam,Madan Joshi (dialogue) | Jyothika Mittra (idea) | Faiz Saleem (screenplay),,3.7695,D,,,,,,,,,,,,tt0317811,0.0,,,,,,,,,hitFlop=2,Missing/Partial,,wikipedia,2.0,2026-07-02
BOLLY_2001_1753_kuch_khatti_kuch_meethi,Kuch Khatti Kuch Meethi,Kuch Khatti Kuch Meethi,2001,January,1,2001-01-19,Drama,Family,Drama | Family,No,,Rahul Rawail,Kajol,Rishi Kapoor,Kajol | Rishi Kapoor | Rati Agnihotri | Sunil Shetty,,,7.2516,B,1.4734,D,,,,,,,,,,tt0271604,4.7,,,,,,,,,hitFlop=2,Missing/Partial,,wikipedia,2.0,2026-07-02
BOLLY_2001_1754_lagaan_once_upon_a_time_in_india,Lagaan: Once Upon a Time in India,Lagaan: Once Upon a Time in India,2001,May,5,2002-05-08,Adventure,Drama,Adventure | Drama | Musical,No,,Ashutosh Gowariker,Aamir Khan,Gracy Singh,Aamir Khan | Gracy Singh | Rachel Shelley | Paul Blackthorne,Ashutosh Gowariker (story) | Ashutosh Gowariker (screenplay) | Kumar Dave (screenplay) | Sanjay Dayma (screenplay) | K.P. Saxena (dialogue),,10.0,A,3.7481,D,,,,,,,,,,tt0169102,8.1,,,,,,,,,hitFlop=6,Missing/Partial,,wikipedia,2.0,2026-07-02
BOLLY_2001_1755_lajja,Lajja,Lajja,2001,September,9,2001-09-19,Drama,Musical,Drama | Musical | Crime,No,,Rajkumar Santoshi,Rekha,Anil Kapoor,Rekha | Anil Kapoor | Jackie Shroff | Madhuri Dixit,Ranjit Kapoor (dialogue) | Ashok Rawat (associate script) | Rajkumar Santoshi (dialogue) | Rajkumar Santoshi (screenplay) | Rajkumar Santoshi (story),,5.1069,C,2.744,D,,,,,,,,,,tt0293342,6.6,,,,,,,,,hitFlop=2,Missing/Partial,,wikipedia,2.0,2026-07-02
BOLLY_2001_1756_love_ke_liye_kuch_bhi_karega,Love Ke Liye Kuch Bhi Karega,Love Ke Liye Kuch Bhi Karega,2001,June,6,2001-06-29,Comedy,Crime,Comedy | Crime | Romance,No,,Eeshwar Nivas,Saif Ali Khan,Fardeen Khan,Saif Ali Khan | Fardeen Khan | Aftab Shivdasani | Sonali Bendre,Rajnish Thakur,,5.7211,C,1.3951,D,,,,,,,,,,tt0287537,6.0,,,,,,,,,hitFlop=2,Missing/Partial,,wikipedia,2.0,2026-07-02
BOLLY_2001_1757_master,Master,Master,2001,,,,Action,,Action,No,,Suneil Anand,Suneil Anand,Ting Leung,Suneil Anand | Ting Leung | Sadashiv Amrapurkar | Leher Kala,Suneil Anand (story) | Raajesh Johri (dialogue),,,,,,,,,,,,,,,tt0382176,,,,,,,,,,hitFlop=1,Missing/Partial,,wikipedia,2.0,2026-07-02
BOLLY_2001_1758_moksha_salvation,Moksha: Salvation,Moksha: Salvation,2001,November,11,2001-11-30,Drama,Thriller,Drama | Thriller,No,,Ashok Mehta,Arjun Rampal,Manisha Koirala,Arjun Rampal | Manisha Koirala | Kalpana Pandit | Suresh Oberoi,Hriday Lani (dialogues) | Raj Marbros (screenplay) | Ashok Mehta (story),,3.8011,D,,,,,,,,,,,,tt0301240,6.2,,,,,,,,,hitFlop=1,Missing/Partial,,wikipedia,2.0,2026-07-02
BOLLY_2001_1759_mujhe_kucch_kehna_hai,Mujhe Kucch Kehna Hai,Mujhe Kucch Kehna Hai,2001,May,5,2001-05-25,Romance,,Romance,No,,Satish Kaushik,Tusshar Kapoor,Kareena Kapoor,Tusshar Kapoor | Kareena Kapoor | Amrish Puri | Rinke Khanna,Rumi Jaffery (story) | A. Karunakaran (story),,3.8353,D,2.6808,D,,,,,,,,,,tt0284328,4.8,,,,,,,,,hitFlop=7,Missing/Partial,,wikipedia,2.0,2026-07-02
BOLLY_2001_1760_mujhe_meri_biwi_se_bachaao,Mujhe Meri Biwi Se Bachaao,Mujhe Meri Biwi Se Bachaao,2001,June,6,2001-06-18,Comedy,Musical,Comedy | Musical | Family,No,,Harry Baweja,Rekha,Naseeruddin Shah,Rekha | Naseeruddin Shah | Arshad Warsi | Suman Ranganathan,Harry Baweja (story) | Anees Bazmee (screenplay) | Imtiaz Patel (dialogue),,5.1069,C,1.6165,D,,,,,,,,,,tt0272735,,,,,,,,,,hitFlop=1,Missing/Partial,,wikipedia,2.0,2026-07-02
BOLLY_2001_1761_nayak_the_real_hero,Nayak: The Real Hero,Nayak: The Real Hero,2001,September,9,2001-09-07,Drama,Action,Drama | Action,No,,S. Shankar,Anil Kapoor,Rani Mukerji,Anil Kapoor | Rani Mukerji | Amrish Puri | Johnny Lever,Anurag Kashyap (dialogue) | S. Shankar (story),,5.6087,C,,,,,,,,,,,,tt0291376,7.8,,,,,,,,,hitFlop=2,Missing/Partial,,wikipedia,2.0,2026-07-02
BOLLY_2001_1762_officer,Officer,Officer,2001,March,3,2001-03-14,Action,Crime,Action | Crime | Drama,No,,Naeem Sha,Sunil Shetty,Raveena Tandon,Sunil Shetty | Raveena Tandon | Danny Denzongpa | Sadashiv Amrapurkar,Naeem Sha (dialogue) | Naeem Sha (screenplay) | Naeem Sha (story),,3.3073,D,,,,,,,,,,,,tt0265452,3.0,,,,,,,,,hitFlop=2,Missing/Partial,,wikipedia,2.0,2026-07-02
BOLLY_2001_1763_one_2_ka_4,One 2 Ka 4,One 2 Ka 4,2001,March,3,2001-03-30,Action,Comedy,Action | Comedy | Drama,No,,Shashilal K. Nair,Shah Rukh Khan,Juhi Chawla,Shah Rukh Khan | Juhi Chawla | Jackie Shroff | Nirmal Pandey,Sanjay Chhel | Raaj Kumar Dahima (screenplay) | Manoj Lalwani (screenplay),,9.2267,A,2.8498,D,,,,,,,,,,tt0227194,5.5,,,,,,,,,hitFlop=1,Missing/Partial,,wikipedia,2.0,2026-07-02
BOLLY_2001_1764_paagalpan,Paagalpan,Paagalpan,2001,June,6,2001-06-08,Romance,,Romance,No,,Joy Augustine,Karan Nath,Aarti Agarwal,Karan Nath | Aarti Agarwal | Vilas Ujawane | Bharat Dabholkar,Joy Augustine (story),,,,,,,,,,,,,,,tt0285319,0.0,,,,,,,,,hitFlop=1,Missing/Partial,,wikipedia,2.0,2026-07-02
BOLLY_2001_1765_pyaar_tune_kya_kiya,Pyaar Tune Kya Kiya...,Pyaar Tune Kya Kiya...,2001,April,4,2001-04-27,Thriller,,Thriller,No,,Rajat Mukherjee,Fardeen Khan,Ravi Baswani,Fardeen Khan | Ravi Baswani | Kannu Gill | Sonali Kulkarni,Rajat Mukherjee (screenplay),,2.8821,D,2.0315,D,,,,,,,,,,tt0281102,5.7,,,,,,,,,hitFlop=3,Missing/Partial,,wikipedia,2.0,2026-07-02
BOLLY_2001_1766_pyaar_zindagi_hai,Pyaar Zindagi Hai,Pyaar Zindagi Hai,2001,,,,Thriller,,Thriller,No,,Vijay Sadanah,Rajesh Khanna,Mohnish Bahl,Rajesh Khanna | Mohnish Bahl | Ashima Bhalla | Asawari Joshi,,,1.1394,D,,,,,,,,,,,,tt0847758,0.0,,,,,,,,,hitFlop=1,Missing/Partial,,wikipedia,2.0,2026-07-02
BOLLY_2001_1767_rahul,Rahul,Rahul,2001,March,3,2001-03-23,Drama,,Drama,No,,Prakash Jha,Neha,Rajeshwari Sachdev,Neha | Rajeshwari Sachdev | Gulshan Grover | Nina Kulkarni,Farhan (dialogue) | Farhan (screenplay) | Anuradha Tiwari (screenplay),,,,3.6075,D,,,,,,,,,,tt0277981,3.5,,,,,,,,,hitFlop=1,Missing/Partial,,wikipedia,2.0,2026-07-02
BOLLY_2001_1768_rehnaa_hai_terre_dil_mein,Rehnaa Hai Terre Dil Mein,Rehnaa Hai Terre Dil Mein,2001,October,10,2001-10-19,Musical,Drama,Musical,No,,Gautham Menon,Madhavan,Saif Ali Khan,Madhavan | Saif Ali Khan | Dia Mirza | Vrajesh Hirjee,Gautham Menon (story) | Vipul D. Shah (dialogue) | Vipul D. Shah (story),,5.0561,C,,,,,,,,,,,,tt0299108,7.5,,,,,,,,,hitFlop=2,Missing/Partial,,wikipedia,2.0,2026-07-02
BOLLY_2001_1769_shirdi_sai_baba,Shirdi Sai Baba,Shirdi Sai Baba,2001,September,9,2001-09-07,Drama,Mystery,Drama | Mystery,No,,Deepak Balraj Vij,Sudhir Dalvi,Dharmendra,Sudhir Dalvi | Dharmendra | Vikram Gokhale | Rohini Hattangadi,Pandurang Dixit | Vikas Kapoor (story),,,,,,,,,,,,,,,tt0295603,0.0,,,,,,,,,hitFlop=1,Missing/Partial,,wikipedia,2.0,2026-07-02
BOLLY_2001_1770_style,Style,Style,2001,December,12,2001-12-28,Musical,Comedy,Musical | Comedy,No,,N. Chandra,Sharman Joshi,Sahil Khan,Sharman Joshi | Sahil Khan | Riya Sen | Shillpi Sharma,N. Chandra,,3.6904,D,3.854,D,,,,,,,,,,tt0306855,6.7,,,,,,,,,hitFlop=5,Missing/Partial,,wikipedia,2.0,2026-07-02
BOLLY_2001_1771_tera_mera_saath_rahen,Tera Mera Saath Rahen,Tera Mera Saath Rahen,2001,November,11,2001-11-07,Drama,,Drama,No,,Mahesh Manjrekar,Ajay Devgn,Sonali Bendre,Ajay Devgn | Sonali Bendre | Namrata Shirodkar | Prem Chopra,Deepak Kulkarni (dialogue) | Mahesh Manjrekar (screenplay) | Sameer (lyrics),,6.8713,C,1.4664,D,,,,,,,,,,tt0301250,4.0,,,,,,,,,hitFlop=1,Missing/Partial,,wikipedia,2.0,2026-07-02
BOLLY_2001_1772_tere_liye,Tere Liye,Tere Liye,2001,December,12,2001-12-14,Drama,Family,Drama | Family | Musical,No,,Sanjay Gadhvi,Imran Ahmed Khan,Sonali Khare,Imran Ahmed Khan | Sonali Khare | Neelu Kohli | Hiten Paintal,Anant Balani | Abbas Tyrewala (lyrics),,,,4.3755,D,,,,,,,,,,tt0348190,6.0,,,,,,,,,hitFlop=1,Missing/Partial,,wikipedia,2.0,2026-07-02
BOLLY_2001_1773_tum_bin_love_will_find_a_way,Tum Bin...: Love Will Find a Way,Tum Bin...: Love Will Find a Way,2001,July,7,2001-07-13,Drama,Romance,Drama | Romance,No,,Anubhav Sinha,Priyanshu Chatterjee,Himanshu Malik,Priyanshu Chatterjee | Himanshu Malik | Sandali Sinha | Raqesh Vashisth,Shashank Dabral (screenplay) | Anubhav Sinha (dialogue),,2.4801,D,3.0566,D,,,,,,,,,,tt0290326,7.5,,,,,,,,,hitFlop=4,Missing/Partial,,wikipedia,2.0,2026-07-02
BOLLY_2001_1774_uljhan,Uljhan,Uljhan,2001,May,5,2001-05-04,Drama,,Drama,No,,Rajan Johri,Puru Rajkumar,Dipti Bhatnagar,Puru Rajkumar | Dipti Bhatnagar | Kanchan | Laxmikant Berde,Sayed Sultan,,1.0,D,,,,,,,,,,,,tt0288273,8.0,,,,,,,,,hitFlop=1,Missing/Partial,,wikipedia,2.0,2026-07-02
BOLLY_2001_1775_veer_savarkar,Veer Savarkar,Veer Savarkar,2001,,,,Biography,Drama,Biography | Drama,No,,Ved Rahi,Shailendra Gaur,Pankaj Berry,Shailendra Gaur | Pankaj Berry | Tom Alter | Hemant Birje,Ved Rahi,,,,,,,,,,,,,,,tt0303187,7.7,,,,,,,,,hitFlop=1,Missing/Partial,,wikipedia,2.0,2026-07-02
BOLLY_2001_1776_yaadein,Yaadein...,Yaadein...,2001,June,6,2001-06-27,Musical,Drama,Musical | Drama | Romance,No,,Subhash Ghai,Jackie Shroff,Hrithik Roshan,Jackie Shroff | Hrithik Roshan | Kareena Kapoor | Amrish Puri,Subhash Ghai (dialogue) | Subhash Ghai (screenplay) | Amrik Gill (dialogue) | Aatish Kapadia (screenplay) | Anuradha Tiwari (screenplay),,2.6163,D,1.3105,D,,,,,,,,,,tt0248617,4.2,,,,,,,,,hitFlop=2,Missing/Partial,,wikipedia,2.0,2026-07-02
BOLLY_2001_1777_yeh_hai_pyar_ka_mausam,Yeh Hai Pyar Ka Mausam,Yeh Hai Pyar Ka Mausam,2001,,,,Crime,,Crime,No,,Rajesh Bakshi,Rajat Bakshi,Rajesh Bakshi,Rajat Bakshi | Rajesh Bakshi | Prem Chabra | Harish Ghera,M.L. Bhaskar,,,,,,,,,,,,,,,tt1139671,,,,,,,,,,hitFlop=1,Missing/Partial,,wikipedia,2.0,2026-07-02
BOLLY_2001_1778_yeh_raaste_hain_pyaar_ke,Yeh Raaste Hain Pyaar Ke,Yeh Raaste Hain Pyaar Ke,2001,August,8,2001-08-10,Romance,Drama,Romance | Drama,No,,Deepak S. Shivdasani,Ajay Devgn,Madhuri Dixit,Ajay Devgn | Madhuri Dixit | Preity Zinta | Vikram Gokhale,Robin Bhatt | Deepak S. Shivdasani,,6.8713,C,2.6377,D,,,,,,,,,,tt0292740,4.0,,,,,,,,,hitFlop=2,Missing/Partial,,wikipedia,2.0,2026-07-02
BOLLY_2001_1779_yeh_teraa_ghar_yeh_meraa_ghar,Yeh Teraa Ghar Yeh Meraa Ghar,Yeh Teraa Ghar Yeh Meraa Ghar,2001,October,10,2001-10-12,Comedy,Drama,Comedy | Drama,No,,Priyadarshan,Sunil Shetty,Mahima Chaudhry,Sunil Shetty | Mahima Chaudhry | Paresh Rawal | Saurabh Shukla,Priyadarshan (story) | Neeraj Vora (dialogue) | Neeraj Vora (screenplay),,3.3073,D,3.8472,D,,,,,,,,,,tt0298606,5.9,,,,,,,,,hitFlop=2,Missing/Partial,,wikipedia,2.0,2026-07-02
BOLLY_2001_1780_yeh_zindagi_ka_safar,Yeh Zindagi Ka Safar,Yeh Zindagi Ka Safar,2001,November,11,2001-11-16,Drama,,Drama,No,,Tanuja Chandra,Ameesha Patel,Jimmy Shergill,Ameesha Patel | Jimmy Shergill | Nafisa Ali | Gulshan Grover,Gajra Kottary,,2.9389,D,1.0907,D,,,,,,,,,,tt0298607,,,,,,,,,,hitFlop=1,Missing/Partial,,wikipedia,2.0,2026-07-02
BOLLY_2001_1781_zahreela,Zahreela,Zahreela,2001,March,3,2001-03-05,Action,,Action,No,,Raj N. Sippy,Vikas Anand,Asrani,Vikas Anand | Asrani | Mithun Chakraborty | Gulshan Grover,Iqbal Durrani (dialogue) | Sanjay Kumar (screenplay),,1.0,D,1.0402,D,,,,,,,,,,tt1176141,5.2,,,,,,,,,hitFlop=1,Missing/Partial,,wikipedia,2.0,2026-07-02
BOLLY_2001_1782_zubeidaa,Zubeidaa,Zubeidaa,2001,January,1,2001-01-19,Adventure,Biography,Adventure | Biography | Drama,No,,Shyam Benegal,Karisma Kapoor,Rekha,Karisma Kapoor | Rekha | Manoj Bajpayee | Rajit Kapoor,Khalid Mohamed (original story and screenplay) | Javed Siddiqui (dialogue),,3.6993,D,,,,,,,,,,,,tt0255713,6.5,,,,,,,,,hitFlop=1,Missing/Partial,,wikipedia,2.0,2026-07-02
BOLLY_2002_1783_16_december,16 December,16 December,2002,March,3,2002-03-22,Action,Drama,Action | Drama | Mystery,No,,Mani Shankar,Danny Denzongpa,Gulshan Grover,Danny Denzongpa | Gulshan Grover | Milind Soman | Dipannita Sharma,Mani Shankar (dialogue) | Mani Shankar (screenplay) | Mani Shankar (story),,2.6726,D,2.3406,D,,,,,,,,,,tt0313844,6.9,,,,,,,,,hitFlop=4,Missing/Partial,,wikipedia,2.0,2026-07-02
BOLLY_2002_1784_23rd_march_1931_shaheed,23rd March 1931: Shaheed,23rd March 1931: Shaheed,2002,June,6,2002-06-07,Biography,Drama,Biography | Drama | History,No,,Guddu Dhanoa,Bobby Deol,Sunny Deol,Bobby Deol | Sunny Deol | Amrita Singh | Rahul Dev,Sutanu Gupta (screenplay) | Sanjay Masoom (dialogue),,2.4272,D,1.2825,D,,,,,,,,,,tt0324951,5.3,,,,,,,,,hitFlop=1,Missing/Partial,,wikipedia,2.0,2026-07-02
BOLLY_2002_1785_aakhri_inteqam,Aakhri Inteqam,Aakhri Inteqam,2002,,,,Action,,Action,No,,Rajesh Bakshi,Sudesh Berry,Anu Kashyap,Sudesh Berry | Anu Kashyap | Amit Pachori | Jitender,Rajesh Bakshi,,1.5917,D,,,,,,,,,,,,tt0426864,,,,,,,,,,hitFlop=1,Missing/Partial,,wikipedia,2.0,2026-07-02
BOLLY_2002_1786_aankhen,Aankhen,Aankhen,2002,March,3,2002-03-27,Comedy,Thriller,Comedy | Thriller | Crime,No,,Vipul Amrutlal Shah,Amitabh Bachchan,Akshay Kumar,Amitabh Bachchan | Akshay Kumar | Sushmita Sen | Arjun Rampal,Shobhana Desai (play) | Aatish Kapadia (screenplay) | Aatish Kapadia (story) | Aatish Kapadia | Vipul Amrutlal Shah (screenplay) | Vipul Amrutlal Shah (story),,7.0113,B,3.229,D,,,,,,,,,,tt0306434,7.4,,,,,,,,,hitFlop=4,Missing/Partial,,wikipedia,2.0,2026-07-02
BOLLY_2002_1787_aap_mujhe_achche_lagne_lage,Aap Mujhe Achche Lagne Lage,Aap Mujhe Achche Lagne Lage,2002,April,4,2002-04-19,Action,Drama,Action | Drama | Romance,No,,Vikram Bhatt,Hrithik Roshan,Ameesha Patel,Hrithik Roshan | Ameesha Patel | Kiran Kumar | Mukesh Tiwari,Robin Bhatt (story) | Girish Dhamija (dialogue) | Sanjeev Duggal (story),,8.2519,B,2.9028,D,,,,,,,,,,tt0247911,3.1,,,,,,,,,hitFlop=2,Missing/Partial,,wikipedia,2.0,2026-07-02
BOLLY_2002_1788_ab_ke_baras,Ab Ke Baras,Ab Ke Baras,2002,May,5,2002-05-10,Adventure,Fantasy,Adventure | Fantasy | Thriller,No,,Raj Kanwar,Arya Babbar,Amrita Rao,Arya Babbar | Amrita Rao | Ashutosh Rana | Shakti Kapoor,Robin Bhatt (screenplay) | Sutanu Gupta (screenplay) | Ravi Rai (dialogue),,1.9111,D,3.0499,D,,,,,,,,,,tt0321067,5.0,,,,,,,,,hitFlop=2,Missing/Partial,,wikipedia,2.0,2026-07-02
BOLLY_2002_1789_akhiyon_se_goli_maare,Akhiyon Se Goli Maare,Akhiyon Se Goli Maare,2002,August,8,2002-08-02,Comedy,,Comedy,No,,Harmesh Malhotra,Govinda,Raveena Tandon,Govinda | Raveena Tandon | Kader Khan | Shakti Kapoor,Rajeev Kaul (screenplay) | Rajeev Kaul (story) | Anwar Khan (dialogue) | Praful Parekh (screenplay) | Praful Parekh (story),,4.7856,D,,,,,,,,,,,,tt0331421,5.2,,,,,,,,,hitFlop=2,Missing/Partial,,wikipedia,2.0,2026-07-02
BOLLY_2002_1790_angaar_the_fire,Angaar: The Fire,Angaar: The Fire,2002,,,,Action,,Action,No,,Ajay Kashyap,Vinay Anand,Rana Jung Bahadur,Vinay Anand | Rana Jung Bahadur | Rajat Bedi | Sanober Kabir,,,,,,,,,,,,,,,,tt0315767,,,,,,,,,,hitFlop=1,Missing/Partial,,wikipedia,2.0,2026-07-02
BOLLY_2002_1791_annarth,Annarth,Annarth,2002,November,11,2002-11-01,Action,Thriller,Action | Thriller,No,,Ravi Dewan,Sanjay Dutt,Sunil Shetty,Sanjay Dutt | Sunil Shetty | Ashutosh Rana | Preeti Jhangiani,Ravi Dewan | Imtiaz Hussain (screenplay) | Imtiaz Hussain (story),,5.0026,C,,,,,,,,,,,,tt0338721,,,,,,,,,,hitFlop=1,Missing/Partial,,wikipedia,2.0,2026-07-02
BOLLY_2002_1792_ansh_the_deadly_part,Ansh: The Deadly Part,Ansh: The Deadly Part,2002,April,4,2002-04-02,Musical,Action,Musical | Action,No,,Rajan Johri,Om Puri,Ashutosh Rana,Om Puri | Ashutosh Rana | Abbas | Sharbani Mukherji,Rajan Johri (dialogue) | Rajan Johri (screenplay) | Rajan Johri (story),,4.1779,D,,,,,,,,,,,,tt0315777,,,,,,,,,,hitFlop=1,Missing/Partial,,wikipedia,2.0,2026-07-02
BOLLY_2002_1793_awara_paagal_deewana,Awara Paagal Deewana,Awara Paagal Deewana,2002,June,6,2002-06-21,Action,Comedy,Action | Comedy | Crime,No,,Vikram Bhatt,Akshay Kumar,Sunil Shetty,Akshay Kumar | Sunil Shetty | Aftab Shivdasani | Preeti Jhangiani,Anand S. Vardhan (story) | Mangesh Kulkarni (story) | Anand S. Vardhan (screenplay) | Mangesh Kulkarni (screenplay) | Neeraj Vora (dialogue),,6.3805,C,2.9028,D,,,,,,,,,,tt0319020,6.2,,,,,,,,,hitFlop=4,Missing/Partial,,wikipedia,2.0,2026-07-02
BOLLY_2002_1794_badhaai_ho_badhaai,Badhaai Ho Badhaai,Badhaai Ho Badhaai,2002,June,6,2002-06-14,Comedy,Drama,Comedy | Drama | Musical,No,,Satish Kaushik,Anil Kapoor,Anang Desai,Anil Kapoor | Anang Desai | Rohini Hattangadi | Vinay Jain,Kavita Choudhary,,5.6087,C,2.6808,D,,,,,,,,,,tt0325041,4.7,,,,,,,,,hitFlop=1,Missing/Partial,,wikipedia,2.0,2026-07-02
BOLLY_2002_1795_chalo_ishq_ladaaye,Chalo Ishq Ladaaye,Chalo Ishq Ladaaye,2002,December,12,2002-12-27,Comedy,Romance,Comedy | Romance,No,,Aziz Sejawal,Govinda,Kader Khan,Govinda | Kader Khan | Rani Mukerji | Zohra Segal,Imtiaz Patel | Yunus Sajawal,,4.7856,D,,,,,,,,,,,,tt0348824,4.4,,,,,,,,,hitFlop=1,Missing/Partial,,wikipedia,2.0,2026-07-02
BOLLY_2002_1796_chhal,Chhal,Chhal,2002,August,8,2002-08-09,Action,Thriller,Action | Thriller | Drama,No,,Hansal Mehta,Kay Kay Menon,Jaya Seal,Kay Kay Menon | Jaya Seal | Naved Aslam | Shri Vallabh Vyas,Suparn Verma (screenplay) | Suparn Verma (story) | Suparn Verma,,2.6256,D,1.4466,D,,,,,,,,,,tt0331453,,,,,,,,,,hitFlop=1,Missing/Partial,,wikipedia,2.0,2026-07-02
BOLLY_2002_1797_chor_machaaye_shor,Chor Machaaye Shor,Chor Machaaye Shor,2002,August,8,2002-08-23,Action,Comedy,Action | Comedy | Crime,No,,David Dhawan,Bobby Deol,Om Puri,Bobby Deol | Om Puri | Paresh Rawal | Shekhar Suman,Shahnawaz Ahmed Kenny (scenario) | Anwar Khan (dialogue) | Yunus Sajawal,,2.4272,D,4.7408,D,,,,,,,,,,tt0331216,4.3,,,,,,,,,hitFlop=2,Missing/Partial,,wikipedia,2.0,2026-07-02
BOLLY_2002_1798_company,Company,Company,2002,April,4,2002-04-15,Action,Crime,Action | Crime | Thriller,No,,Ram Gopal Varma,Ajay Devgn,Mohanlal,Ajay Devgn | Mohanlal | Manisha Koirala | Seema Biswas,Jaideep Sahni,,6.8713,C,3.7435,D,,,,,,,,,,tt0296574,8.0,,,,,,,,,hitFlop=4,Missing/Partial,,wikipedia,2.0,2026-07-02
BOLLY_2002_1799_danger,Danger,Danger,2002,May,5,2002-05-17,Crime,Drama,Crime | Drama | Thriller,No,,Govind Menon,Ashutosh Rana,Tara Deshpande,Ashutosh Rana | Tara Deshpande | Jas Arora | Shishir Sharma,Vasant Chheda | Shashi Wadia,,2.1792,D,2.1234,D,,,,,,,,,,tt0345102,,,,,,,,,,hitFlop=2,Missing/Partial,,wikipedia,2.0,2026-07-02
BOLLY_2002_1800_darwaza,Darwaza,Darwaza,2002,,,,Horror,,Horror,No,,Kanti Shah,Arun Mathur,Anil Nagrath,Arun Mathur | Anil Nagrath | Amit Pachori | Sapna,Bashir Babar,,,,1.2484,D,,,,,,,,,,tt0488287,4.7,,,,,,,,,hitFlop=1,Missing/Partial,,wikipedia,2.0,2026-07-02
BOLLY_2002_1801_deewangee,Deewangee,Deewangee,2002,October,10,2002-10-25,Crime,Thriller,Crime | Thriller | Drama,No,,Anees Bazmee,Ajay Devgn,Akshaye Khanna,Ajay Devgn | Akshaye Khanna | Urmila Matondkar | Farida Jalal,Anees Bazmee,,6.8713,C,5.6076,C,,,,,,,,,,tt0337971,6.5,,,,,,,,,hitFlop=3,Missing/Partial,,wikipedia,2.0,2026-07-02
BOLLY_2002_1802_desh,Desh,Desh,2002,,,,Drama,,Drama,No,,Raja Sen,Jaya Bhaduri,Sabyasachi Chakraborty,Jaya Bhaduri | Sabyasachi Chakraborty | Subhendu Chatterjee | Gyanesh Mukherjee,Animesh Rai Chaudhary (assistant screenplay writer) | Prafulla Roy (novel) | Salil Sarkar (dialogue) | Salil Sarkar (screenplay) | Raja Sen (screenplay),,3.7158,D,,,,,,,,,,,,tt0368683,,,,,,,,,,hitFlop=1,Missing/Partial,,wikipedia,2.0,2026-07-02
BOLLY_2002_1803_devdas,Devdas,Devdas,2002,July,7,2002-07-12,Musical,Romance,Musical | Romance,No,,Sanjay Leela Bhansali,Shah Rukh Khan,Madhuri Dixit,Shah Rukh Khan | Madhuri Dixit | Aishwarya Rai Bachchan | Jackie Shroff,Saratchandra Chatterjee (based on the novel by) | Prakash Kapadia (screenplay) | Sanjay Leela Bhansali (screenplay) | Prakash Kapadia (dialogue),,9.2267,A,4.922,D,,,,,,,,,,tt0238936,7.5,,,,,,,,,hitFlop=6,Missing/Partial,,wikipedia,2.0,2026-07-02
BOLLY_2002_1804_dil_hai_tumhaara,Dil Hai Tumhaara,Dil Hai Tumhaara,2002,September,9,2002-09-06,Drama,Family,Drama | Family | Romance,No,,Kundan Shah,Arjun Rampal,Preity Zinta,Arjun Rampal | Preity Zinta | Mahima Chaudhry | Jimmy Shergill,Rajkumar Santoshi (screenplay) | Rajkumar Santoshi (story) | Kundan Shah (screenplay) | Subrat Sinha (dialogue),,3.8011,D,1.5991,D,,,,,,,,,,tt0328998,5.5,,,,,,,,,hitFlop=3,Missing/Partial,,wikipedia,2.0,2026-07-02
BOLLY_2002_1805_dil_vil_pyar_vyar,Dil Vil Pyar Vyar,Dil Vil Pyar Vyar,2002,October,10,2002-10-18,Romance,,Romance,No,,Anant Mahadevan,Madhavan,Jimmy Shergill,Madhavan | Jimmy Shergill | Sanjay Suri | Namrata Shirodkar,Sanjeev Puri (dialogue) | Sujit Sen (screenplay) | Vivek Vaswani (story),,5.0561,C,1.8139,D,,,,,,,,,,tt0335044,5.4,,,,,,,,,hitFlop=2,Missing/Partial,,wikipedia,2.0,2026-07-02
BOLLY_2002_1806_duplicate_sholay,Duplicate Sholay,Duplicate Sholay,2002,,,,Comedy,,Comedy,No,,Kanti Shah,Devaraj,Dimple,Devaraj | Dimple | Feroz | Reena Kapoor,,,,,1.2484,D,,,,,,,,,,tt0391099,1.0,,,,,,,,,hitFlop=2,Missing/Partial,,wikipedia,2.0,2026-07-02
BOLLY_2002_1807_durga,Durga,Durga,2002,,,"28 Feb,2002",Action,Crime,Action | Crime,No,,J.D. Chakravarthi,J.D. Chakravarthi,Snehal Dabi,J.D. Chakravarthi | Snehal Dabi | Jayaprakash | Priyanka,,,,,,,,,,,,,,,,tt0314008,,,,,,,,,,hitFlop=1,Missing/Partial,,wikipedia,2.0,2026-07-02
BOLLY_2002_1808_ek_aur_visphot,Ek Aur Visphot,Ek Aur Visphot,2002,,,,Crime,,Crime,No,,M.I. Raj,Makrand Deshpande,Kishori Godbole,Makrand Deshpande | Kishori Godbole | Raza Murad | Mahavir Shah,M.I. Raj | Anoop Srivastava (dialogue),,1.1115,D,,,,,,,,,,,,tt0482305,,,,,,,,,,hitFlop=1,Missing/Partial,,wikipedia,2.0,2026-07-02
BOLLY_2002_1809_ek_chhotisi_love_story,Ek Chhotisi Love Story,Ek Chhotisi Love Story,2002,September,9,2002-09-06,Comedy,Drama,Comedy | Drama | Fantasy,No,,Shashilal K. Nair,Saroj Bhargava,Manisha Koirala,Saroj Bhargava | Manisha Koirala | Aditya Seal | Ranvir Shorey,Pankaj Kapoor,,,,2.8498,D,,,,,,,,,,tt0331479,3.1,,,,,,,,,hitFlop=6,Missing/Partial,,wikipedia,2.0,2026-07-02
BOLLY_2002_1810_encounter_the_killing,Encounter: The Killing,Encounter: The Killing,2002,August,8,2002-08-09,Crime,Drama,Crime | Drama,No,,Ajay Phansekar,Naseeruddin Shah,Dilip Prabhavalkar,Naseeruddin Shah | Dilip Prabhavalkar | Tara Deshpande | Akash Khurana,Ajay Phansekar,,3.7695,D,,,,,,,,,,,,tt0375733,,,,,,,,,,hitFlop=1,Missing/Partial,,wikipedia,2.0,2026-07-02
BOLLY_2002_1811_filhaal,Filhaal...,Filhaal...,2002,February,2,2002-02-01,Drama,,Drama,No,,Meghna Gulzar,Tabu,Sushmita Sen,Tabu | Sushmita Sen | Sanjay Suri | Palash Sen,Meghna Gulzar,,5.0682,C,,,,,,,,,,,,tt0307866,5.7,,,,,,,,,hitFlop=1,Missing/Partial,,wikipedia,2.0,2026-07-02
BOLLY_2002_1812_gangobai,Gangobai,Gangobai,2002,August,8,2002-08-12,Action,,Action,No,,Jitendra Chawda,Prithvi,Satnam Kaur,Prithvi | Satnam Kaur | Durgesh Nandni | Kiran Kumar,Bashir Babar,,,,,,,,,,,,,,,tt0490417,,,,,,,,,,hitFlop=1,Missing/Partial,,wikipedia,2.0,2026-07-02
BOLLY_2002_1813_ghaav_the_wound,Ghaav: The Wound,Ghaav: The Wound,2002,,,,Action,Crime,Action | Crime | Drama,No,,Kumar Jay,Pankaj Berry,Rahul Bhat,Pankaj Berry | Rahul Bhat | Seema Biswas | Gayatri,,,1.0,D,,,,,,,,,,,,tt0391187,,,,,,,,,,hitFlop=1,Missing/Partial,,wikipedia,2.0,2026-07-02
BOLLY_2002_1814_gunaah,Gunaah,Gunaah,2002,October,10,2002-10-16,Crime,Drama,Crime | Drama,No,,Amol Shetge,Bipasha Basu,Dino Morea,Bipasha Basu | Dino Morea | Ashutosh Rana | Banjara,Mahesh Bhatt (screenplay) | Pranay Narayan (dialogue),,4.5712,D,1.2309,D,,,,,,,,,,tt0331256,3.5,,,,,,,,,hitFlop=2,Missing/Partial,,wikipedia,2.0,2026-07-02
BOLLY_2002_1815_the_guru,The Guru,The Guru,2002,February,2,2003-02-14,Comedy,Fantasy,Comedy | Fantasy | Music,No,,Daisy von Scherler Mayer,Jimi Mistry,Heather Graham,Jimi Mistry | Heather Graham | Marisa Tomei | Michael McKean,Tracey Jackson,,,,,,,,,,,,,,,tt0280720,,,,,,,,,,hitFlop=1,Missing/Partial,,wikipedia,2.0,2026-07-02
BOLLY_2002_1816_haan_maine_bhi_pyaar_kiya,Haan Maine Bhi Pyaar Kiya,Haan Maine Bhi Pyaar Kiya,2002,February,2,2002-02-15,Musical,Romance,Musical | Romance,No,,Dharmesh Darshan,Akshay Kumar,Karisma Kapoor,Akshay Kumar | Karisma Kapoor | Abhishek Bachchan | Kader Khan,Dharmesh Darshan (dialogue) | Dharmesh Darshan (screenplay) | Naseem Mukri (dialogue) | Raj Sinha (dialogue) | Raj Sinha (screenplay) | Raj Sinha (story),,6.3805,C,1.7248,D,,,,,,,,,,tt0308347,3.6,,,,,,,,,hitFlop=2,Missing/Partial,,wikipedia,2.0,2026-07-02
BOLLY_2002_1817_hathyar_face_to_face_with_reality,Hathyar: Face to Face with Reality,Hathyar: Face to Face with Reality,2002,October,10,2002-10-18,Action,Thriller,Action | Thriller | Crime,Yes,,Mahesh Manjrekar,Sanjay Dutt,Shilpa Shetty,Sanjay Dutt | Shilpa Shetty | Sharad S. Kapoor | Shakti Kapoor,Praveen Bhardwaj (lyrics) | Dev Kohli (lyrics) | Mahesh Manjrekar | Nitin Raikwar (lyrics) | Vineet Srinet (lyrics) | Sanjay Upadhyay (lyrics),,5.0026,C,1.4664,D,,,,,,,,,,tt0337633,5.7,,,,,,,,,hitFlop=2,Missing/Partial,,wikipedia,2.0,2026-07-02
BOLLY_2002_1818_hum_pyar_tumhi_se_kar_baithe,Hum Pyar Tumhi Se Kar Baithe,Hum Pyar Tumhi Se Kar Baithe,2002,November,11,2002-11-08,Musical,Romance,Musical | Romance,No,,Mohan Singh Rathor,Jugal Hansraj,Tina Rana,Jugal Hansraj | Tina Rana | Sachin Khedekar | Vishnu Sharma,Mohan Singh Rathor (dialogue) | Mohan Singh Rathor (screenplay) | Mohan Singh Rathor (story),,,,,,,,,,,,,,,tt0396057,2.0,,,,,,,,,hitFlop=1,Missing/Partial,,wikipedia,2.0,2026-07-02
BOLLY_2002_1819_hum_tumhare_hain_sanam,Hum Tumhare Hain Sanam,Hum Tumhare Hain Sanam,2002,May,5,2002-05-24,Drama,Romance,Drama | Romance,No,,K.S. Adiyaman,Shah Rukh Khan,Madhuri Dixit,Shah Rukh Khan | Madhuri Dixit | Salman Khan | Atul Agnihotri,K.S. Adiyaman | Arun Kumar (assistant dialogue) | Ashok Mehta (assistant dialogue) | Reema Rakesh Nath (dialogue),,9.2267,A,,,,,,,,,,,,tt0222024,5.4,,,,,,,,,hitFlop=4,Missing/Partial,,wikipedia,2.0,2026-07-02
BOLLY_2002_1820_humraaz,Humraaz,Humraaz,2002,July,7,2002-07-26,Action,Musical,Action | Musical | Mystery,No,,Abbas Alibhai Burmawalla | Mastan Alibhai Burmawalla,Bobby Deol,Akshaye Khanna,Bobby Deol | Akshaye Khanna | Ameesha Patel | Johnny Lever,Shiraz Ahmed (dialogue) | Shiraz Ahmed (screenplay) | Shiraz Ahmed (story) | Shyam Goel (dialogue) | Shyam Goel (screenplay) | Shyam Goel (story),,2.4272,D,3.6411,D,,,,,,,,,,tt0326576,6.4,,,,,,,,,hitFlop=4,Missing/Partial,,wikipedia,2.0,2026-07-02
BOLLY_2002_1821_jaani_dushman_ek_anokhi_kahani,Jaani Dushman: Ek Anokhi Kahani,Jaani Dushman: Ek Anokhi Kahani,2002,August,8,2002-08-16,Action,Fantasy,Action | Fantasy | Horror,No,,Rajkumar Kohli,Akshay Kumar,Atul Agnihotri,Akshay Kumar | Atul Agnihotri | Raj Babbar | Rajat Bedi,Naveena Bhandari (screenplay) | Ravi Shankar Jaiswal (additional dialogue) | Rajkumar Kohli (screenplay) | Rajendra Singh 'Atish' (idea) | K.K. Singh (dialogue),,6.3805,C,,,,,,,,,,,,tt0326983,2.7,,,,,,,,,hitFlop=2,Missing/Partial,,wikipedia,2.0,2026-07-02
BOLLY_2002_1822_jeena_sirf_merre_liye,Jeena Sirf Merre Liye,Jeena Sirf Merre Liye,2002,November,11,2002-11-20,Romance,,Romance,No,,Talat Jani,Vijayendra Ghatge,Kareena Kapoor,Vijayendra Ghatge | Kareena Kapoor | Tusshar Kapoor | Kader Khan,Bolu Khan (story) | Aman Jaffery (story) | Aman Jaffery (dialogue) | Rumi Jaffery (screenplay) | Bolu Khan (dialogue),,,,,,,,,,,,,,,tt0337652,4.0,,,,,,,,,hitFlop=2,Missing/Partial,,wikipedia,2.0,2026-07-02
BOLLY_2002_1823_kaaboo,Kaaboo,Kaaboo,2002,,,,Action,,Action,No,,Vicky Ranawat,Rajat Bedi,Sudesh Berry,Rajat Bedi | Sudesh Berry | Abhay Bhargav | Ishwar,,,2.3624,D,,,,,,,,,,,,tt0490434,0.0,,,,,,,,,hitFlop=1,Missing/Partial,,wikipedia,2.0,2026-07-02
BOLLY_2002_1824_kaante,Kaante,Kaante,2002,December,12,2002-12-20,Action,Crime,Action | Crime | Drama,No,,Sanjay Gupta,Amitabh Bachchan,Sanjay Dutt,Amitabh Bachchan | Sanjay Dutt | Sunil Shetty | Mahesh Manjrekar,Sanjay Gupta | Vinay | Yash | Milap Zaveri (dialogue),,7.0113,B,3.4703,D,,,,,,,,,,tt0294662,6.6,,,,,,,,,hitFlop=3,Missing/Partial,,wikipedia,2.0,2026-07-02
BOLLY_2002_1825_karz_the_burden_of_truth,Karz: The Burden of Truth,Karz: The Burden of Truth,2002,December,12,2002-12-06,Action,,Action,No,,Harry Baweja,Sunny Deol,Sunil Shetty,Sunny Deol | Sunil Shetty | Shilpa Shetty | Ashutosh Rana,Anees Bazmee (dialogue) | Anees Bazmee (screenplay) | Amit Khan (additional screenplay) | Atul Sharma (story),,3.3809,D,1.6165,D,,,,,,,,,,tt0342624,4.0,,,,,,,,,hitFlop=2,Missing/Partial,,wikipedia,2.0,2026-07-02
BOLLY_2002_1826_kitne_door_kitne_paas,Kitne Door... Kitne Paas,Kitne Door... Kitne Paas,2002,May,5,2002-05-01,Comedy,Romance,Comedy | Romance,No,,Mehul Kumar,Fardeen Khan,Amrita Arora,Fardeen Khan | Amrita Arora | Satish Shah | Tiku Talsania,Mehul Kumar (screenplay) | Mehul Kumar (story) | Imtiaz Patel (dialogue) | Imtiaz Patel (screenplay) | Yunus Sajawal (dialogue) | Yunus Sajawal (screenplay),,2.8821,D,1.0733,D,,,,,,,,,,tt0313395,4.5,,,,,,,,,hitFlop=1,Missing/Partial,,wikipedia,2.0,2026-07-02
BOLLY_2002_1827_koi_mere_dil_se_poochhe,Koi Mere Dil Se Poochhe,Koi Mere Dil Se Poochhe,2002,January,1,2002-01-11,Musical,Romance,Musical | Romance | Thriller,No,,Vinay Shukla,Jaya Bhaduri,Aftab Shivdasani,Jaya Bhaduri | Aftab Shivdasani | Sanjay Kapoor | Juliet Alburque,,,3.7158,D,,,,,,,,,,,,tt0306840,3.7,,,,,,,,,hitFlop=2,Missing/Partial,,wikipedia,2.0,2026-07-02
BOLLY_2002_1828_kranti,Kranti,Kranti,2002,March,3,2002-03-27,Drama,,Drama,No,,Naresh Malhotra,Vinod Khanna,Bobby Deol,Vinod Khanna | Bobby Deol | Ameesha Patel | Rati Agnihotri,Sanjay Masoom (dialogue),,4.0315,D,,,,,,,,,,,,tt0311411,4.0,,,,,,,,,hitFlop=2,Missing/Partial,,wikipedia,2.0,2026-07-02
BOLLY_2002_1829_kuch_tum_kaho_kuch_hum_kahein,Kuch Tum Kaho Kuch Hum Kahein,Kuch Tum Kaho Kuch Hum Kahein,2002,June,6,2002-06-28,Action,Drama,Action | Drama | Romance,No,,Ravi Sharma Shankar,Vikram Gokhale,Dinesh Hingoo,Vikram Gokhale | Dinesh Hingoo | Adi Irani | Farida Jalal,,,1.6945,D,,,,,,,,,,,,tt0327004,5.9,,,,,,,,,hitFlop=1,Missing/Partial,,wikipedia,2.0,2026-07-02
BOLLY_2002_1830_kya_yehi_pyaar_hai,Kya Yehi Pyaar Hai,Kya Yehi Pyaar Hai,2002,April,4,2002-04-10,Comedy,Musical,Comedy | Musical | Romance,No,,K. Muralimohana Rao,Jackie Shroff,Aftab Shivdasani,Jackie Shroff | Aftab Shivdasani | Ameesha Patel | Anupama Verma,Javed Siddiqui,,2.6163,D,,,,,,,,,,,,tt0312883,4.2,,,,,,,,,hitFlop=4,Missing/Partial,,wikipedia,2.0,2026-07-02
BOLLY_2002_1831_kyaa_dil_ne_kahaa,Kyaa Dil Ne Kahaa,Kyaa Dil Ne Kahaa,2002,June,6,2002-06-28,Family,Romance,Family | Romance,No,,Sanjay Chhel,Rajesh Khanna,Tusshar Kapoor,Rajesh Khanna | Tusshar Kapoor | Esha Deol | Raj Babbar,,,1.1394,D,,,,,,,,,,,,tt0327005,4.0,,,,,,,,,hitFlop=2,Missing/Partial,,wikipedia,2.0,2026-07-02
BOLLY_2002_1832_lal_salaam,Lal Salaam,Lal Salaam,2002,May,5,2002-05-03,Musical,Action,Musical | Action | Drama,No,,Gaganvihari Borate,Nandita Das,Sharad S. Kapoor,Nandita Das | Sharad S. Kapoor | Makrand Deshpande | Vijay Raaz,Suresh Dwadeshiwar (story) | Arshad Jamal,,2.2552,D,,,,,,,,,,,,tt0316154,6.5,,,,,,,,,hitFlop=1,Missing/Partial,,wikipedia,2.0,2026-07-02
BOLLY_2002_1833_the_legend_of_bhagat_singh,The Legend of Bhagat Singh,The Legend of Bhagat Singh,2002,June,6,2002-06-07,Biography,Drama,Biography | Drama | History,No,,Rajkumar Santoshi,Ajay Devgn,Sushant Singh,Ajay Devgn | Sushant Singh | D. Santosh | Akhilendra Mishra,Ranjit Kapoor (additional dialogue) | Piyush Mishra (Hindi dialogue) | Anjum Rajabali (English dialogue) | Anjum Rajabali (screenplay) | Rajkumar Santoshi (additional dialogue),,6.8713,C,2.744,D,,,,,,,,,,tt0319736,8.1,,,,,,,,,hitFlop=1,Missing/Partial,,wikipedia,2.0,2026-07-02
BOLLY_2002_1834_maa_tujhhe_salaam,Maa Tujhhe Salaam,Maa Tujhhe Salaam,2002,January,1,2002-01-25,Action,Drama,Action | Drama,No,,Tinnu Verma,Sunny Deol,Tabu,Sunny Deol | Tabu | Arbaaz Khan | Tinnu Verma,Ravi Shankar Jaiswal (additional dialogue) | Tinnu Verma (story),,3.3809,D,,,,,,,,,,,,tt0307116,3.7,,,,,,,,,hitFlop=3,Missing/Partial,,wikipedia,2.0,2026-07-02
BOLLY_2002_1835_maine_dil_tujhko_diya,Maine Dil Tujhko Diya,Maine Dil Tujhko Diya,2002,August,8,2002-08-23,Romance,Action,Romance | Action | Drama,No,,Sohail Khan,Sohail Khan,Sameera Reddy,Sohail Khan | Sameera Reddy | Sanjay Dutt | Kabir Bedi,Ranjeet Gupta (staff writer),,3.2917,D,,,,,,,,,,,,tt0326600,4.0,,,,,,,,,hitFlop=2,Missing/Partial,,wikipedia,2.0,2026-07-02
BOLLY_2002_1836_marshal,Marshal,Marshal,2002,,,,Action,,Action,No,,Manish R. Khandelwal,Ishrat Ali,Liyaqat Bari,Ishrat Ali | Liyaqat Bari | Mithun Chakraborty | Charulatha,,,1.6681,D,,,,,,,,,,,,tt0483282,10.0,,,,,,,,,hitFlop=1,Missing/Partial,,wikipedia,2.0,2026-07-02
BOLLY_2002_1837_maseeha,Maseeha,Maseeha,2002,December,12,2002-12-02,Action,Crime,Action | Crime | Drama,No,,Partho Ghosh,Sunil Shetty,Namrata Shirodkar,Sunil Shetty | Namrata Shirodkar | Inder Kumar | Manek Bedi,Pradeep Ghatak (screenplay) | Pradeep Ghatak (story) | Anwar Khan (dialogue) | Anwar Khan (screenplay),,3.3073,D,,,,,,,,,,,,tt0341458,0.0,,,,,,,,,hitFlop=1,Missing/Partial,,wikipedia,2.0,2026-07-02
BOLLY_2002_1838_mere_yaar_ki_shaadi_hai,Mere Yaar Ki Shaadi Hai,Mere Yaar Ki Shaadi Hai,2002,June,6,2002-06-07,Comedy,Drama,Comedy | Drama | Musical,No,,Sanjay Gadhvi,Uday Chopra,Tulip Joshi,Uday Chopra | Tulip Joshi | Jimmy Shergill | Bipasha Basu,Sanjay Gadhvi | Mayur Puri (dialogue) | Mayur Puri (screenplay),,4.4943,D,4.3755,D,,,,,,,,,,tt0322653,5.4,,,,,,,,,hitFlop=5,Missing/Partial,,wikipedia,2.0,2026-07-02
BOLLY_2002_1839_mujhse_dosti_karoge,Mujhse Dosti Karoge!,Mujhse Dosti Karoge!,2002,August,8,2002-08-09,Musical,Romance,Musical | Romance | Drama,No,,Kunal Kohli,Rani Mukerji,Hrithik Roshan,Rani Mukerji | Hrithik Roshan | Kareena Kapoor | Uday Chopra,Aditya Chopra | Kunal Kohli,,3.932,D,4.0747,D,,,,,,,,,,tt0272736,5.0,,,,,,,,,hitFlop=2,Missing/Partial,,wikipedia,2.0,2026-07-02
BOLLY_2002_1840_mulaqaat,Mulaqaat,Mulaqaat,2002,,,,Drama,Thriller,Drama | Thriller,No,,K. Ravi Shankar,Vinay Anand,Arun Bakshi,Vinay Anand | Arun Bakshi | Rita Bhaduri | Milind Gunaji,,,,,,,,,,,,,,,,tt0442606,,,,,,,,,,hitFlop=1,Missing/Partial,,wikipedia,2.0,2026-07-02
BOLLY_2002_1841_na_tum_jaano_na_hum,Na Tum Jaano Na Hum,Na Tum Jaano Na Hum,2002,May,5,2002-05-10,Comedy,Drama,Comedy | Drama | Musical,No,,Arjun Sablok,Saif Ali Khan,Hrithik Roshan,Saif Ali Khan | Hrithik Roshan | Esha Deol | Alok Nath,Pratibha Acharya (dialogue) | Arjun Sablok,,5.7211,C,,,,,,,,,,,,tt0248216,4.9,,,,,,,,,hitFlop=1,Missing/Partial,,wikipedia,2.0,2026-07-02
BOLLY_2002_1842_om_jai_jagadish,Om Jai Jagadish,Om Jai Jagadish,2002,July,7,2002-07-08,Drama,Musical,Drama | Musical,No,,Anupam Kher,Waheeda Rehman,Anil Kapoor,Waheeda Rehman | Anil Kapoor | Fardeen Khan | Abhishek Bachchan,Rumi Jaffery (dialogue) | Rahul Nanda,,,,,,,,,,,,,,,tt0327071,5.5,,,,,,,,,hitFlop=1,Missing/Partial,,wikipedia,2.0,2026-07-02
BOLLY_2002_1843_pitaah,Pitaah,Pitaah,2002,January,1,2002-01-04,Action,Drama,Action | Drama,No,,Mahesh Manjrekar,Sanjay Dutt,Nandita Das,Sanjay Dutt | Nandita Das | Sachin Khedekar | Tanvi Hegde,Ravi Shankar Jaiswal (additional dialogue) | Mahesh Manjrekar | K.K. Singh (dialogue) | Teja (screenplay) | Teja (story),,5.0026,C,1.4664,D,,,,,,,,,,tt0305455,6.4,,,,,,,,,hitFlop=2,Missing/Partial,,wikipedia,2.0,2026-07-02
BOLLY_2002_1844_pratha,Pratha,Pratha,2002,,,,Action,Drama,Action | Drama | Thriller,No,,Raja Bundela,Deepak Bandhu,Ashney Shroff,Deepak Bandhu | Ashney Shroff | Vicky Ahuja | Ravindra Bundela,,,,,,,,,,,,,,,,tt0392625,,,,,,,,,,hitFlop=1,Missing/Partial,,wikipedia,2.0,2026-07-02
BOLLY_2002_1845_pyaar_diwana_hota_hai,Pyaar Diwana Hota Hai,Pyaar Diwana Hota Hai,2002,April,4,2002-04-26,Romance,Drama,Romance,No,,Kirti Kumar,Rani Mukerji,Govinda,Rani Mukerji | Govinda | Om Puri | Laxmikant Berde,S.M. Ahale (screenplay) | Shashi (story) | Javed Siddiqui (dialogue),,3.932,D,,,,,,,,,,,,tt0274019,3.9,,,,,,,,,hitFlop=1,Missing/Partial,,wikipedia,2.0,2026-07-02
BOLLY_2002_1846_pyaasa,Pyaasa,Pyaasa,2002,October,10,2002-10-11,Romance,Drama,Romance | Drama | Musical,No,,A. Muthu,Aftab Shivdasani,Anang Desai,Aftab Shivdasani | Anang Desai | Dinesh Hingoo | Smita Jaykar,,,2.7284,D,,,,,,,,,,,,tt0335592,0.0,,,,,,,,,hitFlop=1,Missing/Partial,,wikipedia,2.0,2026-07-02
BOLLY_2002_1847_rishtey,Rishtey,Rishtey,2002,December,12,2002-12-06,Family,Drama,Family,No,,Indra Kumar,Anil Kapoor,Karisma Kapoor,Anil Kapoor | Karisma Kapoor | Shilpa Shetty | Kaivalya Chheda,Rajeev Kaul (screenplay) | Rajeev Kaul (story) | Tanveer Khan (dialogue) | Praful Parekh (screenplay) | Praful Parekh (story),,5.6087,C,4.1206,D,,,,,,,,,,tt0341549,4.8,,,,,,,,,hitFlop=2,Missing/Partial,,wikipedia,2.0,2026-07-02
BOLLY_2002_1848_road,Road,Road,2002,September,9,2002-09-27,Thriller,,Thriller,No,,Rajat Mukherjee,Manoj Bajpayee,Vivek Oberoi,Manoj Bajpayee | Vivek Oberoi | Antara Mali | Sayaji Shinde,Rajnish Thakur,,2.1847,D,2.0315,D,,,,,,,,,,tt0315632,5.7,,,,,,,,,hitFlop=3,Missing/Partial,,wikipedia,2.0,2026-07-02
BOLLY_2002_1849_saathiya,Saathiya,Saathiya,2002,December,12,2002-12-20,Drama,Romance,Drama | Romance,No,,Shaad Ali,Vivek Oberoi,Rani Mukerji,Vivek Oberoi | Rani Mukerji | Tanuja | Satish Shah,Mani Ratnam (story) | Gulzar (dialogue),,3.486,D,5.2612,C,,,,,,,,,,tt0330843,6.8,,,,,,,,,hitFlop=5,Missing/Partial,,wikipedia,2.0,2026-07-02
BOLLY_2002_1850_shakthi_the_power,Shakthi: The Power,Shakthi: The Power,2002,September,9,2002-09-20,Action,Drama,Action | Drama,No,,Krishna Vamshi,Karisma Kapoor,Nana Patekar,Karisma Kapoor | Nana Patekar | Sanjay Kapoor | Jai Gidwani,Krishna Vamshi (screenplay) | Kamal Pandey (dialogue),,3.6993,D,,,,,,,,,,,,tt0331639,6.1,,,,,,,,,hitFlop=2,Missing/Partial,,wikipedia,2.0,2026-07-02
BOLLY_2002_1851_soch,Soch,Soch,2002,August,8,2002-08-23,Thriller,,Thriller,No,,Sushen Bhatnagar,Sanjay Kapoor,Raveena Tandon,Sanjay Kapoor | Raveena Tandon | Aditi Govitrikar | Arbaaz Khan,Sushen Bhatnagar (screenplay) | Atul Tiwari (dialogue),,5.4625,C,,,,,,,,,,,,tt0329620,0.0,,,,,,,,,hitFlop=1,Missing/Partial,,wikipedia,2.0,2026-07-02
BOLLY_2002_1852_sur_the_melody_of_life,Sur: The Melody of Life,Sur: The Melody of Life,2002,September,9,2002-09-13,Drama,Musical,Drama | Musical,No,,Tanuja Chandra,Lucky Ali,Simone Singh,Lucky Ali | Simone Singh | Achint Kaur | Ehsan Khan,Tanuja Chandra | Vibha Singh (dialogue),,,,1.0907,D,,,,,,,,,,tt0332766,,,,,,,,,,hitFlop=1,Missing/Partial,,wikipedia,2.0,2026-07-02
BOLLY_2002_1853_tumko_na_bhool_paayenge,Tumko Na Bhool Paayenge,Tumko Na Bhool Paayenge,2002,February,2,2002-02-24,Action,Drama,Action | Drama | Mystery,No,,Pankaj Parashar,Salman Khan,Sushmita Sen,Salman Khan | Sushmita Sen | Dia Mirza | Sharat Saxena,Rumi Jaffery,,9.2082,A,1.2133,D,,,,,,,,,,tt0310254,5.7,,,,,,,,,hitFlop=2,Missing/Partial,,wikipedia,2.0,2026-07-02
BOLLY_2002_1854_vadh,Vadh,Vadh,2002,March,3,2002-03-29,Mystery,Thriller,Mystery | Thriller,No,,Nana Patekar,Nana Patekar,Anupama Verma,Nana Patekar | Anupama Verma | Puru Rajkumar | Nakhul,,,4.0525,D,,,,,,,,,,,,tt0313743,6.2,,,,,,,,,hitFlop=1,Missing/Partial,,wikipedia,2.0,2026-07-02
BOLLY_2002_1855_waah_tera_kya_kehna,Waah! Tera Kya Kehna,Waah! Tera Kya Kehna,2002,November,11,2002-11-01,Comedy,,Comedy,No,,Manoj Agrawal,Govinda,Raveena Tandon,Govinda | Raveena Tandon | Preeti Jhangiani | Shakti Kapoor,Rajeev Kaul,,4.7856,D,,,,,,,,,,,,tt0339878,3.7,,,,,,,,,hitFlop=1,Missing/Partial,,wikipedia,2.0,2026-07-02
BOLLY_2002_1856_yeh_dil_aashiqanaa,Yeh Dil Aashiqanaa,Yeh Dil Aashiqanaa,2002,,,,Action,Romance,Action | Romance,No,,Sandesh Kohli,Jividha Sharma,Mohan Azaad,Jividha Sharma | Mohan Azaad | Arun Bakshi | Rajat Bedi,,,,,,,,,,,,,,,,tt0307682,4.4,,,,,,,,,hitFlop=4,Missing/Partial,,wikipedia,2.0,2026-07-02
BOLLY_2002_1857_yeh_hai_jalwa,Yeh Hai Jalwa,Yeh Hai Jalwa,2002,July,7,2002-07-03,Comedy,Drama,Comedy | Drama | Romance,No,,David Dhawan,Rishi Kapoor,Salman Khan,Rishi Kapoor | Salman Khan | Ameesha Patel | Rati Agnihotri,Rumi Jaffery (dialogue) | Imtiaz Patel (screenplay) | Imtiaz Patel (story) | Yunus Sajawal (screenplay) | Yunus Sajawal (story),,4.4084,D,4.7408,D,,,,,,,,,,tt0328671,4.8,,,,,,,,,hitFlop=2,Missing/Partial,,wikipedia,2.0,2026-07-02
BOLLY_2002_1858_yeh_kaisi_mohabbat,Yeh Kaisi Mohabbat,Yeh Kaisi Mohabbat,2002,May,5,2002-05-31,Musical,Drama,Musical | Drama | Romance,No,,Dinkar Kapur,Krishna Abhishek,Viveka Babajee,Krishna Abhishek | Viveka Babajee | Sheeba Bhakri | Deeksha,Y.N. Kapoor,,,,,,,,,,,,,,,tt0316911,,,,,,,,,,hitFlop=1,Missing/Partial,,wikipedia,2.0,2026-07-02
BOLLY_2002_1859_yeh_kya_ho_raha_hai,Yeh Kya Ho Raha Hai?,Yeh Kya Ho Raha Hai?,2002,October,10,2002-10-11,Comedy,Romance,Comedy | Romance,No,,Hansal Mehta,Prashant Chianani,Aamir Ali Malik,Prashant Chianani | Aamir Ali Malik | Vaibhav Jhalani | Yash Pandit,Suparn Verma (story) | Suparn Verma (screenplay),,,,1.4466,D,,,,,,,,,,tt0338566,,,,,,,,,,hitFlop=2,Missing/Partial,,wikipedia,2.0,2026-07-02
BOLLY_2002_1860_yeh_mohabbat_hai,Yeh Mohabbat Hai,Yeh Mohabbat Hai,2002,February,2,2002-02-08,Action,Romance,Action | Romance,No,,Umesh Mehra,Akanksha Malhotra,Rahul Bhat,Akanksha Malhotra | Rahul Bhat | Nasir Khan | Pinky Campbell,Usmon Azim (screenplay) | Rafiq Talukdar (screenplay) | Milap Zaveri (dialogue),,,,,,,,,,,,,,,tt0309087,5.2,,,,,,,,,hitFlop=1,Missing/Partial,,wikipedia,2.0,2026-07-02
BOLLY_2002_1861_zindagi_khoobsoorat_hai,Zindagi Khoobsoorat Hai,Zindagi Khoobsoorat Hai,2002,October,10,2002-10-04,Drama,Family,Drama | Family,No,,Manoj Punj,Gurdas Mann,Tabu,Gurdas Mann | Tabu | Ashish Vidyarthi | Rajit Kapoor,,,,,,,,,,,,,,,,tt0340464,10.0,,,,,,,,,hitFlop=1,Missing/Partial,,wikipedia,2.0,2026-07-02
BOLLY_2003_1862_2_october,2 October,2 October,2003,,,,Crime,,Crime,No,,Sunil Tiwari,Ashutosh Rana,Saadhika,Ashutosh Rana | Saadhika | Sharat Saxena | Rocky Verma,,,2.1792,D,,,,,,,,,,,,tt0463279,,,,,,,,,,hitFlop=1,Missing/Partial,,wikipedia,2.0,2026-07-02
BOLLY_2003_1863_88_antop_hill,88 Antop Hill,88 Antop Hill,2003,June,6,2003-06-27,Thriller,,Thriller,No,,Kushan Nandy,Atul Kulkarni,Rahul Dev,Atul Kulkarni | Rahul Dev | Suchitra Pillai-Malik | Shweta Menon,Kushan Nandy (story) | Kiran Shroff (story),,2.7736,D,,,,,,,,,,,,tt0349058,0.0,,,,,,,,,hitFlop=1,Missing/Partial,,wikipedia,2.0,2026-07-02
BOLLY_2003_1864_aanch,Aanch,Aanch,2003,September,9,2003-09-26,Drama,,Drama,No,,Rajesh Kumar Singh,Arun Bakshi,Suchindra Bali,Arun Bakshi | Suchindra Bali | Poonam Jhawer | Ayesha Jhulka,Kamal Pandey,,1.9253,D,,,,,,,,,,,,tt0389726,8.0,,,,,,,,,hitFlop=1,Missing/Partial,,wikipedia,2.0,2026-07-02
BOLLY_2003_1865_aapko_pehle_bhi_kahin_dekha_hai,Aapko Pehle Bhi Kahin Dekha Hai,Aapko Pehle Bhi Kahin Dekha Hai,2003,January,1,2003-01-10,Action,Comedy,Action | Comedy | Drama,No,,Anubhav Sinha,Pummy Brar,Priyanshu Chatterjee,Pummy Brar | Priyanshu Chatterjee | Crystal | Harry,Shashank Dabral | Nitin Raikwar (lyrics) | Rajan Raj (lyrics) | Sameer (lyrics) | Anubhav Sinha (dialogue),,,,3.0566,D,,,,,,,,,,tt0348521,4.7,,,,,,,,,hitFlop=1,Missing/Partial,,wikipedia,2.0,2026-07-02
BOLLY_2003_1866_andaaz,Andaaz,Andaaz,2003,May,5,2003-05-23,Drama,Musical,Drama | Musical | Romance,No,,Raj Kanwar,Akshay Kumar,Lara Dutta,Akshay Kumar | Lara Dutta | Priyanka Chopra | Rajeev Verma,Robin Bhatt (screenplay) | Shyam Goel (screenplay) | Jainendra Jain (dialogue) | Raj Kanwar (story),,6.3805,C,3.0499,D,,,,,,,,,,tt0346507,5.2,,,,,,,,,hitFlop=6,Missing/Partial,,wikipedia,2.0,2026-07-02
BOLLY_2003_1867_armaan,Armaan,Armaan,2003,May,5,2003-05-16,Drama,Family,Drama | Family | Romance,No,,Honey Irani,Amitabh Bachchan,Anil Kapoor,Amitabh Bachchan | Anil Kapoor | Preity Zinta | Gracy Singh,Javed Akhtar (dialogue) | Javed Akhtar (screenplay) | Honey Irani (screenplay) | Honey Irani (story),,7.0113,B,,,,,,,,,,,,tt0331851,5.3,,,,,,,,,hitFlop=2,Missing/Partial,,wikipedia,2.0,2026-07-02
BOLLY_2003_1868_baaz_a_bird_in_danger,Baaz: A Bird in Danger,Baaz: A Bird in Danger,2003,February,2,2003-02-07,Thriller,,Thriller,No,,Tinnu Verma,Jackie Shroff,Sunil Shetty,Jackie Shroff | Sunil Shetty | Karisma Kapoor | Dino Morea,Shyam Goel (story) | Sanjay Masoom (dialogues) | Mehboob (lyrics),,2.6163,D,,,,,,,,,,,,tt0349115,3.4,,,,,,,,,hitFlop=1,Missing/Partial,,wikipedia,2.0,2026-07-02
BOLLY_2003_1869_baghban,Baghban,Baghban,2003,October,10,2003-10-03,Drama,Romance,Drama | Romance,No,,Ravi Chopra,Amitabh Bachchan,Hema Malini,Amitabh Bachchan | Hema Malini | Aman Verma | Samir Soni,Shafiq Ansari (screenplay) | Satish Bhatnagar (screenplay) | B.R. Chopra (story) | Ram Govind (screenplay) | Achala Nagar (dialogue) | Achala Nagar (screenplay),,7.0113,B,,,,,,,,,,,,tt0337578,7.4,,,,,,,,,hitFlop=6,Missing/Partial,,wikipedia,2.0,2026-07-02
BOLLY_2003_1870_basti,Basti,Basti,2003,August,8,2003-08-08,Action,Crime,Action | Crime,No,,,Sadashiv Amrapurkar,Liyaqat Bari,Sadashiv Amrapurkar | Liyaqat Bari | Brij Gopal | Rajendra Gupta,,,1.7491,D,,,,,,,,,,,,tt0377126,,,,,,,,,,hitFlop=1,Missing/Partial,,wikipedia,2.0,2026-07-02
BOLLY_2003_1871_bhoot,Bhoot,Bhoot,2003,May,5,2003-05-30,Horror,Thriller,Horror | Thriller,No,,Ram Gopal Varma,Ajay Devgn,Urmila Matondkar,Ajay Devgn | Urmila Matondkar | Nana Patekar | Rekha,Lalit Marathe | Sameer Sharma,,6.8713,C,3.7435,D,,,,,,,,,,tt0341266,6.4,,,,,,,,,hitFlop=6,Missing/Partial,,wikipedia,2.0,2026-07-02
BOLLY_2003_1872_bollywood_bound,Bollywood Bound,Bollywood Bound,2003,January,1,2003-01-14,Documentary,,Documentary,No,,Nisha Pahuja,Neeru Bajwa,Ruby Bhatia,Neeru Bajwa | Ruby Bhatia | Vekeana Dhillon | Vikram Dhillon,,,,,,,,,,,,,,,,tt0296535,,,,,,,,,,hitFlop=1,Missing/Partial,,wikipedia,2.0,2026-07-02
BOLLY_2003_1873_boom,Boom,Boom,2003,September,9,2003-09-19,Action,Crime,Action | Crime | Mystery,No,,Kaizad Gustad,Amitabh Bachchan,Jackie Shroff,Amitabh Bachchan | Jackie Shroff | Gulshan Grover | Padma Lakshmi,Kaizad Gustad,,7.0113,B,,,,,,,,,,,,tt0330082,,,,,,,,,,hitFlop=2,Missing/Partial,,wikipedia,2.0,2026-07-02
BOLLY_2003_1874_border_hindustan_ka,Border Hindustan Ka,Border Hindustan Ka,2003,June,6,2003-06-20,Action,Romance,Action | Romance,No,,Yogesh Bharadwaj,Faisal Khan,Rajat Bedi,Faisal Khan | Rajat Bedi | Aditya Pancholi | Priya Gill,,,,,,,,,,,,,,,,tt0385564,,,,,,,,,,hitFlop=1,Missing/Partial,,wikipedia,2.0,2026-07-02
BOLLY_2003_1875_calcutta_mail,Calcutta Mail,Calcutta Mail,2003,June,6,2003-06-30,Thriller,,Thriller,No,,Sudhir Mishra,Anil Kapoor,Rani Mukerji,Anil Kapoor | Rani Mukerji | Manisha Koirala | Satish Kaushik,Gunasekhar (story) | Sudhir Mishra (screenplay) | Ruchi Narain (screenplay) | Saurabh Shukla (dialogue) | Saurabh Shukla (screenplay),,5.6087,C,1.6302,D,,,,,,,,,,tt0366276,5.7,,,,,,,,,hitFlop=1,Missing/Partial,,wikipedia,2.0,2026-07-02
BOLLY_2003_1876_chalte_chalte,Chalte Chalte,Chalte Chalte,2003,June,6,2003-06-13,Drama,Romance,Drama | Romance,No,,Aziz Mirza,Shah Rukh Khan,Rani Mukerji,Shah Rukh Khan | Rani Mukerji | Jas Arora | Satish Shah,Aziz Mirza (story) | Robin Bhatt (story) | Aziz Mirza (screenplay) | Robin Bhatt (screenplay) | Pramod Sharma (dialogue) | Ashish Kariya (dialogue) | Rumi Jaffery (dialogue),,9.2267,A,,,,,,,,,,,,tt0346723,6.5,,,,,,,,,hitFlop=6,Missing/Partial,,wikipedia,2.0,2026-07-02
BOLLY_2003_1877_chori_chori,Chori Chori,Chori Chori,2003,August,8,2003-08-01,Comedy,Romance,Comedy | Romance | Musical,No,,Milan Luthria,Ajay Devgn,Sonali Bendre,Ajay Devgn | Sonali Bendre | Rani Mukerji | Kamini Kaushal,,,6.8713,C,3.6283,D,,,,,,,,,,tt0326805,4.9,,,,,,,,,hitFlop=1,Missing/Partial,,wikipedia,2.0,2026-07-02
BOLLY_2003_1878_chupke_se,Chupke Se,Chupke Se,2003,September,9,2003-09-12,Comedy,Musical,Comedy | Musical | Romance,No,,Shona Urvashi,Zulfi Sayed,Masumeh Makhija,Zulfi Sayed | Masumeh Makhija | Rati Agnihotri | Tinnu Anand,Abbas Tyrewala | Shona Urvashi,,,,,,,,,,,,,,,tt0381090,5.0,,,,,,,,,hitFlop=1,Missing/Partial,,wikipedia,2.0,2026-07-02
BOLLY_2003_1879_chura_liyaa_hai_tumne,Chura Liyaa Hai Tumne,Chura Liyaa Hai Tumne,2003,March,3,2003-03-21,Action,Drama,Action | Drama | Mystery,No,,Sangeeth Sivan,Zayed Khan,Esha Deol,Zayed Khan | Esha Deol | Gulshan Grover | Rakhi Sawant,Venita Coelho (screenplay) | Sanjay Masoom (additional dialogue) | Vibha Singh (dialogue),,2.9243,D,2.7482,D,,,,,,,,,,tt0345043,,,,,,,,,,hitFlop=1,Missing/Partial,,wikipedia,2.0,2026-07-02
BOLLY_2003_1880_darna_mana_hai,Darna Mana Hai,Darna Mana Hai,2003,July,7,2003-07-25,Horror,Adventure,Horror | Adventure,No,,Prawaal Raman,Sameera Reddy,Antara Mali,Sameera Reddy | Antara Mali | Sohail Khan | Saif Ali Khan,Atul Sabharwal | Rajnish Thakur | Abbas Tyrewala,,3.4129,D,,,,,,,,,,,,tt0349333,6.3,,,,,,,,,hitFlop=3,Missing/Partial,,wikipedia,2.0,2026-07-02
BOLLY_2003_1881_dhoop,Dhoop,Dhoop,2003,November,11,2003-11-07,Drama,,Drama,No,,Ashwini Chaudhary,Om Puri,Revathy,Om Puri | Revathy | Gul Panag | Preeti Dayal,Kumud Chaudhary (dialogue) | Kumud Chaudhary (story) | Sanjay Chauhan (dialogue),,4.1779,D,1.4475,D,,,,,,,,,,tt0387164,4.0,,,,,,,,,hitFlop=1,Missing/Partial,,wikipedia,2.0,2026-07-02
BOLLY_2003_1882_dhund_the_fog,Dhund: The Fog,Dhund: The Fog,2003,February,2,2003-02-21,Adventure,Thriller,Adventure | Thriller,No,,Shyam Ramsay,Amar Upadhyaya,Aditi Govitrikar,Amar Upadhyaya | Aditi Govitrikar | Apoorva Agnihotri | Divya Palat,S. Kahn (screenplay) | Sajeev Kapoor (dialogue),,,,1.0115,D,,,,,,,,,,tt0353351,6.0,,,,,,,,,hitFlop=1,Missing/Partial,,wikipedia,2.0,2026-07-02
BOLLY_2003_1883_dil_ka_rishta,Dil Ka Rishta,Dil Ka Rishta,2003,January,1,2003-01-17,Romance,Musical,Romance,No,,Naresh Malhotra,Arjun Rampal,Aishwarya Rai Bachchan,Arjun Rampal | Aishwarya Rai Bachchan | Priyanshu Chatterjee | Rakhee Gulzar,Shabbir Boxwala | Vrinda Rai (story) | Naeem Sha (dialogue),,3.8011,D,,,,,,,,,,,,tt0330217,4.9,,,,,,,,,hitFlop=2,Missing/Partial,,wikipedia,2.0,2026-07-02
BOLLY_2003_1884_dil_pardesi_ho_gayaa,Dil Pardesi Ho Gayaa,Dil Pardesi Ho Gayaa,2003,December,12,2003-12-12,Romance,Drama,Romance | Drama,No,,Saawan Kumar Tak,Kapil Jhaveri,Saloni Aswani,Kapil Jhaveri | Saloni Aswani | Amrish Puri | Ashutosh Rana,Shyam Gupta (dialogue) | Shyam Gupta (screenplay) | Saawan Kumar Tak (story),,,,,,,,,,,,,,,tt0391079,4.9,,,,,,,,,hitFlop=1,Missing/Partial,,wikipedia,2.0,2026-07-02
BOLLY_2003_1885_dum,Dum,Dum,2003,January,1,2003-01-24,Crime,,Crime,No,,Eeshwar Nivas,Vivek Oberoi,Dia Mirza,Vivek Oberoi | Dia Mirza | Atul Kulkarni | Mukesh Rishi,Mehran (dialogue) | Mehran (screenplay) | Eeshwar Nivas (screenplay) | Bunty Soorma (story),,3.486,D,1.3951,D,,,,,,,,,,tt0314006,5.7,,,,,,,,,hitFlop=2,Missing/Partial,,wikipedia,2.0,2026-07-02
BOLLY_2003_1886_ek_aur_ek_gyarah_by_hook_or_by_crook,Ek Aur Ek Gyarah: By Hook or by Crook,Ek Aur Ek Gyarah: By Hook or by Crook,2003,March,3,2003-03-28,Action,Comedy,Action | Comedy | Musical,No,,David Dhawan,Sanjay Dutt,Govinda,Sanjay Dutt | Govinda | Amrita Arora | Nandini Singh,Aman Jaffery (dialogue) | Shahnawaz Ahmed Kenny (scenario) | Bolu Khan (dialogue) | Yunus Sajawal (screenplay),,5.0026,C,4.7408,D,,,,,,,,,,tt0354538,6.0,,,,,,,,,hitFlop=3,Missing/Partial,,wikipedia,2.0,2026-07-02
BOLLY_2003_1887_ek_din_24_ghante,Ek Din 24 Ghante,Ek Din 24 Ghante,2003,November,11,2003-11-07,Thriller,,Thriller,No,,Anant Balani,Rahul Bose,Ahmed Chaudhary,Rahul Bose | Ahmed Chaudhary | Nandita Das | Vinit Kumar,,,2.3217,D,1.2317,D,,,,,,,,,,tt0380337,,,,,,,,,,hitFlop=1,Missing/Partial,,wikipedia,2.0,2026-07-02
BOLLY_2003_1888_ek_hindustani,Ek Hindustani,Ek Hindustani,2003,,,,Action,,Action,No,,Tinnu Anand,Sunil Shetty,Raveena Tandon,Sunil Shetty | Raveena Tandon | Mohan Joshi | Mohnish Bahl,Santosh Saroj,,3.3073,D,,,,,,,,,,,,tt0337998,,,,,,,,,,hitFlop=1,Missing/Partial,,wikipedia,2.0,2026-07-02
BOLLY_2003_1889_escape_from_taliban,Escape from Taliban,Escape from Taliban,2003,February,2,2003-02-14,Drama,Thriller,Drama | Thriller | War,No,,Ujjwal Chatterjee,Manisha Koirala,Nawab Shah,Manisha Koirala | Nawab Shah | Vineeta Malik | Prithvi Zutshi,Sushmita Banerjee (book) | Ujjwal Chatterjee (screenplay) | Shubhrajyoti (dialogue),,2.7949,D,,,,,,,,,,,,tt0312664,4.5,,,,,,,,,hitFlop=1,Missing/Partial,,wikipedia,2.0,2026-07-02
BOLLY_2003_1890_footpath,Footpath,Footpath,2003,August,8,2003-08-15,Action,Crime,Action | Crime | Drama,No,,Vikram Bhatt,Aftab Shivdasani,Bipasha Basu,Aftab Shivdasani | Bipasha Basu | Rahul Dev | Emraan Hashmi,Mahesh Bhatt (screenplay) | Girish Dhamija (dialogue) | Vibha Singh (screenplay),,2.7284,D,2.9028,D,,,,,,,,,,tt0374660,5.4,,,,,,,,,hitFlop=2,Missing/Partial,,wikipedia,2.0,2026-07-02
BOLLY_2003_1891_fun2shh_dudes_in_the_10th_century,Fun2shh... Dudes in the 10th Century,Fun2shh... Dudes in the 10th Century,2003,December,12,2003-12-19,Comedy,,Comedy,No,,Imtiaz Punjabi,Kavi Kumar Azad,Amitabh Bachchan,Kavi Kumar Azad | Amitabh Bachchan | Charlie | Sweety Chhabra,Rajesh Khattar (screenplay) | Imtiaz Punjabi (story) | Praveen Raj (screenplay),,,,,,,,,,,,,,,tt0391165,3.5,,,,,,,,,hitFlop=2,Missing/Partial,,wikipedia,2.0,2026-07-02
BOLLY_2003_1892_gangaajal,Gangaajal,Gangaajal,2003,August,8,2003-08-29,Crime,Drama,Crime | Drama,No,,Prakash Jha,Ajay Devgn,Gracy Singh,Ajay Devgn | Gracy Singh | Mohan Joshi | Yashpal Sharma,Prakash Jha (screenplay),,6.8713,C,3.6075,D,,,,,,,,,,tt0373856,7.8,,,,,,,,,hitFlop=4,Missing/Partial,,wikipedia,2.0,2026-07-02
BOLLY_2003_1893_haasil,Haasil,Haasil,2003,May,5,2003-05-16,Crime,Drama,Crime | Drama | Romance,No,,Tigmanshu Dhulia,Jimmy Shergill,Hrishitaa Bhatt,Jimmy Shergill | Hrishitaa Bhatt | Irrfan Khan | Ashutosh Rana,Tigmanshu Dhulia (dialogue) | Tigmanshu Dhulia (script) | Tigmanshu Dhulia (story),,2.7981,D,1.6059,D,,,,,,,,,,tt0362696,7.6,,,,,,,,,hitFlop=1,Missing/Partial,,wikipedia,2.0,2026-07-02
BOLLY_2003_1894_hawa,Hawa,Hawa,2003,July,7,2003-07-04,Horror,Thriller,Horror | Thriller,No,,Guddu Dhanoa,Tabu,Shahbaaz Khan,Tabu | Shahbaaz Khan | Mukesh Tiwari | Imran Khan,Sutanu Gupta (screenplay) | Sutanu Gupta (story) | Sanjay Masoom (dialogue),,5.0682,C,1.2825,D,,,,,,,,,,tt0369516,3.3,,,,,,,,,hitFlop=3,Missing/Partial,,wikipedia,2.0,2026-07-02
BOLLY_2003_1895_hawayein,Hawayein,Hawayein,2003,August,8,2003-08-22,Drama,Romance,Drama | Romance,No,,Ammtoje Mann,Babbu Mann,Ammtoje Mann,Babbu Mann | Ammtoje Mann | Mahie Gill | Mukul Dev,Ammtoje Mann (screenplay) | Harjit Singh (dialogue),,,,,,,,,,,,,,,tt0378025,7.2,,,,,,,,,hitFlop=1,Missing/Partial,,wikipedia,2.0,2026-07-02
BOLLY_2003_1896_the_hero_love_story_of_a_spy,The Hero: Love Story of a Spy,The Hero: Love Story of a Spy,2003,April,4,2003-04-10,Action,Adventure,Action | Adventure | Drama,No,,Anil Sharma,Sunny Deol,Preity Zinta,Sunny Deol | Preity Zinta | Priyanka Chopra | Amrish Puri,Shaktimaan Talwar,,3.3809,D,5.7345,C,,,,,,,,,,tt0347167,5.5,,,,,,,,,hitFlop=3,Missing/Partial,,wikipedia,2.0,2026-07-02
BOLLY_2003_1897_humein_tumse_pyar_ho_gaya_chupke_chupke,Humein Tumse Pyar Ho Gaya Chupke Chupke,Humein Tumse Pyar Ho Gaya Chupke Chupke,2003,,,,Drama,,Drama,No,,Pramod Mandloi,Meghna Desai,Siddharth Dhawan,Meghna Desai | Siddharth Dhawan | Dinesh Hingoo | Shakti Kapoor,,,,,,,,,,,,,,,,tt0829200,0.0,,,,,,,,,hitFlop=1,Missing/Partial,,wikipedia,2.0,2026-07-02
BOLLY_2003_1898_hungama,Hungama,Hungama,2003,August,8,2003-08-01,Comedy,Drama,Comedy | Drama | Romance,No,,Priyadarshan,Akshaye Khanna,Aftab Shivdasani,Akshaye Khanna | Aftab Shivdasani | Rimi Sen | Paresh Rawal,Priyadarshan (story) | Priyadarshan (screenplay) | Neeraj Vora (dialogue),,3.3625,D,3.8472,D,,,,,,,,,,tt0371735,7.6,,,,,,,,,hitFlop=5,Missing/Partial,,wikipedia,2.0,2026-07-02
BOLLY_2003_1899_inteha,Inteha,Inteha,2003,October,10,2003-10-24,Romance,Musical,Romance | Musical | Drama,No,,Vikram Bhatt,Nauheed Cyrusi,Avtar Gill,Nauheed Cyrusi | Avtar Gill | Vidya Malvade | Ashmit Patel,Mahesh Bhatt | Girish Dhamija (dialogue),,1.0,D,2.9028,D,,,,,,,,,,tt0385782,5.3,,,,,,,,,hitFlop=1,Missing/Partial,,wikipedia,2.0,2026-07-02
BOLLY_2003_1900_ishq_vishk,Ishq Vishk,Ishq Vishk,2003,April,4,2003-04-10,Comedy,Romance,Comedy | Romance,No,,Ken Ghosh,Shahid Kapoor,Amrita Rao,Shahid Kapoor | Amrita Rao | Shenaz Treasury | Vishal Malhotra,Ken Ghosh (story) | Kiran Kotrial (dialogue) | Vinod Ranganathan (screenplay),,5.7659,C,2.1915,D,,,,,,,,,,tt0362771,6.1,,,,,,,,,hitFlop=4,Missing/Partial,,wikipedia,2.0,2026-07-02
BOLLY_2003_1901_jaal_the_trap,Jaal: The Trap,Jaal: The Trap,2003,July,7,2003-07-18,Action,Musical,Action | Musical | Drama,No,,Guddu Dhanoa,Sunny Deol,Tabu,Sunny Deol | Tabu | Reema Sen | Anupam Kher,Rajeev Kaul | Praful Parekh,,3.3809,D,1.2825,D,,,,,,,,,,tt0340178,4.3,,,,,,,,,hitFlop=1,Missing/Partial,,wikipedia,2.0,2026-07-02
BOLLY_2003_1902_jajantaram_mamantaram,Jajantaram Mamantaram,Jajantaram Mamantaram,2003,May,5,2003-05-30,Fantasy,Family,Fantasy | Family,No,,Soumitra Ranade,Javed Jaffrey,Gulshan Grover,Javed Jaffrey | Gulshan Grover | Joy Fernandes | Nishith Dadhich,,,1.223,D,,,,,,,,,,,,tt0368811,6.0,,,,,,,,,hitFlop=1,Missing/Partial,,wikipedia,2.0,2026-07-02
BOLLY_2003_1903_janasheen,Janasheen,Janasheen,2003,September,9,2003-09-12,Musical,Action,Musical | Action | Drama,No,,Feroz Khan,Feroz Khan,Fardeen Khan,Feroz Khan | Fardeen Khan | Celina Jaitly | Pinky Harwani,Shiraz Ahmed (screenplay) | Feroz Khan | Kamlesh Pandey (dialogue) | Suparn Verma (screenplay) | Suparn Verma (story),,,,,,,,,,,,,,,tt0366630,3.1,,,,,,,,,hitFlop=2,Missing/Partial,,wikipedia,2.0,2026-07-02
BOLLY_2003_1904_jhankaar_beats,Jhankaar Beats,Jhankaar Beats,2003,June,6,2003-06-20,Comedy,Musical,Comedy | Musical | Romance,No,,Sujoy Ghosh,Sanjay Suri,Rahul Bose,Sanjay Suri | Rahul Bose | Juhi Chawla | Rinke Khanna,Sujoy Ghosh (story) | Milap Zaveri (dialogue) | Sujoy Ghosh (dialogue) | Suresh Nair (dialogue),,1.9321,D,2.6445,D,,,,,,,,,,tt0347278,7.2,,,,,,,,,hitFlop=2,Missing/Partial,,wikipedia,2.0,2026-07-02
BOLLY_2003_1905_jism,Jism,Jism,2003,January,1,2003-01-17,Drama,Romance,Drama | Romance | Thriller,No,,Amit Saxena,Bipasha Basu,John Abraham,Bipasha Basu | John Abraham | Gulshan Grover | Vinay Pathak,Mahesh Bhatt | Niranjan Iyengar (dialogue),,4.5712,D,,,,,,,,,,,,tt0348843,5.3,,,,,,,,,hitFlop=6,Missing/Partial,,wikipedia,2.0,2026-07-02
BOLLY_2003_1906_jodi_kya_banayi_wah_wah_ramji,Jodi Kya Banayi Wah Wah Ramji,Jodi Kya Banayi Wah Wah Ramji,2003,November,11,2003-11-14,Comedy,,Comedy,No,,Raman Kumar,Rotem Bar,Rakesh Bedi,Rotem Bar | Rakesh Bedi | Avtar Gill | Gulshan Grover,Robin Bhatt | Anurag Prapanna | Umesh Shukla,,,,,,,,,,,,,,,tt0387325,,,,,,,,,,hitFlop=1,Missing/Partial,,wikipedia,2.0,2026-07-02
BOLLY_2003_1907_joggers_park,Joggers' Park,Joggers' Park,2003,September,9,2003-09-12,Comedy,Romance,Comedy | Romance,No,,Anant Balani,Victor Banerjee,Perizaad Zorabian,Victor Banerjee | Perizaad Zorabian | Divya Dutta | Khalid Siddiqui,Subhash Ghai (story),,,,1.2317,D,,,,,,,,,,tt0363721,6.2,,,,,,,,,hitFlop=2,Missing/Partial,,wikipedia,2.0,2026-07-02
BOLLY_2003_1908_kagaar_life_on_the_edge,Kagaar: Life on the Edge,Kagaar: Life on the Edge,2003,October,10,2003-10-10,Crime,Drama,Crime | Drama,No,,N. Chandra,Om Puri,Nandita Das,Om Puri | Nandita Das | Amitabh Dayal | Aditya Kotdar,Sujit Sen,,4.1779,D,3.854,D,,,,,,,,,,tt0378157,,,,,,,,,,hitFlop=1,Missing/Partial,,wikipedia,2.0,2026-07-02
BOLLY_2003_1909_kaise_kahoon_ke_pyaar_hai,Kaise Kahoon Ke... Pyaar Hai,Kaise Kahoon Ke... Pyaar Hai,2003,May,5,2003-05-09,Crime,Romance,Crime | Romance,No,,Anil Kumar Sharma,Sunny Deol,Dharmendra,Sunny Deol | Dharmendra | Amit Hingorani | Farida Jalal,Sameer Arora (dialogue),,3.3809,D,,,,,,,,,,,,tt0366658,0.0,,,,,,,,,hitFlop=1,Missing/Partial,,wikipedia,2.0,2026-07-02
BOLLY_2003_1910_kal_ho_naa_ho,Kal Ho Naa Ho,Kal Ho Naa Ho,2003,November,11,2003-11-28,Comedy,Drama,Comedy | Drama | Romance,No,,Nikhil Advani | Ron Reid Jr.,Shah Rukh Khan,Preity Zinta,Shah Rukh Khan | Preity Zinta | Saif Ali Khan | Jaya Bhaduri,Niranjan Iyengar (dialogue) | Karan Johar (screenplay) | Karan Johar (story),,9.2267,A,2.3243,D,,,,,,,,,,tt0347304,7.9,,,,,,,,,hitFlop=6,Missing/Partial,,wikipedia,2.0,2026-07-02
BOLLY_2003_1911_kash_aap_hamare_hote,Kash... Aap Hamare Hote,Kash... Aap Hamare Hote,2003,February,2,2003-02-14,Family,Musical,Family | Musical | Romance,No,,Ravindra Peepat,Juhi Babbar,Sonu Nigam,Juhi Babbar | Sonu Nigam | Om Puri | Sharad S. Kapoor,Ravindra Peepat (screenplay) | Atul Tiwari (dialogue) | Atul Tiwari (screenplay),,,,,,,,,,,,,,,tt0352489,0.0,,,,,,,,,hitFlop=1,Missing/Partial,,wikipedia,2.0,2026-07-02
BOLLY_2003_1912_khanjar,Khanjar,Khanjar,2003,June,6,2003-06-27,Action,,Action,No,,Chander Sharma,Sunil Shetty,Tabu,Sunil Shetty | Tabu | Gulshan Grover | Pankaj Dheer,Saroj Khan (dialogue) | Saroj Khan (screenplay),,3.3073,D,,,,,,,,,,,,tt0373970,,,,,,,,,,hitFlop=1,Missing/Partial,,wikipedia,2.0,2026-07-02
BOLLY_2003_1913_khel,Khel,Khel,2003,November,11,2003-11-11,Action,Thriller,Action | Thriller,No,,Yusuf Khan,Sunny Deol,Sunil Shetty,Sunny Deol | Sunil Shetty | Ajay Jadeja | Celina Jaitly,,,3.3809,D,,,,,,,,,,,,tt0371775,4.1,,,,,,,,,hitFlop=2,Missing/Partial,,wikipedia,2.0,2026-07-02
BOLLY_2003_1914_khushi,Khushi,Khushi,2003,February,2,2003-02-07,Action,Drama,Action | Drama | Romance,No,,Surya S.J. | Sunil Kumar Agrawal,Fardeen Khan,Kareena Kapoor,Fardeen Khan | Kareena Kapoor | Amrish Puri | Amitabh Bachchan,Aman Jaffery (dialogue) | Bolu Khan (dialogue) | Surya S.J. (story),,2.8821,D,,,,,,,,,,,,tt0348656,4.2,,,,,,,,,hitFlop=2,Missing/Partial,,wikipedia,2.0,2026-07-02
BOLLY_2003_1915_khwahish,Khwahish,Khwahish,2003,June,6,2003-06-06,Drama,Romance,Drama | Romance | Musical,No,,Govind Menon,Himanshu Malik,Mallika Sherawat,Himanshu Malik | Mallika Sherawat | Shivaji Satam | Mahmud Babai,Govind Menon (screenplay) | Shashi Wadia (dialogue),,2.1151,D,2.1234,D,,,,,,,,,,tt0349679,6.0,,,,,,,,,hitFlop=4,Missing/Partial,,wikipedia,2.0,2026-07-02
BOLLY_2003_1916_koi_hai,Koi Hai,Koi Hai,2003,,,,Drama,Horror,Drama | Horror,No,,Rajiv S. Ruia,Aman Verma,Shweta Menon,Aman Verma | Shweta Menon | Rinku Ghosh | Roop Kumar Rathod,Manoj Hansraj | Rajiv S.S. Ruia,,,,1.1221,D,,,,,,,,,,tt2150074,0.0,,,,,,,,,hitFlop=1,Missing/Partial,,wikipedia,2.0,2026-07-02
BOLLY_2003_1917_kucch_to_hai,Kucch To Hai,Kucch To Hai,2003,January,1,2003-01-24,Drama,Horror,Drama | Horror | Mystery,No,,Anurag Basu | Anil V. Kumar,Ashay Chitre,Esha Deol,Ashay Chitre | Esha Deol | Anita Hassandani | Vrajesh Hirjee,Rajeev Jhaveri (story) | Anurag Prapanna (dialogue) | Umesh Shukla (dialogue),,,,5.1314,C,,,,,,,,,,tt0348662,4.3,,,,,,,,,hitFlop=2,Missing/Partial,,wikipedia,2.0,2026-07-02
BOLLY_2003_1918_kuch_naa_kaho,Kuch Naa Kaho,Kuch Naa Kaho,2003,August,8,2003-08-26,Drama,Romance,Drama | Romance,No,,Rohan Sippy,Aishwarya Rai Bachchan,Abhishek Bachchan,Aishwarya Rai Bachchan | Abhishek Bachchan | Satish Shah | Suhasini Mulay,Rohena Gera (story) | Naushil Mehta (dialogue) | Nidhi Tuli (dialogue) | Neeraj Vora (screenplay),,6.0086,C,2.7859,D,,,,,,,,,,tt0369637,5.4,,,,,,,,,hitFlop=2,Missing/Partial,,wikipedia,2.0,2026-07-02
BOLLY_2003_1919_kyon,Kyon?,Kyon?,2003,,,,Crime,,Crime,No,,Kalpana Lajmi,Vinay Apte,Ashok Beniwal,Vinay Apte | Ashok Beniwal | Chaitanya Chaudhary | Rahul Dev,,,,,1.0034,D,,,,,,,,,,tt0483029,,,,,,,,,,hitFlop=1,Missing/Partial,,wikipedia,2.0,2026-07-02
BOLLY_2003_1920_loc_kargil,LOC: Kargil,LOC: Kargil,2003,December,12,2003-12-12,Drama,War,Drama | War,No,,J.P. Dutta,Sanjay Dutt,Ajay Devgn,Sanjay Dutt | Ajay Devgn | Saif Ali Khan | Sunil Shetty,J.P. Dutta | O.P. Dutta (dialogue),,5.0026,C,,,,,,,,,,,,tt0347416,5.4,,,,,,,,,hitFlop=2,Missing/Partial,,wikipedia,2.0,2026-07-02
BOLLY_2003_1921_love_at_times_square,Love at Times Square,Love at Times Square,2003,February,2,2003-02-14,Drama,,Drama,No,,Dev Anand,Dev Anand,Heenee Kaushik,Dev Anand | Heenee Kaushik | Shoib Khan | Chaitanya Chaudhary,Dev Anand,,1.0,D,2.5388,D,,,,,,,,,,tt0345594,0.0,,,,,,,,,hitFlop=1,Missing/Partial,,wikipedia,2.0,2026-07-02
BOLLY_2003_1922_main_madhuri_dixit_banna_chahti_hoon,Main Madhuri Dixit Banna Chahti Hoon!,Main Madhuri Dixit Banna Chahti Hoon!,2003,October,10,2003-10-07,Drama,Comedy,Drama | Comedy,No,,Chandan Arora,Antara Mali,Rajpal Yadav,Antara Mali | Rajpal Yadav | Asif Basra | Rita Bhaduri,Makrand Deshpande (idea),,2.6169,D,1.0638,D,,,,,,,,,,tt0374848,6.3,,,,,,,,,hitFlop=1,Missing/Partial,,wikipedia,2.0,2026-07-02
BOLLY_2003_1923_main_prem_ki_diwani_hoon,Main Prem Ki Diwani Hoon,Main Prem Ki Diwani Hoon,2003,June,6,2003-06-27,Musical,Drama,Musical | Drama | Romance,No,,Sooraj R. Barjatya,Hrithik Roshan,Kareena Kapoor,Hrithik Roshan | Kareena Kapoor | Abhishek Bachchan | Johnny Lever,Sooraj R. Barjatya,,8.2519,B,,,,,,,,,,,,tt0265148,3.8,,,,,,,,,hitFlop=2,Missing/Partial,,wikipedia,2.0,2026-07-02
BOLLY_2003_1924_market,Market,Market,2003,September,9,2003-09-12,Drama,Musical,Drama | Musical,No,,Jay Prakash,Manisha Koirala,Suman Ranganathan,Manisha Koirala | Suman Ranganathan | Aryan Vaid | Shweta Menon,Miraq Mirza (screenplay) | Arshad Sidhiqi (story),,2.7949,D,,,,,,,,,,,,tt0381408,4.1,,,,,,,,,hitFlop=3,Missing/Partial,,wikipedia,2.0,2026-07-02
BOLLY_2003_1925_miss_india_the_mystery,Miss India: The Mystery,Miss India: The Mystery,2003,September,9,2003-09-03,Mystery,,Mystery,No,,Pradeep Maini,Priyanka Chopra,Neha Dhupia,Priyanka Chopra | Neha Dhupia | Dolly | Supriya Karnik,,,8.1369,B,,,,,,,,,,,,tt0484279,0.0,,,,,,,,,hitFlop=1,Missing/Partial,,wikipedia,2.0,2026-07-02
BOLLY_2003_1926_mudda_the_issue,Mudda: The Issue,Mudda: The Issue,2003,December,12,2003-12-12,Drama,,Drama,No,,Saurabh Shukla,Arya Babbar,Prashant Narayanan,Arya Babbar | Prashant Narayanan | Aditya Srivastava | Rajat Kapoor,Saurabh Shukla,,1.9111,D,,,,,,,,,,,,tt0392951,,,,,,,,,,hitFlop=1,Missing/Partial,,wikipedia,2.0,2026-07-02
BOLLY_2003_1927_mumbai_matinee,Mumbai Matinee,Mumbai Matinee,2003,September,9,2003-09-26,Romance,Comedy,Romance | Comedy,No,,Anant Balani,Rahul Bose,Perizaad Zorabian,Rahul Bose | Perizaad Zorabian | Vijay Raaz | Saurabh Shukla,Anant Balani,,2.3217,D,1.2317,D,,,,,,,,,,tt0382188,4.0,,,,,,,,,hitFlop=1,Missing/Partial,,wikipedia,2.0,2026-07-02
BOLLY_2003_1928_mumbai_se_aaya_mera_dost,Mumbai Se Aaya Mera Dost,Mumbai Se Aaya Mera Dost,2003,August,8,2003-08-22,Romance,Action,Romance | Action | Adventure,No,,Apoorva Lakhia,Abhishek Bachchan,Lara Dutta,Abhishek Bachchan | Lara Dutta | Chunky Pandey | Aditya Lakhia,Apoorva Lakhia,,5.2079,C,1.8339,D,,,,,,,,,,tt0363833,3.3,,,,,,,,,hitFlop=1,Missing/Partial,,wikipedia,2.0,2026-07-02
BOLLY_2003_1929_munnabhai_m_b_b_s,Munnabhai M.B.B.S.,Munnabhai M.B.B.S.,2003,December,12,2003-12-19,Comedy,Crime,Comedy | Crime,No,,Rajkumar Hirani,Sunil Dutt,Sanjay Dutt,Sunil Dutt | Sanjay Dutt | Arshad Warsi | Gracy Singh,Vidhu Vinod Chopra | Rajkumar Hirani | Lajan Joseph | Abbas Tyrewala (dialogue),,,,10.0,A,,,,,,,,,,tt0374887,,,,,,,,,,hitFlop=6,Missing/Partial,,wikipedia,2.0,2026-07-02
BOLLY_2003_1930_nayee_padosan,Nayee Padosan,Nayee Padosan,2003,June,6,2003-06-06,Comedy,,Comedy,No,,B.H. Tharun Kumar,Vikas Kalantri,Anuj Sawhney,Vikas Kalantri | Anuj Sawhney | Aslam Khan | Mahek Chahal,Ikram Akhtar (screenplay) | Ikram Akhtar (story) | Raghuvir Shekhawat (dialogue),,,,,,,,,,,,,,,tt0362902,5.5,,,,,,,,,hitFlop=3,Missing/Partial,,wikipedia,2.0,2026-07-02
BOLLY_2003_1931_om,Om,Om,2003,March,3,2003-03-21,Action,Romance,Action | Romance,No,,Ashok Honda,Attin Bhalla,Sandali Sinha,Attin Bhalla | Sandali Sinha | Smita Jaykar | Pankaj Dheer,Naeem-Ejaz (dialogue),,,,,,,,,,,,,,,tt0358613,4.4,,,,,,,,,hitFlop=1,Missing/Partial,,wikipedia,2.0,2026-07-02
BOLLY_2003_1932_oops,Oops!,Oops!,2003,,,,Drama,Drama,Drama,No,,Deepak Tijori,Kiran Janjani,Vikas Sethi,Kiran Janjani | Vikas Sethi | Adyasha | Mink Singh,Bijesh Jayarajan (dialogue) | Deepak Tijori,,,,1.5883,D,,,,,,,,,,tt0354786,3.7,,,,,,,,,hitFlop=1,Missing/Partial,,wikipedia,2.0,2026-07-02
BOLLY_2003_1933_out_of_control,Out of Control,Out of Control,2003,November,11,2003-11-21,Comedy,Drama,Comedy | Drama | Romance,No,,Apurva Asrani | Ramanjit Juneja,Brande Roderick,Noemi Besedes,Brande Roderick | Noemi Besedes | Hrishitaa Bhatt | Ritesh Deshmukh,Rakesh Bakshi (screenplay) | Rakesh Bakshi (story) | Aman Jaffery (dialogue) | Bolu Khan (dialogue) | Dev Kohli (lyrics) | Sanjeev Wadhwani (lyrics),,,,,,,,,,,,,,,tt0388315,8.8,,,,,,,,,hitFlop=2,Missing/Partial,,wikipedia,2.0,2026-07-02
BOLLY_2003_1934_paanch,Paanch,Paanch,2003,April,4,2006-04-22,Crime,Thriller,Crime | Thriller,No,,Anurag Kashyap,Kay Kay Menon,Aditya Srivastava,Kay Kay Menon | Aditya Srivastava | Joy Fernandes | Vijay Maurya,Anurag Kashyap,,2.6256,D,3.0408,D,,,,,,,,,,tt0356982,7.6,,,,,,,,,hitFlop=1,Missing/Partial,,wikipedia,2.0,2026-07-02
BOLLY_2003_1935_parwana,Parwana,Parwana,2003,September,9,2003-09-12,Romance,Drama,Romance | Drama,No,,Deepak Bahry,Ajay Devgn,Ameesha Patel,Ajay Devgn | Ameesha Patel | Pooja Batra | Jagdeep,Rajeev Kaul (screenplay) | Rajeev Kaul (story) | Tanveer Khan (dialogue) | Praful Parekh (screenplay) | Praful Parekh (story),,6.8713,C,,,,,,,,,,,,tt0366880,2.5,,,,,,,,,hitFlop=2,Missing/Partial,,wikipedia,2.0,2026-07-02
BOLLY_2003_1936_patth,Patth,Patth,2003,November,11,2003-11-07,Drama,,Drama,No,,Shivram Yadav,Mukesh Ahuja,Abhay Bhargav,Mukesh Ahuja | Abhay Bhargav | Suresh Chatwal | Milind Gunaji,Salaam Khamboshi (dialogue) | Salaam Khamboshi (screenplay) | Salaam Khamboshi (story),,1.0,D,,,,,,,,,,,,tt0387486,0.0,,,,,,,,,hitFlop=1,Missing/Partial,,wikipedia,2.0,2026-07-02
BOLLY_2003_1937_pinjar,Pinjar,Pinjar,2003,,,,Drama,,Drama,No,,Chandra Prakash Dwivedi,Urmila Matondkar,Manoj Bajpayee,Urmila Matondkar | Manoj Bajpayee | Sanjay Suri | Sandali Sinha,Chandra Prakash Dwivedi (additional dialogue) | Chandra Prakash Dwivedi (screenplay) | Amrita Pritam (dialogue) | Amrita Pritam (novel) | Amrita Pritam (story),,2.6966,D,,,,,,,,,,,,tt0347779,7.9,,,,,,,,,hitFlop=1,Missing/Partial,,wikipedia,2.0,2026-07-02
BOLLY_2003_1938_pran_jaaye_par_shaan_na_jaaye,Pran Jaaye Par Shaan Na Jaaye,Pran Jaaye Par Shaan Na Jaaye,2003,May,5,2003-05-02,Drama,Comedy,Drama | Comedy,No,,Sanjay Jha,Raveena Tandon,Namrata Shirodkar,Raveena Tandon | Namrata Shirodkar | Rinke Khanna | Divya Dutta,Mahesh Manjrekar (screenplay) | Sanjay Pawar (dialogue) | Sanjay Pawar (story),,2.465,D,,,,,,,,,,,,tt0330783,6.3,,,,,,,,,hitFlop=1,Missing/Partial,,wikipedia,2.0,2026-07-02
BOLLY_2003_1939_qayamat_city_under_threat,Qayamat: City Under Threat,Qayamat: City Under Threat,2003,July,7,2003-07-11,Action,Romance,Action | Romance | Thriller,No,,Harry Baweja,Ajay Devgn,Sunil Shetty,Ajay Devgn | Sunil Shetty | Sanjay Kapoor | Arbaaz Khan,Pathik Vats (dialogue) | Suparn Verma (screenplay),,6.8713,C,1.6165,D,,,,,,,,,,tt0364621,4.8,,,,,,,,,hitFlop=4,Missing/Partial,,wikipedia,2.0,2026-07-02
BOLLY_2003_1940_raghu_more_bachelor_of_hearts,Raghu More: Bachelor of Hearts,Raghu More: Bachelor of Hearts,2003,,,,Comedy,,Comedy,No,,Iqbal Raj,Anamika Goel,Sonika Kapoor,Anamika Goel | Sonika Kapoor | Mangala Kenkre | Faraha Khan,Iqbal Raj,,,,,,,,,,,,,,,tt0490475,,,,,,,,,,hitFlop=1,Missing/Partial,,wikipedia,2.0,2026-07-02
BOLLY_2003_1941_raghu_romeo,Raghu Romeo,Raghu Romeo,2003,June,6,2004-06-18,Comedy,,Comedy,No,,Rajat Kapoor,Vijay Raaz,Sadiya Siddiqui,Vijay Raaz | Sadiya Siddiqui | Saurabh Shukla | Maria Goretti,Rajat Kapoor (screenplay) | Sanjeev Sharma (script & lyrics) | Saurabh Shukla (dialogue),,1.7737,D,2.0954,D,,,,,,,,,,tt0377131,6.9,,,,,,,,,hitFlop=1,Missing/Partial,,wikipedia,2.0,2026-07-02
BOLLY_2003_1942_raja_bhaiya,Raja Bhaiya,Raja Bhaiya,2003,October,10,2003-10-24,Comedy,Drama,Comedy | Drama,No,,Raman Kumar,Sadashiv Amrapurkar,Rakesh Bedi,Sadashiv Amrapurkar | Rakesh Bedi | Kajal Chakraborty | Aarti Chhabria,,,1.7491,D,,,,,,,,,,,,tt0385982,10.0,,,,,,,,,hitFlop=1,Missing/Partial,,wikipedia,2.0,2026-07-02
BOLLY_2003_1943_saaya,Saaya,Saaya,2003,July,7,2003-07-04,Action,Drama,Action | Drama | Horror,No,,Anurag Basu,John Abraham,Tara Sharma,John Abraham | Tara Sharma | Mahima Chaudhry | Zohra Segal,Amol Shetge (screenplay),,7.1193,B,5.1314,C,,,,,,,,,,tt0371922,5.7,,,,,,,,,hitFlop=2,Missing/Partial,,wikipedia,2.0,2026-07-02
BOLLY_2003_1944_samay_when_time_strikes,Samay: When Time Strikes,Samay: When Time Strikes,2003,October,10,2003-10-10,Thriller,Mystery,Thriller,No,,Robby Grewal,Sushmita Sen,Lucy Bartholomew,Sushmita Sen | Lucy Bartholomew | Tushar Dalvi | Jatin Karia,Robby Grewal | Sameer Kohli,,3.1708,D,1.233,D,,,,,,,,,,tt0384491,7.0,,,,,,,,,hitFlop=1,Missing/Partial,,wikipedia,2.0,2026-07-02
BOLLY_2003_1945_satta,Satta,Satta,2003,February,2,2003-02-07,Crime,Drama,Crime | Drama,No,,Madhur Bhandarkar,Raveena Tandon,Atul Kulkarni,Raveena Tandon | Atul Kulkarni | Shri Vallabh Vyas | Govind Namdeo,Madhur Bhandarkar (dialogue) | Madhur Bhandarkar (story) | Manoj Tyagi (screenplay),,2.465,D,3.2787,D,,,,,,,,,,tt0341562,6.8,,,,,,,,,hitFlop=2,Missing/Partial,,wikipedia,2.0,2026-07-02
BOLLY_2003_1946_sssshhh,Sssshhh...,Sssshhh...,2003,October,10,2003-10-24,Horror,Mystery,Horror | Mystery,No,,Pavan Kaul,Tanisha,Dino Morea,Tanisha | Dino Morea | Karan Nath | Gaurav Kapoor,Arshad Sayed,,,,,,,,,,,,,,,tt0352830,4.4,,,,,,,,,hitFlop=3,Missing/Partial,,wikipedia,2.0,2026-07-02
BOLLY_2003_1947_stumped,Stumped,Stumped,2003,May,5,2003-05-16,Comedy,Drama,Comedy | Drama,No,,Gaurav Pandey,Raveena Tandon,Alyy Khan,Raveena Tandon | Alyy Khan | Salman Khan | Viju Khote,Gaurav Pandey | Abbas Tyrewala (lyrics),,2.465,D,,,,,,,,,,,,tt0357208,0.0,,,,,,,,,hitFlop=1,Missing/Partial,,wikipedia,2.0,2026-07-02
BOLLY_2003_1948_supari,Supari,Supari,2003,June,6,2003-06-20,Crime,Drama,Crime | Drama,No,,Padam Kumar,Nandita Das,Uday Chopra,Nandita Das | Uday Chopra | Rahul Dev | Purab Kohli,Padam Kumar (screenplay) | Atul Sabharwal (additional dialogue) | Mushtaq Sheikh (screenplay) | Sutapa Sikdar (dialogue) | Anuradha Tiwari (screenplay),,2.2552,D,,,,,,,,,,,,tt0362204,0.0,,,,,,,,,hitFlop=1,Missing/Partial,,wikipedia,2.0,2026-07-02
BOLLY_2003_1949_taj_mahal_a_monument_of_love,Taj Mahal: A Monument of Love,Taj Mahal: A Monument of Love,2003,November,11,2003-11-21,Drama,History,Drama | History | Romance,No,,Robin Khosla,Shahbaaz Khan,Kulbhushan Kharbanda,Shahbaaz Khan | Kulbhushan Kharbanda | Poornima Pathwardhan | Raghu Raj,,,,,,,,,,,,,,,,tt0390532,,,,,,,,,,hitFlop=1,Missing/Partial,,wikipedia,2.0,2026-07-02
BOLLY_2003_1950_talaash_the_hunt_begins,Talaash: The Hunt Begins...,Talaash: The Hunt Begins...,2003,January,1,2003-01-03,Action,Adventure,Action | Adventure | Crime,No,,Suneel Darshan,Rakhee Gulzar,Akshay Kumar,Rakhee Gulzar | Akshay Kumar | Kareena Kapoor | Pooja Batra,Suneel Darshan (story) | Robin Bhatt (screenplay) | K.K. Singh (dialogue) | Ravi Shankar Jaiswal (additional dialogue),,,,1.706,D,,,,,,,,,,tt0338477,4.3,,,,,,,,,hitFlop=2,Missing/Partial,,wikipedia,2.0,2026-07-02
BOLLY_2003_1951_tehzeeb,Tehzeeb,Tehzeeb,2003,November,11,2003-11-21,Drama,,Drama,No,,Khalid Mohamed,Shabana Azmi,Urmila Matondkar,Shabana Azmi | Urmila Matondkar | Arjun Rampal | Dia Mirza,Khalid Mohamed (story) | Javed Siddiqui (dialogue),,1.0,D,,,,,,,,,,,,tt0348172,5.7,,,,,,,,,hitFlop=1,Missing/Partial,,wikipedia,2.0,2026-07-02
BOLLY_2003_1952_tere_naam,Tere Naam,Tere Naam,2003,August,8,2003-08-15,Romance,Drama,Romance,No,,Satish Kaushik,Salman Khan,Bhoomika Chawla,Salman Khan | Bhoomika Chawla | Mahima Chaudhry | Sachin Khedekar,Bala (original story and screenplay) | Jainendra Jain (dialogue),,9.2082,A,2.6808,D,,,,,,,,,,tt0374271,6.6,,,,,,,,,hitFlop=5,Missing/Partial,,wikipedia,2.0,2026-07-02
BOLLY_2003_1953_tujhe_meri_kasam,Tujhe Meri Kasam,Tujhe Meri Kasam,2003,January,1,2003-01-03,Romance,,Romance,No,,Vijay K. Bhaskar,Ritesh Deshmukh,Shakti Kapoor,Ritesh Deshmukh | Shakti Kapoor | Supriya Karnik | Satish Shah,Neeraj Vora (dialogue),,4.452,D,,,,,,,,,,,,tt0348258,6.2,,,,,,,,,hitFlop=6,Missing/Partial,,wikipedia,2.0,2026-07-02
BOLLY_2003_1954_waisa_bhi_hota_hai_part_ii,Waisa Bhi Hota Hai Part II,Waisa Bhi Hota Hai Part II,2003,November,11,2003-11-14,Comedy,Action,Comedy | Action | Crime,No,,Shashanka Ghosh,Arshad Warsi,Prashant Narayanan,Arshad Warsi | Prashant Narayanan | Sandhya Mridul | Pratima Kazmi,Javed Ahmed (screenplay) | Shashanka Ghosh (dialogue) | Junaid Memon (original script),,3.5596,D,1.5653,D,,,,,,,,,,tt0387678,7.0,,,,,,,,,hitFlop=1,Missing/Partial,,wikipedia,2.0,2026-07-02
BOLLY_2003_1955_xcuse_me,Xcuse Me,Xcuse Me,2003,September,9,2003-09-26,Comedy,,Comedy,Yes,,N. Chandra,Sharman Joshi,Sahil Khan,Sharman Joshi | Sahil Khan | Anil Chaudhary | Snehal Dabi,,,3.6904,D,3.854,D,,,,,,,,,,tt0383719,5.7,,,,,,,,,hitFlop=1,Missing/Partial,,wikipedia,2.0,2026-07-02
BOLLY_2003_1956_zameen,Zameen,Zameen,2003,September,9,2003-09-26,Action,Adventure,Action,No,,Rohit Shetty,Ajay Devgn,Abhishek Bachchan,Ajay Devgn | Abhishek Bachchan | Bipasha Basu | Mukesh Tiwari,Robin Bhatt (additional screenplay) | Javed Siddiqui (dialogue) | Suparn Verma (screenplay) | Suparn Verma (story),,6.8713,C,6.8376,C,,,,,,,,,,tt0382385,5.4,,,,,,,,,hitFlop=3,Missing/Partial,,wikipedia,2.0,2026-07-02
BOLLY_2004_1957_30_days,30 Days,30 Days,2004,,,,Horror,,Horror,No,,Ravi Sinha,Abhay Bhargav,Milind Gunaji,Abhay Bhargav | Milind Gunaji | Dinesh Hingoo | Mushtaq Khan,,,1.0,D,,,,,,,,,,,,tt0991267,,,,,,,,,,hitFlop=1,Missing/Partial,,wikipedia,2.0,2026-07-02
BOLLY_2004_1958_aabra_ka_daabra,Aabra Ka Daabra,Aabra Ka Daabra,2004,,,,Fantasy,,Fantasy,No,,Dheeraj Kumar,Naveen Bawa,Satish Kaushik,Naveen Bawa | Satish Kaushik | Anupam Kher | Krrishna,,,,,,,,,,,,,,,,tt1137434,2.7,,,,,,,,,hitFlop=1,Missing/Partial,,wikipedia,2.0,2026-07-02
BOLLY_2004_1959_aan_men_at_work,Aan: Men at Work,Aan: Men at Work,2004,June,6,2004-06-04,Drama,Action,Drama | Action,No,,Madhur Bhandarkar,Shatrughan Sinha,Akshay Kumar,Shatrughan Sinha | Akshay Kumar | Sunil Shetty | Paresh Rawal,Hriday Lani (dialogue) | Sanjeev Puri (screenplay) | Sanjeev Puri (story) | Manoj Tyagi (screenplay) | Manoj Tyagi (story),,,,3.2787,D,,,,,,,,,,tt0363409,5.7,,,,,,,,,hitFlop=1,Missing/Partial,,wikipedia,2.0,2026-07-02
BOLLY_2004_1960_ab_bas,Ab... Bas!,Ab... Bas!,2004,November,11,2004-11-26,Thriller,,Thriller,No,,Rajesh Kumar Singh,Chetanya Adeep,Shawar Ali,Chetanya Adeep | Shawar Ali | Arun Bakshi | Chitrapama,Atul Sharma,,,,,,,,,,,,,,,tt1202344,3.2,,,,,,,,,hitFlop=1,Missing/Partial,,wikipedia,2.0,2026-07-02
BOLLY_2004_1961_ab_tak_chhappan,Ab Tak Chhappan,Ab Tak Chhappan,2004,February,2,2004-02-27,Crime,Drama,Crime | Drama | Thriller,No,,Shimit Amin,Nana Patekar,Revathy,Nana Patekar | Revathy | Yashpal Sharma | Mohan Agashe,Sandeep Srivastava (dialogue) | Sandeep Srivastava (screenplay),,4.0525,D,,,,,,,,,,,,tt0402014,7.8,,,,,,,,,hitFlop=5,Missing/Partial,,wikipedia,2.0,2026-07-02
BOLLY_2004_1962_ab_tumhare_hawale_watan_saathiyo,Ab Tumhare Hawale Watan Saathiyo,Ab Tumhare Hawale Watan Saathiyo,2004,December,12,2004-12-24,Action,Drama,Action | Drama | Romance,No,,Anil Sharma,Amitabh Bachchan,Akshay Kumar,Amitabh Bachchan | Akshay Kumar | Bobby Deol | Divya Khosla,Shaktimaan Talwar (dialogue) | Shaktimaan Talwar (screenplay) | Shaktimaan Talwar (story),,7.0113,B,5.7345,C,,,,,,,,,,tt0397882,4.4,,,,,,,,,hitFlop=1,Missing/Partial,,wikipedia,2.0,2026-07-02
BOLLY_2004_1963_aetbaar,Aetbaar,Aetbaar,2004,January,1,2004-01-23,Drama,Musical,Drama | Musical | Romance,No,,Vikram Bhatt,Amitabh Bachchan,John Abraham,Amitabh Bachchan | John Abraham | Bipasha Basu | Supriya Pilgaonkar,Robin Bhatt (screenplay) | Vikram Bhatt (story) | Girish Dhamija (dialogue) | Sanjeev Duggal (screenplay),,7.0113,B,2.9028,D,,,,,,,,,,tt0377340,4.7,,,,,,,,,hitFlop=1,Missing/Partial,,wikipedia,2.0,2026-07-02
BOLLY_2004_1964_aitraaz,Aitraaz,Aitraaz,2004,November,11,2004-11-12,Drama,Thriller,Drama | Thriller,No,,Abbas Alibhai Burmawalla | Mastan Alibhai Burmawalla,Akshay Kumar,Kareena Kapoor,Akshay Kumar | Kareena Kapoor | Priyanka Chopra | Amrish Puri,Shiraz Ahmed (screenplay) | Shiraz Ahmed (story) | Aadesh K. Arjun (dialogue) | Shyam Goel (screenplay) | Shyam Goel (story),,6.3805,C,3.6411,D,,,,,,,,,,tt0418460,6.6,,,,,,,,,hitFlop=4,Missing/Partial,,wikipedia,2.0,2026-07-02
BOLLY_2004_1965_ak_47,AK 47,AK 47,2004,October,10,2004-10-01,Action,Thriller,Action | Thriller,No,,Raam Shetty,Audhitya Singh,Sheetal Bavishi,Audhitya Singh | Sheetal Bavishi | Om Puri | Ashish Vidyarthi,,,,,,,,,,,,,,,,tt0432385,5.0,,,,,,,,,hitFlop=1,Missing/Partial,,wikipedia,2.0,2026-07-02
BOLLY_2004_1966_alibaba_aur_40_chor,Alibaba Aur 40 Chor,Alibaba Aur 40 Chor,2004,December,12,2004-12-10,Action,Adventure,Action | Adventure | Drama,No,,Sunil Agnihotri,Azghar,Brownie,Azghar | Brownie | Divya Divedi | Anwar Fatehan,Farukh Barelvi (dialogue writer),,,,,,,,,,,,,,,tt1238718,4.9,,,,,,,,,hitFlop=1,Missing/Partial,,wikipedia,2.0,2026-07-02
BOLLY_2004_1967_asambhav,Asambhav,Asambhav,2004,July,7,2004-07-23,Action,Adventure,Action | Adventure | Drama,No,,Rajiv Rai,Arjun Rampal,Naseeruddin Shah,Arjun Rampal | Naseeruddin Shah | Priyanka Chopra | Singh Surendra,Rajiv Rai | Naeem Sha (dialogue) | Naeem Sha (screenplay),,3.8011,D,,,,,,,,,,,,tt0368580,3.7,,,,,,,,,hitFlop=1,Missing/Partial,,wikipedia,2.0,2026-07-02
BOLLY_2004_1968_bardaasht,Bardaasht,Bardaasht,2004,April,4,2004-04-23,Drama,,Drama,No,,Eeshwar Nivas,Bobby Deol,Lara Dutta,Bobby Deol | Lara Dutta | Rahul Dev | Ritesh Deshmukh,Vikram Bhatt (screenplay) | Vikram Bhatt (story) | Girish Dhamija (dialogue),,2.4272,D,1.3951,D,,,,,,,,,,tt0409724,5.9,,,,,,,,,hitFlop=1,Missing/Partial,,wikipedia,2.0,2026-07-02
BOLLY_2004_1969_bhola_in_bollywood,Bhola in Bollywood,Bhola in Bollywood,2004,October,10,2004-10-15,Comedy,,Comedy,No,,Sumbul Gazi,Ali Asghar,Raj Babbar,Ali Asghar | Raj Babbar | Suresh Chatwal | Avtar Gill,Sumbul Gazi,,,,,,,,,,,,,,,tt0497887,,,,,,,,,,hitFlop=1,Missing/Partial,,wikipedia,2.0,2026-07-02
BOLLY_2004_1970_chot_aaj_isko_kal_tereko,"Chot [Aaj Isko, Kal Tereko]","Chot [Aaj Isko, Kal Tereko]",2004,June,6,2004-06-18,Musical,Action,Musical | Action | Crime,No,,Nabh Kumar 'Raju',Ashutosh Rana,Sharad S. Kapoor,Ashutosh Rana | Sharad S. Kapoor | Nethra Raghuraman | Ganesh Yadav,Nabh Kumar 'Raju' (story) | Atul Tiwari (dialogue) | Atul Tiwari (screenplay),,2.1792,D,,,,,,,,,,,,tt0418598,10.0,,,,,,,,,hitFlop=1,Missing/Partial,,wikipedia,2.0,2026-07-02
BOLLY_2004_1971_deewaar_let_s_bring_our_heroes_home,Deewaar: Let's Bring Our Heroes Home,Deewaar: Let's Bring Our Heroes Home,2004,June,6,2004-06-25,War,Action,War | Action | Drama,No,,Milan Luthria,Amitabh Bachchan,Sanjay Dutt,Amitabh Bachchan | Sanjay Dutt | Akshaye Khanna | Amrita Rao,Anurag Kashyap (dialogue) | Shridhar Raghavan (screenplay),,7.0113,B,3.6283,D,,,,,,,,,,tt0387989,6.0,,,,,,,,,hitFlop=1,Missing/Partial,,wikipedia,2.0,2026-07-02
BOLLY_2004_1972_dev,Dev,Dev,2004,June,6,2004-06-11,Drama,,Drama,No,,Govind Nihalani,Amitabh Bachchan,Om Puri,Amitabh Bachchan | Om Puri | Fardeen Khan | Kareena Kapoor,G.P. Deshpande (dialogue) | Nida Fazli (dialogue) | Govind Nihalani (dialogue) | Meenakshi Sharma (dialogue) | Meenakshi Sharma (script) | Meenakshi Sharma (story),,7.0113,B,,,,,,,,,,,,tt0364303,6.7,,,,,,,,,hitFlop=2,Missing/Partial,,wikipedia,2.0,2026-07-02
BOLLY_2004_1973_dhoom,Dhoom,Dhoom,2004,August,8,2004-08-27,Action,Adventure,Action | Adventure | Thriller,No,,Sanjay Gadhvi,Abhishek Bachchan,Uday Chopra,Abhishek Bachchan | Uday Chopra | John Abraham | Esha Deol,Vijay Krishna Acharya (dialogue) | Vijay Krishna Acharya (screenplay),,5.2079,C,4.3755,D,,,,,,,,,,tt0422091,6.6,,,,,,,,,hitFlop=7,Missing/Partial,,wikipedia,2.0,2026-07-02
BOLLY_2004_1974_dil_maange_more,Dil Maange More!!!,Dil Maange More!!!,2004,December,12,2004-12-31,Romance,Romance,Romance,No,,Anant Mahadevan,Shahid Kapoor,Smita Jaykar,Shahid Kapoor | Smita Jaykar | Ayesha Takia | Tulip Joshi,Kiran Kotrial (additional dialogue) | Anant Mahadevan (story) | Javed Siddiqui (dialogue) | Javed Siddiqui (screenplay),,5.7659,C,1.8139,D,,,,,,,,,,tt0328729,5.2,,,,,,,,,hitFlop=2,Missing/Partial,,wikipedia,2.0,2026-07-02
BOLLY_2004_1975_dobara,Dobara,Dobara,2004,September,9,2004-09-24,Musical,Drama,Musical | Drama,No,,Shashi Ranjan,Jackie Shroff,Raveena Tandon,Jackie Shroff | Raveena Tandon | Mahima Chaudhry | Gulshan Grover,Subodh Chopra (screenplay) | Shashi Ranjan (screenplay) | Vibha Singh (dialogue),,2.6163,D,,,,,,,,,,,,tt0430030,,,,,,,,,,hitFlop=1,Missing/Partial,,wikipedia,2.0,2026-07-02
BOLLY_2004_1976_ek_hasina_thi,Ek Hasina Thi,Ek Hasina Thi,2004,February,2,2004-02-24,Crime,Romance,Crime | Romance | Thriller,No,,Sriram Raghavan,Saif Ali Khan,Urmila Matondkar,Saif Ali Khan | Urmila Matondkar | Seema Biswas | Aditya Srivastava,Sriram Raghavan | Pooja Ladha Surti,,5.7211,C,1.8067,D,,,,,,,,,,tt0352314,7.5,,,,,,,,,hitFlop=2,Missing/Partial,,wikipedia,2.0,2026-07-02
BOLLY_2004_1977_ek_se_badhkar_ek,Ek Se Badhkar Ek,Ek Se Badhkar Ek,2004,September,9,2004-09-17,Comedy,Thriller,Comedy | Thriller,No,,Kundan Shah,Sunil Shetty,Raveena Tandon,Sunil Shetty | Raveena Tandon | Shekhar Suman | Isha Koppikar,Dilip Shukla,,3.3073,D,1.5991,D,,,,,,,,,,tt0338959,,,,,,,,,,hitFlop=1,Missing/Partial,,wikipedia,2.0,2026-07-02
BOLLY_2004_1978_fida,Fida,Fida,2004,August,8,2004-08-20,Adventure,Romance,Adventure | Romance | Thriller,No,,Ken Ghosh,Kareena Kapoor,Fardeen Khan,Kareena Kapoor | Fardeen Khan | Shahid Kapoor | Kim Sharma,Lalit Mahajan (screenplay) | Sunny Mahajan (screenplay) | Kiran Kotrial (dialogue),,8.0906,B,2.1915,D,,,,,,,,,,tt0422236,5.4,,,,,,,,,hitFlop=2,Missing/Partial,,wikipedia,2.0,2026-07-02
BOLLY_2004_1979_garv_pride_and_honour,Garv: Pride and Honour,Garv: Pride and Honour,2004,July,7,2004-07-09,Action,Drama,Action | Drama,No,,Puneet Issar,Salman Khan,Shilpa Shetty,Salman Khan | Shilpa Shetty | Arbaaz Khan | Farida Jalal,Anirudh Dhodapkar (dialogue),,9.2082,A,,,,,,,,,,,,tt0415003,5.5,,,,,,,,,hitFlop=3,Missing/Partial,,wikipedia,2.0,2026-07-02
BOLLY_2004_1980_gayab,Gayab,Gayab,2004,July,7,2004-07-16,Fantasy,,Fantasy,No,,Prawal Raman,Rasika Joshi,Tusshar Kapoor,Rasika Joshi | Tusshar Kapoor | Ikhlaq Khan | Antara Mali,,,,,,,,,,,,,,,,tt0414040,4.3,,,,,,,,,hitFlop=3,Missing/Partial,,wikipedia,2.0,2026-07-02
BOLLY_2004_1981_girlfriend,Girlfriend,Girlfriend,2004,June,6,2004-06-17,Drama,,Drama,No,,Karan Razdan,Amrita Arora,Shantanu Chappana,Amrita Arora | Shantanu Chappana | Aashish Chaudhary | Isha Koppikar,Karan Razdan,,2.7542,D,1.4335,D,,,,,,,,,,tt0414714,3.3,,,,,,,,,hitFlop=3,Missing/Partial,,wikipedia,2.0,2026-07-02
BOLLY_2004_1982_hatya_the_murder,Hatya: The Murder,Hatya: The Murder,2004,October,10,2004-10-15,Action,Crime,Action | Crime | Fantasy,No,,Kader Kashmiri,Akshay Kumar,Varsha Usgaonkar,Akshay Kumar | Varsha Usgaonkar | Navin Nischol | Reema Lagoo,,,6.3805,C,,,,,,,,,,,,tt0432536,2.7,,,,,,,,,hitFlop=1,Missing/Partial,,wikipedia,2.0,2026-07-02
BOLLY_2004_1983_hawas,Hawas,Hawas,2004,March,3,2004-03-26,Drama,Romance,Drama | Romance | Thriller,No,,Karan Razdan,Shawar Ali,Tarun Arora,Shawar Ali | Tarun Arora | Madina | Meghna Naidu,,,1.1394,D,1.4335,D,,,,,,,,,,tt0408837,2.9,,,,,,,,,hitFlop=2,Missing/Partial,,wikipedia,2.0,2026-07-02
BOLLY_2004_1984_hulchul,Hulchul,Hulchul,2004,November,11,2004-11-26,Action,Comedy,Action | Comedy | Drama,No,,Priyadarshan,Akshaye Khanna,Kareena Kapoor,Akshaye Khanna | Kareena Kapoor | Sunil Shetty | Paresh Rawal,K.P. Saxena (dialogue) | Siddique (story) | Neeraj Vora (screenplay),,3.3625,D,3.8472,D,,,,,,,,,,tt0437238,7.0,,,,,,,,,hitFlop=6,Missing/Partial,,wikipedia,2.0,2026-07-02
BOLLY_2004_1985_hum_kaun_hai,Hum Kaun Hai?,Hum Kaun Hai?,2004,September,9,2004-09-03,Horror,Drama,Horror | Drama | Mystery,No,,Ravi Sharma Shankar,Amitabh Bachchan,Dimple Kapadia,Amitabh Bachchan | Dimple Kapadia | Dharmendra | Moushumi Chatterjee,Talat Rekhi,,7.0113,B,,,,,,,,,,,,tt0405024,3.6,,,,,,,,,hitFlop=1,Missing/Partial,,wikipedia,2.0,2026-07-02
BOLLY_2004_1986_hum_tum,Hum Tum,Hum Tum,2004,May,5,2004-05-28,Drama,Romance,Drama | Romance | Comedy,No,,Kunal Kohli,Saif Ali Khan,Rani Mukerji,Saif Ali Khan | Rani Mukerji | Kiron Kher | Rati Agnihotri,Siddharth Anand (screenplay) | Kunal Kohli,,5.7211,C,4.0747,D,,,,,,,,,,tt0378072,7.0,,,,,,,,,hitFlop=6,Missing/Partial,,wikipedia,2.0,2026-07-02
BOLLY_2004_1987_hyderabad_blues_2,Hyderabad Blues 2,Hyderabad Blues 2,2004,July,7,2004-07-02,Drama,Comedy,Drama | Comedy,No,,Nagesh Kukunoor,Tisca Chopra,Jyoti Dogra,Tisca Chopra | Jyoti Dogra | Anuj Gurwara | Elahe Hiptoola,Nagesh Kukunoor,,,,1.4685,D,,,,,,,,,,tt0419828,,,,,,,,,,hitFlop=1,Missing/Partial,,wikipedia,2.0,2026-07-02
BOLLY_2004_1988_i_proud_to_be_an_indian,I Proud to Be an Indian,I Proud to Be an Indian,2004,February,2,2004-02-13,Action,Crime,Action,No,,Puneet Sira,Sohail Khan,Tim Lawrence,Sohail Khan | Tim Lawrence | Scott Hinds | Phil Jones,Vekeana Dhillon | Puneet Sira,,3.2917,D,1.0,D,,,,,,,,,,tt0379818,6.1,,,,,,,,,hitFlop=1,Missing/Partial,,wikipedia,2.0,2026-07-02
BOLLY_2004_1989_insaaf_the_justice,Insaaf: The Justice,Insaaf: The Justice,2004,March,3,2004-03-05,Drama,,Drama,No,,Shrey Srivastava,Dino Morea,Namrata Shirodkar,Dino Morea | Namrata Shirodkar | Sanjay Suri | Henna,Anant Balani | Chinton Mokashi | Sudhindra Subhash,,2.098,D,,,,,,,,,,,,tt0405046,0.0,,,,,,,,,hitFlop=1,Missing/Partial,,wikipedia,2.0,2026-07-02
BOLLY_2004_1990_inteqam_the_perfect_game,Inteqam: The Perfect Game,Inteqam: The Perfect Game,2004,November,11,2004-11-01,Action,Romance,Action | Romance,No,,Pankaj Parashar,Manoj Bajpayee,Isha Koppikar,Manoj Bajpayee | Isha Koppikar | Nethra Raghuraman | Parmita Katkar,Rajiv Babbar (story) | Shahnawaz Ahmed Kenny (scenario) | Yunus Sajawal (screenplay) | Jalees Sherwani (dialogue),,2.1847,D,1.2133,D,,,,,,,,,,tt0349620,6.0,,,,,,,,,hitFlop=1,Missing/Partial,,wikipedia,2.0,2026-07-02
BOLLY_2004_1991_ishq_hai_tumse,Ishq Hai Tumse,Ishq Hai Tumse,2004,January,1,2004-01-02,Romance,,Romance,No,,G. Krishna,Beena Banerjee,Bipasha Basu,Beena Banerjee | Bipasha Basu | Mohan Gokhale | Vikram Gokhale,Raman Bharadwaj (dialogue) | G. Krishna (screenplay) | Sana Yadi Reddy (concept),,,,,,,,,,,,,,,tt0392950,10.0,,,,,,,,,hitFlop=1,Missing/Partial,,wikipedia,2.0,2026-07-02
BOLLY_2004_1992_ishq_qayamat,Ishq Qayamat,Ishq Qayamat,2004,August,8,2004-08-20,Thriller,,Thriller,No,,V. Menon,Suman Ranganathan,Milind Gunaji,Suman Ranganathan | Milind Gunaji | Deepak Jethi | Kashmira Shah,Raghu Menon (story) | Deepak Sneh,,1.223,D,,,,,,,,,,,,tt0814158,,,,,,,,,,hitFlop=1,Missing/Partial,,wikipedia,2.0,2026-07-02
BOLLY_2004_1993_jaago,Jaago,Jaago,2004,February,2,2004-02-06,Drama,,Drama,No,,Mehul Kumar,Sanjay Kapoor,Raveena Tandon,Sanjay Kapoor | Raveena Tandon | Manoj Bajpayee | Puru Rajkumar,K.K. Singh (dialogue) | K.K. Singh (screenplay) | K.K. Singh (story),,5.4625,C,1.0733,D,,,,,,,,,,tt0401532,6.6,,,,,,,,,hitFlop=1,Missing/Partial,,wikipedia,2.0,2026-07-02
BOLLY_2004_1994_julie,Julie,Julie,2004,July,7,2004-07-23,Drama,,Drama,No,,Deepak S. Shivdasani,Neha Dhupia,Priyanshu Chatterjee,Neha Dhupia | Priyanshu Chatterjee | Yash Tonk | Sanjay Kapoor,Nishikant Kamat (screenplay) | Sanjay Pawar (dialogue) | Deepak S. Shivdasani (story),,2.9213,D,2.6377,D,,,,,,,,,,tt0421277,4.1,,,,,,,,,hitFlop=5,Missing/Partial,,wikipedia,2.0,2026-07-02
BOLLY_2004_1995_khakee,Khakee,Khakee,2004,January,1,2004-01-23,Action,Drama,Action | Drama,No,,Rajkumar Santoshi,Amitabh Bachchan,Akshay Kumar,Amitabh Bachchan | Akshay Kumar | Ajay Devgn | Aishwarya Rai Bachchan,Shridhar Raghavan | Rajkumar Santoshi (dialogue) | Rajkumar Santoshi,,7.0113,B,2.744,D,,,,,,,,,,tt0347332,7.4,,,,,,,,,hitFlop=4,Missing/Partial,,wikipedia,2.0,2026-07-02
BOLLY_2004_1996_kis_kis_ki_kismat,Kis Kis Ki Kismat,Kis Kis Ki Kismat,2004,October,10,2004-10-22,Comedy,,Comedy,No,,Govind Menon,Mallika Sherawat,Rati Agnihotri,Mallika Sherawat | Rati Agnihotri | Kurush Deboo | Tinnu Anand,Umesh Shukla,,4.0848,D,2.1234,D,,,,,,,,,,tt0442799,10.0,,,,,,,,,hitFlop=1,Missing/Partial,,wikipedia,2.0,2026-07-02
BOLLY_2004_1997_kismat,Kismat,Kismat,2004,February,2,2004-02-20,Action,Drama,Action | Drama,No,,Guddu Dhanoa,Bobby Deol,Priyanka Chopra,Bobby Deol | Priyanka Chopra | Kabir Bedi | Sanjay Narvekar,Robin Bhatt (screenplay) | Sutanu Gupta (screenplay) | Dilip Shukla (dialogue),,2.4272,D,1.2825,D,,,,,,,,,,tt0391274,4.1,,,,,,,,,hitFlop=1,Missing/Partial,,wikipedia,2.0,2026-07-02
BOLLY_2004_1998_kiss_kis_ko,Kiss Kis Ko,Kiss Kis Ko,2004,,,,Musical,,Musical,No,,Sharad Sharan,Chaitanya Bhosle,Sherrin Verghese,Chaitanya Bhosle | Sherrin Verghese | Bhumika Puri | Aparna Kumesh,Pankaj Kapoor,,,,,,,,,,,,,,,tt0447235,4.3,,,,,,,,,hitFlop=1,Missing/Partial,,wikipedia,2.0,2026-07-02
BOLLY_2004_1999_krishna_cottage,Krishna Cottage,Krishna Cottage,2004,April,4,2004-04-02,Comedy,Fantasy,Comedy | Fantasy | Horror,No,,Santram Varma,Sohail Khan,Isha Koppikar,Sohail Khan | Isha Koppikar | Anita Hassandani | Rati Agnihotri,,,3.2917,D,,,,,,,,,,,,tt0408976,5.2,,,,,,,,,hitFlop=2,Missing/Partial,,wikipedia,2.0,2026-07-02
BOLLY_2004_2000_kyun_ho_gaya_na,Kyun! Ho Gaya Na...,Kyun! Ho Gaya Na...,2004,August,8,2004-08-13,Comedy,Drama,Comedy | Drama | Romance,No,,Samir Karnik,Amitabh Bachchan,Vivek Oberoi,Amitabh Bachchan | Vivek Oberoi | Aishwarya Rai Bachchan | Om Puri,Tushar Hiranandani (dialogues) | Tushar Hiranandani (screenplay) | Samir Karnik | Vivek Oberoi (dialogues) | Vivek Oberoi (screenplay) | Rajesh Soni (dialogues) | Rajesh Soni (screenplay) | Milap Zaveri (dialogues) | Milap Zaveri (screenplay),,7.0113,B,2.1674,D,,,,,,,,,,tt0349703,4.3,,,,,,,,,hitFlop=2,Missing/Partial,,wikipedia,2.0,2026-07-02
BOLLY_2004_2001_lakeer_forbidden_lines,Lakeer - Forbidden Lines,Lakeer - Forbidden Lines,2004,,,,Action,Drama,Action | Drama | Romance,No,,Ahmed Khan,Sunny Deol,Sunil Shetty,Sunny Deol | Sunil Shetty | Sohail Khan | John Abraham,Ahmed Khan (screenplay) | Shahab Khan (screenplay) | Mehboob (dialogue),,3.3809,D,,,,,,,,,,,,tt0426075,4.7,,,,,,,,,hitFlop=1,Missing/Partial,,wikipedia,2.0,2026-07-02
BOLLY_2004_2002_lakshya,Lakshya,Lakshya,2004,June,6,2004-06-18,War,Drama,War | Drama | Romance,No,,Farhan Akhtar,Amitabh Bachchan,Hrithik Roshan,Amitabh Bachchan | Hrithik Roshan | Preity Zinta | Sharad S. Kapoor,Javed Akhtar (dialogue) | Javed Akhtar (screenplay) | Javed Akhtar (story) | Karan Kashyap (dialogue supervisor),,7.0113,B,5.7197,C,,,,,,,,,,tt0323013,7.8,,,,,,,,,hitFlop=2,Missing/Partial,,wikipedia,2.0,2026-07-02
BOLLY_2004_2003_let_s_enjoy,Let's Enjoy,Let's Enjoy,2004,October,10,2004-10-01,Comedy,,Comedy,No,,Siddharth Anand Kumar | Ankur Tewari,Shomendra Bose,Aashish Chaudhary,Shomendra Bose | Aashish Chaudhary | Roshni Chopra | Arzoo Govitrikar,Siddharth Anand Kumar | Ankur Tewari,,,,,,,,,,,,,,,tt0438153,,,,,,,,,,hitFlop=1,Missing/Partial,,wikipedia,2.0,2026-07-02
BOLLY_2004_2004_madhoshi,Madhoshi,Madhoshi,2004,September,9,2004-09-24,Musical,Mystery,Musical | Mystery | Drama,No,,Tanveer Khan,Bipasha Basu,John Abraham,Bipasha Basu | John Abraham | Priyanshu Chatterjee | Prakash Bhardwaj,Tanveer Khan,,4.5712,D,,,,,,,,,,,,tt0430328,4.6,,,,,,,,,hitFlop=1,Missing/Partial,,wikipedia,2.0,2026-07-02
BOLLY_2004_2005_main_hoon_na,Main Hoon Na,Main Hoon Na,2004,April,4,2004-04-30,Action,Comedy,Action | Comedy | Romance,No,,Farah Khan,Shah Rukh Khan,Sushmita Sen,Shah Rukh Khan | Sushmita Sen | Sunil Shetty | Zayed Khan,Farah Khan (story) | Abbas Tyrewala (screenplay) | Farah Khan (screenplay) | Rajesh Saathi (screenplay) | Abbas Tyrewala (dialogue),,9.2267,A,8.7847,A,,,,,,,,,,tt0347473,7.0,,,,,,,,,hitFlop=6,Missing/Partial,,wikipedia,2.0,2026-07-02
BOLLY_2004_2006_masti,Masti,Masti,2004,April,4,2004-04-09,Comedy,Crime,Comedy | Crime | Mystery,No,,Indra Kumar,Aftab Shivdasani,Vivek Oberoi,Aftab Shivdasani | Vivek Oberoi | Ritesh Deshmukh | Amrita Rao,Milap Zaveri (screenplay) | Tushar Hiranandani (screenplay) | Milap Zaveri (dialogue),,2.7284,D,4.1206,D,,,,,,,,,,tt0406977,6.2,,,,,,,,,hitFlop=6,Missing/Partial,,wikipedia,2.0,2026-07-02
BOLLY_2004_2007_meenaxi_tale_of_3_cities,Meenaxi: Tale of 3 Cities,Meenaxi: Tale of 3 Cities,2004,April,4,2004-04-02,Romance,Drama,Romance | Drama,No,,M.F. Hussain,Tabu,Raghuvir Yadav,Tabu | Raghuvir Yadav | Nadira Babbar | Kunal Kapoor,Owais Husain (story) | M.F. Hussain (dialogue) | M.F. Hussain (story),,5.0682,C,,,,,,,,,,,,tt0366761,6.2,,,,,,,,,hitFlop=1,Missing/Partial,,wikipedia,2.0,2026-07-02
BOLLY_2004_2008_meri_biwi_ka_jawab_nahin,Meri Biwi Ka Jawab Nahin,Meri Biwi Ka Jawab Nahin,2004,July,7,2004-07-02,Action,Comedy,Action | Comedy,No,,Pankaj Parashar | S.M. Iqbal,Akshay Kumar,Sridevi,Akshay Kumar | Sridevi | Gulshan Grover | Laxmikant Berde,,,6.3805,C,1.2133,D,,,,,,,,,,tt0187279,3.5,,,,,,,,,hitFlop=1,Missing/Partial,,wikipedia,2.0,2026-07-02
BOLLY_2004_2009_mirchi_it_s_hot,Mirchi: It's Hot,Mirchi: It's Hot,2004,August,8,2004-08-06,Crime,,Crime,No,,Dinesh D. Awasthi,Bobby Khan,Nilofer Khan,Bobby Khan | Nilofer Khan | Sambhavna Sheth | Nirmal Pandey,Dinesh D. Awasthi (screenplay) | Dinesh D. Awasthi (story) | Siddique Durrani (dialogue),,,,,,,,,,,,,,,tt1266140,4.1,,,,,,,,,hitFlop=1,Missing/Partial,,wikipedia,2.0,2026-07-02
BOLLY_2004_2010_morning_raga,Morning Raga,Morning Raga,2004,March,3,2005-03-18,Drama,,Drama,No,,Mahesh Dattani,Shabana Azmi,Prakash Rao,Shabana Azmi | Prakash Rao | Lillete Dubey | Perizaad Zorabian,Mahesh Dattani (story),,1.0,D,,,,,,,,,,,,tt0419974,9.0,,,,,,,,,hitFlop=1,Missing/Partial,,wikipedia,2.0,2026-07-02
BOLLY_2004_2011_mujhse_shaadi_karogi,Mujhse Shaadi Karogi,Mujhse Shaadi Karogi,2004,July,7,2004-07-30,Comedy,Romance,Comedy | Romance,No,,David Dhawan,Salman Khan,Akshay Kumar,Salman Khan | Akshay Kumar | Priyanka Chopra | Amrish Puri,Anees Bazmee | Rumi Jaffery (dialogue),,9.2082,A,4.7408,D,,,,,,,,,,tt0418362,6.7,,,,,,,,,hitFlop=6,Missing/Partial,,wikipedia,2.0,2026-07-02
BOLLY_2004_2012_murder,Murder,Murder,2004,April,4,2004-04-02,Drama,Thriller,Drama | Thriller,No,,Anurag Basu,Mallika Sherawat,Ashmit Patel,Mallika Sherawat | Ashmit Patel | Emraan Hashmi | Kashmira Shah,Anurag Basu | Subodh Chopra (dialogue),,4.0848,D,5.1314,C,,,,,,,,,,tt0405507,5.5,,,,,,,,,hitFlop=7,Missing/Partial,,wikipedia,2.0,2026-07-02
BOLLY_2004_2013_musafir,Musafir,Musafir,2004,December,12,2004-12-10,Action,Crime,Action | Crime | Drama,No,,Sanjay Gupta,Anil Kapoor,Sameera Reddy,Anil Kapoor | Sameera Reddy | Aditya Pancholi | Mahesh Manjrekar,Sanjay Gupta | Sameer Malhotra | Milap Zaveri (dialogue),,5.6087,C,3.4703,D,,,,,,,,,,tt0430381,5.6,,,,,,,,,hitFlop=2,Missing/Partial,,wikipedia,2.0,2026-07-02
BOLLY_2004_2014_muskaan,Muskaan,Muskaan,2004,March,3,2004-03-26,Romance,,Romance,No,,Rohit Manash | Rohit Nayyar | Manish Robin | Manish Sharma,Aftab Shivdasani,Gracy Singh,Aftab Shivdasani | Gracy Singh | Parvin Dabas | Gulshan Grover,Atul Sharma,,2.7284,D,,,,,,,,,,,,tt0409068,4.5,,,,,,,,,hitFlop=1,Missing/Partial,,wikipedia,2.0,2026-07-02
BOLLY_2004_2015_naach,Naach,Naach,2004,November,11,2004-11-12,Musical,Drama,Musical | Drama,No,,Ram Gopal Varma,Antara Mali,Abhishek Bachchan,Antara Mali | Abhishek Bachchan | Ritesh Deshmukh | Priya Badlani,Sulekha Bajpai | Musharaff Ali Khan | Pooja Ladha Surti,,2.6169,D,3.7435,D,,,,,,,,,,tt0433605,4.4,,,,,,,,,hitFlop=1,Missing/Partial,,wikipedia,2.0,2026-07-02
BOLLY_2004_2016_paisa_vasool,Paisa Vasool,Paisa Vasool,2004,January,1,2004-01-09,Comedy,,Comedy,No,,Srinivas Bhashyam,Manisha Koirala,Sushmita Sen,Manisha Koirala | Sushmita Sen | Sushant Singh | Mukesh Ahuja,Srinivas Bhashyam | Anurag Kashyap,,2.7949,D,,,,,,,,,,,,tt0396782,0.0,,,,,,,,,hitFlop=1,Missing/Partial,,wikipedia,2.0,2026-07-02
BOLLY_2004_2017_phir_milenge,Phir Milenge,Phir Milenge,2004,August,8,2004-08-13,Drama,,Drama,No,,Revathy,Salman Khan,Abhishek Bachchan,Salman Khan | Abhishek Bachchan | Shilpa Shetty | Mita Vasisht,Atul Sabharwal (screenplay),,9.2082,A,,,,,,,,,,,,tt0422950,6.2,,,,,,,,,hitFlop=1,Missing/Partial,,wikipedia,2.0,2026-07-02
BOLLY_2004_2018_plan,Plan,Plan,2004,January,1,2004-01-09,Action,Thriller,Action | Thriller,No,,Hriday Shetty,Sanjay Dutt,Dino Morea,Sanjay Dutt | Dino Morea | Sanjay Suri | Bikram Saluja,Sanjay Gupta (story) | Vinay (screenplay) | Yash (screenplay) | Milap Zaveri (dialogue),,5.0026,C,1.2329,D,,,,,,,,,,tt0364604,4.4,,,,,,,,,hitFlop=2,Missing/Partial,,wikipedia,2.0,2026-07-02
BOLLY_2004_2019_police_force_an_inside_story,Police Force: An Inside Story,Police Force: An Inside Story,2004,May,5,2004-05-28,Action,Crime,Action | Crime | Drama,No,,Dilip Shukla,Akshay Kumar,Raveena Tandon,Akshay Kumar | Raveena Tandon | Amrish Puri | Mohan Joshi,Dilip Shukla,,6.3805,C,,,,,,,,,,,,tt0416120,4.5,,,,,,,,,hitFlop=1,Missing/Partial,,wikipedia,2.0,2026-07-02
BOLLY_2004_2020_popcorn_khao_mast_ho_jao,Popcorn Khao! Mast Ho Jao,Popcorn Khao! Mast Ho Jao,2004,October,10,2004-10-01,Comedy,Drama,Comedy | Drama | Romance,No,,Kabir Sadanand,Akshay Kapoor,Tanisha,Akshay Kapoor | Tanisha | Yash Tonk | Deepak Tijori,Vishal Dadlani (lyrics) | Kabir Sadanand | Raghuvir Shekhawat (dialogue),,,,1.2486,D,,,,,,,,,,tt0430480,0.0,,,,,,,,,hitFlop=1,Missing/Partial,,wikipedia,2.0,2026-07-02
BOLLY_2004_2021_prarambh,Prarambh,Prarambh,2004,August,8,2004-08-13,Drama,,Drama,No,,Kumar Dave,Mukesh Bhatt,Shama Deshpande,Mukesh Bhatt | Shama Deshpande | Sanjay Gandhi | Vijay Gupta,Kumar Dave (screenplay),,1.223,D,,,,,,,,,,,,tt0491724,,,,,,,,,,hitFlop=1,Missing/Partial,,wikipedia,2.0,2026-07-02
BOLLY_2004_2022_raincoat,Raincoat,Raincoat,2004,December,12,2004-12-24,Drama,Romance,Drama | Romance,No,,Rituparno Ghosh,Ajay Devgn,Aishwarya Rai Bachchan,Ajay Devgn | Aishwarya Rai Bachchan | Annu Kapoor | Mouli Ganguly,"Rituparno Ghosh (original dialogue) | O. Henry (adapted from the story ""Gift of Magi"""")""",,6.8713,C,,,,,,,,,,,,tt0405266,7.7,,,,,,,,,hitFlop=1,Missing/Partial,,wikipedia,2.0,2026-07-02
BOLLY_2004_2023_rakht,Rakht,Rakht,2004,September,9,2004-09-01,Horror,Thriller,Horror | Thriller,No,,Mahesh Manjrekar,Sanjay Dutt,Sunil Shetty,Sanjay Dutt | Sunil Shetty | Bipasha Basu | Dino Morea,Deepak Kulkarni (dialogue) | Deepak Kulkarni (story) | Vinay (screenplay) | Yash (screenplay),,5.0026,C,1.4664,D,,,,,,,,,,tt0418096,3.8,,,,,,,,,hitFlop=1,Missing/Partial,,wikipedia,2.0,2026-07-02
BOLLY_2004_2024_rok_sako_to_rok_lo,Rok Sako To Rok Lo,Rok Sako To Rok Lo,2004,December,12,2004-12-10,Adventure,Musical,Adventure | Musical | Romance,No,,Arindam Chowdhuri,Sunny Deol,Yash Pandit,Sunny Deol | Yash Pandit | Manjari Phadnis | Carran Kapur,Arindam Chowdhuri,,3.3809,D,,,,,,,,,,,,tt0423087,,,,,,,,,,hitFlop=1,Missing/Partial,,wikipedia,2.0,2026-07-02
BOLLY_2004_2025_rudraksh,Rudraksh,Rudraksh,2004,February,2,2004-02-13,Fantasy,Sci-Fi,Fantasy | Sci-Fi,No,,Mani Shankar,Sanjay Dutt,Bipasha Basu,Sanjay Dutt | Bipasha Basu | Sunil Shetty | Isha Koppikar,Mani Shankar (screenplay) | Mani Shankar (story),,5.0026,C,2.3406,D,,,,,,,,,,tt0366985,2.7,,,,,,,,,hitFlop=1,Missing/Partial,,wikipedia,2.0,2026-07-02
BOLLY_2004_2026_run,Run,Run,2004,May,5,2004-05-14,Action,Comedy,Action | Comedy | Romance,No,,Jeeva,Abhishek Bachchan,Bhoomika Chawla,Abhishek Bachchan | Bhoomika Chawla | Mahesh Manjrekar | Vijay Raaz,N. Linguswamy (story) | N. Linguswamy (screenplay) | Kamal Pandey (dialogue),,5.2079,C,,,,,,,,,,,,tt0411815,5.0,,,,,,,,,hitFlop=2,Missing/Partial,,wikipedia,2.0,2026-07-02
BOLLY_2004_2027_shaadi_ka_laddoo,Shaadi Ka Laddoo,Shaadi Ka Laddoo,2004,April,4,2004-04-23,Comedy,,Comedy,No,,Raj Kaushal,Sanjay Suri,Mandira Bedi,Sanjay Suri | Mandira Bedi | Aashish Chaudhary | Divya Dutta,Shashank Dabral,,1.9321,D,,,,,,,,,,,,tt0414503,0.0,,,,,,,,,hitFlop=2,Missing/Partial,,wikipedia,2.0,2026-07-02
BOLLY_2004_2028_shart_the_challenge,Shart: The Challenge,Shart: The Challenge,2004,August,8,2004-08-13,Romance,,Romance,No,,Puri Jagannadh,Amrita Arora,Asrani,Amrita Arora | Asrani | Snehal Dabi | Vrajesh Hirjee,Puri Jagannadh,,2.7542,D,,,,,,,,,,,,tt0410591,0.0,,,,,,,,,hitFlop=1,Missing/Partial,,wikipedia,2.0,2026-07-02
BOLLY_2004_2029_shola_fire_of_love,Shola: Fire of Love,Shola: Fire of Love,2004,,,,Action,Crime,Action | Crime | Drama,No,,Viji P. Nair,Tinnu Anand,Rajeev Awasthi,Tinnu Anand | Rajeev Awasthi | Mohnish Bahl | Beena Banerjee,,,2.4003,D,,,,,,,,,,,,tt1594974,0.0,,,,,,,,,hitFlop=1,Missing/Partial,,wikipedia,2.0,2026-07-02
BOLLY_2004_2030_shukriya_till_death_do_us_apart,Shukriya: Till Death Do Us Apart,Shukriya: Till Death Do Us Apart,2004,October,10,2004-10-08,Musical,Drama,Musical | Drama | Family,No,,Anupam Sinha,Anupam Kher,Aftab Shivdasani,Anupam Kher | Aftab Shivdasani | Shriya Saran | Indraneel,Jeetu Arora (screenplay) | Jeetu Arora (story) | Anubhav Sinha (dialogue) | Anupam Sinha (screenplay) | Anupam Sinha (story),,3.4477,D,,,,,,,,,,,,tt0435390,5.1,,,,,,,,,hitFlop=1,Missing/Partial,,wikipedia,2.0,2026-07-02
BOLLY_2004_2031_stop,Stop!,Stop!,2004,November,11,2004-11-05,Comedy,Romance,Comedy | Romance,No,,Ajai Sinha,Rocky Bhatia,Dia Mirza,Rocky Bhatia | Dia Mirza | Tejaswini Kolhapure | Gauri Karnik,Sanjay Pathak (story) | Ishaan Trivedi (screenplay) | Raghuvir Shekhawat (dialogue),,,,1.0186,D,,,,,,,,,,tt0832365,,,,,,,,,,hitFlop=1,Missing/Partial,,wikipedia,2.0,2026-07-02
BOLLY_2004_2032_suno_sasurjee,Suno Sasurjee,Suno Sasurjee,2004,February,2,2004-02-27,Action,Comedy,Action | Comedy | Musical,No,,Vimal Kumar,Aftab Shivdasani,Ameesha Patel,Aftab Shivdasani | Ameesha Patel | Gulshan Grover | Asrani,Rajeev Kaul (screenplay) | Rajeev Kaul (story) | Anwar Khan (dialogue) | Praful Parekh (screenplay) | Praful Parekh (story),,2.7284,D,,,,,,,,,,,,tt0402606,0.0,,,,,,,,,hitFlop=1,Missing/Partial,,wikipedia,2.0,2026-07-02
BOLLY_2004_2033_swades,Swades,Swades,2004,December,12,2004-12-17,Drama,,Drama,No,,Ashutosh Gowariker,Shah Rukh Khan,Gayatri Joshi,Shah Rukh Khan | Gayatri Joshi | Kishori Balal | Smith Seth,M.G. Sathya (story) | Ashutosh Gowariker (story) | Ashutosh Gowariker (screenplay) | Sameer Sharma (screenplay) | Lalit Marathe (screenplay) | Amin Hajee (screenplay) | Charlotte Whitby-Coles (screenplay) | Yashodeep Nigudkar (screenplay) | Ayan Mukherjee (screenplay) | K.P. Saxena (dialogue),,9.2267,A,3.7481,D,,,,,,,,,,tt0367110,8.2,,,,,,,,,hitFlop=2,Missing/Partial,,wikipedia,2.0,2026-07-02
BOLLY_2004_2034_taarzan_the_wonder_car,Taarzan: The Wonder Car,Taarzan: The Wonder Car,2004,August,8,2004-08-06,Musical,Action,Musical | Action | Drama,No,,Abbas Alibhai Burmawalla | Mastan Alibhai Burmawalla,Vatsal Seth,Ayesha Takia,Vatsal Seth | Ayesha Takia | Ajay Devgn | Farida Jalal,Lalit Mahajan (story) | Lalit Mahajan,,1.223,D,3.6411,D,,,,,,,,,,tt0435437,4.7,,,,,,,,,hitFlop=1,Missing/Partial,,wikipedia,2.0,2026-07-02
BOLLY_2004_2035_tauba_tauba,Tauba Tauba,Tauba Tauba,2004,October,10,2004-10-01,Comedy,Drama,Comedy | Drama,No,,T.L.V. Prasad,Laxmikant Berde,Bobby Darling,Laxmikant Berde | Bobby Darling | Amin Gazi | Ayub Khan,,,2.2798,D,,,,,,,,,,,,tt0429289,2.0,,,,,,,,,hitFlop=4,Missing/Partial,,wikipedia,2.0,2026-07-02
BOLLY_2004_2036_tum_a_dangerous_obsession,Tum: A Dangerous Obsession,Tum: A Dangerous Obsession,2004,February,2,2004-02-27,Drama,Romance,Drama | Romance | Thriller,No,,Aruna Raje,Manisha Koirala,Karan Nath,Manisha Koirala | Karan Nath | Rajat Kapoor | Nataneya Singh,Manisha Korde (dialogue) | Aruna Raje (screenplay) | Aruna Raje (story),,2.7949,D,,,,,,,,,,,,tt0402607,3.0,,,,,,,,,hitFlop=2,Missing/Partial,,wikipedia,2.0,2026-07-02
BOLLY_2004_2037_tumsa_nahin_dekha,Tumsa Nahin Dekha,Tumsa Nahin Dekha,2004,September,9,2004-09-24,Musical,Romance,Musical | Romance,No,,Anurag Basu,Emraan Hashmi,Dia Mirza,Emraan Hashmi | Dia Mirza | Anupam Kher | Sharat Saxena,Subodh Chopra,,4.721,D,5.1314,C,,,,,,,,,,tt0430702,4.7,,,,,,,,,hitFlop=1,Missing/Partial,,wikipedia,2.0,2026-07-02
BOLLY_2004_2038_vaastu_shastra,Vaastu Shastra,Vaastu Shastra,2004,October,10,2004-10-22,Horror,Mystery,Horror | Mystery,No,,Saurab Narang,Vicky Ahuja,J.D. Chakravarthi,Vicky Ahuja | J.D. Chakravarthi | Ahsaas Channa | Peeya Rai Chowdhary,Charudutt Acharya,,2.5611,D,,,,,,,,,,,,tt0416282,5.0,,,,,,,,,hitFlop=3,Missing/Partial,,wikipedia,2.0,2026-07-02
BOLLY_2004_2039_veer_zaara,Veer-Zaara,Veer-Zaara,2004,November,11,2004-11-12,Drama,Musical,Drama | Musical | Romance,No,,Yash Chopra,Shah Rukh Khan,Preity Zinta,Shah Rukh Khan | Preity Zinta | Rani Mukerji | Kiron Kher,Aditya Chopra (dialogue) | Aditya Chopra (screenplay) | Aditya Chopra (story),,9.2267,A,,,,,,,,,,,,tt0420332,7.8,,,,,,,,,hitFlop=7,Missing/Partial,,wikipedia,2.0,2026-07-02
BOLLY_2004_2040_wajahh_a_reason_to_kill,Wajahh: A Reason to Kill,Wajahh: A Reason to Kill,2004,October,10,2004-10-08,Thriller,,Thriller,No,,Gautam Adhikari,Arbaaz Khan,Gracy Singh,Arbaaz Khan | Gracy Singh | Shamita Shetty | Zulfi Sayed,Ghalib Asadbhopali (dialogue) | Tony Mirrcandani (story) | Sandeep Patel (screenplay),,2.5366,D,,,,,,,,,,,,tt0439872,10.0,,,,,,,,,hitFlop=1,Missing/Partial,,wikipedia,2.0,2026-07-02
BOLLY_2004_2041_woh,WOH,WOH,2004,March,3,2004-03-26,Crime,Drama,Crime | Drama | Thriller,No,,Raj N. Sippy,Priyanshu Chatterjee,Cleo Isaacs,Priyanshu Chatterjee | Cleo Isaacs | Kasam | Ayub Khan,Suneel Akhttar (dialogues) | Robin Bhatt (story) | Tapan Bhatt (dialogues) | Dev Kohli (lyrics),,2.4801,D,1.0402,D,,,,,,,,,,tt0415373,0.0,,,,,,,,,hitFlop=1,Missing/Partial,,wikipedia,2.0,2026-07-02
BOLLY_2004_2042_woh_tera_naam_tha,Woh Tera Naam Tha,Woh Tera Naam Tha,2004,,,,Romance,,Romance,No,,Sandesh Kohli,Arjan Bajwa,Rajat Bedi,Arjan Bajwa | Rajat Bedi | Gaurav Chanana | Prem Chopra,J.P. Chowksey,,1.1394,D,,,,,,,,,,,,tt0386121,,,,,,,,,,hitFlop=1,Missing/Partial,,wikipedia,2.0,2026-07-02
BOLLY_2004_2043_yeh_lamhe_judaai_ke,Yeh Lamhe Judaai Ke,Yeh Lamhe Judaai Ke,2004,April,4,2004-04-09,Drama,Mystery,Drama,No,,Birendra Nath Tiwari,Shah Rukh Khan,Raveena Tandon,Shah Rukh Khan | Raveena Tandon | Navneet Nishan | Avtar Gill,,,9.2267,A,,,,,,,,,,,,tt0385351,3.1,,,,,,,,,hitFlop=1,Missing/Partial,,wikipedia,2.0,2026-07-02
BOLLY_2004_2044_yuva,Yuva,Yuva,2004,May,5,2004-05-22,Action,Adventure,Action | Adventure | Crime,No,,Mani Ratnam,Ajay Devgn,Abhishek Bachchan,Ajay Devgn | Abhishek Bachchan | Rani Mukerji | Vivek Oberoi,Anurag Kashyap (dialogue) | Mani Ratnam (screenplay),,6.8713,C,4.8812,D,,,,,,,,,,tt0382383,7.3,,,,,,,,,hitFlop=3,Missing/Partial,,wikipedia,2.0,2026-07-02
BOLLY_2005_2045_7_1_2_phere_more_than_a_wedding,7 1/2 Phere: More Than a Wedding,7 1/2 Phere: More Than a Wedding,2005,July,7,2005-07-29,Comedy,Drama,Comedy | Drama,No,,Ishaan Trivedi,Juhi Chawla,Irrfan Khan,Juhi Chawla | Irrfan Khan | Manoj Pahwa | Nina Kulkarni,Subrat Sinha (lyrics) | Honey Trehan (lyrics) | Ishaan Trivedi,,3.1388,D,,,,,,,,,,,,tt0453582,,,,,,,,,,hitFlop=1,Missing/Partial,,wikipedia,2.0,2026-07-02
BOLLY_2005_2046_99_9_fm,99.9 FM,99.9 FM,2005,,,,Crime,,Crime,No,,Sanjay Bhatia,Shawar Ali,Jaipreet Nagra,Shawar Ali | Jaipreet Nagra | Raima Sen | Dipannita Sharma,,,1.1394,D,,,,,,,,,,,,tt0926029,4.0,,,,,,,,,hitFlop=1,Missing/Partial,,wikipedia,2.0,2026-07-02
BOLLY_2005_2047_aashiq_banaya_aapne_love_takes_over,Aashiq Banaya Aapne: Love Takes Over,Aashiq Banaya Aapne: Love Takes Over,2005,September,9,2005-09-02,Drama,Romance,Drama | Romance | Thriller,No,,Aditya Datt,Tanushree Dutta,Preeti Ganguli,Tanushree Dutta | Preeti Ganguli | Emraan Hashmi | Ashwini Khalsekar,Aditya Datt (story),,2.0907,D,1.7076,D,,,,,,,,,,tt0477253,4.4,,,,,,,,,hitFlop=3,Missing/Partial,,wikipedia,2.0,2026-07-02
BOLLY_2005_2048_amu,Amu,Amu,2005,January,1,2005-01-07,Drama,,Drama,No,,Shonali Bose,Konkona Sen Sharma,Yashpal Sharma,Konkona Sen Sharma | Yashpal Sharma | Brinda Karat | Ankur Khanna,Shonali Bose,,2.9405,D,,,,,,,,,,,,tt0414713,,,,,,,,,,hitFlop=1,Missing/Partial,,wikipedia,2.0,2026-07-02
BOLLY_2005_2049_anjaane_the_unkown,Anjaane: The Unkown,Anjaane: The Unkown,2005,December,12,2005-12-30,Horror,,Horror,No,,Harryy W. Fernaandes,Manisha Koirala,Sanjay Kapoor,Manisha Koirala | Sanjay Kapoor | Helen | Daisy Irani,Aadesh K. Arjun (dialogue) | Harryy W. Fernaandes (dialogue) | Harryy W. Fernaandes (screenplay) | Harryy W. Fernaandes (story),,2.7949,D,,,,,,,,,,,,tt0874854,10.0,,,,,,,,,hitFlop=1,Missing/Partial,,wikipedia,2.0,2026-07-02
BOLLY_2005_2050_apaharan,Apaharan,Apaharan,2005,December,12,2005-12-02,Action,Crime,Action | Crime | Drama,No,,Prakash Jha,Ajay Devgn,Nana Patekar,Ajay Devgn | Nana Patekar | Bipasha Basu | Ayub Khan,Prakash Jha (dialogue) | Prakash Jha (screenplay) | Prakash Jha (story) | Shridhar Raghavan (screenplay) | Anjum Rajabali (script consultant) | Manoj Tyagi (screenplay),,6.8713,C,3.6075,D,,,,,,,,,,tt0451631,7.4,,,,,,,,,hitFlop=5,Missing/Partial,,wikipedia,2.0,2026-07-02
BOLLY_2005_2051_bachke_rehna_re_baba,Bachke Rehna Re Baba,Bachke Rehna Re Baba,2005,June,6,2005-06-03,Comedy,,Comedy,No,,Govind Menon,Rekha,Mallika Sherawat,Rekha | Mallika Sherawat | Paresh Rawal | Satish Shah,Robin Bhatt (screenplay) | Robin Bhatt (story) | Umesh Shukla (dialogue) | Umesh Shukla (screenplay) | Umesh Shukla (story),,5.1069,C,2.1234,D,,,,,,,,,,tt0451639,1.0,,,,,,,,,hitFlop=2,Missing/Partial,,wikipedia,2.0,2026-07-02
BOLLY_2005_2052_bewafaa,Bewafaa,Bewafaa,2005,February,2,2005-02-25,Drama,Romance,Drama,No,,Dharmesh Darshan,Anil Kapoor,Akshay Kumar,Anil Kapoor | Akshay Kumar | Kareena Kapoor | Sushmita Sen,Dharmesh Darshan,,5.6087,C,1.7248,D,,,,,,,,,,tt0363472,4.1,,,,,,,,,hitFlop=3,Missing/Partial,,wikipedia,2.0,2026-07-02
BOLLY_2005_2053_black,Black,Black,2005,February,2,2005-02-04,Drama,,Drama,No,,Sanjay Leela Bhansali,Amitabh Bachchan,Rani Mukerji,Amitabh Bachchan | Rani Mukerji | Shernaz Patel | Ayesha Kapoor,Sanjay Leela Bhansali (screenplay) | Bhavani Iyer (English dialogue) | Bhavani Iyer (screenplay) | Prakash Kapadia (screenplay),,7.0113,B,4.922,D,,,,,,,,,,tt0375611,8.1,,,,,,,,,hitFlop=4,Missing/Partial,,wikipedia,2.0,2026-07-02
BOLLY_2005_2054_blackmail,Blackmail,Blackmail,2005,January,1,2005-01-28,Action,Drama,Action | Drama | Thriller,No,,Anil Devgan,Ajay Devgn,Sunil Shetty,Ajay Devgn | Sunil Shetty | Priyanka Chopra | Dia Mirza,Robin Bhatt (story) | Javed Siddiqui (dialogue),,6.8713,C,,,,,,,,,,,,tt0444769,5.1,,,,,,,,,hitFlop=1,Missing/Partial,,wikipedia,2.0,2026-07-02
BOLLY_2005_2055_bluffmaster,Bluffmaster!,Bluffmaster!,2005,December,12,2005-12-16,Comedy,Romance,Comedy | Romance | Thriller,No,,Rohan Sippy,Abhishek Bachchan,Priyanka Chopra,Abhishek Bachchan | Priyanka Chopra | Ritesh Deshmukh | Nana Patekar,Rajat Arora (dialogue) | Shridhar Raghavan (story),,5.2079,C,2.7859,D,,,,,,,,,,tt0476527,6.6,,,,,,,,,hitFlop=5,Missing/Partial,,wikipedia,2.0,2026-07-02
BOLLY_2005_2056_bobby_love_and_lust,Bobby: Love and Lust,Bobby: Love and Lust,2005,November,11,2005-11-25,Romance,,Romance,No,,Rakesh Parmaar,Monalisa,Usha Bachani,Monalisa | Usha Bachani | Gaurav Dixit | Milind Gunaji,,,,,,,,,,,,,,,,tt1117964,,,,,,,,,,hitFlop=1,Missing/Partial,,wikipedia,2.0,2026-07-02
BOLLY_2005_2057_bullet_ek_dhamaka,Bullet: Ek Dhamaka,Bullet: Ek Dhamaka,2005,February,2,2005-02-04,Action,Drama,Action | Drama,No,,Irfan Khan,Benjamin Gilani,Natalya Gudkova,Benjamin Gilani | Natalya Gudkova | Iqbal Khan | Asseem Merchant,Anand Raj Anand (lyrics) | Neha Bhasin (lyrics) | Salim Shahid (story) | Faiz Shaid (story),,1.0,D,,,,,,,,,,,,tt0483239,,,,,,,,,,hitFlop=1,Missing/Partial,,wikipedia,2.0,2026-07-02
BOLLY_2005_2058_bunty_aur_babli,Bunty Aur Babli,Bunty Aur Babli,2005,May,5,2005-05-27,Adventure,Comedy,Adventure | Comedy | Crime,No,,Shaad Ali,Amitabh Bachchan,Rani Mukerji,Amitabh Bachchan | Rani Mukerji | Abhishek Bachchan | Kiran Juneja,Aditya Chopra (story) | Jaideep Sahni (screenplay) | Jaideep Sahni (dialogue),,7.0113,B,5.2612,C,,,,,,,,,,tt0448206,6.2,,,,,,,,,hitFlop=7,Missing/Partial,,wikipedia,2.0,2026-07-02
BOLLY_2005_2059_c_u_at_9,C U at 9,C U at 9,2005,June,6,2005-06-25,Drama,Horror,Drama | Horror | Mystery,No,,Marlon Rodrigues,Isaiah,Malavikka,Isaiah | Malavikka | Kanksha | Marlon Rodrigues,,,,,,,,,,,,,,,,tt0488976,4.2,,,,,,,,,hitFlop=1,Missing/Partial,,wikipedia,2.0,2026-07-02
BOLLY_2005_2060_chaahat_ek_nasha,Chaahat Ek Nasha...,Chaahat Ek Nasha...,2005,February,2,2005-02-11,Romance,,Romance,No,,Jay Prakash | Surya Prakash,Aryan Vaid,Manisha Koirala,Aryan Vaid | Manisha Koirala | Preeti Jhangiani | Sharad S. Kapoor,,,1.2788,D,,,,,,,,,,,,tt0447890,4.0,,,,,,,,,hitFlop=1,Missing/Partial,,wikipedia,2.0,2026-07-02
BOLLY_2005_2061_chand_bujh_gaya,Chand Bujh Gaya,Chand Bujh Gaya,2005,March,3,2005-03-18,Drama,Thriller,Drama | Thriller,No,,Sharique Minhaj,Mukesh Ahuja,Ishrat Ali,Mukesh Ahuja | Ishrat Ali | Aliza | Neha Bam,Zuber Dr. (story) | Qamruddin Falak (story),,1.0,D,,,,,,,,,,,,tt0487148,7.0,,,,,,,,,hitFlop=1,Missing/Partial,,wikipedia,2.0,2026-07-02
BOLLY_2005_2062_chand_sa_roshan_chehra,Chand Sa Roshan Chehra,Chand Sa Roshan Chehra,2005,March,3,2005-03-04,Romance,,Romance,No,,Shabah Shamsi,Samir Aftab,Talat Aziz,Samir Aftab | Talat Aziz | Tamannaah Bhatia | Kurush Deboo,Jalees Sherwani,,,,,,,,,,,,,,,tt0466367,5.0,,,,,,,,,hitFlop=1,Missing/Partial,,wikipedia,2.0,2026-07-02
BOLLY_2005_2063_chehraa,Chehraa,Chehraa,2005,February,2,2005-02-18,Thriller,,Thriller,No,,Saurabh Shukla,Bipasha Basu,Dino Morea,Bipasha Basu | Dino Morea | Preeti Jhangiani | Irrfan Khan,Saurabh Shukla,,4.5712,D,,,,,,,,,,,,tt0449870,8.0,,,,,,,,,hitFlop=1,Missing/Partial,,wikipedia,2.0,2026-07-02
BOLLY_2005_2064_chetna_the_excitement,Chetna: The Excitement,Chetna: The Excitement,2005,June,6,2005-06-24,Thriller,,Thriller,No,,,Jatin Grewal,Navneet Kaur,Jatin Grewal | Navneet Kaur | Kiran Kumar | Payal Rohatgi,,,,,,,,,,,,,,,,tt0487149,,,,,,,,,,hitFlop=1,Missing/Partial,,wikipedia,2.0,2026-07-02
BOLLY_2005_2065_dansh,Dansh,Dansh,2005,September,9,2005-09-02,Drama,,Drama,No,,Kamika Verma | Kanika Verma,Kay Kay Menon,Sonali Kulkarni,Kay Kay Menon | Sonali Kulkarni | Aditya Srivastava | Vijay Raj,Anish,,2.6256,D,,,,,,,,,,,,tt0497606,,,,,,,,,,hitFlop=1,Missing/Partial,,wikipedia,2.0,2026-07-02
BOLLY_2005_2066_deewane_huye_paagal,Deewane Huye Paagal,Deewane Huye Paagal,2005,November,11,2005-11-25,Comedy,Romance,Comedy | Romance,No,,Vikram Bhatt,Akshay Kumar,Sunil Shetty,Akshay Kumar | Sunil Shetty | Shahid Kapoor | Rimi Sen,Kiran Kotrial (story) | Neeraj Vora (dialogue) | Abbas Hirapurwala (dialogue),,6.3805,C,2.9028,D,,,,,,,,,,tt0444781,5.5,,,,,,,,,hitFlop=2,Missing/Partial,,wikipedia,2.0,2026-07-02
BOLLY_2005_2067_dil_jo_bhi_kahey,Dil Jo Bhi Kahey...,Dil Jo Bhi Kahey...,2005,September,9,2005-09-23,Romance,,Romance,No,,Romesh Sharma,Amitabh Bachchan,Revathy,Amitabh Bachchan | Revathy | Karan Sharma | Annabelle Wallis,Romesh Sharma,,7.0113,B,,,,,,,,,,,,tt0442764,4.6,,,,,,,,,hitFlop=1,Missing/Partial,,wikipedia,2.0,2026-07-02
BOLLY_2005_2068_dosti_friends_forever,Dosti: Friends Forever,Dosti: Friends Forever,2005,December,12,2005-12-23,Romance,Romance,Romance,No,,Suneel Darshan,Akshay Kumar,Bobby Deol,Akshay Kumar | Bobby Deol | Kareena Kapoor | Lara Dutta,Suneel Darshan (story) | Robin Bhatt (screenplay) | Shyam Goel (screenplay) | Rumi Jaffery (screenplay) | K.K. Singh (screenplay),,6.3805,C,1.706,D,,,,,,,,,,tt0449228,5.3,,,,,,,,,hitFlop=2,Missing/Partial,,wikipedia,2.0,2026-07-02
BOLLY_2005_2069_double_cross_ek_dhoka,Double Cross: Ek Dhoka,Double Cross: Ek Dhoka,2005,July,7,2005-07-12,Comedy,,Comedy,No,,Vicky Tejwani,Ayesha Jhulka,Negar Khan,Ayesha Jhulka | Negar Khan | Sahil Khan,,,1.1394,D,,,,,,,,,,,,tt0489028,,,,,,,,,,hitFlop=1,Missing/Partial,,wikipedia,2.0,2026-07-02
BOLLY_2005_2070_dus,Dus,Dus,2005,July,7,2005-07-08,Action,Crime,Action | Crime | Thriller,No,,Anubhav Sinha,Sanjay Dutt,Sunil Shetty,Sanjay Dutt | Sunil Shetty | Abhishek Bachchan | Zayed Khan,Anubhav Sinha (dialogue) | Vinay | Yash,,5.0026,C,3.0566,D,,,,,,,,,,tt0415768,5.5,,,,,,,,,hitFlop=4,Missing/Partial,,wikipedia,2.0,2026-07-02
BOLLY_2005_2071_ek_ajnabee,Ek Ajnabee,Ek Ajnabee,2005,December,12,2005-12-09,Action,Adventure,Action | Adventure | Crime,No,,Apoorva Lakhia,Amitabh Bachchan,Arjun Rampal,Amitabh Bachchan | Arjun Rampal | Perizaad Zorabian | Rucha Vaidya,Apoorva Lakhia (screenplay) | Manoj Tyagi (screenplay) | Manoj Tyagi (dialogue),,7.0113,B,1.8339,D,,,,,,,,,,tt0457875,5.3,,,,,,,,,hitFlop=2,Missing/Partial,,wikipedia,2.0,2026-07-02
BOLLY_2005_2072_ek_khiladi_ek_haseena,Ek Khiladi Ek Haseena,Ek Khiladi Ek Haseena,2005,November,11,2005-11-18,Comedy,Crime,Comedy | Crime | Thriller,No,,Suparn Verma,Fardeen Khan,Koena Mitra,Fardeen Khan | Koena Mitra | Kay Kay Menon | Rakhi Sawant,Suparn Verma (story),,2.8821,D,1.4658,D,,,,,,,,,,tt0461209,5.7,,,,,,,,,hitFlop=2,Missing/Partial,,wikipedia,2.0,2026-07-02
BOLLY_2005_2073_elaan,Elaan,Elaan,2005,January,1,2005-01-14,Action,,Action,No,,Vikram Bhatt,Arjun Rampal,Ameesha Patel,Arjun Rampal | Ameesha Patel | John Abraham | Lara Dutta,Robin Bhatt | Vikram Bhatt,,3.8011,D,2.9028,D,,,,,,,,,,tt0416712,4.6,,,,,,,,,hitFlop=1,Missing/Partial,,wikipedia,2.0,2026-07-02
BOLLY_2005_2074_fareb,Fareb,Fareb,2005,,,,Drama,Thriller,Drama | Thriller,No,,Deepak Tijori,Shilpa Shetty,Manoj Bajpayee,Shilpa Shetty | Manoj Bajpayee | Shamita Shetty | Parmeet Sethi,Girish Dhamija (dialogue) | Bijesh Jayarajan (screenplay) | Bijesh Jayarajan (story),,3.537,D,1.5883,D,,,,,,,,,,tt0444820,6.0,,,,,,,,,hitFlop=1,Missing/Partial,,wikipedia,2.0,2026-07-02
BOLLY_2005_2075_the_film,The Film,The Film,2005,November,11,2005-11-25,Drama,Thriller,Drama | Thriller,No,,Junaid Memon,Nassar Abdulla,Ravi Baswani,Nassar Abdulla | Ravi Baswani | Rakesh Bedi | Mahima Chaudhry,Yash Chouhan (story) | Anand Dehelvi (screenplay) | Junaid Memon | Geetika Tondon (additional dialogue),,1.5787,D,,,,,,,,,,,,tt0466546,0.0,,,,,,,,,hitFlop=1,Missing/Partial,,wikipedia,2.0,2026-07-02
BOLLY_2005_2076_garam_masala,Garam Masala,Garam Masala,2005,November,11,2005-11-03,Comedy,Romance,Comedy,No,,Priyadarshan,Akshay Kumar,John Abraham,Akshay Kumar | John Abraham | Paresh Rawal | Rimi Sen,Priyadarshan (screenplay) | Neeraj Vora (dialogue) | Priyadarshan (story),,6.3805,C,3.8472,D,,,,,,,,,,tt0453671,6.7,,,,,,,,,hitFlop=6,Missing/Partial,,wikipedia,2.0,2026-07-02
BOLLY_2005_2077_hanuman,Hanuman,Hanuman,2005,October,10,2005-10-21,Animation,,Animation,No,,V.G. Samant | Milind Ukey,Archi,Rajesh Jolly,Archi | Rajesh Jolly | Mukesh Khanna | Sushmita Mukherjee,Milind Ukey,,,,,,,,,,,,,,,tt0488836,7.9,,,,,,,,,hitFlop=5,Missing/Partial,,wikipedia,2.0,2026-07-02
BOLLY_2005_2078_home_delivery_aapko_ghar_tak,Home Delivery: Aapko... Ghar Tak,Home Delivery: Aapko... Ghar Tak,2005,December,12,2005-12-02,Comedy,Romance,Comedy | Romance,No,,Sujoy Ghosh,Vivek Oberoi,Mahima Chaudhry,Vivek Oberoi | Mahima Chaudhry | Ayesha Takia | Boman Irani,Sujoy Ghosh (screenplay) | Sujoy Ghosh (story) | Suresh Nair (dialogue) | Suresh Nair (story) | Ritesh Shah (dialogue) | Milap Zaveri (dialogue),,3.486,D,2.6445,D,,,,,,,,,,tt0457940,3.4,,,,,,,,,hitFlop=1,Missing/Partial,,wikipedia,2.0,2026-07-02
BOLLY_2005_2079_hum_dum,Hum Dum,Hum Dum,2005,February,2,2005-02-11,Comedy,Romance,Comedy | Romance,No,,Kushan Nandy,Romit Raaj,Anjana Sukhani,Romit Raaj | Anjana Sukhani | Benjamin Gilani | Tanvi Azmi,Ghalib Asadbhopali (dialogue) | Kushan Nandy (story) | Kiran Shroff,,,,,,,,,,,,,,,tt0449982,2.0,,,,,,,,,hitFlop=1,Missing/Partial,,wikipedia,2.0,2026-07-02
BOLLY_2005_2080_insan,Insan,Insan,2005,January,1,2005-01-14,Drama,War,Drama | War,No,,K. Subhash,Akshay Kumar,Ajay Devgn,Akshay Kumar | Ajay Devgn | Tusshar Kapoor | Esha Deol,Naeem-Ejaz (dialogue),,6.3805,C,,,,,,,,,,,,tt0438875,4.6,,,,,,,,,hitFlop=1,Missing/Partial,,wikipedia,2.0,2026-07-02
BOLLY_2005_2081_iqbal,Iqbal,Iqbal,2005,January,1,2006-01-20,Drama,Sport,Drama,No,,Nagesh Kukunoor,Naseeruddin Shah,Girish Karnad,Naseeruddin Shah | Girish Karnad | Shreyas Talpade | Shweta Prasad,Nagesh Kukunoor,,3.7695,D,1.4685,D,,,,,,,,,,tt0453729,8.1,,,,,,,,,hitFlop=4,Missing/Partial,,wikipedia,2.0,2026-07-02
BOLLY_2005_2082_jalwa_fun_in_love,Jalwa: Fun in Love,Jalwa: Fun in Love,2005,September,9,2005-09-16,Comedy,Drama,Comedy | Drama,No,,Rajiv S. Ruia,Ganesh Acharya,Neha Bhatt,Ganesh Acharya | Neha Bhatt | Daisy | Ali G.,Rajiv S. Ruia (screenplay) | Dhruv Singh (screenplay),,,,1.1221,D,,,,,,,,,,tt1339313,,,,,,,,,,hitFlop=1,Missing/Partial,,wikipedia,2.0,2026-07-02
BOLLY_2005_2083_jo_bole_so_nihaal,Jo Bole So Nihaal,Jo Bole So Nihaal,2005,May,5,2005-05-13,Action,,Action,No,,Rahul Rawail,Sunny Deol,Thomas Tevana,Sunny Deol | Thomas Tevana | Gary Castro Churchwell | Kamaal Khan,Sanjay Chhel (dialogue writer),,3.3809,D,1.4734,D,,,,,,,,,,tt0436451,3.7,,,,,,,,,hitFlop=1,Missing/Partial,,wikipedia,2.0,2026-07-02
BOLLY_2005_2084_jurm,Jurm,Jurm,2005,February,2,2005-02-10,Thriller,Drama,Thriller,No,,Vikram Bhatt,Bobby Deol,Lara Dutta,Bobby Deol | Lara Dutta | Milind Gunaji | Shakti Kapoor,,,2.4272,D,2.9028,D,,,,,,,,,,tt0445022,5.5,,,,,,,,,hitFlop=1,Missing/Partial,,wikipedia,2.0,2026-07-02
BOLLY_2005_2085_kaal,Kaal,Kaal,2005,April,4,2005-04-29,Thriller,Adventure,Thriller | Adventure | Mystery,No,,Soham Shah,Ajay Devgn,Vivek Oberoi,Ajay Devgn | Vivek Oberoi | John Abraham | Lara Dutta,Soham Shah (dialogue) | Soham Shah (screenplay) | Soham Shah (story),,6.8713,C,,,,,,,,,,,,tt0415908,4.7,,,,,,,,,hitFlop=4,Missing/Partial,,wikipedia,2.0,2026-07-02
BOLLY_2005_2086_kal_yesterday_and_tomorrow,Kal: Yesterday and Tomorrow,Kal: Yesterday and Tomorrow,2005,December,12,2005-12-09,Drama,Mystery,Drama | Mystery | Thriller,No,,Ruchi Narain,Shiney Ahuja,Murad Ali,Shiney Ahuja | Murad Ali | Ahmed Chaudhary | Gopi Desai,Ruchi Narain,,2.8402,D,,,,,,,,,,,,tt0461258,0.0,,,,,,,,,hitFlop=1,Missing/Partial,,wikipedia,2.0,2026-07-02
BOLLY_2005_2087_kalyug,Kalyug,Kalyug,2005,December,12,2005-12-09,Action,Crime,Action | Crime | Drama,No,,Mohit Suri,Kunal Khemu,Deepal Shaw,Kunal Khemu | Deepal Shaw | Smiley Suri | Atul Parchure,Jay Dixit (dialogue) | Anand Sivakumaran (screenplay) | Mohit Suri (story),,3.1566,D,4.931,D,,,,,,,,,,tt0499041,6.5,,,,,,,,,hitFlop=5,Missing/Partial,,wikipedia,2.0,2026-07-02
BOLLY_2005_2088_karam,Karam,Karam,2005,March,3,2005-03-11,Crime,Thriller,Crime | Thriller,No,,Sanjay F. Gupta,John Abraham,Priyanka Chopra,John Abraham | Priyanka Chopra | Bharat Dabholkar | Vishwajeet Pradhan,Suparn Verma (story),,7.1193,B,,,,,,,,,,,,tt0444849,5.8,,,,,,,,,hitFlop=2,Missing/Partial,,wikipedia,2.0,2026-07-02
BOLLY_2005_2089_kasak,Kasak,Kasak,2005,July,7,2005-07-22,Drama,,Drama,No,,Rajiv Babbar,Lucky Ali,Meera,Lucky Ali | Meera | Mukesh Tiwari | Nandini,Rajiv Babbar (screenplay) | Rajiv Babbar (story) | Sanjay Masoom (dialogue) | Sanjay Masoom (screenplay) | Neeraj Vora (screenplay),,,,,,,,,,,,,,,tt0470398,4.6,,,,,,,,,hitFlop=1,Missing/Partial,,wikipedia,2.0,2026-07-02
BOLLY_2005_2090_khamoshh_khauff_ki_raat,Khamoshh... Khauff Ki Raat,Khamoshh... Khauff Ki Raat,2005,April,4,2005-04-15,Thriller,,Thriller,No,,Deepak Tijori,Shilpa Shetty,Juhi Chawla,Shilpa Shetty | Juhi Chawla | Rajiv Singh | Shawar Ali,Adi (dialogue) | Adi (screenplay) | Bijesh Jayarajan (screenplay),,3.537,D,1.5883,D,,,,,,,,,,tt0437279,3.5,,,,,,,,,hitFlop=1,Missing/Partial,,wikipedia,2.0,2026-07-02
BOLLY_2005_2091_khullam_khulla_pyaar_karen,Khullam Khulla Pyaar Karen,Khullam Khulla Pyaar Karen,2005,April,4,2005-04-28,Comedy,,Comedy,No,,Harmesh Malhotra,Govinda,Preity Zinta,Govinda | Preity Zinta | Prem Chopra | Sadashiv Amrapurkar,Rajeev Kaul (screenplay) | Anwar Khan (dialogue) | Anwar Khan (story) | Praful Parekh (screenplay),,4.7856,D,,,,,,,,,,,,tt0373972,4.2,,,,,,,,,hitFlop=1,Missing/Partial,,wikipedia,2.0,2026-07-02
BOLLY_2005_2092_kisna_the_warrior_poet,Kisna: The Warrior Poet,Kisna: The Warrior Poet,2005,January,1,2005-01-21,Drama,Musical,Drama | Musical | Romance,No,,Subhash Ghai,Vivek Oberoi,Isha Sharvani,Vivek Oberoi | Isha Sharvani | Antonia Bernath | Sushmita Sen,Sachin Bhowmick | Farrukh Dhondy | Subhash Ghai | Margaret Glover,,3.486,D,1.3105,D,,,,,,,,,,tt0396690,4.5,,,,,,,,,hitFlop=1,Missing/Partial,,wikipedia,2.0,2026-07-02
BOLLY_2005_2093_koi_aap_sa_but_lovers_have_to_be_friends,Koi Aap Sa: But Lovers Have to Be Friends,Koi Aap Sa: But Lovers Have to Be Friends,2005,October,10,2005-10-14,Comedy,Drama,Comedy | Drama | Romance,No,,Partho Mitra,Aftab Shivdasani,Anita Hassandani,Aftab Shivdasani | Anita Hassandani | Dipannita Sharma | Himanshu Malik,Mahesh Pandey (screenplay) | Sameer (lyrics) | Dheeraj Sarna (dialogue),,2.7284,D,,,,,,,,,,,,tt0488840,5.6,,,,,,,,,hitFlop=1,Missing/Partial,,wikipedia,2.0,2026-07-02
BOLLY_2005_2094_koi_mere_dil_mein_hai,Koi Mere Dil Mein Hai,Koi Mere Dil Mein Hai,2005,June,6,2005-06-03,Drama,,Drama,No,,Deepak Ramsay,Dia Mirza,Sadashiv Amrapurkar,Dia Mirza | Sadashiv Amrapurkar | Rita Bhaduri | Birbal,Humayun Mirza (screenplay),,4.3509,D,,,,,,,,,,,,tt0478868,7.0,,,,,,,,,hitFlop=1,Missing/Partial,,wikipedia,2.0,2026-07-02
BOLLY_2005_2095_kuchh_meetha_ho_jaye,Kuchh Meetha Ho Jaye,Kuchh Meetha Ho Jaye,2005,April,4,2005-04-15,Comedy,Romance,Comedy | Romance,No,,Samar Khan,Arshad Warsi,Mahima Chaudhry,Arshad Warsi | Mahima Chaudhry | Parvin Dabas | Sandhya Mridul,Samar Khan (story) | Rohit Malhotra (dialogue) | Rohit Malhotra (screenplay) | Rohit Malhotra (story),,3.5596,D,,,,,,,,,,,,tt0453748,6.0,,,,,,,,,hitFlop=1,Missing/Partial,,wikipedia,2.0,2026-07-02
BOLLY_2005_2096_kyaa_kool_hai_hum,Kyaa Kool Hai Hum,Kyaa Kool Hai Hum,2005,May,5,2005-05-06,Comedy,Mystery,Comedy | Mystery,No,,Sangeeth Sivan,Tusshar Kapoor,Ritesh Deshmukh,Tusshar Kapoor | Ritesh Deshmukh | Isha Koppikar | Neha Dhupia,Sachin Yardi (story) | Pankaj Trivedi (story),,3.8353,D,2.7482,D,,,,,,,,,,tt0456500,6.1,,,,,,,,,hitFlop=6,Missing/Partial,,wikipedia,2.0,2026-07-02
BOLLY_2005_2097_kyon_ki,Kyon Ki...,Kyon Ki...,2005,November,11,2005-11-03,Drama,Romance,Drama | Romance,No,,Priyadarshan,Salman Khan,Kareena Kapoor,Salman Khan | Kareena Kapoor | Rimi Sen | Jackie Shroff,Sanjay Chhel (dialogue),,9.2082,A,3.8472,D,,,,,,,,,,tt0451787,5.5,,,,,,,,,hitFlop=2,Missing/Partial,,wikipedia,2.0,2026-07-02
BOLLY_2005_2098_lucky_no_time_for_love,Lucky: No Time for Love,Lucky: No Time for Love,2005,April,4,2005-04-08,Musical,Drama,Musical | Drama | Romance,No,,Radhika Rao | Vinay Sapru,Salman Khan,Sneha Ullal,Salman Khan | Sneha Ullal | Mithun Chakraborty | Kader Khan,Radhika Rao | Vinay Sapru | Milap Zaveri (dialogue),,9.2082,A,,,,,,,,,,,,tt0449306,4.7,,,,,,,,,hitFlop=3,Missing/Partial,,wikipedia,2.0,2026-07-02
BOLLY_2005_2099_main_aisa_hi_hoon,Main Aisa Hi Hoon,Main Aisa Hi Hoon,2005,May,5,2005-05-06,Musical,Drama,Musical | Drama,No,,Harry Baweja,Ajay Devgn,Sushmita Sen,Ajay Devgn | Sushmita Sen | Esha Deol | Anupam Kher,Harry Baweja (story) | Bhavani Iyer (screenplay) | Anurag Kashyap (dialogue),,6.8713,C,1.6165,D,,,,,,,,,,tt0444874,4.9,,,,,,,,,hitFlop=1,Missing/Partial,,wikipedia,2.0,2026-07-02
BOLLY_2005_2100_main_meri_patni_aur_woh,"Main, Meri Patni... Aur Woh!","Main, Meri Patni... Aur Woh!",2005,October,10,2005-10-07,Comedy,Drama,Comedy | Drama | Romance,No,,Chandan Arora,Naseeruddin Shah,Rajpal Yadav,Naseeruddin Shah | Rajpal Yadav | Rituparna Sengupta | Kay Kay Menon,Gunjan Joshi (story) | Rajpal Yadav (story) | Ashok Khanna (screenplay) | Pankaj Saraswat (screenplay) | Pankaj Saraswat (dialogue),,3.7695,D,1.0638,D,,,,,,,,,,tt0485513,7.2,,,,,,,,,hitFlop=1,Missing/Partial,,wikipedia,2.0,2026-07-02
BOLLY_2005_2101_maine_pyaar_kyun_kiya,Maine Pyaar Kyun Kiya,Maine Pyaar Kyun Kiya,2005,July,7,2005-07-15,Comedy,Drama,Comedy | Drama | Romance,No,,David Dhawan,Salman Khan,Sushmita Sen,Salman Khan | Sushmita Sen | Katrina Kaif | Sohail Khan,Sanjay Chhel (dialogues) | Rumi Jaffery (screenplay) | Sameer (lyrics),,9.2082,A,4.7408,D,,,,,,,,,,tt0451803,5.6,,,,,,,,,hitFlop=5,Missing/Partial,,wikipedia,2.0,2026-07-02
BOLLY_2005_2102_mashooka,Mashooka,Mashooka,2005,July,7,2005-07-15,Romance,Thriller,Romance | Thriller,No,,Afzal Ahmad,Aditya Bal,Meghna Naidu,Aditya Bal | Meghna Naidu | Vidya Malvade,Afzal Ahmad (story) | Afzal Ahmad (screenplay) | Akash Dixit (dialogue),,,,,,,,,,,,,,,tt0833499,,,,,,,,,,hitFlop=1,Missing/Partial,,wikipedia,2.0,2026-07-02
BOLLY_2005_2103_mazaa_mazaa,Mazaa Mazaa,Mazaa Mazaa,2005,,,,Romance,,Romance,No,,T.L.V. Prasad,Farid Amiri,Mridula Baruah,Farid Amiri | Mridula Baruah | Pankaj Berry | Camila Bordonaba,T.L.V. Prasad,,,,,,,,,,,,,,,tt0488316,3.1,,,,,,,,,hitFlop=1,Missing/Partial,,wikipedia,2.0,2026-07-02
BOLLY_2005_2104_meri_aashiqui,Meri Aashiqui,Meri Aashiqui,2005,,,,Romance,,Romance,No,,,Rahul Roy,Himani Shivpuri,Rahul Roy | Himani Shivpuri | Prithvi Zutshi,,,,,,,,,,,,,,,,tt0490454,,,,,,,,,,hitFlop=1,Missing/Partial,,wikipedia,2.0,2026-07-02
BOLLY_2005_2105_mr_prime_minister,Mr Prime Minister,Mr Prime Minister,2005,December,12,2005-12-31,Comedy,,Comedy,No,,Dev Anand,Dev Anand,Prem Chopra,Dev Anand | Prem Chopra | Milind Gunaji | A.K. Hangal,Dev Anand,,1.0,D,2.5388,D,,,,,,,,,,tt0813539,,,,,,,,,,hitFlop=1,Missing/Partial,,wikipedia,2.0,2026-07-02
BOLLY_2005_2106_mr_ya_miss,Mr Ya Miss,Mr Ya Miss,2005,December,12,2005-12-02,Comedy,,Comedy,No,,Antara Mali | Satchit Puranik,Antara Mali,Ritesh Deshmukh,Antara Mali | Ritesh Deshmukh | Divya Dutta | Aftab Shivdasani,Antara Mali (screenplay) | Antara Mali (story) | Raghuvir Shekhawat (dialogue),,2.6169,D,,,,,,,,,,,,tt0456549,3.8,,,,,,,,,hitFlop=2,Missing/Partial,,wikipedia,2.0,2026-07-02
BOLLY_2005_2107_mumbai_godfather,Mumbai Godfather,Mumbai Godfather,2005,September,9,2005-09-22,Action,Crime,Action | Crime | Drama,No,,Deepak Balraj Vij,Seema Biswas,Vikram Singh,Seema Biswas | Vikram Singh | Bhumika | Govind Namdeo,Farhad Bhiwandiwala (lyrics) | Salim Hyder | Jeetendra S. Shukla (lyrics) | Deepak Balraj Vij,,1.9546,D,,,,,,,,,,,,tt0458027,,,,,,,,,,hitFlop=1,Missing/Partial,,wikipedia,2.0,2026-07-02
BOLLY_2005_2108_my_wife_s_murder,My Wife's Murder,My Wife's Murder,2005,August,8,2005-08-19,Thriller,,Thriller,No,,Jijy Philip,Anil Kapoor,Suchitra Krishnamoorthi,Anil Kapoor | Suchitra Krishnamoorthi | Nandana Sen | Rajesh Tandon,Atul Sabharwal,,5.6087,C,,,,,,,,,,,,tt0451824,6.2,,,,,,,,,hitFlop=2,Missing/Partial,,wikipedia,2.0,2026-07-02
BOLLY_2005_2109_naam_gum_jaayega,Naam Gum Jaayega,Naam Gum Jaayega,2005,April,4,2005-04-10,Thriller,,Thriller,No,,Amol Shetge,Raqesh Vashisth,Dia Mirza,Raqesh Vashisth | Dia Mirza | Aryan Vaid | Mandira Bedi,Amol Shetge,,,,1.2309,D,,,,,,,,,,tt0459475,6.1,,,,,,,,,hitFlop=1,Missing/Partial,,wikipedia,2.0,2026-07-02
BOLLY_2005_2110_naina,Naina,Naina,2005,May,5,2005-05-20,Drama,Horror,Drama | Horror | Mystery,No,,Shripal Morakhia,Urmila Matondkar,Anuj Sawhney,Urmila Matondkar | Anuj Sawhney | Malavikka | Amardeep Jha,Shripal Morakhia (story) | Sagar Pandya | Anjum Rajabali,,2.6966,D,,,,,,,,,,,,tt0443594,4.2,,,,,,,,,hitFlop=2,Missing/Partial,,wikipedia,2.0,2026-07-02
BOLLY_2005_2111_nazar,Nazar,Nazar,2005,May,5,2005-05-20,Thriller,,Thriller,No,,Soni Razdan,Meera,Ashmit Patel,Meera | Ashmit Patel | Koel Purie | Neena Gupta,Mahesh Bhatt | Anand Sivakumaran (screenplay),,,,,,,,,,,,,,,tt0456558,4.0,,,,,,,,,hitFlop=2,Missing/Partial,,wikipedia,2.0,2026-07-02
BOLLY_2005_2112_neal_n_nikki,Neal 'N' Nikki,Neal 'N' Nikki,2005,December,12,2005-12-09,Comedy,Musical,Comedy | Musical | Romance,No,,Arjun Sablok,Uday Chopra,Tanisha,Uday Chopra | Tanisha | Abhishek Bachchan | Richa Pallod,Arjun Sablok (story) | Arjun Sablok (dialogue) | Anvita Dutt Guptan (additional screenplay) | Anvita Dutt Guptan (dialogue),,4.4943,D,,,,,,,,,,,,tt0470869,3.2,,,,,,,,,hitFlop=2,Missing/Partial,,wikipedia,2.0,2026-07-02
BOLLY_2005_2113_nigehbaan_the_third_eye,Nigehbaan: The Third Eye,Nigehbaan: The Third Eye,2005,February,2,2005-02-25,Thriller,,Thriller,No,,Dilip Shankar,Sameer Dharmadhikari,Sandali Sinha,Sameer Dharmadhikari | Sandali Sinha | Sayaji Shinde | Govind Namdeo,Dilip Shankar (story) | Sayed Sultan (story) | Dilip Shankar (screenplay) | Sayed Sultan (screenplay) | Sayed Sultan (dialogue),,,,,,,,,,,,,,,tt0845503,,,,,,,,,,hitFlop=1,Missing/Partial,,wikipedia,2.0,2026-07-02
BOLLY_2005_2114_no_entry,No Entry,No Entry,2005,August,8,2005-08-26,Comedy,Drama,Comedy | Drama | Musical,No,,Anees Bazmee,Anil Kapoor,Salman Khan,Anil Kapoor | Salman Khan | Fardeen Khan | Bipasha Basu,Anees Bazmee,,5.6087,C,5.6076,C,,,,,,,,,,tt0451833,6.6,,,,,,,,,hitFlop=7,Missing/Partial,,wikipedia,2.0,2026-07-02
BOLLY_2005_2115_padmashree_laloo_prasad_yadav,Padmashree Laloo Prasad Yadav,Padmashree Laloo Prasad Yadav,2005,January,1,2005-01-28,Comedy,,Comedy,No,,Mahesh Manjrekar,Sunil Shetty,Masumeh Makhija,Sunil Shetty | Masumeh Makhija | Mahesh Manjrekar | Johnny Lever,Sanjay Pawar (dialogue) | Vinay | Yash,,3.3073,D,1.4664,D,,,,,,,,,,tt0435259,2.5,,,,,,,,,hitFlop=1,Missing/Partial,,wikipedia,2.0,2026-07-02
BOLLY_2005_2116_page_3,Page 3,Page 3,2005,January,1,2005-01-21,Drama,,Drama,No,,Madhur Bhandarkar,Konkona Sen Sharma,Atul Kulkarni,Konkona Sen Sharma | Atul Kulkarni | Sandhya Mridul | Tara Sharma,Nina Arora (screenplay) | Madhur Bhandarkar (dialogue) | Sanjeev Dutta (dialogue) | Manoj Tyagi (screenplay),,2.9405,D,3.2787,D,,,,,,,,,,tt0443708,7.3,,,,,,,,,hitFlop=5,Missing/Partial,,wikipedia,2.0,2026-07-02
BOLLY_2005_2117_paheli,Paheli,Paheli,2005,June,6,2005-06-24,Fantasy,Romance,Fantasy | Romance,No,,Amol Palekar,Shah Rukh Khan,Anupam Kher,Shah Rukh Khan | Anupam Kher | Rani Mukerji | Amitabh Bachchan,Vijayadan Detha (novel) | Vijayadan Detha (story) | Sandhya Gokhale (dialogue) | Sandhya Gokhale (screenplay) | Amol Palekar (story),,9.2267,A,,,,,,,,,,,,tt0451850,6.4,,,,,,,,,hitFlop=3,Missing/Partial,,wikipedia,2.0,2026-07-02
BOLLY_2005_2118_parineeta,Parineeta,Parineeta,2005,June,6,2005-06-10,Drama,Musical,Drama | Musical | Romance,No,,Pradeep Sarkar,Saif Ali Khan,Vidya Balan,Saif Ali Khan | Vidya Balan | Sanjay Dutt | Dia Mirza,Saratchandra Chatterjee (novel) | Vidhu Vinod Chopra (screenplay) | Rekha Nigam (dialogue) | Pradeep Sarkar (screenplay),,5.7211,C,2.2519,D,,,,,,,,,,tt0437407,7.2,,,,,,,,,hitFlop=3,Missing/Partial,,wikipedia,2.0,2026-07-02
BOLLY_2005_2119_pyaar_mein_twist,Pyaar Mein Twist,Pyaar Mein Twist,2005,September,9,2005-09-02,Comedy,Drama,Comedy | Drama | Musical,No,,Hriday Shetty,Rishi Kapoor,Dimple Kapadia,Rishi Kapoor | Dimple Kapadia | Vikas Bhalla | Emma Bunton,Sushma Ahuja (story) | Sameer (lyrics),,4.4084,D,1.2329,D,,,,,,,,,,tt0439754,,,,,,,,,,hitFlop=1,Missing/Partial,,wikipedia,2.0,2026-07-02
BOLLY_2005_2120_raja_bhai_lagey_raho,Raja Bhai Lagey Raho...,Raja Bhai Lagey Raho...,2005,October,10,2005-10-07,Comedy,,Comedy,No,,Dinesh D. Awasthi,Ravi Kishan,Rajeev Awasthi,Ravi Kishan | Rajeev Awasthi | Chittaranjan Giri | Arun Kumar,Dinesh D. Awasthi | Saurabh Bharadwaj (dialogue) | Siddique Durrani (dialogue),,2.1644,D,,,,,,,,,,,,tt0826165,,,,,,,,,,hitFlop=1,Missing/Partial,,wikipedia,2.0,2026-07-02
BOLLY_2005_2121_ramji_londonwaley,Ramji Londonwaley,Ramji Londonwaley,2005,September,9,2005-09-02,Comedy,Drama,Comedy | Drama | Family,No,,Sanjay Dayma,Madhavan,Samita Bangargi,Madhavan | Samita Bangargi | Satish Shah | Akhilendra Mishra,Kamal Hassan (original story) | Sanjay Dayma (screenplay) | Madhavan (adaptation) | Madhavan (additional screenplay) | Avantika Hari (additional screenplay) | Jay Verma (dialogue: India portions) | Manish Tiwari (dialogue: India portions) | Madhavan (dialogue: London portions) | Sanjay Dayma (dialogue: London portions),,5.0561,C,,,,,,,,,,,,tt0476848,6.6,,,,,,,,,hitFlop=1,Missing/Partial,,wikipedia,2.0,2026-07-02
BOLLY_2005_2122_revati,Revati,Revati,2005,May,5,2005-05-07,Drama,,Drama,No,,Farogh Siddique,Kashmira Shah,Kiran Kumar,Kashmira Shah | Kiran Kumar | Ayub Khan | Javed Khan,Farogh Siddique,,2.3939,D,,,,,,,,,,,,tt0420123,8.0,,,,,,,,,hitFlop=1,Missing/Partial,,wikipedia,2.0,2026-07-02
BOLLY_2005_2123_the_rising_ballad_of_mangal_pandey,The Rising: Ballad of Mangal Pandey,The Rising: Ballad of Mangal Pandey,2005,August,8,2005-08-12,Biography,Drama,Biography | Drama | History,No,,Ketan Mehta,Aamir Khan,Rani Mukerji,Aamir Khan | Rani Mukerji | Toby Stephens | Coral Beed,Farrukh Dhondy (screenplay) | Ranjit Kapoor (Hindi dialogue),,10.0,A,,,,,,,,,,,,tt0346457,,,,,,,,,,hitFlop=2,Missing/Partial,,wikipedia,2.0,2026-07-02
BOLLY_2005_2124_rog,Rog,Rog,2005,January,1,2005-01-07,Mystery,Romance,Mystery | Romance | Thriller,No,,Himanshu Brahmbhatt,Irrfan Khan,Suhel Seth,Irrfan Khan | Suhel Seth | Himanshu Malik | Shyamoli Varma,Mahesh Bhatt | Subodh Chopra (dialogue) | Niranjan Iyengar (dialogue),,2.9178,D,,,,,,,,,,,,tt0443208,5.2,,,,,,,,,hitFlop=1,Missing/Partial,,wikipedia,2.0,2026-07-02
BOLLY_2005_2125_sab_kuch_hai_kuch_bhi_nahin,Sab Kuch Hai Kuch Bhi Nahin,Sab Kuch Hai Kuch Bhi Nahin,2005,April,4,2005-04-15,Drama,,Drama,No,,Abhik Bhanu,Brian Dawson,Vikram Gokhale,Brian Dawson | Vikram Gokhale | Puja Gupta | A.K. Hangal,,,,,,,,,,,,,,,,tt1093387,,,,,,,,,,hitFlop=1,Missing/Partial,,wikipedia,2.0,2026-07-02
BOLLY_2005_2126_salaam_namaste,Salaam Namaste,Salaam Namaste,2005,September,9,2005-09-09,Comedy,Drama,Comedy | Drama | Romance,No,,Siddharth Anand,Saif Ali Khan,Preity Zinta,Saif Ali Khan | Preity Zinta | Arshad Warsi | Tania Zaetta,Siddharth Anand (screenplay) | Abbas Tyrewala (dialogue),,5.7211,C,5.6148,C,,,,,,,,,,tt0456165,6.1,,,,,,,,,hitFlop=6,Missing/Partial,,wikipedia,2.0,2026-07-02
BOLLY_2005_2127_sarkar,Sarkar,Sarkar,2005,July,7,2005-07-01,Action,Crime,Action | Crime | Drama,No,,Ram Gopal Varma,Amitabh Bachchan,Abhishek Bachchan,Amitabh Bachchan | Abhishek Bachchan | Kay Kay Menon | Supriya Pathak,Manish Gupta,,7.0113,B,3.7435,D,,,,,,,,,,tt0432047,7.6,,,,,,,,,hitFlop=5,Missing/Partial,,wikipedia,2.0,2026-07-02
BOLLY_2005_2128_sehar,Sehar,Sehar,2005,,,,Action,Crime,Action | Crime | Drama,No,,Kabeer Kaushik,Arshad Warsi,Pankaj Kapur,Arshad Warsi | Pankaj Kapur | Mahima Chaudhry | Sushant Singh,Kabeer Kaushik,,3.5596,D,1.2309,D,,,,,,,,,,tt0477857,7.7,,,,,,,,,hitFlop=2,Missing/Partial,,wikipedia,2.0,2026-07-02
BOLLY_2005_2129_shaadi_no_1,Shaadi No. 1,Shaadi No. 1,2005,November,11,2005-11-03,Comedy,,Comedy,No,,David Dhawan,Fardeen Khan,Zayed Khan,Fardeen Khan | Zayed Khan | Sharman Joshi | Esha Deol,,,2.8821,D,4.7408,D,,,,,,,,,,tt0449389,3.5,,,,,,,,,hitFlop=2,Missing/Partial,,wikipedia,2.0,2026-07-02
BOLLY_2005_2130_shabd,Shabd,Shabd,2005,February,2,2005-02-04,Drama,Thriller,Drama,No,,Leena Yadav,Sanjay Dutt,Aishwarya Rai Bachchan,Sanjay Dutt | Aishwarya Rai Bachchan | Zayed Khan | Aakash Pandey,Sutapa Sikdar (dialogue) | Leena Yadav (screenplay) | Leena Yadav (story),,5.0026,C,,,,,,,,,,,,tt0409527,5.1,,,,,,,,,hitFlop=1,Missing/Partial,,wikipedia,2.0,2026-07-02
BOLLY_2005_2131_shabnam_mausi,Shabnam Mausi,Shabnam Mausi,2005,May,5,2005-05-20,Drama,,Drama,No,,Yogesh Bharadwaj,Ashutosh Rana,Sujeet Chaubey,Ashutosh Rana | Sujeet Chaubey | Divya Desai | Jasvvant Khera,Aadesh K. Arjun | Yogesh Bharadwaj | S. Sachinder,,2.1792,D,,,,,,,,,,,,tt0459133,10.0,,,,,,,,,hitFlop=1,Missing/Partial,,wikipedia,2.0,2026-07-02
BOLLY_2005_2132_sheesha,Sheesha,Sheesha,2005,February,2,2005-02-11,Drama,Romance,Drama | Romance | Thriller,No,,Ashu Trikha,Neha Dhupia,Elidh MacQueen,Neha Dhupia | Elidh MacQueen | Niju Mavani | Nares Ngamseera,Sanjay Masoom (dialogue) | A. Muthu (story) | Ashu Trikha (screenplay),,2.9213,D,1.1186,D,,,,,,,,,,tt0445056,3.5,,,,,,,,,hitFlop=1,Missing/Partial,,wikipedia,2.0,2026-07-02
BOLLY_2005_2133_shikhar,Shikhar,Shikhar,2005,December,12,2005-12-30,Drama,Musical,Drama | Musical | Romance,No,,John Mathew Matthan,Ajay Devgn,Shahid Kapoor,Ajay Devgn | Shahid Kapoor | Bipasha Basu | Amrita Rao,Dr. Bodhisattva (dialogue) | Manohar Iyer (lyrics) | John Mathew Matthan (screenplay) | Chandrashekhar Rajit (lyrics) | Sameer (lyrics) | Anita Sarkar (lyrics) | C.K. Raajaa Chandra Sekar (lyrics) | Viju Shah (lyrics) | Mani Shankar (lyrics) | Sudhakar Sharma (lyrics) | Abbas Tyrewala (screenplay),,6.8713,C,,,,,,,,,,,,tt0475627,5.1,,,,,,,,,hitFlop=2,Missing/Partial,,wikipedia,2.0,2026-07-02
BOLLY_2005_2134_silsiilay,Silsiilay,Silsiilay,2005,June,6,2005-06-17,Drama,,Drama,No,,Khalid Mohamed,Tabu,Bhoomika Chawla,Tabu | Bhoomika Chawla | Riya Sen | Celina Jaitly,Khalid Mohamed (story),,5.0682,C,,,,,,,,,,,,tt0438981,4.3,,,,,,,,,hitFlop=1,Missing/Partial,,wikipedia,2.0,2026-07-02
BOLLY_2005_2135_sins,Sins,Sins,2005,February,2,2005-02-25,Drama,Romance,Drama | Romance,No,,Vinod Pande,Vinod Pande,Shiney Ahuja,Vinod Pande | Shiney Ahuja | Seema Rahmani,,,,,,,,,,,,,,,,tt0448121,4.2,,,,,,,,,hitFlop=2,Missing/Partial,,wikipedia,2.0,2026-07-02
BOLLY_2005_2136_siskiyaan,Siskiyaan,Siskiyaan,2005,September,9,2005-09-30,Drama,Thriller,Drama | Thriller,No,,Ashwini Chaudhary,Sanjay Chauhan,Neha Dhupia,Sanjay Chauhan | Neha Dhupia | Sachin Khedekar | Preeti Puri,Sanjay Chauhan | Nida Fazli (lyrics),,,,1.4475,D,,,,,,,,,,tt0466580,5.2,,,,,,,,,hitFlop=1,Missing/Partial,,wikipedia,2.0,2026-07-02
BOLLY_2005_2137_socha_na_tha,Socha Na Tha,Socha Na Tha,2005,March,3,2005-03-04,Romance,Comedy,Romance | Comedy,No,,Imtiaz Ali,Abhay Deol,Ayesha Takia,Abhay Deol | Ayesha Takia | Ayesha Jhulka | Apoorva Jha,Imtiaz Ali,,2.5106,D,4.8838,D,,,,,,,,,,tt0451919,7.4,,,,,,,,,hitFlop=2,Missing/Partial,,wikipedia,2.0,2026-07-02
BOLLY_2005_2138_ssukh,Ssukh,Ssukh,2005,June,6,2005-06-17,Comedy,Family,Comedy | Family | Romance,No,,Kirti Kumar,Aarti Chhabria,Jackie Shroff,Aarti Chhabria | Jackie Shroff | Mahesh Anand | Rana Jung Bahadur,,,1.9615,D,,,,,,,,,,,,tt0466398,6.0,,,,,,,,,hitFlop=1,Missing/Partial,,wikipedia,2.0,2026-07-02
BOLLY_2005_2139_a_sublime_love_story_barsaat,A Sublime Love Story: Barsaat,A Sublime Love Story: Barsaat,2005,August,8,2005-08-19,Romance,Romance,Romance,No,,Suneel Darshan,Bobby Deol,Bipasha Basu,Bobby Deol | Bipasha Basu | Priyanka Chopra | Gajendra Chouhan,Suneel Darshan (story) | Robin Bhatt (screenplay) | Shyam Goel (screenplay) | Rumi Jaffery (dialogue) | K.K. Singh (dialogue),,2.4272,D,1.706,D,,,,,,,,,,tt0444767,4.3,,,,,,,,,hitFlop=3,Missing/Partial,,wikipedia,2.0,2026-07-02
BOLLY_2005_2140_taj_mahal_an_eternal_love_story,Taj Mahal: An Eternal Love Story,Taj Mahal: An Eternal Love Story,2005,May,5,2006-05-01,Drama,Musical,Drama | Musical | Romance,No,,Akbar Khan,Zulfi Sayed,Sonya Jehan,Zulfi Sayed | Sonya Jehan | Kabir Bedi | Arbaaz Khan,Mohafiz Hyder (dialogue) | Akbar Khan | Fatima Meer (script) | Rajeev Mirza (dialogue),,,,,,,,,,,,,,,tt0328503,5.4,,,,,,,,,hitFlop=1,Missing/Partial,,wikipedia,2.0,2026-07-02
BOLLY_2005_2141_tango_charlie,Tango Charlie,Tango Charlie,2005,March,3,2005-03-25,Action,Drama,Action | Drama | War,No,,Mani Shankar,Ajay Devgn,Bobby Deol,Ajay Devgn | Bobby Deol | Sanjay Dutt | Sunil Shetty,Mani Shankar (dialogue) | Mani Shankar (screenplay),,6.8713,C,2.3406,D,,,,,,,,,,tt0444913,6.1,,,,,,,,,hitFlop=1,Missing/Partial,,wikipedia,2.0,2026-07-02
BOLLY_2005_2142_time_pass,Time Pass,Time Pass,2005,,,,Romance,,Romance,No,,Chander Mishra,Sherlyn Chopra,Tanaaz Currim Irani,Sherlyn Chopra | Tanaaz Currim Irani | Adi Irani | Monica Patel,Chander Mishra,,,,,,,,,,,,,,,tt0485551,1.0,,,,,,,,,hitFlop=1,Missing/Partial,,wikipedia,2.0,2026-07-02
BOLLY_2005_2143_u_bomsi_n_me,"U, Bomsi n Me","U, Bomsi n Me",2005,October,10,2005-10-21,Comedy,,Comedy,No,,Jairaj Padmanabhan,Bobby Bahal,Kenny Desai,Bobby Bahal | Kenny Desai | Vivek Madan | Vidya Malvade,Jairaj Padmanabhan,,,,,,,,,,,,,,,tt1569529,,,,,,,,,,hitFlop=1,Missing/Partial,,wikipedia,2.0,2026-07-02
BOLLY_2005_2144_vaada,Vaada,Vaada,2005,January,1,2005-01-07,Romance,Mystery,Romance | Mystery | Drama,No,,Satish Kaushik,Arjun Rampal,Zayed Khan,Arjun Rampal | Zayed Khan | Ameesha Patel | Alok Nath,Rumi Jaffery,,3.8011,D,2.6808,D,,,,,,,,,,tt0442855,5.5,,,,,,,,,hitFlop=2,Missing/Partial,,wikipedia,2.0,2026-07-02
BOLLY_2005_2145_vaah_life_ho_toh_aisi,Vaah! Life Ho Toh Aisi!,Vaah! Life Ho Toh Aisi!,2005,December,12,2005-12-23,Comedy,Family,Comedy | Family | Musical,No,,Mahesh Manjrekar,Shahid Kapoor,Amrita Rao,Shahid Kapoor | Amrita Rao | Sanjay Dutt | Arshad Warsi,Mahesh Manjrekar (story) | Kiran Kotrial (dialogue),,5.7659,C,1.4664,D,,,,,,,,,,tt0475645,4.7,,,,,,,,,hitFlop=2,Missing/Partial,,wikipedia,2.0,2026-07-02
BOLLY_2005_2146_viruddh_family_comes_first,Viruddh... Family Comes First,Viruddh... Family Comes First,2005,July,7,2005-07-22,Drama,Family,Drama,No,,Mahesh Manjrekar,Amitabh Bachchan,Sharmila Tagore,Amitabh Bachchan | Sharmila Tagore | John Abraham | Sanjay Dutt,Mahesh Manjrekar | Sanjay Pawar (dialogue) | Vinay (screenplay) | Yash (screenplay),,7.0113,B,1.4664,D,,,,,,,,,,tt0420304,7.1,,,,,,,,,hitFlop=3,Missing/Partial,,wikipedia,2.0,2026-07-02
BOLLY_2005_2147_waqt_the_race_against_time,Waqt: The Race Against Time,Waqt: The Race Against Time,2005,April,4,2005-04-22,Comedy,Drama,Comedy | Drama | Musical,No,,Vipul Amrutlal Shah,Amitabh Bachchan,Akshay Kumar,Amitabh Bachchan | Akshay Kumar | Priyanka Chopra | Shefali Shetty,Aatish Kapadia,,7.0113,B,3.229,D,,,,,,,,,,tt0390614,6.7,,,,,,,,,hitFlop=4,Missing/Partial,,wikipedia,2.0,2026-07-02
BOLLY_2005_2148_yahaan,...Yahaan,...Yahaan,2005,July,7,2005-07-29,Romance,,Romance,No,,Shoojit Sircar,Jimmy Shergill,Minissha Lamba,Jimmy Shergill | Minissha Lamba | Yashpal Sharma | Mukesh Tiwari,Sameer Kohli | Mahesh (screenplay) | Mahesh (story) | Piyush Mishra (dialogue) | Piyush Mishra (screenplay) | Sabapati (screenplay) | Sabapati (story),,2.7981,D,3.8135,D,,,,,,,,,,tt0473567,7.5,,,,,,,,,hitFlop=1,Missing/Partial,,wikipedia,2.0,2026-07-02
BOLLY_2005_2149_yehi_hai_zindagi,Yehi Hai Zindagi,Yehi Hai Zindagi,2005,January,1,2005-01-07,Action,Crime,Action | Crime | Drama,No,,Ajay Phansekar | Raam Shetty,Parvin Dabas,Benjamin Gilani,Parvin Dabas | Benjamin Gilani | Sahil Khan | Sheetal Kshirsagar,Sanjay Churmure (lyrics),,2.3191,D,,,,,,,,,,,,tt1016044,,,,,,,,,,hitFlop=1,Missing/Partial,,wikipedia,2.0,2026-07-02
BOLLY_2005_2150_zeher,Zeher,Zeher,2005,March,3,2005-03-25,Thriller,Drama,Thriller,No,,Mohit Suri,Emraan Hashmi,Shamita Shetty,Emraan Hashmi | Shamita Shetty | Udita Goswami | Sameer Kochhar,Mahesh Bhatt (screenplay),,4.721,D,4.931,D,,,,,,,,,,tt0451983,5.6,,,,,,,,,hitFlop=4,Missing/Partial,,wikipedia,2.0,2026-07-02
BOLLY_2006_2151_36_china_town,36 China Town,36 China Town,2006,April,4,2006-04-21,Comedy,Mystery,Comedy | Mystery | Thriller,No,,Abbas Alibhai Burmawalla | Mastan Alibhai Burmawalla,Akshaye Khanna,Kareena Kapoor,Akshaye Khanna | Kareena Kapoor | Shahid Kapoor | Paresh Rawal,Shyam Goel (story) | Jitendra Parmar (dialogue) | Anurag Prapanna (dialogue),,3.3625,D,3.6411,D,,,,,,,,,,tt0477252,5.7,,,,,,,,,hitFlop=5,Missing/Partial,,wikipedia,2.0,2026-07-02
BOLLY_2006_2152_aap_ki_khatir,Aap Ki Khatir,Aap Ki Khatir,2006,August,8,2006-08-25,Romance,,Romance,No,,Dharmesh Darshan,Akshaye Khanna,Priyanka Chopra,Akshaye Khanna | Priyanka Chopra | Ameesha Patel | Dino Morea,Sunil Munshi,,3.3625,D,1.7248,D,,,,,,,,,,tt0810058,3.9,,,,,,,,,hitFlop=1,Missing/Partial,,wikipedia,2.0,2026-07-02
BOLLY_2006_2153_ahista_ahista,Ahista Ahista,Ahista Ahista,2006,August,8,2006-08-18,Drama,Romance,Drama | Romance,No,,Shivam Nair,Abhay Deol,Soha Ali Khan,Abhay Deol | Soha Ali Khan | Shayan Munshi | Murad Ali,Imtiaz Ali (story) | Arif Ali (dialogue) | Rajiv b Menon (additional dialogue),,2.5106,D,,,,,,,,,,,,tt0831840,6.9,,,,,,,,,hitFlop=1,Missing/Partial,,wikipedia,2.0,2026-07-02
BOLLY_2006_2154_aksar,Aksar,Aksar,2006,February,2,2006-02-03,Drama,Romance,Drama | Romance,No,,Anant Mahadevan,Rajat Bedi,Till Dilumière,Rajat Bedi | Till Dilumière | Udita Goswami | Hendrik Greis,Anant Mahadevan (story),,2.3624,D,1.8139,D,,,,,,,,,,tt0476729,5.0,,,,,,,,,hitFlop=5,Missing/Partial,,wikipedia,2.0,2026-07-02
BOLLY_2006_2155_ankahee,Ankahee,Ankahee,2006,May,5,2006-05-19,Drama,Romance,Drama | Romance | Thriller,No,,Vikram Bhatt,Aftab Shivdasani,Ameesha Patel,Aftab Shivdasani | Ameesha Patel | Esha Deol | Amin Hajee,Vikram Bhatt (screenplay) | Vikram Bhatt | Girish Dhamija (dialogue) | Vinay (screenplay) | Yash (screenplay),,2.7284,D,2.9028,D,,,,,,,,,,tt0495022,4.7,,,,,,,,,hitFlop=1,Missing/Partial,,wikipedia,2.0,2026-07-02
BOLLY_2006_2156_anthony_kaun_hai,Anthony Kaun Hai?,Anthony Kaun Hai?,2006,August,8,2006-08-04,Comedy,Thriller,Comedy | Thriller,No,,Raj Kaushal,Sanjay Dutt,Arshad Warsi,Sanjay Dutt | Arshad Warsi | Minissha Lamba | Anusha Dhandekar,Soumik Sen,,5.0026,C,,,,,,,,,,,,tt0800981,,,,,,,,,,hitFlop=1,Missing/Partial,,wikipedia,2.0,2026-07-02
BOLLY_2006_2157_apna_sapna_money_money,Apna Sapna Money Money,Apna Sapna Money Money,2006,November,11,2006-11-10,Comedy,Musical,Comedy | Musical | Romance,No,,Sangeeth Sivan,Bobby Darling,Ritesh Deshmukh,Bobby Darling | Ritesh Deshmukh | Avtar Gill | Vrajesh Hirjee,Sangeeth Sivan (story),,,,2.7482,D,,,,,,,,,,tt0493437,5.4,,,,,,,,,hitFlop=5,Missing/Partial,,wikipedia,2.0,2026-07-02
BOLLY_2006_2158_aryan_unbreakable,Aryan: Unbreakable,Aryan: Unbreakable,2006,December,12,2006-12-15,Drama,,Drama,No,,Abhishek Kapoor,Sohail Khan,Sneha Ullal,Sohail Khan | Sneha Ullal | Inder Kumar | Farida Jalal,Abhishek Kapoor,,3.2917,D,4.0376,D,,,,,,,,,,tt0454396,4.4,,,,,,,,,hitFlop=1,Missing/Partial,,wikipedia,2.0,2026-07-02
BOLLY_2006_2159_baabul,Baabul,Baabul,2006,December,12,2006-12-08,Drama,Family,Drama | Family | Romance,No,,Ravi Chopra,Amitabh Bachchan,Salman Khan,Amitabh Bachchan | Salman Khan | Hema Malini | John Abraham,Ravi Chopra (story) | Achala Nagar | Sameer (lyrics),,7.0113,B,,,,,,,,,,,,tt0419468,5.4,,,,,,,,,hitFlop=2,Missing/Partial,,wikipedia,2.0,2026-07-02
BOLLY_2006_2160_banaras,Banaras,Banaras,2006,April,4,2006-04-07,Musical,Drama,Musical | Drama,No,,Pankaj Parashar,Urmila Matondkar,Ashmit Patel,Urmila Matondkar | Ashmit Patel | Dimple Kapadia | Raj Babbar,Javed Siddiqui (dialogue) | L.C. Singh,,2.6966,D,1.2133,D,,,,,,,,,,tt0449189,6.3,,,,,,,,,hitFlop=1,Missing/Partial,,wikipedia,2.0,2026-07-02
BOLLY_2006_2161_bhagam_bhag,Bhagam Bhag,Bhagam Bhag,2006,December,12,2006-12-22,Comedy,Mystery,Comedy | Mystery | Romance,No,,Priyadarshan,Akshay Kumar,Govinda,Akshay Kumar | Govinda | Paresh Rawal | Lara Dutta,Neeraj Vora,,6.3805,C,3.8472,D,,,,,,,,,,tt0805184,6.6,,,,,,,,,hitFlop=6,Missing/Partial,,wikipedia,2.0,2026-07-02
BOLLY_2006_2162_chingaari,Chingaari,Chingaari,2006,February,2,2006-02-17,Drama,,Drama,No,,Kalpana Lajmi,Sushmita Sen,Mithun Chakraborty,Sushmita Sen | Mithun Chakraborty | Anuj Sawhney | Ila Arun,Bhupen Hazarika (story) | Kalpana Lajmi (dialogue) | Kalpana Lajmi (screenplay),,3.1708,D,1.0034,D,,,,,,,,,,tt0454429,4.7,,,,,,,,,hitFlop=1,Missing/Partial,,wikipedia,2.0,2026-07-02
BOLLY_2006_2163_chup_chup_ke,Chup Chup Ke,Chup Chup Ke,2006,June,6,2006-06-09,Comedy,Drama,Comedy | Drama | Romance,No,,Priyadarshan | Kookie V. Gulati,Kareena Kapoor,Shahid Kapoor,Kareena Kapoor | Shahid Kapoor | Paresh Rawal | Neha Dhupia,Priyadarshan (story) | Neeraj Vora (dialogue),,8.0906,B,3.8472,D,,,,,,,,,,tt0464160,6.9,,,,,,,,,hitFlop=4,Missing/Partial,,wikipedia,2.0,2026-07-02
BOLLY_2006_2164_corporate,Corporate,Corporate,2006,July,7,2006-07-07,Drama,,Drama,No,,Madhur Bhandarkar,Bipasha Basu,Kay Kay Menon,Bipasha Basu | Kay Kay Menon | Raj Babbar | Rajat Kapoor,Madhur Bhandarkar (screenplay) | Ajay Monga (screenplay) | Sandeep Nath (lyrics) | Niranjan Patwardhan (additional screenplay) | Manoj Tyagi (screenplay),,4.5712,D,3.2787,D,,,,,,,,,,tt0488381,6.6,,,,,,,,,hitFlop=4,Missing/Partial,,wikipedia,2.0,2026-07-02
BOLLY_2006_2165_darwaza_bandh_rakho,Darwaza Bandh Rakho,Darwaza Bandh Rakho,2006,August,8,2006-08-04,Comedy,Crime,Comedy | Crime | Drama,No,,J.D. Chakravarthi,Ishrat Ali,Abhay Bhargav,Ishrat Ali | Abhay Bhargav | Snehal Dabi | Divya Dutta,J.D. Chakravarthi (screenplay) | Snehal Dabi (dialogue) | Musharaff Ali Khan (story) | Nitin Raikwar (lyrics),,1.6681,D,,,,,,,,,,,,tt0471646,5.4,,,,,,,,,hitFlop=1,Missing/Partial,,wikipedia,2.0,2026-07-02
BOLLY_2006_2166_dhoom_2,Dhoom:2,Dhoom:2,2006,November,11,2006-11-24,Action,Thriller,Action | Thriller,Yes,,Sanjay Gadhvi,Abhishek Bachchan,Uday Chopra,Abhishek Bachchan | Uday Chopra | Hrithik Roshan | Aishwarya Rai Bachchan,Vijay Krishna Acharya (screenplay) | Vijay Krishna Acharya (dialogue) | Aditya Chopra (story),,5.2079,C,4.3755,D,,,,,,,,,,tt0441048,6.5,,,,,,,,,hitFlop=8,Missing/Partial,,wikipedia,2.0,2026-07-02
BOLLY_2006_2167_dil_diya_hai,Dil Diya Hai,Dil Diya Hai,2006,September,9,2006-09-08,Drama,Romance,Drama | Romance | Thriller,No,,Aditya Datt,Emraan Hashmi,Ashmit Patel,Emraan Hashmi | Ashmit Patel | Geeta Basra | Mithun Chakraborty,Mudassar Aziz (screenplay) | Aditya Datt | Vinay Mudgil (screenplay) | Neeraj Pathak (screenplay) | Sameer (lyrics),,4.721,D,1.7076,D,,,,,,,,,,tt0814082,3.9,,,,,,,,,hitFlop=1,Missing/Partial,,wikipedia,2.0,2026-07-02
BOLLY_2006_2168_don,Don,Don,2006,October,10,2006-10-20,Action,Crime,Action | Crime | Thriller,Yes,,Farhan Akhtar,Shah Rukh Khan,Priyanka Chopra,Shah Rukh Khan | Priyanka Chopra | Arjun Rampal | Isha Koppikar,Salim Khan (based on an original screenplay by) | Javed Akhtar (based on an original screenplay by) | Farhan Akhtar,,9.2267,A,5.7197,C,,,,,,,,,,tt0461936,7.1,,,,,,,,,hitFlop=6,Missing/Partial,,wikipedia,2.0,2026-07-02
BOLLY_2006_2169_dor,Dor,Dor,2006,September,9,2006-09-22,Drama,,Drama,No,,Nagesh Kukunoor,Ayesha Takia,Shreyas Talpade,Ayesha Takia | Shreyas Talpade | Gul Panag | Girish Karnad,Nagesh Kukunoor (screenplay) | Nagesh Kukunoor (story) | Mir Ali Husain (story) | T.A. Razak,,2.9636,D,1.4685,D,,,,,,,,,,tt0824316,7.9,,,,,,,,,hitFlop=2,Missing/Partial,,wikipedia,2.0,2026-07-02
BOLLY_2006_2170_family_ties_of_blood,Family: Ties of Blood,Family: Ties of Blood,2006,January,1,2006-01-12,Action,Crime,Action | Crime | Drama,No,,Rajkumar Santoshi,Amitabh Bachchan,Akshay Kumar,Amitabh Bachchan | Akshay Kumar | Bhoomika Chawla | Aryeman Ramsay,Rajat Arora (screenwriter) | Tigmanshu Dhulia (dialogue) | Shridhar Raghavan (screenplay) | Ashok Rawat (script & story) | Rajkumar Santoshi (dialogue) | Rajkumar Santoshi (screenplay) | Shaktimaan Talwar (story),,7.0113,B,2.744,D,,,,,,,,,,tt0437182,5.7,,,,,,,,,hitFlop=1,Missing/Partial,,wikipedia,2.0,2026-07-02
BOLLY_2006_2171_fanaa,Fanaa,Fanaa,2006,May,5,2006-05-26,Drama,Musical,Drama | Musical | Romance,No,,Kunal Kohli,Aamir Khan,Kajol,Aamir Khan | Kajol | Rishi Kapoor | Tabu,Shibani Bathija (screenplay) | Shibani Bathija (story) | Shibani Bathija,,10.0,A,4.0747,D,,,,,,,,,,tt0439662,7.1,,,,,,,,,hitFlop=7,Missing/Partial,,wikipedia,2.0,2026-07-02
BOLLY_2006_2172_fight_club_members_only,Fight Club: Members Only,Fight Club: Members Only,2006,February,2,2006-02-17,Action,Comedy,Action | Comedy,No,,Vikram Chopra,Sunil Shetty,Sohail Khan,Sunil Shetty | Sohail Khan | Zayed Khan | Dino Morea,Vikram Chopra (screenplay) | Sohail Khan (dialogue) | Sohail Khan (screenplay) | Sohail Khan (story) | Mayur Puri (dialogue),,3.3073,D,,,,,,,,,,,,tt0456413,3.5,,,,,,,,,hitFlop=2,Missing/Partial,,wikipedia,2.0,2026-07-02
BOLLY_2006_2173_gangster,Gangster,Gangster,2006,April,4,2006-04-28,Crime,Drama,Crime | Drama | Mystery,No,,Anurag Basu,Kangana Ranaut,Shiney Ahuja,Kangana Ranaut | Shiney Ahuja | Emraan Hashmi | Gulshan Grover,Mahesh Bhatt (story) | Girish Dhamija (dialogue) | Anurag Basu (screenplay),,4.3605,D,5.1314,C,,,,,,,,,,tt0495032,7.2,,,,,,,,,hitFlop=5,Missing/Partial,,wikipedia,2.0,2026-07-02
BOLLY_2006_2174_golmaal_fun_unlimited,Golmaal: Fun Unlimited,Golmaal: Fun Unlimited,2006,July,7,2006-07-14,Comedy,Comedy,Comedy,No,,Rohit Shetty,Ajay Devgn,Arshad Warsi,Ajay Devgn | Arshad Warsi | Sharman Joshi | Tusshar Kapoor,Neeraj Vora,,6.8713,C,6.8376,C,,,,,,,,,,tt0495034,7.4,,,,,,,,,hitFlop=6,Missing/Partial,,wikipedia,2.0,2026-07-02
BOLLY_2006_2175_humko_deewana_kar_gaye,Humko Deewana Kar Gaye,Humko Deewana Kar Gaye,2006,April,4,2006-04-14,Romance,Romance,Romance,No,,Raj Kanwar,Akshay Kumar,Katrina Kaif,Akshay Kumar | Katrina Kaif | Bipasha Basu | Bhagyashree,Sudhanshu Dube (additional dialogue) | Raj Kanwar,,6.3805,C,3.0499,D,,,,,,,,,,tt0444840,5.2,,,,,,,,,hitFlop=2,Missing/Partial,,wikipedia,2.0,2026-07-02
BOLLY_2006_2176_humko_tumse_pyaar_hai,Humko Tumse Pyaar Hai,Humko Tumse Pyaar Hai,2006,February,2,2006-02-24,Romance,Thriller,Romance | Thriller,No,,Bunty Soorma,Arjun Rampal,Ameesha Patel,Arjun Rampal | Ameesha Patel | Bobby Deol | Achint Kaur,Ashok Roy (screenplay) | Javed Siddiqui (dialogue) | Bunty Soorma (story),,3.8011,D,,,,,,,,,,,,tt0314186,5.3,,,,,,,,,hitFlop=1,Missing/Partial,,wikipedia,2.0,2026-07-02
BOLLY_2006_2177_i_see_you,I See You,I See You,2006,December,12,2006-12-29,Comedy,Drama,Comedy | Drama | Romance,No,,Vivek b Agrawal,Arjun Rampal,Vipasha Agarwal,Arjun Rampal | Vipasha Agarwal | Chunky Pandey | Boman Irani,Vivek b Agrawal (story) | Suresh Nair (screenplay) | Niranjan Iyengar (dialogue),,3.8011,D,,,,,,,,,,,,tt0857381,4.4,,,,,,,,,hitFlop=1,Missing/Partial,,wikipedia,2.0,2026-07-02
BOLLY_2006_2178_jaan_e_mann_let_s_fall_in_love_again,Jaan-E-Mann: Let's Fall in Love... Again,Jaan-E-Mann: Let's Fall in Love... Again,2006,October,10,2006-10-20,Musical,Romance,Musical | Romance,No,,Shirish Kunder,Salman Khan,Akshay Kumar,Salman Khan | Akshay Kumar | Preity Zinta | Anupam Kher,Shirish Kunder (dialogue) | Shirish Kunder (screenplay) | Shirish Kunder (story),,9.2082,A,,,,,,,,,,,,tt0456481,6.1,,,,,,,,,hitFlop=2,Missing/Partial,,wikipedia,2.0,2026-07-02
BOLLY_2006_2179_jawani_diwani_a_youthful_joyride,Jawani Diwani: A Youthful Joyride,Jawani Diwani: A Youthful Joyride,2006,January,1,2006-01-06,Romance,,Romance,No,,Manish Sharma,Emraan Hashmi,Celina Jaitly,Emraan Hashmi | Celina Jaitly | Hrishitaa Bhatt | Mahesh Manjrekar,Pradeep Tiwari (dialogue) | Pradeep Tiwari (story),,4.721,D,,,,,,,,,,,,tt0485466,2.9,,,,,,,,,hitFlop=2,Missing/Partial,,wikipedia,2.0,2026-07-02
BOLLY_2006_2180_kabhi_alvida_naa_kehna,Kabhi Alvida Naa Kehna,Kabhi Alvida Naa Kehna,2006,August,8,2006-08-11,Drama,Romance,Drama,No,,Karan Johar,Shah Rukh Khan,Rani Mukerji,Shah Rukh Khan | Rani Mukerji | Amitabh Bachchan | Preity Zinta,Karan Johar (story) | Shibani Bathija (screenplay) | Karan Johar (screenplay) | Niranjan Iyengar (dialogue),,9.2267,A,7.1046,B,,,,,,,,,,tt0449999,6.0,,,,,,,,,hitFlop=5,Missing/Partial,,wikipedia,2.0,2026-07-02
BOLLY_2006_2181_kabul_express,Kabul Express,Kabul Express,2006,December,12,2006-12-15,Action,Comedy,Action | Comedy | Drama,No,,Kabir Khan,John Abraham,Arshad Warsi,John Abraham | Arshad Warsi | Salman Shahid | Hanif Hum Ghum,Kabir Khan | Sandeep Srivastava (additional dialogue),,7.1193,B,6.8237,C,,,,,,,,,,tt0770214,6.8,,,,,,,,,hitFlop=2,Missing/Partial,,wikipedia,2.0,2026-07-02
BOLLY_2006_2182_khosla_s_nest,Khosla's Nest,Khosla's Nest,2006,September,9,2006-09-22,Comedy,Crime,Comedy | Crime | Drama,No,,Dibakar Banerjee,Anupam Kher,Boman Irani,Anupam Kher | Boman Irani | Parvin Dabas | Tara Sharma,Jaideep Sahni (story),,3.4477,D,2.863,D,,,,,,,,,,tt0466460,,,,,,,,,,hitFlop=4,Missing/Partial,,wikipedia,2.0,2026-07-02
BOLLY_2006_2183_the_killer,The Killer,The Killer,2006,July,7,2006-07-21,Action,Comedy,Action | Comedy | Crime,No,,Hasnain Hyderabadwala | Raksha Mistry,Irrfan Khan,Emraan Hashmi,Irrfan Khan | Emraan Hashmi | Priyanka Kothari | Bharati Achrekar,Sanjay Masoom (dialogue),,2.9178,D,1.3466,D,,,,,,,,,,tt0833484,4.8,,,,,,,,,hitFlop=2,Missing/Partial,,wikipedia,2.0,2026-07-02
BOLLY_2006_2184_krrish,Krrish,Krrish,2006,June,6,2006-06-23,Action,Adventure,Action | Adventure | Romance,Yes,,Rakesh Roshan,Rekha,Hrithik Roshan,Rekha | Hrithik Roshan | Priyanka Chopra | Sharat Saxena,Robin Bhatt (screenplay) | Sachin Bhowmick (screenplay) | Honey Irani (screenplay) | Akarsh Khurana (screenplay) | Sanjay Masoom (dialogue) | Rakesh Roshan (screenplay),,5.1069,C,,,,,,,,,,,,tt0432637,6.4,,,,,,,,,hitFlop=8,Missing/Partial,,wikipedia,2.0,2026-07-02
BOLLY_2006_2185_lage_raho_munna_bhai,Lage Raho Munna Bhai,Lage Raho Munna Bhai,2006,September,9,2006-09-01,Comedy,Drama,Comedy | Drama | Romance,Yes,,Rajkumar Hirani,Sanjay Dutt,Arshad Warsi,Sanjay Dutt | Arshad Warsi | Vidya Balan | Boman Irani,Vidhu Vinod Chopra (screenplay) | Rajkumar Hirani | Abhijit Joshi (screenplay),,5.0026,C,10.0,A,,,,,,,,,,tt0456144,7.2,,,,,,,,,hitFlop=8,Missing/Partial,,wikipedia,2.0,2026-07-02
BOLLY_2006_2186_malamaal_weekly,Malamaal Weekly,Malamaal Weekly,2006,March,3,2006-03-10,Comedy,Drama,Comedy | Drama | Romance,No,,Priyadarshan,Paresh Rawal,Om Puri,Paresh Rawal | Om Puri | Ritesh Deshmukh | Reema Sen,Manisha Korde (dialogue) | Priyadarshan (screenplay) | Priyadarshan (story) | Chandu Shah (story),,3.7967,D,3.8472,D,,,,,,,,,,tt0476805,7.0,,,,,,,,,hitFlop=7,Missing/Partial,,wikipedia,2.0,2026-07-02
BOLLY_2006_2187_mere_jeevan_saathi,Mere Jeevan Saathi,Mere Jeevan Saathi,2006,February,2,2006-02-03,Music,Romance,Music | Romance,No,,Suneel Darshan,Akshay Kumar,Karisma Kapoor,Akshay Kumar | Karisma Kapoor | Ameesha Patel | Gulshan Grover,Suneel Darshan (story) | Robin Bhatt (screenplay) | K.K. Singh (dialogue) | Ravi Shankar Jaiswal (additional dialogue),,6.3805,C,1.706,D,,,,,,,,,,tt0418880,3.4,,,,,,,,,hitFlop=1,Missing/Partial,,wikipedia,2.0,2026-07-02
BOLLY_2006_2188_mixed_doubles,Mixed Doubles,Mixed Doubles,2006,February,2,2006-02-10,Comedy,Drama,Comedy | Drama,No,,Rajat Kapoor,Konkona Sen Sharma,Ranvir Shorey,Konkona Sen Sharma | Ranvir Shorey | Koel Purie | Saurabh Shukla,Rajat Kapoor (script) | Anurag Kashyap (dialogues),,2.9405,D,2.0954,D,,,,,,,,,,tt0458017,6.5,,,,,,,,,hitFlop=2,Missing/Partial,,wikipedia,2.0,2026-07-02
BOLLY_2006_2189_naksha,Naksha,Naksha,2006,September,9,2006-09-08,Action,Adventure,Action | Adventure,No,,Sachin Bajaj,Sunny Deol,Vivek Oberoi,Sunny Deol | Vivek Oberoi | Sameera Reddy | Jackie Shroff,Milap Zaveri (story) | Tushar Hiranandani (story) | Milap Zaveri (dialogue),,3.3809,D,,,,,,,,,,,,tt0813540,3.5,,,,,,,,,hitFlop=1,Missing/Partial,,wikipedia,2.0,2026-07-02
BOLLY_2006_2190_omkara,Omkara,Omkara,2006,July,7,2006-07-28,Action,Crime,Action | Crime | Drama,No,,Vishal Bhardwaj,Ajay Devgn,Kareena Kapoor,Ajay Devgn | Kareena Kapoor | Saif Ali Khan | Konkona Sen Sharma,Vishal Bhardwaj (screenplay) | Robin Bhatt (screenplay) | Abhishek Chaubey (screenplay) | Vishal Bhardwaj (dialogue) | William Shakespeare (play),,6.8713,C,3.6423,D,,,,,,,,,,tt0488414,8.0,,,,,,,,,hitFlop=2,Missing/Partial,,wikipedia,2.0,2026-07-02
BOLLY_2006_2191_phir_hera_pheri,Phir Hera Pheri,Phir Hera Pheri,2006,June,6,2006-06-09,Comedy,Crime,Comedy | Crime,Yes,,Neeraj Vora,Akshay Kumar,Sunil Shetty,Akshay Kumar | Sunil Shetty | Paresh Rawal | Bipasha Basu,Neeraj Vora,,6.3805,C,,,,,,,,,,,,tt0419058,7.2,,,,,,,,,hitFlop=7,Missing/Partial,,wikipedia,2.0,2026-07-02
BOLLY_2006_2192_pyaar_ke_side_effects,Pyaar Ke Side Effects,Pyaar Ke Side Effects,2006,September,9,2006-09-15,Comedy,Drama,Comedy | Drama | Romance,No,,Saket Chaudhary,Rahul Bose,Mallika Sherawat,Rahul Bose | Mallika Sherawat | Ranvir Shorey | Sharat Saxena,Saket Chaudhary | Pratibha Acharya (dialogue) | Vijay Krishna Acharya (dialogue),,2.3217,D,,,,,,,,,,,,tt0480572,6.8,,,,,,,,,hitFlop=3,Missing/Partial,,wikipedia,2.0,2026-07-02
BOLLY_2006_2193_pyare_mohan,Pyare Mohan,Pyare Mohan,2006,April,4,2006-04-21,Comedy,Drama,Comedy | Drama | Romance,No,,Indra Kumar | Kookie V. Gulati,Fardeen Khan,Vivek Oberoi,Fardeen Khan | Vivek Oberoi | Esha Deol | Amrita Rao,Milap Zaveri (story) | Tushar Hiranandani (story) | Milap Zaveri (screenplay) | Tushar Hiranandani (screenplay) | Milap Zaveri (dialogue),,2.8821,D,4.1206,D,,,,,,,,,,tt0461323,3.4,,,,,,,,,hitFlop=2,Missing/Partial,,wikipedia,2.0,2026-07-02
BOLLY_2006_2194_rang_de_basanti,Rang De Basanti,Rang De Basanti,2006,January,1,2006-01-26,Drama,Crime,Drama,No,,Rakeysh Omprakash Mehra,Aamir Khan,Siddharth,Aamir Khan | Siddharth | Sharman Joshi | Kunal Kapoor,Renzil D'Silva (screenplay) | Rakeysh Omprakash Mehra (screenplay) | Kamlesh Pandey (story),,10.0,A,4.5105,D,,,,,,,,,,tt0405508,8.1,,,,,,,,,hitFlop=6,Missing/Partial,,wikipedia,2.0,2026-07-02
BOLLY_2006_2195_rocky,Rocky,Rocky,2006,September,9,2006-09-22,Action,Drama,Action | Drama | Romance,No,,Suresh Krishna,Zayed Khan,Isha Sharvani,Zayed Khan | Isha Sharvani | Minissha Lamba | Rajat Bedi,Janak (dialogue) | Suresh Krishna (screenplay) | Hriday Lani (dialogue) | Sameer (lyrics),,2.9243,D,,,,,,,,,,,,tt0814295,3.0,,,,,,,,,hitFlop=1,Missing/Partial,,wikipedia,2.0,2026-07-02
BOLLY_2006_2196_saawan_the_love_season,Saawan... The Love Season,Saawan... The Love Season,2006,April,4,2006-04-07,Romance,,Romance,No,,Saawan Kumar Tak,Salman Khan,Saloni Aswani,Salman Khan | Saloni Aswani | Kapil Jhaveri | Prem Chopra,Saawan Kumar Tak (screenplay) | Saawan Kumar Tak (story),,9.2082,A,,,,,,,,,,,,tt0470521,2.7,,,,,,,,,hitFlop=2,Missing/Partial,,wikipedia,2.0,2026-07-02
BOLLY_2006_2197_shaadi_karke_phas_gaya_yaar,Shaadi Karke Phas Gaya Yaar,Shaadi Karke Phas Gaya Yaar,2006,August,8,2006-08-01,Romance,,Romance,No,,K.S. Adiyaman,Salman Khan,Shilpa Shetty,Salman Khan | Shilpa Shetty | Reema Lagoo | Mohnish Bahl,K.S. Adiyaman (story) | Rumi Jaffery (screenplay),,9.2082,A,,,,,,,,,,,,tt0430589,4.0,,,,,,,,,hitFlop=1,Missing/Partial,,wikipedia,2.0,2026-07-02
BOLLY_2006_2198_shaadi_se_pehle,Shaadi Se Pehle,Shaadi Se Pehle,2006,April,4,2006-04-07,Comedy,Musical,Comedy | Musical | Romance,No,,Satish Kaushik,Akshaye Khanna,Ayesha Takia,Akshaye Khanna | Ayesha Takia | Mallika Sherawat | Sunil Shetty,Sanjay Chhel | Satish Kaushik (screenplay),,3.3625,D,2.6808,D,,,,,,,,,,tt0489560,4.3,,,,,,,,,hitFlop=2,Missing/Partial,,wikipedia,2.0,2026-07-02
BOLLY_2006_2199_shiva,Shiva,Shiva,2006,September,9,2006-09-15,Action,Crime,Action | Crime | Drama,No,,Ram Gopal Varma,Mohit Ahlawat,Priyanka Kothari,Mohit Ahlawat | Priyanka Kothari | Vinod Jaywant | Nagesh Bhonsle,Farhad Bhiwandiwala | Dev Kohli (lyrics) | Nitin Raikwar (lyrics) | Sajid,,,,3.7435,D,,,,,,,,,,tt0831816,3.3,,,,,,,,,hitFlop=1,Missing/Partial,,wikipedia,2.0,2026-07-02
BOLLY_2006_2200_souten_the_other_woman,Souten: The Other Woman,Souten: The Other Woman,2006,March,3,2006-03-24,Thriller,,Thriller,No,,Karan Razdan,Mahima Chaudhry,Padmini Kolhapure,Mahima Chaudhry | Padmini Kolhapure | Shakti Kapoor | Gulshan Grover,Karan Razdan,,2.2323,D,1.4335,D,,,,,,,,,,tt0833537,5.1,,,,,,,,,hitFlop=1,Missing/Partial,,wikipedia,2.0,2026-07-02
BOLLY_2006_2201_tathastu,Tathastu,Tathastu,2006,,,,Drama,,Drama,No,,Anubhav Sinha,Sanjay Dutt,Ameesha Patel,Sanjay Dutt | Ameesha Patel | Jayapradha | Gulshan Grover,,,5.0026,C,3.0566,D,,,,,,,,,,tt0444915,5.7,,,,,,,,,hitFlop=1,Missing/Partial,,wikipedia,2.0,2026-07-02
BOLLY_2006_2202_taxi_no_9_2_11_nau_do_gyarah,Taxi No. 9 2 11: Nau Do Gyarah,Taxi No. 9 2 11: Nau Do Gyarah,2006,February,2,2006-02-24,Comedy,Drama,Comedy | Drama | Thriller,No,,Milan Luthria,Nana Patekar,John Abraham,Nana Patekar | John Abraham | Sonali Kulkarni | Sameera Reddy,Rajat Arora (story) | Rajat Arora | Vishal Dadlani (lyrics) | Dev Kohli (lyrics),,4.0525,D,3.6283,D,,,,,,,,,,tt0476884,7.3,,,,,,,,,hitFlop=5,Missing/Partial,,wikipedia,2.0,2026-07-02
BOLLY_2006_2203_teesri_aankh_the_hidden_camera,Teesri Aankh: The Hidden Camera,Teesri Aankh: The Hidden Camera,2006,March,3,2006-03-03,Action,Thriller,Action | Thriller,No,,Harry Baweja,Sunny Deol,Ameesha Patel,Sunny Deol | Ameesha Patel | Neha Dhupia | Mukesh Rishi,Harry Baweja (story) | Harry Baweja (screenplay) | Pathik Vats (dialogue) | Sameer (lyrics) | Nitin Arora (lyrics) | Earl D'Souza (lyrics) | Karmjeet Kadhowala (lyrics),,3.3809,D,1.6165,D,,,,,,,,,,tt0779768,4.2,,,,,,,,,hitFlop=1,Missing/Partial,,wikipedia,2.0,2026-07-02
BOLLY_2006_2204_tom_dick_and_harry,"Tom, Dick, and Harry","Tom, Dick, and Harry",2006,May,5,2006-05-12,Comedy,Romance,Comedy | Romance,No,,Deepak Tijori,Rakesh Bedi,Bobby Darling,Rakesh Bedi | Bobby Darling | Avtar Gill | Gulshan Grover,Kamal Pandey (story) | Yunus Sajawal (story) | Ali Shah (dialogue),,2.0288,D,1.5883,D,,,,,,,,,,tt0476888,3.3,,,,,,,,,hitFlop=4,Missing/Partial,,wikipedia,2.0,2026-07-02
BOLLY_2006_2205_umrao_jaan,Umrao Jaan,Umrao Jaan,2006,November,11,2006-11-03,Drama,Romance,Drama | Romance,No,,J.P. Dutta,Aishwarya Rai Bachchan,Shabana Azmi,Aishwarya Rai Bachchan | Shabana Azmi | Sunil Shetty | Abhishek Bachchan,J.P. Dutta (screenplay) | O.P. Dutta (story) | Mirza Muhammad Hadi Ruswa (novel),,6.0086,C,,,,,,,,,,,,tt0485522,5.4,,,,,,,,,hitFlop=1,Missing/Partial,,wikipedia,2.0,2026-07-02
BOLLY_2006_2206_vivah,Vivah,Vivah,2006,November,11,2006-11-10,Drama,Family,Drama | Family | Musical,No,,Sooraj R. Barjatya,Shahid Kapoor,Amrita Rao,Shahid Kapoor | Amrita Rao | Anupam Kher | Alok Nath,Aash Karan Atal (dialogue) | Sooraj R. Barjatya (story),,5.7659,C,,,,,,,,,,,,tt0494290,6.6,,,,,,,,,hitFlop=8,Missing/Partial,,wikipedia,2.0,2026-07-02
BOLLY_2006_2207_woh_lamhe,Woh Lamhe,Woh Lamhe,2006,September,9,2006-09-29,Biography,Drama,Biography | Drama | Romance,No,,Mohit Suri,Kangana Ranaut,Shiney Ahuja,Kangana Ranaut | Shiney Ahuja | Shaad Randhawa | Purab Kohli,Mahesh Bhatt (story) | Shagufta Rafique,,4.3605,D,4.931,D,,,,,,,,,,tt0833561,6.5,,,,,,,,,hitFlop=2,Missing/Partial,,wikipedia,2.0,2026-07-02
BOLLY_2006_2208_yun_hota_toh_kya_hota_what_if,Yun Hota Toh Kya Hota: What If...?,Yun Hota Toh Kya Hota: What If...?,2006,July,7,2006-07-21,Drama,,Drama,No,,Naseeruddin Shah,Konkona Sen Sharma,Irrfan Khan,Konkona Sen Sharma | Irrfan Khan | Ayesha Takia | Jimmy Shergill,Uttam Gada,,2.9405,D,,,,,,,,,,,,tt0470614,,,,,,,,,,hitFlop=1,Missing/Partial,,wikipedia,2.0,2026-07-02
BOLLY_2006_2209_zinda,Zinda,Zinda,2006,January,1,2006-01-12,Action,Adventure,Action | Adventure | Drama,No,,Sanjay Gupta,Sanjay Dutt,John Abraham,Sanjay Dutt | John Abraham | Lara Dutta | Celina Jaitly,Vishal Dadlani (lyrics) | Sanjay Gupta (screenplay) | Anwar Maqsood (lyrics) | Virag Mishra (lyrics) | Suresh Nair (screenplay) | Kamlesh Pandey (dialogues),,5.0026,C,3.4703,D,,,,,,,,,,tt0488906,4.8,,,,,,,,,hitFlop=2,Missing/Partial,,wikipedia,2.0,2026-07-02
BOLLY_2006_2210_zindaggi_rocks,Zindaggi Rocks,Zindaggi Rocks,2006,October,10,2006-10-06,Drama,Romance,Drama | Romance,No,,Tanuja Chandra,Sushmita Sen,Shiney Ahuja,Sushmita Sen | Shiney Ahuja | Julian Burkhardt | Ravi Gossain,Tanuja Chandra (screenplay) | Mudassar Aziz (dialogue) | Sayeed Qadri (lyrics),,3.1708,D,1.0907,D,,,,,,,,,,tt0823261,4.5,,,,,,,,,hitFlop=1,Missing/Partial,,wikipedia,2.0,2026-07-02
BOLLY_2007_2211_aaja_nachle,Aaja Nachle,Aaja Nachle,2007,November,11,2007-11-30,Drama,Musical,Drama | Musical,No,,Anil Mehta,Madhuri Dixit,Darshan Jariwala,Madhuri Dixit | Darshan Jariwala | Raghuvir Yadav | Divya Dutta,Aditya Chopra (story) | Jaideep Sahni (screenplay),,4.8334,D,,,,,,,,,,,,tt0986213,6.2,,,,,,,,,hitFlop=2,Missing/Partial,,wikipedia,2.0,2026-07-02
BOLLY_2007_2212_aap_kaa_surroor_the_moviee_the_real_luv_story,Aap Kaa Surroor: The Moviee - The Real Luv Story,Aap Kaa Surroor: The Moviee - The Real Luv Story,2007,June,6,2007-06-29,Drama,Romance,Drama | Romance | Thriller,No,,Prashant Chadha,Himesh Reshammiya,Hansika Motwani,Himesh Reshammiya | Hansika Motwani | Mallika Sherawat | Shravan Rathod,Prashant Chadha | Sameer (lyrics) | Prashant Singh (screenplay) | Vibha Singh (screenplay),,1.5575,D,,,,,,,,,,,,tt0995840,,,,,,,,,,hitFlop=4,Missing/Partial,,wikipedia,2.0,2026-07-02
BOLLY_2007_2213_aggar_passion_betrayal_terror,Aggar: Passion Betrayal Terror,Aggar: Passion Betrayal Terror,2007,September,9,2007-09-14,Romance,Thriller,Romance | Thriller,No,,Anant Mahadevan,Tusshar Kapoor,Udita Goswami,Tusshar Kapoor | Udita Goswami | Shreyas Talpade | Sophiya Chaudhary,S. Farhan | Sayeed Qadri (lyrics),,3.8353,D,1.8139,D,,,,,,,,,,tt0875692,,,,,,,,,,hitFlop=1,Missing/Partial,,wikipedia,2.0,2026-07-02
BOLLY_2007_2214_apne,Apne,Apne,2007,June,6,2007-06-29,Drama,Sport,Drama | Sport,No,,Anil Sharma,Dharmendra,Sunny Deol,Dharmendra | Sunny Deol | Bobby Deol | Shilpa Shetty,Neeraj Pathak (screenplay) | Neeraj Pathak (story),,3.0997,D,5.7345,C,,,,,,,,,,tt0814014,6.1,,,,,,,,,hitFlop=4,Missing/Partial,,wikipedia,2.0,2026-07-02
BOLLY_2007_2215_awarapan,Awarapan,Awarapan,2007,June,6,2007-06-29,Action,Crime,Action | Crime | Drama,No,,Mohit Suri,Salil Acharya,Emraan Hashmi,Salil Acharya | Emraan Hashmi | J. Brandon Hill | Rehan Khan,Shagufta Rafique (dialogue & screenplay),,,,4.931,D,,,,,,,,,,tt1020937,7.4,,,,,,,,,hitFlop=1,Missing/Partial,,wikipedia,2.0,2026-07-02
BOLLY_2007_2216_bheja_fry,Bheja Fry,Bheja Fry,2007,April,4,2007-04-13,Comedy,Drama,Comedy | Drama,No,,Sagar Ballary,Vinay Pathak,Rajat Kapoor,Vinay Pathak | Rajat Kapoor | Sarika | Milind Soman,Sagar Ballary (screenplay) | Arpita Chatterjee | Sharat Katariya (dialogue),,3.1247,D,2.74,D,,,,,,,,,,tt1014672,7.6,,,,,,,,,hitFlop=6,Missing/Partial,,wikipedia,2.0,2026-07-02
BOLLY_2007_2217_bhool_bhulaiyaa,Bhool Bhulaiyaa,Bhool Bhulaiyaa,2007,October,10,2007-10-12,Comedy,Horror,Comedy | Horror | Mystery,No,,Priyadarshan,Akshay Kumar,Vidya Balan,Akshay Kumar | Vidya Balan | Ameesha Patel | Shiney Ahuja,Neeraj Vora (screenplay) | Manisha Korde (dialogue) | Madhu Muttam (original story),,6.3805,C,3.8472,D,,,,,,,,,,tt0995031,7.4,,,,,,,,,hitFlop=6,Missing/Partial,,wikipedia,2.0,2026-07-02
BOLLY_2007_2218_big_brother,Big Brother,Big Brother,2007,February,2,2007-02-01,Action,Crime,Action | Crime,No,,Guddu Dhanoa,Sunny Deol,Priyanka Chopra,Sunny Deol | Priyanka Chopra | Vikas Anand | Manoj Bhatia,Guddu Dhanoa,,3.3809,D,1.2825,D,,,,,,,,,,tt0476762,4.1,,,,,,,,,hitFlop=1,Missing/Partial,,wikipedia,2.0,2026-07-02
BOLLY_2007_2219_buddha_mar_gaya,Buddha Mar Gaya,Buddha Mar Gaya,2007,August,8,2007-08-17,Comedy,,Comedy,No,,Rahul Rawail,Mona Ambegaonkar,Jitender Bhargava,Mona Ambegaonkar | Jitender Bhargava | Birbal | Heenaa Biswas,Raju Saigal (story) | Anand Sivakumaran (screenplay),,,,1.4734,D,,,,,,,,,,tt1083447,3.3,,,,,,,,,hitFlop=2,Missing/Partial,,wikipedia,2.0,2026-07-02
BOLLY_2007_2220_cash,Cash,Cash,2007,August,8,2007-08-03,Action,Drama,Action | Drama | Thriller,No,,Anubhav Sinha,Ajay Devgn,Sunil Shetty,Ajay Devgn | Sunil Shetty | Zayed Khan | Ritesh Deshmukh,Vishal Dadlani (lyrics) | Panchhi Jalonvi (lyrics) | Anubhav Sinha (dialogues) | Vinay (story) | Yash (story),,6.8713,C,3.0566,D,,,,,,,,,,tt0872190,3.4,,,,,,,,,hitFlop=2,Missing/Partial,,wikipedia,2.0,2026-07-02
BOLLY_2007_2221_chain_kulii_ki_main_kulii,Chain Kulii Ki Main Kulii,Chain Kulii Ki Main Kulii,2007,June,6,2007-06-22,Comedy,Drama,Comedy | Drama | Family,No,,Kittu Saluja,Anand Abhyankar,Parimal Aloke,Anand Abhyankar | Parimal Aloke | Chandan Anand | Bobby Bedi,Nupur Asthana (screenplay) | Jay Shewakramani (story) | Irfan Siddiqui (lyrics) | Satyam Tripathi (dialogue),,,,,,,,,,,,,,,tt1016159,5.8,,,,,,,,,hitFlop=1,Missing/Partial,,wikipedia,2.0,2026-07-02
BOLLY_2007_2222_cheeni_kum,Cheeni Kum,Cheeni Kum,2007,May,5,2007-05-25,Comedy,Romance,Comedy | Romance,No,,R. Balki,Amitabh Bachchan,Tabu,Amitabh Bachchan | Tabu | Paresh Rawal | Zohra Segal,R. Balki | Manoj Tapadia,,7.0113,B,,,,,,,,,,,,tt0976026,6.8,,,,,,,,,hitFlop=5,Missing/Partial,,wikipedia,2.0,2026-07-02
BOLLY_2007_2223_delhii_heights,Delhii Heights,Delhii Heights,2007,March,3,2007-03-30,Drama,Romance,Drama | Romance,No,,R. Anand Kumar,Jimmy Shergill,Neha Dhupia,Jimmy Shergill | Neha Dhupia | Kamini Khanna | Madhavan,Sanyukta Verma | Sanyukta Shaikh Chawla,,2.7981,D,,,,,,,,,,,,tt0989633,5.0,,,,,,,,,hitFlop=1,Missing/Partial,,wikipedia,2.0,2026-07-02
BOLLY_2007_2224_dhamaal,Dhamaal,Dhamaal,2007,September,9,2007-09-07,Comedy,Adventure,Comedy,No,,Indra Kumar,Sanjay Dutt,Ritesh Deshmukh,Sanjay Dutt | Ritesh Deshmukh | Arshad Warsi | Aashish Chaudhary,Paritosh Painter (story) | Paritosh Painter (screenplay) | Paritosh Painter (dialogue) | Balvinder Singh Suri (dialogue) | Bunty Rathore (dialogue),,5.0026,C,4.1206,D,,,,,,,,,,tt0845448,7.4,,,,,,,,,hitFlop=5,Missing/Partial,,wikipedia,2.0,2026-07-02
BOLLY_2007_2225_dhan_dhana_dhan_goal,Dhan Dhana Dhan Goal,Dhan Dhana Dhan Goal,2007,November,11,2007-11-23,Sport,Sport,Sport,No,,Vivek Agnihotri,John Abraham,Arshad Warsi,John Abraham | Arshad Warsi | Bipasha Basu | Boman Irani,Anurag Kashyap (dialogue) | Rohit Malhotra (story) | Vikramaditya Motwane (screenplay),,7.1193,B,,,,,,,,,,,,tt1120897,5.1,,,,,,,,,hitFlop=2,Missing/Partial,,wikipedia,2.0,2026-07-02
BOLLY_2007_2226_dhokha,Dhokha,Dhokha,2007,August,8,2007-08-31,Action,Drama,Action | Drama | Romance,No,,Pooja Bhatt,Muzammil Ibrahim,Tulip Joshi,Muzammil Ibrahim | Tulip Joshi | Aushima Sawhney | Bharat Dabholkar,Shagufta Rafique,,,,3.0934,D,,,,,,,,,,tt1090650,6.3,,,,,,,,,hitFlop=1,Missing/Partial,,wikipedia,2.0,2026-07-02
BOLLY_2007_2227_dhol,Dhol,Dhol,2007,September,9,2007-09-14,Comedy,Crime,Comedy,No,,Priyadarshan,Sharman Joshi,Tusshar Kapoor,Sharman Joshi | Tusshar Kapoor | Kunal Khemu | Rajpal Yadav,Manisha Korde (screenplay),,3.6904,D,3.8472,D,,,,,,,,,,tt0995035,6.5,,,,,,,,,hitFlop=4,Missing/Partial,,wikipedia,2.0,2026-07-02
BOLLY_2007_2228_dil_dosti_etc,Dil Dosti Etc,Dil Dosti Etc,2007,September,9,2007-09-28,Comedy,Crime,Comedy | Crime | Drama,No,,Manish Tiwary,Imaaduddin Shah,Shreyas Talpade,Imaaduddin Shah | Shreyas Talpade | Smriti Mishra | Nikita Anand,Ram Goutam (lyrics) | Kumaar (lyrics) | Prashant Pandey (lyrics) | Siddharth (lyrics) | Pawan Sony (screenplay) | Suhas (lyrics) | Manish Tiwary,,,,,,,,,,,,,,,tt1099196,6.9,,,,,,,,,hitFlop=2,Missing/Partial,,wikipedia,2.0,2026-07-02
BOLLY_2007_2229_dus_kahaniyaan,Dus Kahaniyaan,Dus Kahaniyaan,2007,December,12,2007-12-07,Adventure,Crime,Adventure | Crime | Drama,No,,Jasmeet Dhodhi | Meghna Gulzar | Sanjay Gupta | Apoorva Lakhia | Hansal Mehta | Rohit Roy,Arbaaz Khan,Mandira Bedi,Arbaaz Khan | Mandira Bedi | Sudhanshu Pandey | Jimmy Shergill,Sanjay Gupta (screenplay) | S. Farhan (dialogue) | Hansal Mehta (screenplay) | Virag Mishra (screenplay) | Kartar Singh Duggal (story) | Meghna Gulzar (screenplay) | Sanjay Gupta (story) | Sudipto Chattopadhyay (screenplay) | Javed Siddiqui (dialogue) | Rajiv Gopalkrishnan (story) | S. Farhan (dialogue) | Kamlesh Pandey (screenplay) | S. Farhan (screenplay) | Shivani Tibrewala (story) | Sanjay Gupta (screenplay,,2.5366,D,,,,,,,,,,,,tt0823451,5.7,,,,,,,,,hitFlop=1,Missing/Partial,,wikipedia,2.0,2026-07-02
BOLLY_2007_2230_ek_chalis_ki_last_local,Ek Chalis Ki Last Local,Ek Chalis Ki Last Local,2007,May,5,2007-05-18,Adventure,Comedy,Adventure | Comedy | Crime,No,,Sanjay M. Khanduri,Abhay Deol,Neha Dhupia,Abhay Deol | Neha Dhupia | Amit Mistry | Ashok Samarth,Sanjay M. Khanduri | Raghuvir Shekhawat (dialogue),,2.5106,D,,,,,,,,,,,,tt0995718,7.3,,,,,,,,,hitFlop=1,Missing/Partial,,wikipedia,2.0,2026-07-02
BOLLY_2007_2231_eklavya_the_royal_guard,Eklavya: The Royal Guard,Eklavya: The Royal Guard,2007,February,2,2007-02-16,Action,Drama,Action | Drama | Thriller,No,,Vidhu Vinod Chopra,Amitabh Bachchan,Saif Ali Khan,Amitabh Bachchan | Saif Ali Khan | Sanjay Dutt | Vidya Balan,Vidhu Vinod Chopra | Abhijit Joshi | Swanand Kirkire (dialogue),,7.0113,B,,,,,,,,,,,,tt0459605,6.0,,,,,,,,,hitFlop=2,Missing/Partial,,wikipedia,2.0,2026-07-02
BOLLY_2007_2232_fool_n_final,Fool N Final,Fool N Final,2007,June,6,2007-06-01,Action,Comedy,Action | Comedy | Romance,No,,Ahmed Khan,Shahid Kapoor,Ayesha Takia,Shahid Kapoor | Ayesha Takia | Vivek Oberoi | Sunny Deol,Umesh Shukla | Neeraj Vora (screenplay),,5.7659,C,,,,,,,,,,,,tt0493417,3.5,,,,,,,,,hitFlop=2,Missing/Partial,,wikipedia,2.0,2026-07-02
BOLLY_2007_2233_gandhi_my_father,"Gandhi, My Father","Gandhi, My Father",2007,July,7,2007-07-27,Biography,Drama,Biography | Drama | History,No,,Feroz Abbas Khan,Akshaye Khanna,Darshan Jariwala,Akshaye Khanna | Darshan Jariwala | Shefali Shetty | Bhoomika Chawla,Chandulal Dalal (book) | Feroz Abbas Khan | Neelamben Parikh (book),,3.3625,D,,,,,,,,,,,,tt0459293,7.3,,,,,,,,,hitFlop=1,Missing/Partial,,wikipedia,2.0,2026-07-02
BOLLY_2007_2234_gauri_the_unborn,Gauri: The Unborn,Gauri: The Unborn,2007,November,11,2007-11-30,Drama,Horror,Drama | Horror | Thriller,No,,Aku Akbar,Mohan Azaad,Anupam Kher,Mohan Azaad | Anupam Kher | Atul Kulkarni | Manasi,Aku Akbar (story) | Mohan Azaad (screenplay) | Kumaar (lyrics) | K. Gireesh Kumar (screenplay),,,,,,,,,,,,,,,tt0982875,,,,,,,,,,hitFlop=1,Missing/Partial,,wikipedia,2.0,2026-07-02
BOLLY_2007_2235_good_boy_bad_boy,"Good Boy, Bad Boy","Good Boy, Bad Boy",2007,May,5,2007-05-11,Comedy,Musical,Comedy | Musical | Romance,No,,Ashwini Chaudhary,Tusshar Kapoor,Emraan Hashmi,Tusshar Kapoor | Emraan Hashmi | Isha Sharvani | Tanushree Dutta,Ashwini Chaudhary (story),,3.8353,D,1.4475,D,,,,,,,,,,tt0489486,3.9,,,,,,,,,hitFlop=2,Missing/Partial,,wikipedia,2.0,2026-07-02
BOLLY_2007_2236_guru,Guru,Guru,2007,January,1,2007-01-12,Biography,Drama,Biography | Drama | Musical,No,,Mani Ratnam,Mithun Chakraborty,Abhishek Bachchan,Mithun Chakraborty | Abhishek Bachchan | Aishwarya Rai Bachchan | Madhavan,Mani Ratnam (screenplay) | Vijay Krishna Acharya (dialogue) | Anurag Kashyap (additional dialogue) | Sujatha (additional dialogue) | Suhasini (additional dialogue),,2.4335,D,4.8812,D,,,,,,,,,,tt0499375,7.7,,,,,,,,,hitFlop=6,Missing/Partial,,wikipedia,2.0,2026-07-02
BOLLY_2007_2237_hattrick,Hattrick,Hattrick,2007,March,3,2007-03-16,Comedy,Drama,Comedy | Drama | Romance,No,,Milan Luthria,Nana Patekar,Danny Denzongpa,Nana Patekar | Danny Denzongpa | Paresh Rawal | Kunal Kapoor,Rajat Arora (story),,4.0525,D,3.6283,D,,,,,,,,,,tt0979891,5.0,,,,,,,,,hitFlop=2,Missing/Partial,,wikipedia,2.0,2026-07-02
BOLLY_2007_2238_heyy_babyy,Heyy Babyy,Heyy Babyy,2007,August,8,2007-08-24,Comedy,Drama,Comedy | Drama,No,,Sajid Khan,Akshay Kumar,Vidya Balan,Akshay Kumar | Vidya Balan | Fardeen Khan | Ritesh Deshmukh,Sajid Khan (story) | Sajid Khan (screenplay) | Milap Zaveri (screenplay) | Renuka Kunzru (screenplay) | Milap Zaveri (dialogue),,6.3805,C,6.9978,C,,,,,,,,,,tt0806088,6.0,,,,,,,,,hitFlop=6,Missing/Partial,,wikipedia,2.0,2026-07-02
BOLLY_2007_2239_honeymoon_travels_pvt_ltd,Honeymoon Travels Pvt. Ltd.,Honeymoon Travels Pvt. Ltd.,2007,February,2,2007-02-23,Comedy,Drama,Comedy | Drama | Romance,No,,Reema Kagti,Ranvir Shorey,Dia Mirza,Ranvir Shorey | Dia Mirza | Abhay Deol | Minissha Lamba,Reema Kagti | Anurag Kashyap (dialogue),,3.063,D,,,,,,,,,,,,tt0808306,6.1,,,,,,,,,hitFlop=4,Missing/Partial,,wikipedia,2.0,2026-07-02
BOLLY_2007_2240_jab_we_met,Jab We Met,Jab We Met,2007,October,10,2007-10-26,Comedy,Romance,Comedy | Romance,No,,Imtiaz Ali,Shahid Kapoor,Kareena Kapoor,Shahid Kapoor | Kareena Kapoor | Tarun Arora | Dara Singh,Imtiaz Ali,,5.7659,C,4.8838,D,,,,,,,,,,tt1093370,7.9,,,,,,,,,hitFlop=6,Missing/Partial,,wikipedia,2.0,2026-07-02
BOLLY_2007_2241_jhoom_barabar_jhoom,Jhoom Barabar Jhoom,Jhoom Barabar Jhoom,2007,June,6,2007-06-15,Comedy,Drama,Comedy | Drama | Musical,No,,Shaad Ali,Abhishek Bachchan,Preity Zinta,Abhishek Bachchan | Preity Zinta | Bobby Deol | Lara Dutta,Habib Faisal (screenplay) | Anurag Kashyap (story),,5.2079,C,5.2612,C,,,,,,,,,,tt0833476,3.7,,,,,,,,,hitFlop=3,Missing/Partial,,wikipedia,2.0,2026-07-02
BOLLY_2007_2242_johnny_gaddaar,Johnny Gaddaar,Johnny Gaddaar,2007,September,9,2007-09-28,Crime,Drama,Crime | Drama | Thriller,No,,Sriram Raghavan,Dharmendra,Rimi Sen,Dharmendra | Rimi Sen | Ashwini Khalsekar | Neil Nitin Mukesh,Vinay Choudary (additional screenplay) | Sriram Raghavan,,3.0997,D,1.8067,D,,,,,,,,,,tt1077248,7.9,,,,,,,,,hitFlop=2,Missing/Partial,,wikipedia,2.0,2026-07-02
BOLLY_2007_2243_journey_bombay_to_goa_laughter_unlimited,Journey Bombay to Goa: Laughter Unlimited,Journey Bombay to Goa: Laughter Unlimited,2007,July,7,2007-07-06,Comedy,Adventure,Comedy,No,,Raj Pendurkar,Sunil Pal,Raju Srivastava,Sunil Pal | Raju Srivastava | Vijay Raaz | Ehsaan Qureshi,Yunus Sajawal (screenplay),,,,,,,,,,,,,,,tt1083988,4.8,,,,,,,,,hitFlop=2,Missing/Partial,,wikipedia,2.0,2026-07-02
BOLLY_2007_2244_kaafila,Kaafila,Kaafila,2007,August,8,2007-08-10,Action,,Action,No,,Ammtoje Mann,Sunny Deol,Ammtoje Mann,Sunny Deol | Ammtoje Mann | Sudesh Berry | Sana,Ammtoje Mann (story),,3.3809,D,,,,,,,,,,,,tt0886505,,,,,,,,,,hitFlop=1,Missing/Partial,,wikipedia,2.0,2026-07-02
BOLLY_2007_2245_khoya_khoya_chand,Khoya Khoya Chand,Khoya Khoya Chand,2007,December,12,2007-12-07,Drama,Romance,Drama | Romance,No,,Sudhir Mishra,Shiney Ahuja,Soha Ali Khan,Shiney Ahuja | Soha Ali Khan | Rajat Kapoor | Vinay Pathak,Sudhir Mishra (screenplay) | Sudhir Mishra (story) | Jaydeep Sarkar (story),,2.8402,D,1.6302,D,,,,,,,,,,tt0995823,6.3,,,,,,,,,hitFlop=1,Missing/Partial,,wikipedia,2.0,2026-07-02
BOLLY_2007_2246_kya_love_story_hai,Kya Love Story Hai,Kya Love Story Hai,2007,April,4,2007-04-20,Comedy,Drama,Comedy | Drama | Romance,No,,Lovely Singh,Tusshar Kapoor,Ayesha Takia,Tusshar Kapoor | Ayesha Takia | Karan Hukka | Rahul Singh,Niranjan Iyengar (dialogue) | Master Rinku (screenplay) | Master Rinku (story),,3.8353,D,,,,,,,,,,,,tt0887753,3.3,,,,,,,,,hitFlop=1,Missing/Partial,,wikipedia,2.0,2026-07-02
BOLLY_2007_2247_laaga_chunari_mein_daag_journey_of_a_woman,Laaga Chunari Mein Daag: Journey of a Woman,Laaga Chunari Mein Daag: Journey of a Woman,2007,October,10,2007-10-12,Drama,Family,Drama,No,,Pradeep Sarkar,Abhishek Bachchan,Rani Mukerji,Abhishek Bachchan | Rani Mukerji | Konkona Sen Sharma | Jaya Bhaduri,Pradeep Sarkar,,5.2079,C,2.2519,D,,,,,,,,,,tt0985636,5.4,,,,,,,,,hitFlop=2,Missing/Partial,,wikipedia,2.0,2026-07-02
BOLLY_2007_2248_life_in_a_metro,Life in a Metro,Life in a Metro,2007,May,5,2007-05-11,Comedy,Drama,Comedy | Drama | Romance,No,,Anurag Basu,Dharmendra,Irrfan Khan,Dharmendra | Irrfan Khan | Konkona Sen Sharma | Kay Kay Menon,Anurag Basu (story) | Sanjeev Dutta (dialogue),,3.0997,D,5.1314,C,,,,,,,,,,tt0800956,7.4,,,,,,,,,hitFlop=5,Missing/Partial,,wikipedia,2.0,2026-07-02
BOLLY_2007_2249_manorama_six_feet_under,Manorama Six Feet Under,Manorama Six Feet Under,2007,September,9,2007-09-21,Crime,Drama,Crime | Drama | Mystery,No,,Navdeep Singh,Abhay Deol,Gul Panag,Abhay Deol | Gul Panag | Raima Sen | Sarika,Devika Bhagat (story) | Navdeep Singh (story) | Manoj Tapadia (dialogue) | Abhinav Kashyap (dialogue),,2.5106,D,,,,,,,,,,,,tt0920464,7.5,,,,,,,,,hitFlop=1,Missing/Partial,,wikipedia,2.0,2026-07-02
BOLLY_2007_2250_mp3_mera_pehla_pehla_pyaar,MP3: Mera Pehla Pehla Pyaar,MP3: Mera Pehla Pehla Pyaar,2007,June,6,2007-06-08,Drama,Romance,Drama | Romance,No,,Robby Grewal,Menekka Arora,Sarthak Bhasin,Menekka Arora | Sarthak Bhasin | Sagar Chawla | Hazel Croney,Robby Grewal | Sameer Kohli | Arshad Sayed,,,,1.233,D,,,,,,,,,,tt0860454,7.0,,,,,,,,,hitFlop=1,Missing/Partial,,wikipedia,2.0,2026-07-02
BOLLY_2007_2251_mumbai_salsa,Mumbai Salsa,Mumbai Salsa,2007,October,10,2007-10-26,Comedy,Drama,Comedy | Drama,No,,Manoj Tyagi,Linda Arsenio,Shaurya Chauhan,Linda Arsenio | Shaurya Chauhan | Alisha Chinoi | Vir Das,Dheeraj Rattan (additional screenplay) | Manoj Tyagi (screenplay),,,,,,,,,,,,,,,tt1127870,3.0,,,,,,,,,hitFlop=1,Missing/Partial,,wikipedia,2.0,2026-07-02
BOLLY_2007_2252_my_friend_ganesha,My Friend Ganesha,My Friend Ganesha,2007,July,7,2007-07-06,Animation,,Animation,No,,Rajiv S. Ruia,Arun Bakshi,Ahsaas Channa,Arun Bakshi | Ahsaas Channa | Kiran Janjani | Mushtaq Khan,Rajiv S. Ruia (story) | S. Sachinder,,1.9253,D,1.1221,D,,,,,,,,,,tt1065099,5.0,,,,,,,,,hitFlop=2,Missing/Partial,,wikipedia,2.0,2026-07-02
BOLLY_2007_2253_namastey_london,Namastey London,Namastey London,2007,March,3,2007-03-23,Comedy,Drama,Comedy | Drama | Romance,No,,Vipul Amrutlal Shah,Akshay Kumar,Katrina Kaif,Akshay Kumar | Katrina Kaif | Rishi Kapoor | Clive Standen,Suresh Nair | Ritesh Shah (dialogue),,6.3805,C,3.229,D,,,,,,,,,,tt0795434,7.1,,,,,,,,,hitFlop=5,Missing/Partial,,wikipedia,2.0,2026-07-02
BOLLY_2007_2254_nanhe_jaisalmer_a_dream_come_true,Nanhe Jaisalmer: A Dream Come True,Nanhe Jaisalmer: A Dream Come True,2007,September,9,2007-09-14,Comedy,Drama,Comedy | Drama | Family,No,,Samir Karnik,Dwij Yadav,Bobby Deol,Dwij Yadav | Bobby Deol | Sharat Saxena | Vivek Shaq,Aseem Arora (dialogue) | Aseem Arora (screenplay) | Eklavya Singh Bhati (screenplay) | Eklavya Singh Bhati (story) | Samir Kamik (dialogue) | Samir Kamik (screenplay) | Samir Karnik (story),,,,2.1674,D,,,,,,,,,,tt0845494,6.2,,,,,,,,,hitFlop=1,Missing/Partial,,wikipedia,2.0,2026-07-02
BOLLY_2007_2255_naqaab,Naqaab,Naqaab,2007,July,7,2007-07-13,Crime,Drama,Crime | Drama | Romance,No,,Abbas Alibhai Burmawalla | Mastan Alibhai Burmawalla,Bobby Deol,Akshaye Khanna,Bobby Deol | Akshaye Khanna | Urvashi Sharma | Vikas Kalantri,Shiraz Ahmed (screenplay) | Shiraz Ahmed (story) | Jitendra Parmar (dialogue) | Anurag Prapanna (dialogue) | Sameer (lyrics),,2.4272,D,3.6411,D,,,,,,,,,,tt1020978,5.4,,,,,,,,,hitFlop=1,Missing/Partial,,wikipedia,2.0,2026-07-02
BOLLY_2007_2256_nehlle_pe_dehlla,Nehlle Pe Dehlla,Nehlle Pe Dehlla,2007,March,3,2007-03-02,Comedy,Thriller,Comedy | Thriller,No,,Ajay Chandhok,Saif Ali Khan,Bipasha Basu,Saif Ali Khan | Bipasha Basu | Neha Dhupia | Sanjay Dutt,Ajay Chandhok | Yunus Sajawal (screenplay),,5.7211,C,1.0006,D,,,,,,,,,,tt0476819,3.7,,,,,,,,,hitFlop=1,Missing/Partial,,wikipedia,2.0,2026-07-02
BOLLY_2007_2257_nishabd,Nishabd,Nishabd,2007,March,3,2007-03-02,Drama,,Drama,No,,Ram Gopal Varma,Amitabh Bachchan,Jiah Khan,Amitabh Bachchan | Jiah Khan | Revathy | Nasser,Kusum Punjabi (story),,7.0113,B,3.7435,D,,,,,,,,,,tt0824375,5.4,,,,,,,,,hitFlop=2,Missing/Partial,,wikipedia,2.0,2026-07-02
BOLLY_2007_2258_no_smoking,No Smoking,No Smoking,2007,October,10,2007-10-26,Drama,Thriller,Drama | Thriller,No,,Anurag Kashyap,John Abraham,Ayesha Takia,John Abraham | Ayesha Takia | Paresh Rawal | Ranvir Shorey,Raj Singh Chaudhary (story) | Anurag Kashyap (story) | Anurag Kashyap (screenplay),,7.1193,B,3.0408,D,,,,,,,,,,tt0995740,7.3,,,,,,,,,hitFlop=1,Missing/Partial,,wikipedia,2.0,2026-07-02
BOLLY_2007_2259_om_shanti_om,Om Shanti Om,Om Shanti Om,2007,November,11,2007-11-09,Action,Comedy,Action | Comedy | Drama,No,,Farah Khan,Shah Rukh Khan,Arjun Rampal,Shah Rukh Khan | Arjun Rampal | Kiron Kher | Shreyas Talpade,Farah Khan (story) | Mushtaq Sheikh (screenplay) | Farah Khan (screenplay) | Mayur Puri (dialogue),,9.2267,A,8.7847,A,,,,,,,,,,tt1024943,6.7,,,,,,,,,hitFlop=8,Missing/Partial,,wikipedia,2.0,2026-07-02
BOLLY_2007_2260_partner,Partner,Partner,2007,July,7,2007-07-20,Comedy,Romance,Comedy | Romance,No,,David Dhawan,Salman Khan,Govinda,Salman Khan | Govinda | Lara Dutta | Katrina Kaif,Shabbir Ahmed (lyrics) | Sanjay Chhel (dialogue) | David Dhawan (screenplay) | Yunus Sajawal (screenplay) | Jalees Sherwani (lyrics),,9.2082,A,4.7408,D,,,,,,,,,,tt0807758,5.8,,,,,,,,,hitFlop=7,Missing/Partial,,wikipedia,2.0,2026-07-02
BOLLY_2007_2261_ram_gopal_varma_s_indian_flames,Ram Gopal Varma's Indian Flames,Ram Gopal Varma's Indian Flames,2007,August,8,2007-08-31,Action,Adventure,Action | Adventure | Comedy,No,,Ram Gopal Varma,Amitabh Bachchan,Mohanlal,Amitabh Bachchan | Mohanlal | Ajay Devgn | Vinod Jaywant,Salim Khan (story) | Rahil Qazi | Ram Gopal Varma (screenplay) | Ram Gopal Varma (story),,7.0113,B,3.7435,D,,,,,,,,,,tt0473310,,,,,,,,,,hitFlop=1,Missing/Partial,,wikipedia,2.0,2026-07-02
BOLLY_2007_2262_raqeeb,Raqeeb,Raqeeb,2007,May,5,2007-05-18,Crime,Drama,Crime | Drama | Mystery,No,,Anurag Singh,Rahul Khanna,Sharman Joshi,Rahul Khanna | Sharman Joshi | Tanushree Dutta | Jimmy Shergill,,,,,,,,,,,,,,,,tt0898943,2.5,,,,,,,,,hitFlop=1,Missing/Partial,,wikipedia,2.0,2026-07-02
BOLLY_2007_2263_red_the_dark_side,Red: The Dark Side,Red: The Dark Side,2007,March,3,2007-03-09,Drama,Romance,Drama | Romance | Thriller,No,,Vikram Bhatt,Aftab Shivdasani,Celina Jaitly,Aftab Shivdasani | Celina Jaitly | Amrita Arora | Amin Hajee,Manoj Tyagi,,2.7284,D,2.9028,D,,,,,,,,,,tt0896968,3.6,,,,,,,,,hitFlop=2,Missing/Partial,,wikipedia,2.0,2026-07-02
BOLLY_2007_2264_red_swastik,Red Swastik,Red Swastik,2007,June,6,2007-06-08,Crime,Drama,Crime | Drama | Thriller,No,,Vinod Pande,Sherlyn Chopra,Udayyan Raathore,Sherlyn Chopra | Udayyan Raathore | Zahid Ali | Amrita,Vinod Pande,,,,,,,,,,,,,,,tt1047519,3.0,,,,,,,,,hitFlop=1,Missing/Partial,,wikipedia,2.0,2026-07-02
BOLLY_2007_2265_return_of_hanuman,Return of Hanuman,Return of Hanuman,2007,December,12,2007-12-28,Animation,Action,Animation | Action | Adventure,Yes,,Anurag Kashyap,Kathleen Barr,Lillian Carlson,Kathleen Barr | Lillian Carlson | Raj Singh Jhinjar | Irfan Khan,Anurag Kashyap,,,,3.0408,D,,,,,,,,,,tt1169841,7.4,,,,,,,,,hitFlop=1,Missing/Partial,,wikipedia,2.0,2026-07-02
BOLLY_2007_2266_risk,Risk,Risk,2007,January,1,2007-01-01,Action,Drama,Action | Drama | Thriller,No,,Vishram Sawant,Vinod Khanna,Randeep Hooda,Vinod Khanna | Randeep Hooda | Tanushree Dutta | Madhuri Bhagwat,,,4.0315,D,,,,,,,,,,,,tt0845529,6.6,,,,,,,,,hitFlop=1,Missing/Partial,,wikipedia,2.0,2026-07-02
BOLLY_2007_2267_saawariya,Saawariya,Saawariya,2007,November,11,2007-11-09,Drama,Musical,Drama | Musical | Romance,No,,Sanjay Leela Bhansali,Ranbir Kapoor,Sonam Kapoor,Ranbir Kapoor | Sonam Kapoor | Salman Khan | Rani Mukerji,Fyodor Dostoevsky (story) | Prakash Kapadia | Vibhu Puri (additional screenplay & dialogue) | Shailey Sharma (additional screenplay & dialogue),,7.6986,B,4.922,D,,,,,,,,,,tt0758053,5.2,,,,,,,,,hitFlop=1,Missing/Partial,,wikipedia,2.0,2026-07-02
BOLLY_2007_2268_salaam_e_ishq,Salaam-E-Ishq,Salaam-E-Ishq,2007,January,1,2007-01-25,Comedy,Drama,Comedy | Drama | Musical,No,,Nikhil Advani,Salman Khan,Priyanka Chopra,Salman Khan | Priyanka Chopra | Anil Kapoor | Juhi Chawla,Nikhil Advani (screenplay) | Nikhil Advani (story) | Suresh Nair (screenplay) | Saurabh Shukla (script),,9.2082,A,2.3243,D,,,,,,,,,,tt0485272,5.2,,,,,,,,,hitFlop=1,Missing/Partial,,wikipedia,2.0,2026-07-02
BOLLY_2007_2269_shootout_at_lokhandwala,Shootout at Lokhandwala,Shootout at Lokhandwala,2007,May,5,2007-05-25,Action,Crime,Action | Crime | Drama,No,,Apoorva Lakhia,Sanjay Dutt,Amitabh Bachchan,Sanjay Dutt | Amitabh Bachchan | Arbaaz Khan | Sunil Shetty,Apoorva Lakhia | Suresh Nair | Raj Vasant (Dialogue),,5.0026,C,1.8339,D,,,,,,,,,,tt0811066,7.1,,,,,,,,,hitFlop=5,Missing/Partial,,wikipedia,2.0,2026-07-02
BOLLY_2007_2270_speed,Speed,Speed,2007,October,10,2007-10-19,Action,Drama,Action | Drama | Romance,No,,Vikram Bhatt,Urmila Matondkar,Sanjay Suri,Urmila Matondkar | Sanjay Suri | Zayed Khan | Aftab Shivdasani,Girish Dhamija (dialogue) | Eric Pillai (lyrics) | Mayur Pillai (lyrics) | Mayur Puri (lyrics),,2.6966,D,2.9028,D,,,,,,,,,,tt0816657,3.1,,,,,,,,,hitFlop=1,Missing/Partial,,wikipedia,2.0,2026-07-02
BOLLY_2007_2271_ta_ra_rum_pum,Ta Ra Rum Pum,Ta Ra Rum Pum,2007,April,4,2007-04-27,Comedy,Family,Comedy | Family | Romance,No,,Siddharth Anand,Saif Ali Khan,Rani Mukerji,Saif Ali Khan | Rani Mukerji | Mayank Amin | Vic Aviles,Habib Faisal (screenplay),,5.7211,C,5.6148,C,,,,,,,,,,tt0833553,5.7,,,,,,,,,hitFlop=5,Missing/Partial,,wikipedia,2.0,2026-07-02
BOLLY_2007_2272_taare_zameen_par,Taare Zameen Par,Taare Zameen Par,2007,December,12,2007-12-21,Drama,Family,Drama | Family,No,,Aamir Khan | Amole Gupte,Darsheel Safary,Aamir Khan,Darsheel Safary | Aamir Khan | Tanay Chheda | Sachet Engineer,Amole Gupte (dialogue & screenplay) | Amole Gupte (story),,,,,,,,,,,,,,,tt0986264,,,,,,,,,,hitFlop=7,Missing/Partial,,wikipedia,2.0,2026-07-02
BOLLY_2007_2273_traffic_signal,Traffic Signal,Traffic Signal,2007,February,2,2007-02-02,Drama,,Drama,No,,Madhur Bhandarkar,Kunal Khemu,Neetu Chandra,Kunal Khemu | Neetu Chandra | Upendra Limaye | Ranvir Shorey,Madhur Bhandarkar (dialogue) | Madhur Bhandarkar (screenplay) | Madhur Bhandarkar (story) | Nishant A Bhuse (story) | Sachin Yardi (dialogue) | Sachin Yardi (screenplay) | Sachin Yardi (story),,3.1566,D,3.2787,D,,,,,,,,,,tt0819810,6.7,,,,,,,,,hitFlop=4,Missing/Partial,,wikipedia,2.0,2026-07-02
BOLLY_2007_2274_the_train_some_lines_shoulder_never_be_crossed,The Train: Some Lines Shoulder Never Be Crossed...,The Train: Some Lines Shoulder Never Be Crossed...,2007,,,,Thriller,,Thriller,No,,Hasnain Hyderabadwala | Raksha Mistry,Emraan Hashmi,Geeta Basra,Emraan Hashmi | Geeta Basra | Rajat Bedi | Anant Mahadevan,Hriday Lani (screenplay) | Sanjay Masoom (dialogue),,4.721,D,1.3466,D,,,,,,,,,,tt0995827,3.8,,,,,,,,,hitFlop=2,Missing/Partial,,wikipedia,2.0,2026-07-02
BOLLY_2007_2275_victoria_no_203_diamonds_are_forever,Victoria No. 203: Diamonds Are Forever,Victoria No. 203: Diamonds Are Forever,2007,August,8,2007-08-31,Comedy,Crime,Comedy | Crime | Mystery,No,,Anant Mahadevan,Anupam Kher,Om Puri,Anupam Kher | Om Puri | Jimmy Shergill | Soniya Mehra,Sanjeev Puri (dialogue) | Manoj Tyagi (adaptation),,3.4477,D,1.8139,D,,,,,,,,,,tt1095038,,,,,,,,,,hitFlop=1,Missing/Partial,,wikipedia,2.0,2026-07-02
BOLLY_2007_2276_welcome,Welcome,Welcome,2007,December,12,2007-12-21,Comedy,Crime,Comedy | Crime | Drama,No,,Anees Bazmee,Akshay Kumar,Nana Patekar,Akshay Kumar | Nana Patekar | Anil Kapoor | Mallika Sherawat,Anees Bazmee | Rajeev Kaul,,6.3805,C,5.6076,C,,,,,,,,,,tt0488798,7.0,,,,,,,,,hitFlop=7,Missing/Partial,,wikipedia,2.0,2026-07-02
BOLLY_2008_2277_1920,1920,1920,2008,September,9,2008-09-12,Drama,Horror,Drama | Horror | Mystery,No,,Vikram Bhatt,Rajneesh Duggal,Adah Sharma,Rajneesh Duggal | Adah Sharma | Anjori Alagh | Rajendranath Zutshi,Vikram Bhatt (screenplay) | Vikram Bhatt (story) | Girish Dhamija (dialogue) | Dheeraj Rattan (screenplay) | Sameer (lyrics),,,,2.9028,D,,,,,,,,,,tt1301698,6.4,,,,,,,,,hitFlop=4,Missing/Partial,,wikipedia,2.0,2026-07-02
BOLLY_2008_2278_26th_july_at_barista,26th July at Barista,26th July at Barista,2008,March,3,2008-03-14,Drama,,Drama,No,,Mohan Sharma,Ajita,Himani Chawla,Ajita | Himani Chawla | Sumeet Chawla | Suresh Dubey,Rahil Qazi (screenplay) | Sandarbh (lyrics),,,,,,,,,,,,,,,tt1216276,,,,,,,,,,hitFlop=1,Missing/Partial,,wikipedia,2.0,2026-07-02
BOLLY_2008_2279_aamir,Aamir,Aamir,2008,June,6,2008-06-06,Drama,Thriller,Drama | Thriller,No,,Raj Kumar Gupta,Rajeev Khandelwal,Aishwarya,Rajeev Khandelwal | Aishwarya | Vasan Bala | Chinkal,Raj Kumar Gupta (story),,1.5575,D,4.6076,D,,,,,,,,,,tt1241195,7.6,,,,,,,,,hitFlop=2,Missing/Partial,,wikipedia,2.0,2026-07-02
BOLLY_2008_2280_anamika_the_untold_story,Anamika: The Untold Story,Anamika: The Untold Story,2008,May,5,2008-05-02,Drama,Romance,Drama | Romance | Thriller,No,,Anant Mahadevan,Dino Morea,Minissha Lamba,Dino Morea | Minissha Lamba | Koena Mitra | Gulshan Grover,Anant Mahadevan (screenplay) | Sameer (lyrics) | Anand S. Vardhan (story),,2.098,D,1.8139,D,,,,,,,,,,tt0885398,3.8,,,,,,,,,hitFlop=1,Missing/Partial,,wikipedia,2.0,2026-07-02
BOLLY_2008_2281_bachna_ae_haseeno,Bachna Ae Haseeno,Bachna Ae Haseeno,2008,August,8,2008-08-15,Comedy,Drama,Comedy | Drama | Romance,No,,Siddharth Anand,Ranbir Kapoor,Bipasha Basu,Ranbir Kapoor | Bipasha Basu | Minissha Lamba | Deepika Padukone,Aditya Chopra (story) | Devika Bhagat (screenplay) | Anvita Dutt Guptan (dialogue),,7.6986,B,5.6148,C,,,,,,,,,,tt1182972,6.2,,,,,,,,,hitFlop=5,Missing/Partial,,wikipedia,2.0,2026-07-02
BOLLY_2008_2282_bhoothnath,Bhoothnath,Bhoothnath,2008,May,5,2008-05-09,Comedy,Drama,Comedy | Drama | Fantasy,No,,Vivek Sharma,Amitabh Bachchan,Juhi Chawla,Amitabh Bachchan | Juhi Chawla | Satish Shah | Rajpal Yadav,Sudhanshu Dube (screenplay) | Vivek Sharma (screenplay),,7.0113,B,,,,,,,,,,,,tt0991346,6.4,,,,,,,,,hitFlop=4,Missing/Partial,,wikipedia,2.0,2026-07-02
BOLLY_2008_2283_bhram_an_illusion,Bhram: An Illusion,Bhram: An Illusion,2008,April,4,2008-04-04,Drama,Mystery,Drama | Mystery | Romance,No,,Pavan Kaul,Dino Morea,Milind Soman,Dino Morea | Milind Soman | Sheetal Menon | Simone Singh,Bhavani Iyer (screenplay) | Radhika Anand (dialogues) | Irshad Kamil (lyrics) | Kumaar (lyrics),,2.098,D,,,,,,,,,,,,tt1214948,2.5,,,,,,,,,hitFlop=1,Missing/Partial,,wikipedia,2.0,2026-07-02
BOLLY_2008_2284_bombay_to_bangkok,Bombay to Bangkok,Bombay to Bangkok,2008,January,1,2008-01-18,Comedy,Drama,Comedy | Drama | Romance,No,,Nagesh Kukunoor,Shreyas Talpade,Lena Christensen,Shreyas Talpade | Lena Christensen | Vijay Maurya | Manmeet Singh,Nagesh Kukunoor,,2.8077,D,1.4685,D,,,,,,,,,,tt1159917,,,,,,,,,,hitFlop=1,Missing/Partial,,wikipedia,2.0,2026-07-02
BOLLY_2008_2285_c_kkompany,C Kkompany,C Kkompany,2008,August,8,2008-08-29,Comedy,Drama,Comedy | Drama,No,,Sachin Yardi,Tusshar Kapoor,Anupam Kher,Tusshar Kapoor | Anupam Kher | Rajpal Yadav | Raima Sen,Shabbir Ahmed (lyrics) | Anand Raj Anand (lyrics) | Sachin Yardi,,3.8353,D,,,,,,,,,,,,tt1170399,5.5,,,,,,,,,hitFlop=1,Missing/Partial,,wikipedia,2.0,2026-07-02
BOLLY_2008_2286_chamku,Chamku,Chamku,2008,August,8,2008-08-29,Action,Crime,Action | Crime | Drama,No,,Kabeer Kaushik,Bobby Deol,Priyanka Chopra,Bobby Deol | Priyanka Chopra | Irrfan Khan | Akhilendra Mishra,,,2.4272,D,1.2309,D,,,,,,,,,,tt1266545,4.5,,,,,,,,,hitFlop=1,Missing/Partial,,wikipedia,2.0,2026-07-02
BOLLY_2008_2287_chanchal,Chanchal,Chanchal,2008,,,,Drama,Musical,Drama | Musical,No,,Indrajit Singh,Armaan Shahabi,Gracy Singh,Armaan Shahabi | Gracy Singh,,,,,,,,,,,,,,,,tt1056465,4.5,,,,,,,,,hitFlop=1,Missing/Partial,,wikipedia,2.0,2026-07-02
BOLLY_2008_2288_cheenti_cheenti_bang_bang,Cheenti Cheenti Bang Bang,Cheenti Cheenti Bang Bang,2008,October,10,2008-10-01,Animation,Family,Animation | Family,No,,R.D. Mallik,Asrani,Mahesh Manjrekar,Asrani | Mahesh Manjrekar | Anjan Srivastav | Ashish Vidyarthi,Kharaj Mukhherjee,,2.3135,D,,,,,,,,,,,,tt2241224,0.0,,,,,,,,,hitFlop=1,Missing/Partial,,wikipedia,2.0,2026-07-02
BOLLY_2008_2289_contract,Contract,Contract,2008,July,7,2008-07-18,Action,Crime,Action | Crime | Drama,No,,Ram Gopal Varma,David Bueno,Vibha Cheebur,David Bueno | Vibha Cheebur | Raaj Gopal | Sakshi Gulati,Mehboob (lyrics) | Prashant Pandey (story),,,,3.7435,D,,,,,,,,,,tt1242843,4.0,,,,,,,,,hitFlop=2,Missing/Partial,,wikipedia,2.0,2026-07-02
BOLLY_2008_2290_dasvidaniya,Dasvidaniya,Dasvidaniya,2008,November,11,2008-11-07,Comedy,Drama,Comedy | Drama,No,,Shashant Shah,Vinay Pathak,Sarita Joshi,Vinay Pathak | Sarita Joshi | Rajat Kapoor | Saurabh Shukla,Kailash Kher (lyrics) | Arshad Sayed,,3.1247,D,1.6956,D,,,,,,,,,,tt1288638,7.8,,,,,,,,,hitFlop=1,Missing/Partial,,wikipedia,2.0,2026-07-02
BOLLY_2008_2291_de_taali,De Taali,De Taali,2008,June,6,2008-06-20,Comedy,Drama,Comedy | Drama | Romance,No,,Eeshwar Nivas,Aftab Shivdasani,Ayesha Takia,Aftab Shivdasani | Ayesha Takia | Ritesh Deshmukh | Rimi Sen,Vishal Dadlani (lyrics) | Ruchika Roy (associate screenplay) | Abbas Tyrewala,,2.7284,D,1.3951,D,,,,,,,,,,tt1024839,4.5,,,,,,,,,hitFlop=2,Missing/Partial,,wikipedia,2.0,2026-07-02
BOLLY_2008_2292_dhara,Dhara,Dhara,2008,February,2,2008-02-15,Drama,Romance,Drama | Romance,No,,Masud Mirza,Sudhanshu Pandey,Hrishitaa Bhatt,Sudhanshu Pandey | Hrishitaa Bhatt | Anuj Punj | Suman Agarwal,Ibrahim Ashq (lyrics) | Masud Mirza (screenplay),,,,,,,,,,,,,,,tt1508259,,,,,,,,,,hitFlop=1,Missing/Partial,,wikipedia,2.0,2026-07-02
BOLLY_2008_2293_dhoom_dadakka,Dhoom Dadakka,Dhoom Dadakka,2008,May,5,2008-05-23,Comedy,Crime,Comedy | Crime | Drama,No,,Shashi Ranjan,Jackie Shroff,Anupam Kher,Jackie Shroff | Anupam Kher | Satish Shah | Gulshan Grover,Ashwani Dhir (dialogue) | Ashwani Dhir (story) | Shashi Ranjan (story) | Kabir Shrivastava (dialogue) | Kabir Shrivastava (story),,2.6163,D,,,,,,,,,,,,tt1238735,8.5,,,,,,,,,hitFlop=1,Missing/Partial,,wikipedia,2.0,2026-07-02
BOLLY_2008_2294_dil_kabaddi,Dil Kabaddi,Dil Kabaddi,2008,December,12,2008-12-05,Comedy,Drama,Comedy | Drama,No,,Anil Senior,Irrfan Khan,Rahul Bose,Irrfan Khan | Rahul Bose | Rahul Khanna | Konkona Sen Sharma,Vivek Anand | Anil Senior | Lezlie George Sparkx,,2.9178,D,,,,,,,,,,,,tt1218345,10.0,,,,,,,,,hitFlop=2,Missing/Partial,,wikipedia,2.0,2026-07-02
BOLLY_2008_2295_don_muthu_swami,Don Muthu Swami,Don Muthu Swami,2008,May,5,2008-05-23,Comedy,Drama,Comedy | Drama,No,,Ashim S. Samanta,Mithun Chakraborty,Ali Asghar,Mithun Chakraborty | Ali Asghar | Arun Bakshi | Rakesh Bedi,Saleem Agha (screenplay) | Rahat Indori (lyrics) | Amitabh Verma (lyrics),,2.4335,D,,,,,,,,,,,,tt1446055,0.0,,,,,,,,,hitFlop=1,Missing/Partial,,wikipedia,2.0,2026-07-02
BOLLY_2008_2296_dostana,Dostana,Dostana,2008,November,11,2008-11-14,Comedy,Drama,Comedy | Drama | Romance,No,,Tarun Mansukhani,Abhishek Bachchan,John Abraham,Abhishek Bachchan | John Abraham | Priyanka Chopra | Kiron Kher,Anvita Dutt Guptan (dialogue script) | Tarun Mansukhani (first story),,5.2079,C,,,,,,,,,,,,tt1185420,6.4,,,,,,,,,hitFlop=4,Missing/Partial,,wikipedia,2.0,2026-07-02
BOLLY_2008_2297_drona,Drona,Drona,2008,October,10,2008-10-02,Action,Adventure,Action | Adventure | Drama,No,,Goldie Behl,Jayshree Arora,Veer Arya,Jayshree Arora | Veer Arya | Abhishek Bachchan | Jaya Bhaduri,Goldie Behl | Rohini Killough (screenplay) | Vaibhav Modi (lyrics) | Jaydeep Sarkar (screenplay),,,,,,,,,,,,,,,tt1060249,3.1,,,,,,,,,hitFlop=1,Missing/Partial,,wikipedia,2.0,2026-07-02
BOLLY_2008_2298_ek_vivaah_aisa_bhi,Ek Vivaah... Aisa Bhi,Ek Vivaah... Aisa Bhi,2008,November,11,2008-11-07,Drama,Romance,Drama | Romance,No,,Kaushik Ghatak,Isha Koppikar,Sonu Sood,Isha Koppikar | Sonu Sood | Anand Abhyankar | Daman Baggan,Sooraj R. Barjatya (story) | Ashapurna Devi (story) | Ravindra Jain (lyrics) | Shashi Mittal (dialogue & screenplay) | Sumit Mittal (dialogue & screenplay),,3.0271,D,,,,,,,,,,,,tt1194608,5.3,,,,,,,,,hitFlop=2,Missing/Partial,,wikipedia,2.0,2026-07-02
BOLLY_2008_2299_emi_liya_hai_to_chukana_padega,EMI: Liya Hai To Chukana Padega,EMI: Liya Hai To Chukana Padega,2008,November,11,2008-11-07,Comedy,Crime,Comedy | Crime | Drama,No,,Saurabh Kabra,Malaika Arora,Arun Bakshi,Malaika Arora | Arun Bakshi | Aashish Chaudhary | Snehal Dabi,Shabbir Ahmed (lyrics) | Khalid Azmi (dialogue) | Shakeel Azmi (lyrics) | Moortuza Borsadi (screenplay) | Hamza Faruqui (lyrics) | Saurabh Kabra (screenplay) | Sarim Momin (lyrics) | Nitin Raikwar (dialogue) | T. Govinda Rajan (dialogue) | Amar Valentine (lyrics) | Junaid Wasi (lyrics),,,,,,,,,,,,,,,tt1221133,4.4,,,,,,,,,hitFlop=1,Missing/Partial,,wikipedia,2.0,2026-07-02
BOLLY_2008_2300_fashion,Fashion,Fashion,2008,October,10,2008-10-29,Drama,Romance,Drama | Romance,No,,Madhur Bhandarkar,Priyanka Chopra,Kangana Ranaut,Priyanka Chopra | Kangana Ranaut | Mugdha Godse | Arbaaz Khan,Ajay Monga (story) | Madhur Bhandarkar (story) | Niranjan Iyengar (dialogue) | Anuradha Tiwari (story) | Sandeep Nath (lyrics) | Irfan Siddiqui (lyrics),,8.1369,B,3.2787,D,,,,,,,,,,tt0964516,6.9,,,,,,,,,hitFlop=4,Missing/Partial,,wikipedia,2.0,2026-07-02
BOLLY_2008_2301_ghajini,Ghajini,Ghajini,2008,December,12,2008-12-25,Action,Drama,Action | Drama | Mystery,No,,A.R. Murugadoss,Aamir Khan,Asin,Aamir Khan | Asin | Jiah Khan | Tinnu Anand,Piyush Mishra (dialogue) | A.R. Murugadoss (story),,10.0,A,,,,,,,,,,,,tt1166100,7.3,,,,,,,,,hitFlop=8,Missing/Partial,,wikipedia,2.0,2026-07-02
BOLLY_2008_2302_god_tussi_great_ho,God Tussi Great Ho,God Tussi Great Ho,2008,August,8,2008-08-15,Comedy,Drama,Comedy | Drama | Romance,No,,Rumi Jaffery,Amitabh Bachchan,Salman Khan,Amitabh Bachchan | Salman Khan | Priyanka Chopra | Anupam Kher,Rumi Jaffery (screenplay) | Yunus Sajawal (story),,7.0113,B,,,,,,,,,,,,tt0476550,3.7,,,,,,,,,hitFlop=2,Missing/Partial,,wikipedia,2.0,2026-07-02
BOLLY_2008_2303_the_golden_boys,The Golden Boys,The Golden Boys,2008,November,11,2008-11-16,Comedy,Romance,Comedy | Romance,No,,Daniel Adams,David Carradine,Rip Torn,David Carradine | Rip Torn | Bruce Dern | Mariel Hemingway,Daniel Adams | Joseph C. Lincoln (novel),,,,,,,,,,,,,,,tt0882969,,,,,,,,,,hitFlop=1,Missing/Partial,,wikipedia,2.0,2026-07-02
BOLLY_2008_2304_golmaal_returns,Golmaal Returns,Golmaal Returns,2008,October,10,2008-10-29,Comedy,Crime,Comedy | Crime | Drama,Yes,,Rohit Shetty,Amrita Arora,Leigh Barwell,Amrita Arora | Leigh Barwell | Robin Bhatt | Ajay Devgn,Indie (lyrics) | Rumi Jaffery | Ashiesh Pandit (lyrics) | Yunus Sajawal (screenplay) | Sameer (lyrics) | Neeraj Shridhar (lyrics) | Neeraj Vora (dialogue),,2.7542,D,6.8376,C,,,,,,,,,,tt1092005,5.2,,,,,,,,,hitFlop=6,Missing/Partial,,wikipedia,2.0,2026-07-02
BOLLY_2008_2305_good_luck,Good Luck!,Good Luck!,2008,August,8,2008-08-08,Comedy,Drama,Comedy | Drama,No,,Aditya Datt,Aryeman Ramsay,Sayali Bhagat,Aryeman Ramsay | Sayali Bhagat | Sharat Saxena | Archana Puran Singh,Rajan Aggarwal (screenplay) | Raman Bharadwaj (dialogues) | Aditya Datt (screenplay) | Sameer (lyrics),,,,1.7076,D,,,,,,,,,,tt1961330,0.0,,,,,,,,,hitFlop=1,Missing/Partial,,wikipedia,2.0,2026-07-02
BOLLY_2008_2306_gumnaam_the_mystery,Gumnaam: The Mystery,Gumnaam: The Mystery,2008,December,12,2008-12-05,Crime,Mystery,Crime | Mystery | Romance,No,,Neeraj Pathak,Dino Morea,Mahima Chaudhry,Dino Morea | Mahima Chaudhry | Suman Ranganathan | Arun Bali,Neeraj Pathak | Sameer (lyrics),,2.098,D,,,,,,,,,,,,tt1372694,3.2,,,,,,,,,hitFlop=1,Missing/Partial,,wikipedia,2.0,2026-07-02
BOLLY_2008_2307_haal_e_dil,Haal-e-Dil,Haal-e-Dil,2008,June,6,2008-06-20,Drama,Romance,Drama | Romance,No,,Anil Devgan,Amita Pathak,Nakuul Mehta,Amita Pathak | Nakuul Mehta | Adhyayan Suman | Nassar Abdulla,Shabbir Ahmed (lyrics) | Sajid Ali (dialogue) | Farhad Bhiwandiwala (dialogue) | Sanjay Chhel (dialogue) | Aditya Dhar (lyrics) | Munna Dhiman (lyrics) | Dheeraj Rattan (screenplay) | Dheeraj Rattan (story) | Sameer (lyrics),,,,,,,,,,,,,,,tt1252488,3.5,,,,,,,,,hitFlop=1,Missing/Partial,,wikipedia,2.0,2026-07-02
BOLLY_2008_2308_halla_bol,Halla Bol,Halla Bol,2008,January,1,2008-01-11,Action,Crime,Action | Crime | Drama,No,,Rajkumar Santoshi,Ajay Devgn,Vidya Balan,Ajay Devgn | Vidya Balan | Pankaj Kapur | Darshan Jariwala,Ranjit Kapoor (dialogues) | Dushyant Kumar (lyrics) | Sameer (lyrics) | Rajkumar Santoshi (dialogues) | Rajkumar Santoshi (story),,6.8713,C,2.744,D,,,,,,,,,,tt0892874,6.0,,,,,,,,,hitFlop=2,Missing/Partial,,wikipedia,2.0,2026-07-02
BOLLY_2008_2309_hari_puttar_a_comedy_of_terrors,Hari Puttar: A Comedy of Terrors,Hari Puttar: A Comedy of Terrors,2008,September,9,2008-09-24,Comedy,Drama,Comedy | Drama | Family,No,,Rajesh Bajaj | Lucky Kohli,Jackie Shroff,Sarika,Jackie Shroff | Sarika | Saurabh Shukla | Vijay Raaz,Rajesh Bajaj | Sameer (lyrics),,2.6163,D,,,,,,,,,,,,tt1255873,2.0,,,,,,,,,hitFlop=1,Missing/Partial,,wikipedia,2.0,2026-07-02
BOLLY_2008_2310_hastey_hastey_follow_your_heart,Hastey Hastey Follow Your Heart,Hastey Hastey Follow Your Heart,2008,May,5,2008-05-23,Comedy,Drama,Comedy | Drama,No,,Ramanjit Juneja | Tony,Jimmy Shergill,Rajpal Yadav,Jimmy Shergill | Rajpal Yadav | Shakti Kapoor | Ann Marie Seall,Gabinder Agarwal (screenplay) | Rohit Karn Batra (story) | Bolu Khan (screenplay) | Jay Menon (story) | Ritesh Pandey (screenplay) | Sameer (lyrics),,2.7981,D,,,,,,,,,,,,tt1079967,6.5,,,,,,,,,hitFlop=1,Missing/Partial,,wikipedia,2.0,2026-07-02
BOLLY_2008_2311_hello,Hello,Hello,2008,October,10,2008-10-10,Drama,Romance,Drama | Romance,No,,Atul Agnihotri,Bharati Achrekar,Amrita Arora,Bharati Achrekar | Amrita Arora | Sharman Joshi | Katrina Kaif,Atul Agnihotri (screenplay) | Chetan Bhagat (additional dialogue) | Chetan Bhagat (book) | Jalees Sherwani (lyrics) | Alok Upadhyay (additional dialogue),,1.5575,D,,,,,,,,,,,,tt1087856,3.3,,,,,,,,,hitFlop=2,Missing/Partial,,wikipedia,2.0,2026-07-02
BOLLY_2008_2312_heroes,Heroes,Heroes,2008,October,10,2008-10-24,Action,Adventure,Action | Adventure | Comedy,No,,Samir Karnik,Sohail Khan,Vatsal Seth,Sohail Khan | Vatsal Seth | Amrita Arora | Riya Sen,Aseem Arora (story) | Samir Karnik (screenplay) | Aseem Arora (screenplay) | Samir Karnik (dialogue) | Aseem Arora (dialogue),,3.2917,D,2.1674,D,,,,,,,,,,tt1114725,5.7,,,,,,,,,hitFlop=2,Missing/Partial,,wikipedia,2.0,2026-07-02
BOLLY_2008_2313_hijack,Hijack,Hijack,2008,September,9,2008-09-05,Action,Drama,Action | Drama | Thriller,No,,Kunal Shivdasani,Shiney Ahuja,Mona Ambegaonkar,Shiney Ahuja | Mona Ambegaonkar | Ishita Chauhan | Mukesh Chhabra,Gavendra Agarwal (story) | Kumaar (lyrics) | Kunal Shivdasani (story),,2.8402,D,,,,,,,,,,,,tt1132589,3.8,,,,,,,,,hitFlop=1,Missing/Partial,,wikipedia,2.0,2026-07-02
BOLLY_2008_2314_hulla,Hulla,Hulla,2008,September,9,2008-09-19,Comedy,Drama,Comedy | Drama,No,,Jaideep Varma,Sushant Singh,Kartika Rane,Sushant Singh | Kartika Rane | Rajat Kapoor | Mandeep Mazumdar,Milind Dhaimade (dialogues) | Sanjeev Sharma (lyrics) | Jaideep Varma,,2.6322,D,,,,,,,,,,,,tt1314274,6.0,,,,,,,,,hitFlop=1,Missing/Partial,,wikipedia,2.0,2026-07-02
BOLLY_2008_2315_jaane_tu_ya_jaane_na,Jaane Tu... Ya Jaane Na,Jaane Tu... Ya Jaane Na,2008,July,7,2008-07-04,Comedy,Drama,Comedy | Drama | Romance,No,,Abbas Tyrewala,Imran Khan,Genelia D'Souza,Imran Khan | Genelia D'Souza | Manjari Phadnis | Ayaz Khan,Abbas Tyrewala,,5.112,C,,,,,,,,,,,,tt0473367,7.4,,,,,,,,,hitFlop=7,Missing/Partial,,wikipedia,2.0,2026-07-02
BOLLY_2008_2316_jannat_in_search_of_heaven,Jannat: In Search of Heaven...,Jannat: In Search of Heaven...,2008,May,5,2008-05-16,Crime,Drama,Crime | Drama | Romance,No,,Kunal Deshmukh,Emraan Hashmi,Sonal Chauhan,Emraan Hashmi | Sonal Chauhan | Shakeel Khan | Sameer Kochhar,Vishesh Bhatt (screenplay) | Kunal Deshmukh (story) | Sanjay Masoom (dialogue),,4.721,D,4.1021,D,,,,,,,,,,tt1216300,6.9,,,,,,,,,hitFlop=7,Missing/Partial,,wikipedia,2.0,2026-07-02
BOLLY_2008_2317_jimmy,Jimmy,Jimmy,2008,May,5,2008-05-09,Action,Crime,Action | Crime | Drama,No,,Raj N. Sippy,Mimoh Chakraborty,Rati Agnihotri,Mimoh Chakraborty | Rati Agnihotri | Vikas Anand | Rahul Dev,Ranbir Pushp | Anand Raj Anand (lyrics) | Virag Mishra (lyrics),,2.1151,D,1.0402,D,,,,,,,,,,tt1228707,0.0,,,,,,,,,hitFlop=1,Missing/Partial,,wikipedia,2.0,2026-07-02
BOLLY_2008_2318_jodhaa_akbar,Jodhaa Akbar,Jodhaa Akbar,2008,February,2,2008-02-15,Action,Adventure,Action | Adventure | Biography,No,,Ashutosh Gowariker,Hrithik Roshan,Aishwarya Rai Bachchan,Hrithik Roshan | Aishwarya Rai Bachchan | Sonu Sood | Poonam Sinha,Haidar Ali (story) | Haidar Ali (screenplay) | Ashutosh Gowariker (screenplay) | K.P. Saxena (dialogue),,8.2519,B,3.7481,D,,,,,,,,,,tt0449994,7.5,,,,,,,,,hitFlop=5,Missing/Partial,,wikipedia,2.0,2026-07-02
BOLLY_2008_2319_jumbo,Jumbo,Jumbo,2008,December,12,2008-12-25,Animation,Family,Animation | Family,No,,Kompin Kemgumnird,Akshay Kumar,Lara Dutta,Akshay Kumar | Lara Dutta | Dimple Kapadia | Rajpal Yadav,,,6.3805,C,,,,,,,,,,,,tt1334413,8.0,,,,,,,,,hitFlop=1,Missing/Partial,,wikipedia,2.0,2026-07-02
BOLLY_2008_2320_kahaani_gudiya_ki_true_story_of_a_woman,Kahaani Gudiya Ki...: True Story of a Woman,Kahaani Gudiya Ki...: True Story of a Woman,2008,April,4,2008-04-11,Drama,,Drama,No,,Prabhakar Shukla,Divya Dutta,Arif Zakaria,Divya Dutta | Arif Zakaria | Rajpal Yadav | Somed Agarwal,Ashok Hamrahi | Madan Pal (lyrics),,2.3769,D,,,,,,,,,,,,tt0459423,,,,,,,,,,hitFlop=1,Missing/Partial,,wikipedia,2.0,2026-07-02
BOLLY_2008_2321_karzzzz,Karzzzz,Karzzzz,2008,October,10,2008-10-17,Action,Drama,Action | Drama | Musical,No,,Satish Kaushik,Himesh Reshammiya,Urmila Matondkar,Himesh Reshammiya | Urmila Matondkar | Shweta Kumar | Dino Morea,Shiraz Ahmed (screenplay) | Sameer (lyrics),,1.5575,D,2.6808,D,,,,,,,,,,tt1156148,2.3,,,,,,,,,hitFlop=1,Missing/Partial,,wikipedia,2.0,2026-07-02
BOLLY_2008_2322_khushboo_the_fragraance_of_love,Khushboo: The Fragraance of Love,Khushboo: The Fragraance of Love,2008,June,6,2008-06-20,Comedy,Drama,Comedy | Drama | Romance,No,,Rajesh Ram Singh,Rishi Rehan,Avantika,Rishi Rehan | Avantika | Thomas Tevana | Nassar Abdulla,Javed Akhtar (lyrics) | Pathik Vats (dialogue),,,,,,,,,,,,,,,tt1252562,,,,,,,,,,hitFlop=1,Missing/Partial,,wikipedia,2.0,2026-07-02
BOLLY_2008_2323_kidnap,Kidnap,Kidnap,2008,October,10,2008-10-02,Crime,Drama,Crime | Drama | Thriller,No,,Sanjay Gadhvi,Sanjay Dutt,Imran Khan,Sanjay Dutt | Imran Khan | Minissha Lamba | Vidya Malvade,Vijayvargiya Anshul (additional dialogue) | Yatharth Awasthi (additional dialogue) | Shibani Bathija (story) | Shibani Bathija | Sanjay Gadhvi (dialogue) | Mayur Puri (lyrics) | Sandeep Vyas (lyrics) | Sanjeev Vyas (lyrics),,5.0026,C,4.3755,D,,,,,,,,,,tt1034449,4.6,,,,,,,,,hitFlop=2,Missing/Partial,,wikipedia,2.0,2026-07-02
BOLLY_2008_2324_kismat_konnection,Kismat Konnection,Kismat Konnection,2008,July,7,2008-07-18,Comedy,Drama,Comedy | Drama | Romance,No,,Aziz Mirza,Shahid Kapoor,Vidya Balan,Shahid Kapoor | Vidya Balan | Vishal Malhotra | Om Puri,Sanjay Chhel | Sai Kabir (screenplay) | Ashish Kariya (dialogue) | Rahila Mirza (story) | Vibha Singh (screenplay),,5.7659,C,,,,,,,,,,,,tt1105733,5.3,,,,,,,,,hitFlop=2,Missing/Partial,,wikipedia,2.0,2026-07-02
BOLLY_2008_2325_krazzy_4,Krazzy 4,Krazzy 4,2008,April,4,2008-04-11,Action,Comedy,Action | Comedy | Crime,No,,Jaideep Sen,Juhi Chawla,Irrfan Khan,Juhi Chawla | Irrfan Khan | Arshad Warsi | Rajpal Yadav,Ashwani Dhir (screenplay) | Rakesh Roshan (story),,3.1388,D,,,,,,,,,,,,tt1182908,4.2,,,,,,,,,hitFlop=4,Missing/Partial,,wikipedia,2.0,2026-07-02
BOLLY_2008_2326_love_story_2050,Love Story 2050,Love Story 2050,2008,July,7,2008-07-04,Action,Adventure,Action | Adventure | Drama,No,,Harry Baweja,Harman Baweja,Priyanka Chopra,Harman Baweja | Priyanka Chopra | Boman Irani | Archana Puran Singh,Harry Baweja (story) | Bhavani Iyer (additional screenplay) | Mayur Puri (dialogue) | Karan Razdan (additional screenplay) | Prem Soni (additional screenplay) | Suparn Verma (additional screenplay),,1.0,D,1.6165,D,,,,,,,,,,tt0490170,2.6,,,,,,,,,hitFlop=1,Missing/Partial,,wikipedia,2.0,2026-07-02
BOLLY_2008_2327_maan_gaye_mughall_e_azam,Maan Gaye Mughall-E-Azam,Maan Gaye Mughall-E-Azam,2008,August,8,2008-08-22,Comedy,Crime,Comedy | Crime | Drama,No,,Sanjay Chhel,Mallika Sherawat,Rahul Bose,Mallika Sherawat | Rahul Bose | Paresh Rawal | Kay Kay Menon,Sanjay Chhel | Sunil Munshi (screenplay),,4.0848,D,,,,,,,,,,,,tt1132595,,,,,,,,,,hitFlop=1,Missing/Partial,,wikipedia,2.0,2026-07-02
BOLLY_2008_2328_maharathi,Maharathi,Maharathi,2008,December,12,2008-12-05,Crime,Drama,Crime | Drama | Mystery,No,,Shivam Nair,Naseeruddin Shah,Om Puri,Naseeruddin Shah | Om Puri | Boman Irani | Paresh Rawal,Sanjay Chhel (lyrics) | Uttam Gada (story),,3.7695,D,,,,,,,,,,,,tt1334254,7.1,,,,,,,,,hitFlop=1,Missing/Partial,,wikipedia,2.0,2026-07-02
BOLLY_2008_2329_meerabai_not_out,Meerabai Not Out,Meerabai Not Out,2008,December,12,2008-12-05,Comedy,Drama,Comedy | Drama | Romance,No,,Chandrakant Kulkarni,Anupam Kher,Mahesh Manjrekar,Anupam Kher | Mahesh Manjrekar | Mandira Bedi | Eijaz Khan,Ajit Dalvi (dialogues) | R.N. Dubey (lyrics) | Ashish Puri (lyrics) | Soumik Sen (story) | Irfan Siddiqui (lyrics),,3.4477,D,,,,,,,,,,,,tt1024852,,,,,,,,,,hitFlop=1,Missing/Partial,,wikipedia,2.0,2026-07-02
BOLLY_2008_2330_mehbooba,Mehbooba,Mehbooba,2008,July,7,2008-07-11,Drama,Romance,Drama | Romance,No,,Tabrez Hashmi | Afzal Khan,Sanjay Dutt,Manisha Koirala,Sanjay Dutt | Manisha Koirala | Ajay Devgn | Asrani,Robin Bhatt (additional screenplay) | Rumi Jaffery (story) | Afzal Khan (screenplay) | Javed Siddiqui (dialogue),,5.0026,C,,,,,,,,,,,,tt1234250,3.8,,,,,,,,,hitFlop=1,Missing/Partial,,wikipedia,2.0,2026-07-02
BOLLY_2008_2331_mere_baap_pehle_aap,Mere Baap Pehle Aap,Mere Baap Pehle Aap,2008,June,6,2008-06-13,Comedy,Drama,Comedy | Drama | Romance,No,,Priyadarshan,Paresh Rawal,Akshaye Khanna,Paresh Rawal | Akshaye Khanna | Genelia D'Souza | Om Puri,Manisha Korde (dialogue) | Priyadarshan (story) | Kalavur Ravikumar (story) | Sameer (lyrics),,3.7967,D,3.8472,D,,,,,,,,,,tt1170404,5.5,,,,,,,,,hitFlop=3,Missing/Partial,,wikipedia,2.0,2026-07-02
BOLLY_2008_2332_mission_istaanbul_darr_ke_aagey_jeet_hai,Mission Istaanbul: Darr Ke Aagey Jeet Hai!,Mission Istaanbul: Darr Ke Aagey Jeet Hai!,2008,July,7,2008-07-25,Action,Adventure,Action | Adventure | Drama,No,,Apoorva Lakhia,Vivek Oberoi,Zayed Khan,Vivek Oberoi | Zayed Khan | Shriya Saran | Shabbir Ahluwalia,Shabbir Ahmed (lyrics) | Chirantan Bhatt (lyrics) | Ege (lyrics) | Hamza Faruqui (lyrics) | Apoorva Lakhia (screenplay) | Virag Mishra (lyrics) | Suresh Nair (screenplay) | Suresh Nair (story) | Sameer (lyrics) | Mika Singh (lyrics) | Raj Vasant (dialogue),,3.486,D,1.8339,D,,,,,,,,,,tt1179781,3.5,,,,,,,,,hitFlop=1,Missing/Partial,,wikipedia,2.0,2026-07-02
BOLLY_2008_2333_mithya,Mithya,Mithya,2008,February,2,2008-02-08,Comedy,Crime,Comedy | Crime | Drama,No,,Rajat Kapoor,Ranvir Shorey,Neha Dhupia,Ranvir Shorey | Neha Dhupia | Naseeruddin Shah | Saurabh Shukla,Rajat Kapoor | Saurabh Shukla | Neerav Ghosh (lyrics) | Ashish Manchanda (lyrics) | Shahid Hamdaane (lyrics) | Prakash Chandra Dhamak (lyrics),,3.063,D,2.0954,D,,,,,,,,,,tt1179782,7.0,,,,,,,,,hitFlop=3,Missing/Partial,,wikipedia,2.0,2026-07-02
BOLLY_2008_2334_money_hai_toh_honey_hai,Money Hai Toh Honey Hai,Money Hai Toh Honey Hai,2008,July,7,2008-07-25,Comedy,Drama,Comedy | Drama,No,,Ganesh Acharya,Govinda,Manoj Bajpayee,Govinda | Manoj Bajpayee | Aftab Shivdasani | Upen Patel,Muazzam Beg | Sameer (lyrics),,4.7856,D,,,,,,,,,,,,tt1126516,4.8,,,,,,,,,hitFlop=1,Missing/Partial,,wikipedia,2.0,2026-07-02
BOLLY_2008_2335_mr_white_mr_black,Mr. White Mr. Black,Mr. White Mr. Black,2008,May,5,2008-05-02,Action,Comedy,Action | Comedy | Crime,No,,Deepak S. Shivdasani,Sunil Shetty,Arshad Warsi,Sunil Shetty | Arshad Warsi | Sadashiv Amrapurkar | Deep Dhillon,Deepak S. Shivdasani (story) | Nishikant Kamat (screenplay) | Sanjay Pawar (screenplay) | Sanjeev Duggal (screenplay) | Sameer (lyrics),,3.3073,D,2.6377,D,,,,,,,,,,tt1228726,3.4,,,,,,,,,hitFlop=1,Missing/Partial,,wikipedia,2.0,2026-07-02
BOLLY_2008_2336_mukhbiir,Mukhbiir,Mukhbiir,2008,August,8,2008-08-22,Crime,Drama,Crime | Drama | Mystery,No,,Mani Shankar,Sammir Dattani,Rahul Dev,Sammir Dattani | Rahul Dev | Om Puri | Alok Nath,P.K. Mishra (lyrics) | Iqbal Patni (lyrics) | Mani Shankar,,,,2.3406,D,,,,,,,,,,tt1287847,7.0,,,,,,,,,hitFlop=1,Missing/Partial,,wikipedia,2.0,2026-07-02
BOLLY_2008_2337_mumbai_meri_jaan,Mumbai Meri Jaan,Mumbai Meri Jaan,2008,August,8,2008-08-22,Drama,,Drama,No,,Nishikant Kamat,Paresh Rawal,Kay Kay Menon,Paresh Rawal | Kay Kay Menon | Irrfan Khan | Madhavan,Yogesh Vinayak Joshi (screenplay) | Upendra Sidhaye (screenplay),,3.7967,D,,,,,,,,,,,,tt1266583,7.7,,,,,,,,,hitFlop=2,Missing/Partial,,wikipedia,2.0,2026-07-02
BOLLY_2008_2338_my_friend_ganesha_2,My Friend Ganesha 2,My Friend Ganesha 2,2008,August,8,2008-08-22,Animation,Family,Animation | Family,Yes,,Rajiv S. Ruia,Harsh Chhaya,Kurush Deboo,Harsh Chhaya | Kurush Deboo | Bhairavi Goswami | Ali Haji,Rajiv S. Ruia (story) | S. Sachinder,,,,1.1221,D,,,,,,,,,,tt1283926,,,,,,,,,,hitFlop=1,Missing/Partial,,wikipedia,2.0,2026-07-02
BOLLY_2008_2339_my_name_is_anthony_gonsalves,My Name Is Anthony Gonsalves,My Name Is Anthony Gonsalves,2008,January,1,2008-01-11,Action,Comedy,Action | Comedy | Crime,No,,Eeshwar Nivas,Nikhil Dwivedi,Amrita Rao,Nikhil Dwivedi | Amrita Rao | Mithun Chakraborty | Anupam Kher,Mayur Puri | Lajan Joseph,,,,1.3951,D,,,,,,,,,,tt0845492,4.5,,,,,,,,,hitFlop=1,Missing/Partial,,wikipedia,2.0,2026-07-02
BOLLY_2008_2340_one_two_three,One Two Three,One Two Three,2008,March,3,2008-03-28,Action,Comedy,Action | Comedy | Drama,No,,Ashwani Dhir,Neetu Chandra,Esha Deol,Neetu Chandra | Esha Deol | Vrajesh Hirjee | Tusshar Kapoor,Ashwani Dhir (screenplay),,2.5075,D,4.7058,D,,,,,,,,,,tt1176960,5.4,,,,,,,,,hitFlop=4,Missing/Partial,,wikipedia,2.0,2026-07-02
BOLLY_2008_2341_oye_lucky_lucky_oye,Oye Lucky! Lucky Oye!,Oye Lucky! Lucky Oye!,2008,November,11,2008-11-28,Comedy,Crime,Comedy | Crime | Drama,No,,Dibakar Banerjee,Abhay Deol,Paresh Rawal,Abhay Deol | Paresh Rawal | Neetu Chandra | Archana Puran Singh,Dibakar Banerjee (screenplay) | Urmi Juvekar (screenplay) | Manu Rishi Chadha (dialogues),,2.5106,D,2.863,D,,,,,,,,,,tt1292703,7.7,,,,,,,,,hitFlop=2,Missing/Partial,,wikipedia,2.0,2026-07-02
BOLLY_2008_2342_pehli_nazar_ka_pyaar,Pehli Nazar Ka Pyaar,Pehli Nazar Ka Pyaar,2008,November,11,2008-11-04,Romance,,Romance,No,,Arshad Khan | Arshad Khan,Vikas Anand,Sweety Chhabra,Vikas Anand | Sweety Chhabra | Farida Dadi | Raja Duggal,Armaan Shahabi,,1.0,D,2.1402,D,,,,,,,,,,tt2613380,,,,,,,,,,hitFlop=1,Missing/Partial,,wikipedia,2.0,2026-07-02
BOLLY_2008_2343_phir_kabhi,Phir Kabhi,Phir Kabhi,2008,,,,Drama,Romance,Drama | Romance,No,,V.K. Prakash,Mithun Chakraborty,Dimple Kapadia,Mithun Chakraborty | Dimple Kapadia | Rati Agnihotri | Gulshan Grover,M. Sindhuraj | Kamlesh Kunti Singh (dialogue),,2.4335,D,,,,,,,,,,,,tt1236441,,,,,,,,,,hitFlop=1,Missing/Partial,,wikipedia,2.0,2026-07-02
BOLLY_2008_2344_phoonk,Phoonk,Phoonk,2008,August,8,2008-08-22,Drama,Horror,Drama | Horror | Mystery,No,,Ram Gopal Varma,Sudeep,Amruta Khanvilkar,Sudeep | Amruta Khanvilkar | Ahsaas Channa | Ashwini Khalsekar,Milind Gadagkar | Sandeep Nath (lyrics) | Prashant Pandey (lyrics),,,,3.7435,D,,,,,,,,,,tt1267500,3.9,,,,,,,,,hitFlop=6,Missing/Partial,,wikipedia,2.0,2026-07-02
BOLLY_2008_2345_pranali_the_tradition,Pranali: The Tradition,Pranali: The Tradition,2008,May,5,2008-05-02,Crime,Drama,Crime | Drama,No,,Hridesh Kamble,Nargis Bagheri,Upendra Limaye,Nargis Bagheri | Upendra Limaye | Sudha Chandran | Raman Trikha,Hridesh Kamble (story) | Manoj Pandey (story) | Manoj Pandey (dialogue),,,,,,,,,,,,,,,tt1228744,,,,,,,,,,hitFlop=1,Missing/Partial,,wikipedia,2.0,2026-07-02
BOLLY_2008_2346_rab_ne_bana_di_jodi,Rab Ne Bana Di Jodi,Rab Ne Bana Di Jodi,2008,December,12,2008-12-12,Comedy,Drama,Comedy | Drama | Musical,No,,Aditya Chopra,Shah Rukh Khan,Vinay Pathak,Shah Rukh Khan | Vinay Pathak | Anushka Sharma | M.K. Raina,Aditya Chopra (story),,9.2267,A,,,,,,,,,,,,tt1182937,7.2,,,,,,,,,hitFlop=8,Missing/Partial,,wikipedia,2.0,2026-07-02
BOLLY_2008_2347_race,Race,Race,2008,March,3,2008-03-21,Action,Crime,Action | Crime | Drama,No,,Abbas Alibhai Burmawalla | Mastan Alibhai Burmawalla,Saif Ali Khan,Akshaye Khanna,Saif Ali Khan | Akshaye Khanna | Bipasha Basu | Katrina Kaif,Shiraz Ahmed (screenplay) | Shiraz Ahmed (story) | Jitendra Parmar (dialogue) | Anurag Prapanna (dialogue),,5.7211,C,3.6411,D,,,,,,,,,,tt1017456,6.7,,,,,,,,,hitFlop=6,Missing/Partial,,wikipedia,2.0,2026-07-02
BOLLY_2008_2348_rafoo_chakkar_fun_on_the_run,Rafoo Chakkar: Fun on the Run,Rafoo Chakkar: Fun on the Run,2008,September,9,2008-09-26,Comedy,Crime,Comedy | Crime | Drama,No,,B.H. Tharun Kumar,Sadashiv Amrapurkar,Tinnu Anand,Sadashiv Amrapurkar | Tinnu Anand | Nauheed Cyrusi | Shakti Kapoor,Ikram Akhtar (screenplay) | Salim Bijnori (lyrics) | Rahul Seth (lyrics) | Raghuvir Shekhawat (dialogue) | Irfan Siddiqui (lyrics),,1.7491,D,,,,,,,,,,,,tt1324025,,,,,,,,,,hitFlop=1,Missing/Partial,,wikipedia,2.0,2026-07-02
BOLLY_2008_2349_rama_rama_kya_hai_dramaaa,Rama Rama Kya Hai Dramaaa,Rama Rama Kya Hai Dramaaa,2008,February,2,2008-02-01,Comedy,Drama,Comedy | Drama | Romance,No,,Chandrakant Singh,Neha Dhupia,Amrita Arora,Neha Dhupia | Amrita Arora | Anupam Kher | Rati Agnihotri,Chandrakant Singh (story) | Mohammed Salim (screenplay),,2.9213,D,,,,,,,,,,,,tt1137979,,,,,,,,,,hitFlop=1,Missing/Partial,,wikipedia,2.0,2026-07-02
BOLLY_2008_2350_roadside_romeo,Roadside Romeo,Roadside Romeo,2008,October,10,2008-10-24,Animation,Comedy,Animation | Comedy | Family,No,,Jugal Hansraj,Saif Ali Khan,Kareena Kapoor,Saif Ali Khan | Kareena Kapoor | Javed Jaffrey | Vrajesh Hirjee,Jugal Hansraj,,5.7211,C,,,,,,,,,,,,tt1050739,4.8,,,,,,,,,hitFlop=1,Missing/Partial,,wikipedia,2.0,2026-07-02
BOLLY_2008_2351_rock_on,Rock On!!,Rock On!!,2008,August,8,2008-08-29,Drama,Music,Drama | Music,No,,Abhishek Kapoor,Arjun Rampal,Farhan Akhtar,Arjun Rampal | Farhan Akhtar | Luke Kenny | Purab Kohli,Farhan Akhtar (dialogue) | Pubali Chaudhuri (screenplay) | Abhishek Kapoor (story),,3.8011,D,4.0376,D,,,,,,,,,,tt1230165,7.7,,,,,,,,,hitFlop=4,Missing/Partial,,wikipedia,2.0,2026-07-02
BOLLY_2008_2352_ru_ba_ru,Ru-Ba-Ru,Ru-Ba-Ru,2008,September,9,2008-09-12,Drama,Romance,Drama | Romance | Thriller,No,,Arjun Bali,Rati Agnihotri,Shahana Goswami,Rati Agnihotri | Shahana Goswami | Randeep Hooda | Kulbhushan Kharbanda,Arjun Bali (lyrics) | Anvita Dutt Guptan (additional screenplay & dialogue) | Shuja Haider (lyrics) | Aditya Narayan (lyrics) | Soumik Sen (screenplay) | Akshay Verma (lyrics),,2.0101,D,,,,,,,,,,,,tt1314367,,,,,,,,,,hitFlop=1,Missing/Partial,,wikipedia,2.0,2026-07-02
BOLLY_2008_2353_saas_bahu_aur_sensex,Saas Bahu Aur Sensex,Saas Bahu Aur Sensex,2008,September,9,2008-09-19,Comedy,Drama,Comedy | Drama,No,,Shona Urvashi,Kiron Kher,Farooq Shaikh,Kiron Kher | Farooq Shaikh | Ankur Khanna | Masumeh Makhija,Raqueeb Alam (lyrics) | BlaaZe (lyrics) | Shona Urvashi (screenplay),,4.1138,D,,,,,,,,,,,,tt1241334,4.0,,,,,,,,,hitFlop=1,Missing/Partial,,wikipedia,2.0,2026-07-02
BOLLY_2008_2354_sarkar_raj,Sarkar Raj,Sarkar Raj,2008,June,6,2008-06-06,Action,Crime,Action | Crime | Drama,Yes,,Ram Gopal Varma,Amitabh Bachchan,Abhishek Bachchan,Amitabh Bachchan | Abhishek Bachchan | Aishwarya Rai Bachchan | Ravi Kale,Prashant Pandey,,7.0113,B,3.7435,D,,,,,,,,,,tt0490210,6.7,,,,,,,,,hitFlop=3,Missing/Partial,,wikipedia,2.0,2026-07-02
BOLLY_2008_2355_shaurya_it_takes_courage_to_make_right_right,Shaurya: It Takes Courage to Make Right... Right,Shaurya: It Takes Courage to Make Right... Right,2008,April,4,2008-04-04,Crime,Drama,Crime | Drama | Thriller,No,,Samar Khan,Rahul Bose,Javed Jaffrey,Rahul Bose | Javed Jaffrey | Minissha Lamba | Seema Biswas,Samar Khan | Aparnaa Malhotra | Jaydeep Sarkar,,2.3217,D,,,,,,,,,,,,tt1101665,,,,,,,,,,hitFlop=2,Missing/Partial,,wikipedia,2.0,2026-07-02
BOLLY_2008_2356_singh_is_kinng,Singh Is Kinng,Singh Is Kinng,2008,August,8,2008-08-08,Action,Comedy,Action | Comedy | Crime,No,,Anees Bazmee,Akshay Kumar,Katrina Kaif,Akshay Kumar | Katrina Kaif | Om Puri | Kiron Kher,Anees Bazmee (writer & dialogue) | Vipul Binjola (dialogue) | Suresh Nair | Rishi Virmani (dialogue),,6.3805,C,5.6076,C,,,,,,,,,,tt1146325,5.6,,,,,,,,,hitFlop=7,Missing/Partial,,wikipedia,2.0,2026-07-02
BOLLY_2008_2357_sirf_life_looks_greener_on_the_other_side,Sirf....: Life Looks Greener on the Other Side,Sirf....: Life Looks Greener on the Other Side,2008,April,4,2008-04-25,Drama,,Drama,No,,Rajatesh Nayyar,Kay Kay Menon,Manisha Koirala,Kay Kay Menon | Manisha Koirala | Ranvir Shorey | Sonali Kulkarni,Rajatesh Nayyar (story) | Shashikant Verma (story) | Santosh Saroj (dialogue) | Mehboob (lyrics) | Vipul Saini (lyrics),,2.6256,D,,,,,,,,,,,,tt1224454,,,,,,,,,,hitFlop=1,Missing/Partial,,wikipedia,2.0,2026-07-02
BOLLY_2008_2358_sorry_bhai,Sorry Bhai!,Sorry Bhai!,2008,November,11,2008-11-28,Comedy,Drama,Comedy | Drama | Romance,No,,Onir,Shabana Azmi,Boman Irani,Shabana Azmi | Boman Irani | Sanjay Suri | Sharman Joshi,Ashwini Malik (story) | Amitabh Verma (lyrics),,1.0,D,,,,,,,,,,,,tt1327833,4.1,,,,,,,,,hitFlop=1,Missing/Partial,,wikipedia,2.0,2026-07-02
BOLLY_2008_2359_summer_2007,Summer 2007,Summer 2007,2008,June,6,2008-06-13,Crime,Drama,Crime | Drama | Thriller,No,,Sohail Tatari,Ahraz Ahmed,Punit Aneja,Ahraz Ahmed | Punit Aneja | Arjan Bajwa | Neetu Chandra,Gourov Dasgupta (lyrics) | Bijesh Jayarajan (screenplay) | Bijesh Jayarajan (story) | Ujjaiyinee Roy (lyrics) | Ritesh Shah (dialogues) | Vibha Singh (lyrics),,,,,,,,,,,,,,,tt1260689,0.0,,,,,,,,,hitFlop=1,Missing/Partial,,wikipedia,2.0,2026-07-02
BOLLY_2008_2360_sunday,Sunday,Sunday,2008,January,1,2008-01-25,Action,Comedy,Action | Comedy | Romance,No,,Rohit Shetty,Ajay Devgn,Ayesha Takia,Ajay Devgn | Ayesha Takia | Arshad Warsi | Irrfan Khan,Robin Bhatt (screenplay) | Robin Bhatt (story) | Tushar Hiranandani (screenplay) | Sajid (dialogue) | K. Subhash (screenplay),,6.8713,C,6.8376,C,,,,,,,,,,tt1039989,5.5,,,,,,,,,hitFlop=2,Missing/Partial,,wikipedia,2.0,2026-07-02
BOLLY_2008_2361_superstar,Superstar,Superstar,2008,February,2,2008-02-08,Drama,Romance,Drama | Romance,No,,Rohit Jugraj,Kunal Khemu,Tulip Joshi,Kunal Khemu | Tulip Joshi | Aushima Sawhney | Apoorva S. Badgaiyan,Rohit Jugraj | Sudip Sharma | Rahul Singh (story) | Rahul Singh,,3.1566,D,,,,,,,,,,,,tt1178657,6.1,,,,,,,,,hitFlop=1,Missing/Partial,,wikipedia,2.0,2026-07-02
BOLLY_2008_2362_tashan,Tashan,Tashan,2008,April,4,2008-04-25,Action,Comedy,Action | Comedy | Crime,No,,Vijay Krishna Acharya,Akshay Kumar,Saif Ali Khan,Akshay Kumar | Saif Ali Khan | Kareena Kapoor | Anil Kapoor,Vijay Krishna Acharya (story) | Vijay Krishna Acharya (screenplay) | Vijay Krishna Acharya (dialogue) | Piyush Mishra (lyrics) | Vishal Dadlani (lyrics) | Kausar Munir (lyrics),,6.3805,C,,,,,,,,,,,,tt0995752,3.8,,,,,,,,,hitFlop=3,Missing/Partial,,wikipedia,2.0,2026-07-02
BOLLY_2008_2363_thoda_pyaar_thoda_magic,Thoda Pyaar Thoda Magic,Thoda Pyaar Thoda Magic,2008,June,6,2008-06-28,Comedy,Drama,Comedy | Drama | Family,No,,Kunal Kohli,Rishi Kapoor,Saif Ali Khan,Rishi Kapoor | Saif Ali Khan | Rani Mukerji | Akshat Chopra,Rohena Gera (screenplay) | Kunal Kohli (story),,4.4084,D,4.0747,D,,,,,,,,,,tt1191138,4.9,,,,,,,,,hitFlop=2,Missing/Partial,,wikipedia,2.0,2026-07-02
BOLLY_2008_2364_thodi_life_thoda_magic,Thodi Life Thoda Magic,Thodi Life Thoda Magic,2008,June,6,2008-06-23,Drama,,Drama,No,,Aanand Rai,Saahil Chadha,Arbaaz Khan,Saahil Chadha | Arbaaz Khan | Anita Raj | Jackie Shroff,Shukla Barnali Ray (story),,,,4.7285,D,,,,,,,,,,tt1267400,0.0,,,,,,,,,hitFlop=1,Missing/Partial,,wikipedia,2.0,2026-07-02
BOLLY_2008_2365_tulsi_mathrudevobhava,Tulsi: Mathrudevobhava,Tulsi: Mathrudevobhava,2008,January,1,2008-01-18,Drama,,Drama,No,,Ajay Kumar,Manisha Koirala,Irrfan Khan,Manisha Koirala | Irrfan Khan | Sadashiv Amrapurkar | Tinnu Anand,,,2.7949,D,,,,,,,,,,,,tt1199534,7.0,,,,,,,,,hitFlop=1,Missing/Partial,,wikipedia,2.0,2026-07-02
BOLLY_2008_2366_u_me_aur_hum,U Me Aur Hum,U Me Aur Hum,2008,April,4,2008-04-11,Comedy,Drama,Comedy | Drama | Romance,No,,Ajay Devgn,Ajay Devgn,Kajol,Ajay Devgn | Kajol | Sumeet Raghvan | Divya Dutta,Robin Bhatt (screenplay) | Ajay Devgn (story) | Ashwani Dhir (dialogue) | Sutanu Gupta (screenplay) | Akarsh Khurana (screenplay),,6.8713,C,,,,,,,,,,,,tt1039995,5.8,,,,,,,,,hitFlop=2,Missing/Partial,,wikipedia,2.0,2026-07-02
BOLLY_2008_2367_ugly_aur_pagli,Ugly Aur Pagli,Ugly Aur Pagli,2008,August,8,2008-08-01,Comedy,Drama,Comedy | Drama,No,,Sachin Kamlakar Khot,Mallika Sherawat,Ranvir Shorey,Mallika Sherawat | Ranvir Shorey | Bharati Achrekar | Zeenat Aman,Anil Pandey (story) | Amitabh Verma (lyrics) | Suparn Verma (additional screenplay & dialogue),,4.0848,D,,,,,,,,,,,,tt1132606,3.8,,,,,,,,,hitFlop=2,Missing/Partial,,wikipedia,2.0,2026-07-02
BOLLY_2008_2368_via_darjeeling,Via Darjeeling,Via Darjeeling,2008,June,6,2008-06-27,Drama,Mystery,Drama | Mystery | Thriller,No,,Arindam Nandy,Kay Kay Menon,Sonali Kulkarni,Kay Kay Menon | Sonali Kulkarni | Parvin Dabas | Vinay Pathak,Ranjan Das | Gautam Nag (lyrics) | Arindam Nandy | Atul Sabharwal (dialogue) | Siladitya Sanyal | Mrityunjay Kumar Singh (lyrics) | Vibha Singh (lyrics) | Sanjeev Tiwari (lyrics),,2.6256,D,,,,,,,,,,,,tt1220718,,,,,,,,,,hitFlop=1,Missing/Partial,,wikipedia,2.0,2026-07-02
BOLLY_2008_2369_wafaa,Wafaa,Wafaa,2008,December,12,2008-12-19,Drama,Mystery,Drama | Mystery | Romance,No,,Rakesh Sawant,Rajesh Khanna,Shahib Chopra,Rajesh Khanna | Shahib Chopra | Laila Khan | Ahad Khan,Shahad Allahabadi (lyrics) | Salim Raza,,1.1394,D,,,,,,,,,,,,tt1372304,,,,,,,,,,hitFlop=1,Missing/Partial,,wikipedia,2.0,2026-07-02
BOLLY_2008_2370_a_wednesday,A Wednesday,A Wednesday,2008,September,9,2008-09-05,Drama,Thriller,Drama | Thriller,No,,Neeraj Pandey,Anupam Kher,Naseeruddin Shah,Anupam Kher | Naseeruddin Shah | Jimmy Shergill | Deepal Shaw,Neeraj Pandey (story) | Neeraj Pandey (script),,3.4477,D,,,,,,,,,,,,tt1280558,8.1,,,,,,,,,hitFlop=6,Missing/Partial,,wikipedia,2.0,2026-07-02
BOLLY_2008_2371_welcome_to_sajjanpur,Welcome to Sajjanpur,Welcome to Sajjanpur,2008,September,9,2008-09-19,Comedy,Drama,Comedy | Drama,No,,Shyam Benegal,Shreyas Talpade,Amrita Rao,Shreyas Talpade | Amrita Rao | Ravi Kishan | Ila Arun,Ashok Mishra (screenplay) | Shyam Benegal (story),,2.8077,D,,,,,,,,,,,,tt1221139,6.9,,,,,,,,,hitFlop=4,Missing/Partial,,wikipedia,2.0,2026-07-02
BOLLY_2008_2372_woodstock_villa,Woodstock Villa,Woodstock Villa,2008,May,5,2008-05-30,Drama,Mystery,Drama | Mystery | Thriller,No,,Hansal Mehta,Sikander Kher,Neha Uberoi,Sikander Kher | Neha Uberoi | Arbaaz Khan | Gulshan Grover,The Aryans (lyrics) | S. Farhan (screenplay) | S. Farhan (story) | Rajiv Gopalkrishnan (screenplay) | Sanjay Gupta (screenplay) | Virag Mishra (lyrics) | Manoj Muntashir (lyrics) | Milap Zaveri (dialogue),,,,1.4466,D,,,,,,,,,,tt1043876,3.5,,,,,,,,,hitFlop=2,Missing/Partial,,wikipedia,2.0,2026-07-02
BOLLY_2008_2373_yaar_meri_zindagi,Yaar Meri Zindagi,Yaar Meri Zindagi,2008,April,4,2008-04-22,Drama,Family,Drama | Family | Musical,No,,Ashok Gupta | Mukul Dutt,Amitabh Bachchan,Shatrughan Sinha,Amitabh Bachchan | Shatrughan Sinha | Sharda | Sudha Chandran,Yash Pal (dialogue) | V.K. Sharma (dialogue),,7.0113,B,,,,,,,,,,,,tt1217608,0.0,,,,,,,,,hitFlop=1,Missing/Partial,,wikipedia,2.0,2026-07-02
BOLLY_2008_2374_yuvvraaj,Yuvvraaj,Yuvvraaj,2008,November,11,2008-11-21,Comedy,Drama,Comedy | Drama | Romance,No,,Subhash Ghai,Salman Khan,Anil Kapoor,Salman Khan | Anil Kapoor | Zayed Khan | Mithun Chakraborty,Sachin Bhowmick (screenplay) | Subhash Ghai (story) | Kamlesh Pandey (screenplay),,9.2082,A,1.3105,D,,,,,,,,,,tt1105747,4.1,,,,,,,,,hitFlop=1,Missing/Partial,,wikipedia,2.0,2026-07-02
BOLLY_2009_2375_13b_fear_has_a_new_address,13B: Fear Has a New Address,13B: Fear Has a New Address,2009,March,3,2009-03-06,Drama,Horror,Drama | Horror | Mystery,No,,Vikram K. Kumar,Madhavan,Neetu Chandra,Madhavan | Neetu Chandra | Poonam Dhillon | Sachin Khedekar,Abhinav Kashyap (dialogue) | Vikram K. Kumar,,5.0561,C,,,,,,,,,,,,tt1385824,7.3,,,,,,,,,hitFlop=2,Missing/Partial,,wikipedia,2.0,2026-07-02
BOLLY_2009_2376_3_idiots,3 Idiots,3 Idiots,2009,December,12,2009-12-25,Comedy,Drama,Comedy | Drama,No,,Rajkumar Hirani,Aamir Khan,Kareena Kapoor,Aamir Khan | Kareena Kapoor | Madhavan | Sharman Joshi,Rajkumar Hirani | Abhijit Joshi | Vidhu Vinod Chopra (screenplay),,10.0,A,10.0,A,55.0,,460.0,,,,,,,tt1187043,8.4,,,,,,,,,hitFlop=9,Medium,,wikipedia,2.0,2026-07-02
BOLLY_2009_2377_3_nights_4_days,3 Nights 4 Days,3 Nights 4 Days,2009,October,10,2009-10-09,Romance,,Romance,No,,Devang Dholakia,Hrishitaa Bhatt,Anuj Sawhney,Hrishitaa Bhatt | Anuj Sawhney,,,1.7607,D,,,,,,,,,,,,tt2138010,5.0,,,,,,,,,hitFlop=1,Missing/Partial,,wikipedia,2.0,2026-07-02
BOLLY_2009_2378_8_x_10_tasveer,8 x 10 Tasveer,8 x 10 Tasveer,2009,April,4,2009-04-03,Crime,Drama,Crime | Drama | Mystery,No,,Nagesh Kukunoor,Akshay Kumar,Ayesha Takia,Akshay Kumar | Ayesha Takia | Javed Jaffrey | Girish Karnad,Bohemia (lyrics) | Nagesh Kukunoor | Sameer (lyrics) | Irfan Siddiqui (lyrics),,6.3805,C,1.4685,D,,,,,,,,,,tt1105709,5.4,,,,,,,,,hitFlop=1,Missing/Partial,,wikipedia,2.0,2026-07-02
BOLLY_2009_2379_99,99,99,2009,May,5,2009-05-15,Comedy,Crime,Comedy | Crime | Drama,No,,Krishna D.K. | Raj Nidimoru,Kunal Khemu,Boman Irani,Kunal Khemu | Boman Irani | Soha Ali Khan | Cyrus Broacha,Raj Nidimoru (story) | Krishna D.K. (story) | Sita Menon (story) | Chintan Gandhi (Hindi dialogue) | Raja Sen (Hindi dialogue) | Sita Menon (Hindi dialogue) | Shabbir Ahmed (lyrics) | Vaibhav Modi (lyrics),,3.1566,D,2.993,D,,,,,,,,,,tt1370429,7.3,,,,,,,,,hitFlop=4,Missing/Partial,,wikipedia,2.0,2026-07-02
BOLLY_2009_2380_aa_dekhen_zara,Aa Dekhen Zara,Aa Dekhen Zara,2009,March,3,2009-03-27,Action,Crime,Action | Crime | Drama,No,,Jehangir Surti,Neil Nitin Mukesh,Bipasha Basu,Neil Nitin Mukesh | Bipasha Basu | Biswajeet Chatterjee | Sophiya Chaudhary,Sheershak Anand (story) | Shantanu Ray Chhibber (story),,2.7445,D,,,,,,,,,,,,tt1372681,5.2,,,,,,,,,hitFlop=1,Missing/Partial,,wikipedia,2.0,2026-07-02
BOLLY_2009_2381_aagey_se_right,Aagey Se Right,Aagey Se Right,2009,September,9,2009-09-04,Comedy,Crime,Comedy | Crime | Drama,No,,Indrajit Nattooji,Shreyas Talpade,Bharati Achrekar,Shreyas Talpade | Bharati Achrekar | Shaukat Baig | Rakesh Bedi,Abhijeet Deshpande (additional dialogue) | Hitesh Kewalya (lyrics) | Jabbar Patel | Dheeraj Rattan (additional screenplay) | Manoj Santoshi (additional dialogue),,2.8077,D,,,,,,,,,,,,tt1479667,5.0,,,,,,,,,hitFlop=2,Missing/Partial,,wikipedia,2.0,2026-07-02
BOLLY_2009_2382_aamras_the_sweet_taste_of_friendship,Aamras: The Sweet Taste of Friendship,Aamras: The Sweet Taste of Friendship,2009,September,9,2009-09-11,Drama,,Drama,No,,Rupali Guha,Vega Tamotia,Ntasha Bhardwaj,Vega Tamotia | Ntasha Bhardwaj | Maanvi Gagroo | Aanchal Sabharwal,Rupali Guha (screenplay) | Rupali Guha (story) | Loveleen Mishra (dialogue),,,,,,,,,,,,,,,tt1995245,5.8,,,,,,,,,hitFlop=1,Missing/Partial,,wikipedia,2.0,2026-07-02
BOLLY_2009_2383_aao_wish_karein,Aao Wish Karein,Aao Wish Karein,2009,November,11,2009-11-13,Comedy,Drama,Comedy | Drama | Fantasy,No,,Glen Barreto,Aftab Shivdasani,Aamna Shariff,Aftab Shivdasani | Aamna Shariff | Rati Agnihotri | Tiku Talsania,Glen Barreto (additional screenplay) | Ravinder Manga (dialogue) | Ravinder Manga (story) | Aftab Shivdasani (story),,2.7284,D,,,,,,,,,,,,tt1538210,7.3,,,,,,,,,hitFlop=1,Missing/Partial,,wikipedia,2.0,2026-07-02
BOLLY_2009_2384_aasma_the_sky_is_the_limit,Aasma: The Sky Is the Limit,Aasma: The Sky Is the Limit,2009,January,1,2009-01-23,Drama,,Drama,No,,Rohit Nayyar,Hrishitaa Bhatt,Seema Biswas,Hrishitaa Bhatt | Seema Biswas | Nauheed Cyrusi | Mansi Dovhal,Shubh,,1.7607,D,,,,,,,,,,,,tt1252594,10.0,,,,,,,,,hitFlop=1,Missing/Partial,,wikipedia,2.0,2026-07-02
BOLLY_2009_2385_acid_factory,Acid Factory,Acid Factory,2009,October,10,2009-10-09,Action,Crime,Action | Crime | Drama,No,,Suparn Verma,Fardeen Khan,Dia Mirza,Fardeen Khan | Dia Mirza | Manoj Bajpayee | Aftab Shivdasani,Milind Gadagkar (screenplay) | Milind Gadagkar (story) | Sanjay Gupta (additional dialogue) | Sanjay Gupta (screenplay) | Saurabh Shukla (dialogue) | Suparn Verma (screenplay),,2.8821,D,1.4658,D,,,,,,,,,,tt1201557,5.1,,,,,,,,,hitFlop=1,Missing/Partial,,wikipedia,2.0,2026-07-02
BOLLY_2009_2386_agyaat_the_unknown,Agyaat: The Unknown,Agyaat: The Unknown,2009,August,8,2009-08-07,Drama,Horror,Drama | Horror | Mystery,No,,Ram Gopal Varma,Nitin,Priyanka Kothari,Nitin | Priyanka Kothari | Rasika Dugal | Gautam Rode,Puneet Gandhi | Nilesh Girkar | Sarim Momin (lyrics) | Prashant Pandey (lyrics) | Sandip Singh (lyrics),,,,3.7435,D,,,,,,,,,,tt1415252,,,,,,,,,,hitFlop=2,Missing/Partial,,wikipedia,2.0,2026-07-02
BOLLY_2009_2387_ajab_prem_ki_ghazab_kahani,Ajab Prem Ki Ghazab Kahani,Ajab Prem Ki Ghazab Kahani,2009,November,11,2009-11-06,Comedy,Romance,Comedy | Romance,No,,Rajkumar Santoshi,Katrina Kaif,Ranbir Kapoor,Katrina Kaif | Ranbir Kapoor | Darshan Jariwala | Smita Jaykar,K. Rajeshwar (story) | Rajkumar Santoshi (screenplay) | R.D. Tailang (dialogues) | R.D. Tailang (screenplay),,8.9485,A,2.744,D,,,,,,,,,,tt1252596,6.4,,,,,,,,,hitFlop=7,Missing/Partial,,wikipedia,2.0,2026-07-02
BOLLY_2009_2388_aladin,Aladin,Aladin,2009,October,10,2009-10-30,Action,Adventure,Action | Adventure | Comedy,No,,Sujoy Ghosh,Shubhankar Atre,Amitabh Bachchan,Shubhankar Atre | Amitabh Bachchan | Victor Banerjee | Dhaval Barbhaya,Vishal Dadlani (lyrics) | Sujoy Ghosh (screenplay) | Suresh Nair (additional story) | Ritesh Shah (dialogue) | Ritesh Shah (story),,,,2.6445,D,,,,,,,,,,tt1227762,4.7,,,,,,,,,hitFlop=1,Missing/Partial,,wikipedia,2.0,2026-07-02
BOLLY_2009_2389_all_the_best_fun_begins,All the Best: Fun Begins,All the Best: Fun Begins,2009,October,10,2009-10-16,Action,Comedy,Action | Comedy | Drama,No,,Rohit Shetty,Sanjay Dutt,Ajay Devgn,Sanjay Dutt | Ajay Devgn | Fardeen Khan | Bipasha Basu,Robin Bhatt (screenplay) | Kumaar (lyrics) | Bunty Rathore (dialogues) | Yunus Sajawal (screenplay) | Sajid (dialogue),,5.0026,C,6.8376,C,,,,,,,,,,tt1433905,6.2,,,,,,,,,hitFlop=4,Missing/Partial,,wikipedia,2.0,2026-07-02
BOLLY_2009_2390_aloo_chaat,Aloo Chaat,Aloo Chaat,2009,March,3,2009-03-20,Comedy,Drama,Comedy | Drama | Romance,No,,Robby Grewal,Aftab Shivdasani,Aamna Shariff,Aftab Shivdasani | Aamna Shariff | Linda Arsenio | Sanjay Mishra,Robby Grewal (screenplay) | Syed Gulrez (lyrics) | Vipin Mishra (lyrics) | Divy Nidhi Sharma (story) | Xulfi (lyrics),,2.7284,D,1.233,D,,,,,,,,,,tt1305840,5.9,,,,,,,,,hitFlop=2,Missing/Partial,,wikipedia,2.0,2026-07-02
BOLLY_2009_2391_anubhav_an_actor_s_tale,Anubhav: An Actor's Tale,Anubhav: An Actor's Tale,2009,June,6,2009-06-05,Drama,Romance,Drama | Romance,No,,Rajeev Nath,Jackie Shroff,Sanjay Suri,Jackie Shroff | Sanjay Suri | Gul Panag | Shruti Seth,Anoop Menon (screenplay),,2.6163,D,,,,,,,,,,,,tt1456946,,,,,,,,,,hitFlop=1,Missing/Partial,,wikipedia,2.0,2026-07-02
BOLLY_2009_2392_aseema_beyond_boundaries,Aseema: Beyond Boundaries,Aseema: Beyond Boundaries,2009,December,12,2009-12-18,Drama,Romance,Drama | Romance,No,,Sisir Misra,Gracy Singh,Asseem Merchant,Gracy Singh | Asseem Merchant | Neha Pendse | Aryan Singh,Kadambini Mishra (screenplay) | Sisir Misra (dialogue) | Sisir Misra (screenplay) | Sailaja Kumari Aparajita Mohanty (original novel),,3.1688,D,,,,,,,,,,,,tt1118646,,,,,,,,,,hitFlop=1,Missing/Partial,,wikipedia,2.0,2026-07-02
BOLLY_2009_2393_baabarr,Baabarr,Baabarr,2009,September,9,2009-09-11,Action,Crime,Action | Crime | Drama,No,,Ashu Trikha,Mithun Chakraborty,Om Puri,Mithun Chakraborty | Om Puri | Sohum Shah | Urvashi Sharma,Ikram Akhtar (dialogue) | Ikram Akhtar | Vivek Misra (dialogue),,2.4335,D,1.1186,D,,,,,,,,,,tt1508950,5.6,,,,,,,,,hitFlop=1,Missing/Partial,,wikipedia,2.0,2026-07-02
BOLLY_2009_2394_bachelor_party,Bachelor Party,Bachelor Party,2009,September,9,2009-09-04,Comedy,Drama,Comedy | Drama,No,,Ishaan Trivedi,Jimmy Shergill,Arbaaz Khan,Jimmy Shergill | Arbaaz Khan | Nauheed Cyrusi | Sharat Saxena,Arun Bhairav (script) | Raghuvir Shekhawat (script),,2.7981,D,,,,,,,,,,,,tt1995257,,,,,,,,,,hitFlop=1,Missing/Partial,,wikipedia,2.0,2026-07-02
BOLLY_2009_2395_bad_luck_govind,Bad Luck Govind,Bad Luck Govind,2009,January,1,2009-01-09,Comedy,Crime,Comedy | Crime | Drama,No,,Varun Khanna,Gaurav Kapoor,Hrishitaa Bhatt,Gaurav Kapoor | Hrishitaa Bhatt | Govind Namdeo | Zakir Hussain,Varun Khanna (dialogue),,,,,,,,,,,,,,,tt1199490,,,,,,,,,,hitFlop=1,Missing/Partial,,wikipedia,2.0,2026-07-02
BOLLY_2009_2396_barah_aana,Barah Aana,Barah Aana,2009,October,10,2009-10-16,Comedy,Crime,Comedy | Crime | Drama,No,,Raja Menon,Naseeruddin Shah,Vijay Raaz,Naseeruddin Shah | Vijay Raaz | Arjun Mathur | Violante Placido,Raj Kumar Gupta (screenplay) | Raja Menon (story),,3.7695,D,,,,,,,,,,,,tt1202517,6.7,,,,,,,,,hitFlop=1,Missing/Partial,,wikipedia,2.0,2026-07-02
BOLLY_2009_2397_billu,Billu,Billu,2009,February,2,2009-02-13,Comedy,Drama,Comedy | Drama,No,,Priyadarshan,Irrfan Khan,Shah Rukh Khan,Irrfan Khan | Shah Rukh Khan | Lara Dutta | Om Puri,Manisha Korde (dialogue) | Priyadarshan (screenplay) | Mushtaq Sheikh (screenplay) | Sreenivasan (story),,2.9178,D,3.8472,D,,,,,,,,,,tt1230448,6.4,,,,,,,,,hitFlop=2,Missing/Partial,,wikipedia,2.0,2026-07-02
BOLLY_2009_2398_blue,Blue,Blue,2009,October,10,2009-10-16,Action,Adventure,Action | Adventure | Romance,No,,Anthony D'Souza,Akshay Kumar,Sanjay Dutt,Akshay Kumar | Sanjay Dutt | Lara Dutta | Zayed Khan,Anthony D'Souza | Mayur Puri (dialogue),,6.3805,C,,,,,,,,,,,,tt1223922,3.7,,,,,,,,,hitFlop=2,Missing/Partial,,wikipedia,2.0,2026-07-02
BOLLY_2009_2399_blue_oranges,Blue Oranges,Blue Oranges,2009,September,9,2009-09-18,Mystery,,Mystery,No,,Rajesh Ganguly,Rajit Kapoor,Aham Sharma,Rajit Kapoor | Aham Sharma | Pooja Kanwal | Richashree,Rajesh Ganguly,,1.5913,D,,,,,,,,,,,,tt1334437,,,,,,,,,,hitFlop=1,Missing/Partial,,wikipedia,2.0,2026-07-02
BOLLY_2009_2400_chal_chala_chal,Chal Chala Chal,Chal Chala Chal,2009,February,2,2009-02-06,Action,Comedy,Action | Comedy | Crime,No,,Rajeev Kumar,Asrani,Asif Basra,Asrani | Asif Basra | Govinda | Manoj Joshi,Anand Raj Anand (lyrics) | Sunil Jha (lyrics) | Manisha Korde (dialogue) | Vaibhav Modi (lyrics),,2.3135,D,,,,,,,,,,,,tt1438486,4.7,,,,,,,,,hitFlop=1,Missing/Partial,,wikipedia,2.0,2026-07-02
BOLLY_2009_2401_chal_chalein,Chal Chalein,Chal Chalein,2009,August,8,2009-08-07,Drama,,Drama,No,,Ujjwal Singh,Javed Abedi,Anand Abhyankar,Javed Abedi | Anand Abhyankar | Adityansh | Lalit Agarwal,Vijaya Ramchandrula (story),,,,,,,,,,,,,,,tt1986788,10.0,,,,,,,,,hitFlop=1,Missing/Partial,,wikipedia,2.0,2026-07-02
BOLLY_2009_2402_chandni_chowk_to_china,Chandni Chowk to China,Chandni Chowk to China,2009,January,1,2009-01-16,Action,Adventure,Action | Adventure | Comedy,No,,Nikhil Advani,Akshay Kumar,Deepika Padukone,Akshay Kumar | Deepika Padukone | Mithun Chakraborty | Ranvir Shorey,Rajat Arora (dialogue) | Bohemia (lyrics) | Kailash Kher (lyrics) | Shridhar Raghavan,,6.3805,C,2.3243,D,,,,,,,,,,tt1091229,4.6,,,,,,,,,hitFlop=1,Missing/Partial,,wikipedia,2.0,2026-07-02
BOLLY_2009_2403_daddy_cool_join_the_fun,Daddy Cool: Join the Fun,Daddy Cool: Join the Fun,2009,August,8,2009-08-28,Comedy,Drama,Comedy | Drama,No,,K. Muralimohana Rao,Sunil Shetty,Aarti Chhabria,Sunil Shetty | Aarti Chhabria | Aashish Chaudhary | Kim Sharma,Farhad Bhiwandiwala (dialogue) | Aditya Dhar (lyrics) | Tushar Hiranandani (story) | Prashant Ingole (lyrics) | Komal Nahta (story) | Sajid (dialogues),,3.3073,D,,,,,,,,,,,,tt1404573,3.8,,,,,,,,,hitFlop=2,Missing/Partial,,wikipedia,2.0,2026-07-02
BOLLY_2009_2404_de_dana_dan,De Dana Dan,De Dana Dan,2009,November,11,2009-11-27,Comedy,Comedy,Comedy,No,,Priyadarshan,Akshay Kumar,Sunil Shetty,Akshay Kumar | Sunil Shetty | Katrina Kaif | Sameera Reddy,Suresh Krishna (story) | Jay Master (dialogues) | Ashiesh Pandit (lyrics) | Priyadarshan (screenplay) | Sayeed Qadri (lyrics) | Neeraj Shridhar (lyrics),,6.3805,C,3.8472,D,,,,,,,,,,tt1255951,5.8,,,,,,,,,hitFlop=4,Missing/Partial,,wikipedia,2.0,2026-07-02
BOLLY_2009_2405_dekh_bhai_dekh_laughter_behind_darkness,Dekh Bhai Dekh: Laughter Behind Darkness,Dekh Bhai Dekh: Laughter Behind Darkness,2009,July,7,2009-07-17,Comedy,Crime,Comedy | Crime | Drama,No,,Rahat Kazmi,Gracy Singh,Siddharth Koirala,Gracy Singh | Siddharth Koirala | Raghuvir Yadav | Vijay Raaz,Rahat Kazmi | Mushahid Husain Pasha (dialogue) | Mushahid Husain Pasha (screenplay),,3.1688,D,1.0545,D,,,,,,,,,,tt1985058,4.7,,,,,,,,,hitFlop=1,Missing/Partial,,wikipedia,2.0,2026-07-02
BOLLY_2009_2406_delhi_6,Delhi-6,Delhi-6,2009,February,2,2009-02-20,Comedy,Drama,Comedy | Drama,No,,Rakeysh Omprakash Mehra,Waheeda Rehman,Abhishek Bachchan,Waheeda Rehman | Abhishek Bachchan | Sonam Kapoor | Rishi Kapoor,Rakeysh Omprakash Mehra (story) | Prasoon Joshi (story) | Kamlesh Pandey (story),,,,4.5105,D,,,,,,,,,,tt1043451,6.2,,,,,,,,,hitFlop=2,Missing/Partial,,wikipedia,2.0,2026-07-02
BOLLY_2009_2407_detective_naani,Detective Naani,Detective Naani,2009,May,5,2009-05-22,Crime,Drama,Crime | Drama | Family,No,,Romilla Mukherjee,Ava Mukherjee,Zain Khan,Ava Mukherjee | Zain Khan | Simran Singh | Amrita Raichand,Romilla Mukherjee,,,,,,,,,,,,,,,tt0893585,6.0,,,,,,,,,hitFlop=1,Missing/Partial,,wikipedia,2.0,2026-07-02
BOLLY_2009_2408_dev_d,Dev D,Dev D,2009,February,2,2009-02-06,Comedy,Drama,Comedy | Drama | Romance,No,,Anurag Kashyap,Abhay Deol,Mahie Gill,Abhay Deol | Mahie Gill | Kalki Koechlin | Dibyendu Bhattacharya,Saratchandra Chatterjee (novel) | Abhay Deol (concept) | Vikramaditya Motwane | Anurag Kashyap,,2.5106,D,3.0408,D,,,,,,,,,,tt1327035,7.9,,,,,,,,,hitFlop=4,Missing/Partial,,wikipedia,2.0,2026-07-02
BOLLY_2009_2409_dhoondte_reh_jaoge,Dhoondte Reh Jaoge,Dhoondte Reh Jaoge,2009,March,3,2009-03-06,Comedy,Drama,Comedy | Drama,No,,Umesh Shukla,Paresh Rawal,Kunal Khemu,Paresh Rawal | Kunal Khemu | Sonu Sood | Soha Ali Khan,Shabbir Ahmed (lyrics) | Rajeev Jhaveri (story) | Jalees Sherwani (lyrics) | Umesh Shukla (dialogues) | Umesh Shukla,,3.7967,D,,,,,,,,,,,,tt1391544,5.6,,,,,,,,,hitFlop=2,Missing/Partial,,wikipedia,2.0,2026-07-02
BOLLY_2009_2410_dil_bole_hadippa,Dil Bole Hadippa!,Dil Bole Hadippa!,2009,September,9,2009-09-18,Comedy,Drama,Comedy | Drama | Sport,No,,Anurag Singh,Shahid Kapoor,Rani Mukerji,Shahid Kapoor | Rani Mukerji | Anupam Kher | Dalip Tahil,Aparajita | Jaya,,5.7659,C,,,,,,,,,,,,tt1202540,4.7,,,,,,,,,hitFlop=2,Missing/Partial,,wikipedia,2.0,2026-07-02
BOLLY_2009_2411_do_knot_disturb,Do Knot Disturb,Do Knot Disturb,2009,October,10,2009-10-02,Comedy,Drama,Comedy | Drama,No,,David Dhawan,Govinda,Sushmita Sen,Govinda | Sushmita Sen | Ritesh Deshmukh | Lara Dutta,Yunus Sajawal (screenplay),,4.7856,D,4.7408,D,,,,,,,,,,tt1343362,3.7,,,,,,,,,hitFlop=2,Missing/Partial,,wikipedia,2.0,2026-07-02
BOLLY_2009_2412_ek_the_power_of_one,Ek: The Power of One,Ek: The Power of One,2009,March,3,2009-03-27,Action,Drama,Action | Drama | Thriller,No,,Sangeeth Sivan,Rana Jung Bahadur,Jaspal Bhatti,Rana Jung Bahadur | Jaspal Bhatti | Preeti Bhutani | Bobby Deol,Shabbir Ahmed (lyrics) | Sameer Arora (additional screenplay & dialogue) | Vivek Buddhakoti (additional screenplay & dialogue) | Mayur Puri (lyrics) | Pankaj Trivedi (story),,2.5161,D,2.7482,D,,,,,,,,,,tt1454461,4.8,,,,,,,,,hitFlop=1,Missing/Partial,,wikipedia,2.0,2026-07-02
BOLLY_2009_2413_ek_se_bure_do,Ek Se Bure Do,Ek Se Bure Do,2009,April,4,2009-04-10,Action,Comedy,Action | Comedy | Crime,No,,Tariq Khan,Anita,Snehal Dabi,Anita | Snehal Dabi | Anita Hassandani | Jagdeep,Nisar Akhtar (screenplay) | Panchhi Jalonvi (lyrics) | Bobby Khan (screenplay) | Tariq Khan,,,,,,,,,,,,,,,tt1420539,4.0,,,,,,,,,hitFlop=1,Missing/Partial,,wikipedia,2.0,2026-07-02
BOLLY_2009_2414_fast_forward,Fast Forward,Fast Forward,2009,September,9,2009-09-25,Action,Drama,Action | Drama | Musical,No,,Zaigham Ali Syed,Vinod Khanna,Akshay Kapoor,Vinod Khanna | Akshay Kapoor | Rehan Khan | Bhavna Pani,Romeo D'Costa (story) | Rahil Qazi (screenplay) | Pawan Sony (dialogue) | Pawan Sony (screenplay) | Zaigham Ali Syed (story),,4.0315,D,,,,,,,,,,,,tt1442570,0.0,,,,,,,,,hitFlop=1,Missing/Partial,,wikipedia,2.0,2026-07-02
BOLLY_2009_2415_fox,Fox,Fox,2009,September,9,2009-09-04,Crime,Drama,Crime | Drama | Mystery,No,,Deepak Tijori,Arjun Rampal,Sunny Deol,Arjun Rampal | Sunny Deol | Udita Goswami | Sagarika Ghatge,Kamal Pandey (dialogue) | Deepak Tijori (story),,3.8011,D,1.5883,D,,,,,,,,,,tt1324076,5.3,,,,,,,,,hitFlop=1,Missing/Partial,,wikipedia,2.0,2026-07-02
BOLLY_2009_2416_gulaal,Gulaal,Gulaal,2009,March,3,2009-03-13,Crime,Drama,Crime | Drama | Mystery,No,,Anurag Kashyap,Kay Kay Menon,Raj Singh Chaudhary,Kay Kay Menon | Raj Singh Chaudhary | Jesse Randhawa | Deepak Dobriyal,Raj Singh Chaudhary (story) | Anurag Kashyap (screenplay) | Anurag Kashyap (story) | Aparnaa Malhotra (story) | Sanjay Maurya (story),,2.6256,D,3.0408,D,,,,,,,,,,tt1261047,8.0,,,,,,,,,hitFlop=2,Missing/Partial,,wikipedia,2.0,2026-07-02
BOLLY_2009_2417_jai_veeru_friends_forever,Jai Veeru: Friends Forever,Jai Veeru: Friends Forever,2009,March,3,2009-03-11,Action,Crime,Action | Crime | Drama,No,,Puneet Sira,Rakesh Bedi,Mahek Chahal,Rakesh Bedi | Mahek Chahal | Suraj Godambe | Dinesh Hingoo,Vekeana Dhillon (screenplay) | Omar Inayat (lyrics) | Janak (screenplay) | Hriday Lani (screenplay) | Raju Saigal (story) | Sameer (lyrics),,2.0288,D,1.0,D,,,,,,,,,,tt1369669,3.7,,,,,,,,,hitFlop=1,Missing/Partial,,wikipedia,2.0,2026-07-02
BOLLY_2009_2418_jail,Jail,Jail,2009,November,11,2009-11-06,Drama,,Drama,No,,Madhur Bhandarkar,Neil Nitin Mukesh,Manoj Bajpayee,Neil Nitin Mukesh | Manoj Bajpayee | Arya Babbar | Mirza Ali Quli,Madhur Bhandarkar (story) | Ajaykumar Garg (lyrics) | Sandeep Nath (lyrics) | Sharib (lyrics) | Raghuvir Shekhawat (dialogue) | Anuradha Tiwari (story) | Toshi (lyrics) | Turaz (lyrics) | Manoj Tyagi (story),,2.7445,D,3.2787,D,,,,,,,,,,tt1245774,6.2,,,,,,,,,hitFlop=2,Missing/Partial,,wikipedia,2.0,2026-07-02
BOLLY_2009_2419_jashnn_the_music_within,Jashnn: The Music Within,Jashnn: The Music Within,2009,July,7,2009-07-17,Drama,Musical,Drama | Musical | Romance,No,,Hasnain Hyderabadwala | Raksha Mistry,Shahana Goswami,Natasha Jain,Shahana Goswami | Natasha Jain | Atul Kinagi | Keshav Nadkarni,Shagufta Rafique (screenplay),,2.2266,D,1.3466,D,,,,,,,,,,tt1603862,7.5,,,,,,,,,hitFlop=1,Missing/Partial,,wikipedia,2.0,2026-07-02
BOLLY_2009_2420_jugaad,Jugaad,Jugaad,2009,February,2,2009-02-13,Comedy,Drama,Comedy | Drama,No,,R. Anand Kumar,Manoj Bajpayee,Hrishitaa Bhatt,Manoj Bajpayee | Hrishitaa Bhatt | Vijay Raaz | Govind Namdeo,Priyank Dubey (screenplay) | Bunty Rathore (screenplay),,2.1847,D,,,,,,,,,,,,tt2066899,5.3,,,,,,,,,hitFlop=1,Missing/Partial,,wikipedia,2.0,2026-07-02
BOLLY_2009_2421_kal_kissne_dekha,Kal Kissne Dekha,Kal Kissne Dekha,2009,June,6,2009-06-12,Action,Crime,Action | Crime | Romance,No,,Vivek Sharma,Brahim Achabbakhe,Jacky Bhagnani,Brahim Achabbakhe | Jacky Bhagnani | Nushrat Bharucha | David Bueno,Sudhanshu Dube (screenplay) | Shyam Goel (screenplay) | Sameer (lyrics) | Vivek Sharma,,,,,,,,,,,,,,,tt1324078,3.6,,,,,,,,,hitFlop=1,Missing/Partial,,wikipedia,2.0,2026-07-02
BOLLY_2009_2422_kambakkht_ishq,Kambakkht Ishq,Kambakkht Ishq,2009,July,7,2009-07-03,Action,Comedy,Action | Comedy | Romance,No,,Sabir Khan,Sylvester Stallone,Brandon Routh,Sylvester Stallone | Brandon Routh | Denise Richards | Whoopi Goldberg,Sabir Khan (screenplay) | Ishita Moitra (screenplay) | Anvita Dutt Guptan (dialogue) | Kiran Kotrial (screenplay),,,,,,,,,,,,,,,tt1144804,3.8,,,,,,,,,hitFlop=4,Missing/Partial,,wikipedia,2.0,2026-07-02
BOLLY_2009_2423_kaminey_the_scoundrels,Kaminey: The Scoundrels,Kaminey: The Scoundrels,2009,August,8,2009-08-14,Action,Comedy,Action | Comedy | Crime,No,,Vishal Bhardwaj,Shahid Kapoor,Priyanka Chopra,Shahid Kapoor | Priyanka Chopra | Deb Mukherjee | Shivkumar Subramaniam,Cajetan Boy (based on an idea by) | Supratik Sen (screenplay) | Abhishek Chaubey (screenplay) | Sabrina Dhawan (screenplay) | Vishal Bhardwaj (screenplay) | Vishal Bhardwaj (dialogue),,5.7659,C,3.6423,D,,,,,,,,,,tt1274295,,,,,,,,,,hitFlop=4,Missing/Partial,,wikipedia,2.0,2026-07-02
BOLLY_2009_2424_kisaan,Kisaan,Kisaan,2009,March,3,2009-03-20,Action,Crime,Action | Crime | Drama,No,,Puneet Sira,Jackie Shroff,Sohail Khan,Jackie Shroff | Sohail Khan | Arbaaz Khan | Nauheed Cyrusi,S.R. Bharti (lyrics) | Salim Bijnori (lyrics) | Vekeana Dhillon (screenplay) | Panchhi Jalonvi (lyrics) | Kanwar Juneja (lyrics) | Sohail Khan (screenplay) | Anmol Malik (lyrics) | Dilip Shukla (dialogues),,2.6163,D,1.0,D,,,,,,,,,,tt1372266,5.5,,,,,,,,,hitFlop=1,Missing/Partial,,wikipedia,2.0,2026-07-02
BOLLY_2009_2425_kisse_pyaar_karo_n,Kisse Pyaar Karo?n,Kisse Pyaar Karo?n,2009,February,2,2009-02-27,Action,Comedy,Action | Comedy | Crime,No,,Ajay Chandhok,Arshad Warsi,Aashish Chaudhary,Arshad Warsi | Aashish Chaudhary | Yash Tonk | Udita Goswami,Shabbir Ahmed (lyrics) | Yunus Sajawal (screenplay),,3.5596,D,1.0006,D,,,,,,,,,,tt0438894,,,,,,,,,,hitFlop=1,Missing/Partial,,wikipedia,2.0,2026-07-02
BOLLY_2009_2426_kurbaan,Kurbaan,Kurbaan,2009,November,11,2009-11-20,Action,Crime,Action | Crime | Drama,No,,Renzil D'Silva,Kareena Kapoor,Saif Ali Khan,Kareena Kapoor | Saif Ali Khan | Om Puri | Vivek Oberoi,Renzil D'Silva (screenplay) | Niranjan Iyengar (dialogues) | Karan Johar (story) | Anurag Kashyap (dialogues) | Irfan Siddiqui (lyrics),,8.0906,B,,,,,,,,,,,,tt1185442,5.7,,,,,,,,,hitFlop=2,Missing/Partial,,wikipedia,2.0,2026-07-02
BOLLY_2009_2427_let_s_dance,Let's Dance,Let's Dance,2009,June,6,2009-06-19,Crime,Drama,Crime | Drama | Musical,No,,Aarif Sheikh,Gayatri Patel Bahl,Aqib Afzaal,Gayatri Patel Bahl | Aqib Afzaal | Ajay Chaudhary | Aabhas Yadav,Muazzam Beg (story) | Sibtain Shahidi (screenplay),,,,,,,,,,,,,,,tt1562361,0.0,,,,,,,,,hitFlop=1,Missing/Partial,,wikipedia,2.0,2026-07-02
BOLLY_2009_2428_london_dreams,London Dreams,London Dreams,2009,October,10,2009-10-30,Musical,Music,Musical,No,,Vipul Amrutlal Shah,Salman Khan,Om Puri,Salman Khan | Om Puri | Ajay Devgn | Dilyana Bouklieva,Ritesh Shah (dialogue) | Suresh Nair (story),,9.2082,A,3.229,D,,,,,,,,,,tt0486615,5.4,,,,,,,,,hitFlop=2,Missing/Partial,,wikipedia,2.0,2026-07-02
BOLLY_2009_2429_lottery,Lottery,Lottery,2009,March,3,2009-03-20,Crime,Drama,Crime | Drama | Mystery,No,,Hemant Prabhu,Abhijeet,Rucha Gujrati,Abhijeet | Rucha Gujrati | Manisha Kelkar | Nassar Abdulla,Aadesh K. Arjun (dialogue) | Hemant Prabhu (screenplay),,,,,,,,,,,,,,,tt2064852,,,,,,,,,,hitFlop=1,Missing/Partial,,wikipedia,2.0,2026-07-02
BOLLY_2009_2430_love_aaj_kal,Love Aaj Kal,Love Aaj Kal,2009,July,7,2009-07-31,Comedy,Drama,Comedy | Drama | Romance,No,,Imtiaz Ali,Saif Ali Khan,Deepika Padukone,Saif Ali Khan | Deepika Padukone | Rishi Kapoor | Rahul Khanna,Imtiaz Ali,,5.7211,C,4.8838,D,,,,,,,,,,tt1275863,6.8,,,,,,,,,hitFlop=1,Missing/Partial,,wikipedia,2.0,2026-07-02
BOLLY_2009_2431_love_khichdi,Love Khichdi,Love Khichdi,2009,August,8,2009-08-28,Comedy,Drama,Comedy | Drama | Romance,No,,Srinivas Bhashyam,Randeep Hooda,Rituparna Sengupta,Randeep Hooda | Rituparna Sengupta | Sada | Divya Dutta,Srinivas Bhashyam (story) | Manu Joseph (story) | Pankaj Kapoor (additional dialogue) | Sandeep Srivastava (dialogue),,3.739,D,,,,,,,,,,,,tt1474271,5.7,,,,,,,,,hitFlop=1,Missing/Partial,,wikipedia,2.0,2026-07-02
BOLLY_2009_2432_luck,Luck,Luck,2009,July,7,2009-07-31,Action,Adventure,Action | Adventure | Drama,No,,Soham Shah,Mithun Chakraborty,Sanjay Dutt,Mithun Chakraborty | Sanjay Dutt | Imran Khan | Ravi Kishan,Renzil D'Silva (screenplay) | Soham Shah (dialogue) | Soham Shah (screenplay) | Soham Shah (story),,2.4335,D,,,,,,,,,,,,tt1242782,4.8,,,,,,,,,hitFlop=2,Missing/Partial,,wikipedia,2.0,2026-07-02
BOLLY_2009_2433_luck_by_chance,Luck by Chance,Luck by Chance,2009,January,1,2009-01-30,Drama,,Drama,No,,Zoya Akhtar,Farhan Akhtar,Konkona Sen Sharma,Farhan Akhtar | Konkona Sen Sharma | Rishi Kapoor | Dimple Kapadia,Zoya Akhtar (story) | Javed Akhtar (dialogue),,6.6258,C,3.4538,D,,,,,,,,,,tt0886539,7.1,,,,,,,,,hitFlop=2,Missing/Partial,,wikipedia,2.0,2026-07-02
BOLLY_2009_2434_main_aurr_mrs_khanna,Main Aurr Mrs Khanna,Main Aurr Mrs Khanna,2009,October,10,2009-10-16,Comedy,Drama,Comedy | Drama,No,,Prem Soni,Kareena Kapoor,Salman Khan,Kareena Kapoor | Salman Khan | Sohail Khan | Yash Tonk,Arun Bhairav (lyrics) | Suzanne D'Mello (lyrics) | Jalees Sherwani (lyrics) | Prem Soni (screenplay) | Junaid Wasi (lyrics),,8.0906,B,,,,,,,,,,,,tt1174041,4.2,,,,,,,,,hitFlop=1,Missing/Partial,,wikipedia,2.0,2026-07-02
BOLLY_2009_2435_maruti_mera_dosst,Maruti Mera Dosst,Maruti Mera Dosst,2009,June,6,2009-06-05,Animation,Adventure,Animation | Adventure | Drama,No,,Manikya Raju,Shahbaaz Khan,Sushmita Mukherjee,Shahbaaz Khan | Sushmita Mukherjee | Erik A. Nanda | Ritika Shah,Mann Katoja | Manikya Raju,,,,,,,,,,,,,,,tt2058651,9.0,,,,,,,,,hitFlop=1,Missing/Partial,,wikipedia,2.0,2026-07-02
BOLLY_2009_2436_mere_khwabon_mein_jo_aaye,Mere Khwabon Mein Jo Aaye,Mere Khwabon Mein Jo Aaye,2009,February,2,2009-02-06,Drama,Fantasy,Drama | Fantasy | Musical,No,,Madhureeta Anand,Randeep Hooda,Raima Sen,Randeep Hooda | Raima Sen | Arbaaz Khan | Javed Akhtar,Madhureeta Anand (story),,3.739,D,,,,,,,,,,,,tt1288644,5.2,,,,,,,,,hitFlop=1,Missing/Partial,,wikipedia,2.0,2026-07-02
BOLLY_2009_2437_mohandas,Mohandas,Mohandas,2009,May,5,2009-05-01,Thriller,,Thriller,No,,Mazhar Kamran,Sonali Kulkarni,Sharbani Mukherji,Sonali Kulkarni | Sharbani Mukherji | Sushant Singh | Nakul Vaid,Uday Prakash (story),,3.1885,D,,,,,,,,,,,,tt1431729,,,,,,,,,,hitFlop=1,Missing/Partial,,wikipedia,2.0,2026-07-02
BOLLY_2009_2438_morning_walk,Morning Walk,Morning Walk,2009,July,7,2009-07-10,Drama,,Drama,No,,Arup Dutta,Nargis Bagheri,Divya Dutta,Nargis Bagheri | Divya Dutta | Avika Gor | Rajit Kapoor,Rohit G. Banawlikar (screenplay) | Arup Dutta (story) | Sujit Sen,,,,,,,,,,,,,,,tt1501301,,,,,,,,,,hitFlop=1,Missing/Partial,,wikipedia,2.0,2026-07-02
BOLLY_2009_2439_new_york,New York,New York,2009,June,6,2009-06-26,Crime,Drama,Crime | Drama | History,No,,Kabir Khan,John Abraham,Neil Nitin Mukesh,John Abraham | Neil Nitin Mukesh | Katrina Kaif | Irrfan Khan,Aditya Chopra (story) | Sandeep Srivastava (screenplay),,7.1193,B,6.8237,C,,,,,,,,,,tt1328634,6.8,,,,,,,,,hitFlop=6,Missing/Partial,,wikipedia,2.0,2026-07-02
BOLLY_2009_2440_paa,Paa,Paa,2009,December,12,2009-12-04,Comedy,Drama,Comedy | Drama,No,,R. Balki,Amitabh Bachchan,Abhishek Bachchan,Amitabh Bachchan | Abhishek Bachchan | Vidya Balan | Paresh Rawal,R. Balki,,7.0113,B,,,,,,,,,,,,tt1532957,7.1,,,,,,,,,hitFlop=5,Missing/Partial,,wikipedia,2.0,2026-07-02
BOLLY_2009_2441_paying_guests,Paying Guests,Paying Guests,2009,June,6,2009-06-19,Comedy,Drama,Comedy | Drama,No,,Paritosh Painter,Shreyas Talpade,Javed Jaffrey,Shreyas Talpade | Javed Jaffrey | Aashish Chaudhary | Vatsal Seth,Wajid Ali (lyrics) | Rashid Firozabadi (lyrics) | Lawrence John (additional dialogue & screenplay) | Paritosh Painter (story) | Jalees Sherwani (lyrics) | A.K. Upadhyay (lyrics),,2.8077,D,,,,,,,,,,,,tt1176961,4.4,,,,,,,,,hitFlop=2,Missing/Partial,,wikipedia,2.0,2026-07-02
BOLLY_2009_2442_the_president_is_coming,The President Is Coming,The President Is Coming,2009,January,1,2009-01-09,Comedy,,Comedy,No,,Kunaal Roy Kapur,Konkona Sen Sharma,Shernaz Patel,Konkona Sen Sharma | Shernaz Patel | Shivani Tanksale | Anand Tiwari,Anuvab Pal,,2.9405,D,,,,,,,,,,,,tt1218038,,,,,,,,,,hitFlop=1,Missing/Partial,,wikipedia,2.0,2026-07-02
BOLLY_2009_2443_quick_gun_murugun_misadventures_of_an_indian_cowboy,Quick Gun Murugun: Misadventures of an Indian Cowboy,Quick Gun Murugun: Misadventures of an Indian Cowboy,2009,August,8,2009-08-28,Action,Comedy,Action | Comedy | Drama,No,,Shashanka Ghosh,Rajendraprasad,Nasser,Rajendraprasad | Nasser | Rambha | Raju Sundaram,Rajesh Devraj (story),,,,1.5653,D,,,,,,,,,,tt1176911,5.8,,,,,,,,,hitFlop=2,Missing/Partial,,wikipedia,2.0,2026-07-02
BOLLY_2009_2444_raaz_the_mystery_continues,Raaz: The Mystery Continues,Raaz: The Mystery Continues,2009,January,1,2009-01-23,Drama,Horror,Drama | Horror | Mystery,Yes,,Mohit Suri,Kangana Ranaut,Adhyayan Suman,Kangana Ranaut | Adhyayan Suman | Emraan Hashmi | Vicky Ahuja,Kumaar (lyrics) | Sayeed Qadri (lyrics) | Shagufta Rafique (dialogue & screenplay) | Mohit Suri (story),,4.3605,D,4.931,D,,,,,,,,,,tt1340838,5.7,,,,,,,,,hitFlop=5,Missing/Partial,,wikipedia,2.0,2026-07-02
BOLLY_2009_2445_rocket_singh_salesman_of_the_year,Rocket Singh: Salesman of the Year,Rocket Singh: Salesman of the Year,2009,December,12,2009-12-11,Comedy,Drama,Comedy | Drama,No,,Shimit Amin,Ranbir Kapoor,Prem Chopra,Ranbir Kapoor | Prem Chopra | Gauhar Khan | Mukesh Bhatt,Jaideep Sahni,,7.6986,B,,,,,,,,,,,,tt1434447,7.5,,,,,,,,,hitFlop=3,Missing/Partial,,wikipedia,2.0,2026-07-02
BOLLY_2009_2446_sanam_hum_aapke_hain,Sanam Hum Aapke Hain...,Sanam Hum Aapke Hain...,2009,,,,Drama,Romance,Drama | Romance,No,,Ajay Ojha,Vikram Aditya,Narendra Bedi,Vikram Aditya | Narendra Bedi | Chandan | Aradhana Deshpande,Dhananjay (dialogues) | Murari Kishan (lyrics) | Ajay Ojha | Saket (lyrics),,,,,,,,,,,,,,,tt1612574,,,,,,,,,,hitFlop=1,Missing/Partial,,wikipedia,2.0,2026-07-02
BOLLY_2009_2447_sankat_city,Sankat City,Sankat City,2009,July,7,2009-07-10,Comedy,Crime,Comedy | Crime | Drama,No,,Pankaj Advani,Kay Kay Menon,Rimi Sen,Kay Kay Menon | Rimi Sen | Anupam Kher | Chunky Pandey,Pankaj Advani,,2.6256,D,,,,,,,,,,,,tt1252614,6.1,,,,,,,,,hitFlop=1,Missing/Partial,,wikipedia,2.0,2026-07-02
BOLLY_2009_2448_siddharth_the_prisoner,Siddharth: The Prisoner,Siddharth: The Prisoner,2009,February,2,2009-02-27,Crime,Drama,Crime | Drama | Thriller,No,,Pryas Gupta,Rajat Kapoor,Sachin Nayak,Rajat Kapoor | Sachin Nayak | Pradip Sagar | Pradeep Kabra,Anadi (dialogue) | Pryas Gupta (dialogue) | Pryas Gupta (story) | Hitesh Kewalya (dialogue),,2.737,D,,,,,,,,,,,,tt1391894,,,,,,,,,,hitFlop=1,Missing/Partial,,wikipedia,2.0,2026-07-02
BOLLY_2009_2449_sikandar,Sikandar,Sikandar,2009,August,8,2009-08-21,Crime,Drama,Crime | Drama | Mystery,No,,Piyush Jha,Parzan Dastur,Ayesha Kapoor,Parzan Dastur | Ayesha Kapoor | Sanjay Suri | Madhavan,Piyush Jha | Kumaar (lyrics),,,,,,,,,,,,,,,tt1278447,6.4,,,,,,,,,hitFlop=1,Missing/Partial,,wikipedia,2.0,2026-07-02
BOLLY_2009_2450_the_stoneman_murders,The Stoneman Murders,The Stoneman Murders,2009,February,2,2009-02-13,Crime,Drama,Crime | Drama | Mystery,No,,Manish Gupta,Kay Kay Menon,Arbaaz Khan,Kay Kay Menon | Arbaaz Khan | Rukhsar | Veerendra Saxena,Manish Gupta,,2.6256,D,,,,,,,,,,,,tt1183946,7.3,,,,,,,,,hitFlop=1,Missing/Partial,,wikipedia,2.0,2026-07-02
BOLLY_2009_2451_straight,Straight,Straight,2009,March,3,2009-03-20,Comedy,Drama,Comedy | Drama,No,,Parvati Balagopalan,Vinay Pathak,Gul Panag,Vinay Pathak | Gul Panag | Anuj Chaudhary | Siddharth Makkar,Anahata (additional screenplay & dialogue) | Uttam Gada (dialogue & screenplay) | Uttam Gada (original story) | Rohena Gera (story) | Anahata Menon (dialogue & screenplay),,3.1247,D,,,,,,,,,,,,tt1399602,3.8,,,,,,,,,hitFlop=1,Missing/Partial,,wikipedia,2.0,2026-07-02
BOLLY_2009_2452_suno_na_ek_nanhi_aawaz,Suno Na.. Ek Nanhi Aawaz,Suno Na.. Ek Nanhi Aawaz,2009,May,5,2009-05-15,Drama,,Drama,No,,Amy Thanawala,Tara Sharma,Makrand Shukla,Tara Sharma | Makrand Shukla | Rajendra Chawla | Rinku Patel,Sanjay Chandwara (dialogue) | Rahul Patel (dialogue) | Yogesh Saxena (lyrics) | Amy Thanawala (dialogue) | Amy Thanawala (screenplay) | Amy Thanawala (story),,2.2266,D,,,,,,,,,,,,tt1970029,,,,,,,,,,hitFlop=1,Missing/Partial,,wikipedia,2.0,2026-07-02
BOLLY_2009_2453_team_the_force,Team: The Force,Team: The Force,2009,June,6,2009-06-05,Action,Comedy,Action | Comedy | Crime,No,,Ajay Chandhok,Sohail Khan,Amrita Arora,Sohail Khan | Amrita Arora | Yash Tonk | Vrajesh Hirjee,,,3.2917,D,1.0006,D,,,,,,,,,,tt1454567,4.5,,,,,,,,,hitFlop=1,Missing/Partial,,wikipedia,2.0,2026-07-02
BOLLY_2009_2454_teree_sang_a_kidult_love_story,Teree Sang: A Kidult Love Story,Teree Sang: A Kidult Love Story,2009,August,8,2009-08-07,Drama,Romance,Drama | Romance,No,,Satish Kaushik,Ruslaan Mumtaz,Sheena Shahabadi,Ruslaan Mumtaz | Sheena Shahabadi | Rajat Kapoor | Neena Gupta,Sanjay Chauhan (screenplay) | Jainendra Jain (screenplay) | Anuj Kapoor (screenplay) | Satish Kaushik (story),,,,2.6808,D,,,,,,,,,,tt1485072,6.4,,,,,,,,,hitFlop=2,Missing/Partial,,wikipedia,2.0,2026-07-02
BOLLY_2009_2455_three_love_lies_betrayal,Three: Love Lies Betrayal,Three: Love Lies Betrayal,2009,September,9,2009-09-04,Drama,Mystery,Drama | Mystery | Thriller,No,,Vishal Pandya,Aashish Chaudhary,Akshay Kapoor,Aashish Chaudhary | Akshay Kapoor | Nausheen Ali Sardar | Achint Kaur,Vikram Bhatt,,2.2919,D,,,,,,,,,,,,tt1388424,,,,,,,,,,hitFlop=1,Missing/Partial,,wikipedia,2.0,2026-07-02
BOLLY_2009_2456_toss_a_flip_of_destiny,Toss: A Flip of Destiny,Toss: A Flip of Destiny,2009,August,8,2009-08-28,Crime,Drama,Crime | Drama | Thriller,No,,Ramesh Khatkar,Rannvijay Singh,Madhurima Banerjee,Rannvijay Singh | Madhurima Banerjee | Prashant Raj | Ashmit Patel,Ramesh Khatkar,,,,,,,,,,,,,,,tt1992257,,,,,,,,,,hitFlop=1,Missing/Partial,,wikipedia,2.0,2026-07-02
BOLLY_2009_2457_tum_mile,Tum Mile,Tum Mile,2009,November,11,2009-11-13,Drama,Romance,Drama | Romance,No,,Kunal Deshmukh,Mantra,Prerna Chawla,Mantra | Prerna Chawla | Emraan Hashmi | J. Brandon Hill,Kumaar (lyrics) | Sayeed Qadri (lyrics) | Ankur Tewari,,,,4.1021,D,,,,,,,,,,tt1522329,5.0,,,,,,,,,hitFlop=1,Missing/Partial,,wikipedia,2.0,2026-07-02
BOLLY_2009_2458_vaada_raha_i_promise,Vaada Raha... I Promise,Vaada Raha... I Promise,2009,September,9,2009-09-11,Drama,,Drama,No,,Samir Karnik,Bobby Deol,Dwij Yadav,Bobby Deol | Dwij Yadav | Kangana Ranaut | Mohnish Bahl,Aseem Arora | Sandeep Chatterjee (lyrics) | Samir Karnik (screenplay) | Babbu Mann (lyrics) | Sandeep Nath (lyrics) | Rahul Seth (lyrics) | A.M. Turaz (lyrics),,2.4272,D,2.1674,D,,,,,,,,,,tt1512321,8.5,,,,,,,,,hitFlop=1,Missing/Partial,,wikipedia,2.0,2026-07-02
BOLLY_2009_2459_victory,Victory,Victory,2009,January,1,2009-01-30,Drama,Sport,Drama | Sport,No,,Ajit Pal Mangat,Harman Baweja,Allan Border,Harman Baweja | Allan Border | Mike Hussey | Simon Jones,Darab Farooqui (dialogue script) | Kannan Iyer (screenplay) | Anupam Maanav (additional dialogue) | Ajit Pal Mangat (story),,1.0,D,,,,,,,,,,,,tt1170411,3.8,,,,,,,,,hitFlop=1,Missing/Partial,,wikipedia,2.0,2026-07-02
BOLLY_2009_2460_wake_up_sid,Wake Up Sid,Wake Up Sid,2009,October,10,2009-10-02,Comedy,Drama,Comedy | Drama | Romance,No,,Ayan Mukherjee,Ranbir Kapoor,Konkona Sen Sharma,Ranbir Kapoor | Konkona Sen Sharma | Supriya Pathak | Anupam Kher,Ayan Mukherjee (story) | Niranjan Iyengar (dialogue),,7.6986,B,,,,,,,,,,,,tt1324059,7.6,,,,,,,,,hitFlop=5,Missing/Partial,,wikipedia,2.0,2026-07-02
BOLLY_2009_2461_wanted,Wanted,Wanted,2009,September,9,2009-09-18,Action,Comedy,Action | Comedy | Crime,No,,Prabhudheva,Salman Khan,Ayesha Takia,Salman Khan | Ayesha Takia | Vinod Khanna | Mahesh Manjrekar,Sunil Kumar Agrawal (dialogue associate) | Shabbir Ahmed (lyrics) | Shiraz Ahmed (screenplay) | Wajid Ali (lyrics) | Arun Bhairav (lyrics) | Puri Jagannadh (story) | Jalees Sherwani (lyrics),,9.2082,A,5.5571,C,,,,,,,,,,tt1084972,6.6,,,,,,,,,hitFlop=6,Missing/Partial,,wikipedia,2.0,2026-07-02
BOLLY_2009_2462_what_s_your_raashee,What's Your Raashee?,What's Your Raashee?,2009,October,10,2009-10-02,Comedy,Drama,Comedy | Drama | Romance,No,,Ashutosh Gowariker,Harman Baweja,Priyanka Chopra,Harman Baweja | Priyanka Chopra | Anjan Srivastav | Manju Singh,Ashutosh Gowariker (screenplay) | Naushil Mehta (screenplay) | Amit Mistry (dialogue) | Madhu Rye (novel),,1.0,D,3.7481,D,,,,,,,,,,tt1242530,4.8,,,,,,,,,hitFlop=1,Missing/Partial,,wikipedia,2.0,2026-07-02
BOLLY_2009_2463_world_cupp_2011,World Cupp 2011,World Cupp 2011,2009,December,12,2009-12-18,Crime,Drama,Crime | Drama | Sport,No,,Ravi Kapoor,Ravi Kapoor,Master Sagar Punjabi,Ravi Kapoor | Master Sagar Punjabi | Suresh Oberoi | Prem Chopra,Ravi Kapoor (story),,,,,,,,,,,,,,,tt1591615,,,,,,,,,,hitFlop=1,Missing/Partial,,wikipedia,2.0,2026-07-02
BOLLY_2009_2464_yeh_hai_malegaon_ka_superman,Yeh Hai Malegaon Ka Superman,Yeh Hai Malegaon Ka Superman,2009,November,11,2009-11-01,Comedy,Family,Comedy | Family,No,,Nasir Shaikh,,,,,,,,,,,,,,,,,,,tt1587388,,,,,,,,,,hitFlop=1,Missing/Partial,,wikipedia,2.0,2026-07-02
BOLLY_2009_2465_zor_lagaa_ke_haiya,Zor Lagaa Ke... Haiya!,Zor Lagaa Ke... Haiya!,2009,June,6,2009-06-12,Comedy,Drama,Comedy | Drama | Family,No,,Girish Girija Joshi,Meghan Jadhav,Mithun Chakraborty,Meghan Jadhav | Mithun Chakraborty | Riya Sen | Seema Biswas,,,,,,,,,,,,,,,,tt1479857,,,,,,,,,,hitFlop=1,Missing/Partial,,wikipedia,2.0,2026-07-02